date,state,total_vaccinations,total_distributed,people_vaccinated,people_fully_vaccinated_per_hundred,total_vaccinations_per_hundred,people_fully_vaccinated,people_vaccinated_per_hundred,distributed_per_hundred,daily_vaccinations_raw,daily_vaccinations,daily_vaccinations_per_million,share_doses_used,total_boosters,total_boosters_per_hundred
2020-12-20,AlabamaAlaskaAmerican SamoaArizonaArkansasBureau of PrisonsCaliforniaColoradoConnecticutDelawareDept of DefenseDistrict of ColumbiaFederated States of MicronesiaFloridaGeorgiaGuamHawaiiIdahoIllinoisIndian Health SvcIndianaIowaKansasKentuckyLong Term CareLouisianaMaineMarshall IslandsMarylandMassachusettsMichiganMinnesotaMississippiMissouriMontanaNebraskaNevadaNew HampshireNew JerseyNew MexicoNew York StateNorth CarolinaNorth DakotaNorthern Mariana IslandsOhioOklahomaOregonPennsylvaniaPuerto RicoRepublic of PalauRhode IslandSouth CarolinaSouth DakotaTennesseeTexasUnited StatesUtahVermontVeterans HealthVirgin IslandsVirginiaWashingtonWest VirginiaWisconsinWyoming,556208,0,0,0.0,0.17,0,0.0,0.0,0,1114181.0,0,0.0,0,0.0
2020-12-21,AlabamaAlaskaAmerican SamoaArizonaArkansasBureau of PrisonsCaliforniaColoradoConnecticutDelawareDept of DefenseDistrict of ColumbiaFederated States of MicronesiaFloridaGeorgiaGuamHawaiiIdahoIllinoisIndian Health SvcIndianaIowaKansasKentuckyLong Term CareLouisianaMaineMarshall IslandsMarylandMassachusettsMichiganMinnesotaMississippiMissouriMontanaNebraskaNevadaNew HampshireNew JerseyNew MexicoNew York StateNorth CarolinaNorth DakotaNorthern Mariana IslandsOhioOklahomaOregonPennsylvaniaPuerto RicoRepublic of PalauRhode IslandSouth CarolinaSouth DakotaTennesseeTexasUnited StatesUtahVermontVeterans HealthVirgin IslandsVirginiaWashingtonWest VirginiaWisconsinWyoming,614117,0,0,0.0,0.18,0,0.0,0.0,57909,1114181.0,174,0.0,0,0.0
2020-12-22,AlabamaAlaskaAmerican SamoaArizonaArkansasBureau of PrisonsCaliforniaColoradoConnecticutDelawareDept of DefenseDistrict of ColumbiaFederated States of MicronesiaFloridaGeorgiaGuamHawaiiIdahoIllinoisIndian Health SvcIndianaIowaKansasKentuckyLong Term CareLouisianaMaineMarshall IslandsMarylandMassachusettsMichiganMinnesotaMississippiMissouriMontanaNebraskaNevadaNew HampshireNew JerseyNew MexicoNew York StateNorth CarolinaNorth DakotaNorthern Mariana IslandsOhioOklahomaOregonPennsylvaniaPuerto RicoRepublic of PalauRhode IslandSouth CarolinaSouth DakotaTennesseeTexasUnited StatesUtahVermontVeterans HealthVirgin IslandsVirginiaWashingtonWest VirginiaWisconsinWyoming,0,0,0,0.0,0.0,0,0.0,0.0,0,1183704.0,384,0.0,0,0.0
2020-12-23,AlabamaAlaskaAmerican SamoaArizonaArkansasBureau of PrisonsCaliforniaColoradoConnecticutDelawareDept of DefenseDistrict of ColumbiaFederated States of MicronesiaFloridaGeorgiaGuamHawaiiIdahoIllinoisIndian Health SvcIndianaIowaKansasKentuckyLong Term CareLouisianaMaineMarshall IslandsMarylandMassachusettsMichiganMinnesotaMississippiMissouriMontanaNebraskaNevadaNew HampshireNew JerseyNew MexicoNew York StateNorth CarolinaNorth DakotaNorthern Mariana IslandsOhioOklahomaOregonPennsylvaniaPuerto RicoRepublic of PalauRhode IslandSouth CarolinaSouth DakotaTennesseeTexasUnited StatesUtahVermontVeterans HealthVirgin IslandsVirginiaWashingtonWest VirginiaWisconsinWyoming,1008025,0,0,0.0,0.3,0,0.0,0.0,0,1206878.0,454,0.0,0,0.0
2020-12-24,AlabamaAlaskaAmerican SamoaArizonaArkansasBureau of PrisonsCaliforniaColoradoConnecticutDelawareDept of DefenseDistrict of ColumbiaFederated States of MicronesiaFloridaGeorgiaGuamHawaiiIdahoIllinoisIndian Health SvcIndianaIowaKansasKentuckyLong Term CareLouisianaMaineMarshall IslandsMarylandMassachusettsMichiganMinnesotaMississippiMissouriMontanaNebraskaNevadaNew HampshireNew JerseyNew MexicoNew York StateNorth CarolinaNorth DakotaNorthern Mariana IslandsOhioOklahomaOregonPennsylvaniaPuerto RicoRepublic of PalauRhode IslandSouth CarolinaSouth DakotaTennesseeTexasUnited StatesUtahVermontVeterans HealthVirgin IslandsVirginiaWashingtonWest VirginiaWisconsinWyoming,0,0,0,0.0,0.0,0,0.0,0.0,0,1247273.0,575,0.0,0,0.0
2020-12-25,AlabamaAlaskaAmerican SamoaArizonaArkansasBureau of PrisonsCaliforniaColoradoConnecticutDelawareDept of DefenseDistrict of ColumbiaFederated States of MicronesiaFloridaGeorgiaGuamHawaiiIdahoIllinoisIndian Health SvcIndianaIowaKansasKentuckyLong Term CareLouisianaMaineMarshall IslandsMarylandMassachusettsMichiganMinnesotaMississippiMissouriMontanaNebraskaNevadaNew HampshireNew JerseyNew MexicoNew York StateNorth CarolinaNorth DakotaNorthern Mariana IslandsOhioOklahomaOregonPennsylvaniaPuerto RicoRepublic of PalauRhode IslandSouth CarolinaSouth DakotaTennesseeTexasUnited StatesUtahVermontVeterans HealthVirgin IslandsVirginiaWashingtonWest VirginiaWisconsinWyoming,0,0,0,0.0,0.0,0,0.0,0.0,0,1271510.0,648,0.0,0,0.0
2020-12-26,AlabamaAlaskaAmerican SamoaArizonaArkansasBureau of PrisonsCaliforniaColoradoConnecticutDelawareDept of DefenseDistrict of ColumbiaFederated States of MicronesiaFloridaGeorgiaGuamHawaiiIdahoIllinoisIndian Health SvcIndianaIowaKansasKentuckyLong Term CareLouisianaMaineMarshall IslandsMarylandMassachusettsMichiganMinnesotaMississippiMissouriMontanaNebraskaNevadaNew HampshireNew JerseyNew MexicoNew York StateNorth CarolinaNorth DakotaNorthern Mariana IslandsOhioOklahomaOregonPennsylvaniaPuerto RicoRepublic of PalauRhode IslandSouth CarolinaSouth DakotaTennesseeTexasUnited StatesUtahVermontVeterans HealthVirgin IslandsVirginiaWashingtonWest VirginiaWisconsinWyoming,1944585,0,0,0.0,0.59,0,0.0,0.0,0,1287668.0,697,0.0,0,0.0
2020-12-27,AlabamaAlaskaAmerican SamoaArizonaArkansasBureau of PrisonsCaliforniaColoradoConnecticutDelawareDept of DefenseDistrict of ColumbiaFederated States of MicronesiaFloridaGeorgiaGuamHawaiiIdahoIllinoisIndian Health SvcIndianaIowaKansasKentuckyLong Term CareLouisianaMaineMarshall IslandsMarylandMassachusettsMichiganMinnesotaMississippiMissouriMontanaNebraskaNevadaNew HampshireNew JerseyNew MexicoNew York StateNorth CarolinaNorth DakotaNorthern Mariana IslandsOhioOklahomaOregonPennsylvaniaPuerto RicoRepublic of PalauRhode IslandSouth CarolinaSouth DakotaTennesseeTexasUnited StatesUtahVermontVeterans HealthVirgin IslandsVirginiaWashingtonWest VirginiaWisconsinWyoming,0,0,0,0.0,0.0,0,0.0,0.0,0,1267651.0,637,0.0,0,0.0
2020-12-28,AlabamaAlaskaAmerican SamoaArizonaArkansasBureau of PrisonsCaliforniaColoradoConnecticutDelawareDept of DefenseDistrict of ColumbiaFederated States of MicronesiaFloridaGeorgiaGuamHawaiiIdahoIllinoisIndian Health SvcIndianaIowaKansasKentuckyLong Term CareLouisianaMaineMarshall IslandsMarylandMassachusettsMichiganMinnesotaMississippiMissouriMontanaNebraskaNevadaNew HampshireNew JerseyNew MexicoNew York StateNorth CarolinaNorth DakotaNorthern Mariana IslandsOhioOklahomaOregonPennsylvaniaPuerto RicoRepublic of PalauRhode IslandSouth CarolinaSouth DakotaTennesseeTexasUnited StatesUtahVermontVeterans HealthVirgin IslandsVirginiaWashingtonWest VirginiaWisconsinWyoming,2127143,0,0,0.0,0.64,0,0.0,0.0,0,1272419.0,651,0.0,0,0.0
2020-12-29,AlabamaAlaskaAmerican SamoaArizonaArkansasBureau of PrisonsCaliforniaColoradoConnecticutDelawareDept of DefenseDistrict of ColumbiaFederated States of MicronesiaFloridaGeorgiaGuamHawaiiIdahoIllinoisIndian Health SvcIndianaIowaKansasKentuckyLong Term CareLouisianaMaineMarshall IslandsMarylandMassachusettsMichiganMinnesotaMississippiMissouriMontanaNebraskaNevadaNew HampshireNew JerseyNew MexicoNew York StateNorth CarolinaNorth DakotaNorthern Mariana IslandsOhioOklahomaOregonPennsylvaniaPuerto RicoRepublic of PalauRhode IslandSouth CarolinaSouth DakotaTennesseeTexasUnited StatesUtahVermontVeterans HealthVirgin IslandsVirginiaWashingtonWest VirginiaWisconsinWyoming,0,0,0,0.0,0.0,0,0.0,0.0,0,1291957.0,710,0.0,0,0.0
2020-12-30,AlabamaAlaskaAmerican SamoaArizonaArkansasBureau of PrisonsCaliforniaColoradoConnecticutDelawareDept of DefenseDistrict of ColumbiaFederated States of MicronesiaFloridaGeorgiaGuamHawaiiIdahoIllinoisIndian Health SvcIndianaIowaKansasKentuckyLong Term CareLouisianaMaineMarshall IslandsMarylandMassachusettsMichiganMinnesotaMississippiMissouriMontanaNebraskaNevadaNew HampshireNew JerseyNew MexicoNew York StateNorth CarolinaNorth DakotaNorthern Mariana IslandsOhioOklahomaOregonPennsylvaniaPuerto RicoRepublic of PalauRhode IslandSouth CarolinaSouth DakotaTennesseeTexasUnited StatesUtahVermontVeterans HealthVirgin IslandsVirginiaWashingtonWest VirginiaWisconsinWyoming,2794588,0,0,0.0,0.84,0,0.0,0.0,0,1311495.0,769,0.0,0,0.0
2020-12-31,AlabamaAlaskaAmerican SamoaArizonaArkansasBureau of PrisonsCaliforniaColoradoConnecticutDelawareDept of DefenseDistrict of ColumbiaFederated States of MicronesiaFloridaGeorgiaGuamHawaiiIdahoIllinoisIndian Health SvcIndianaIowaKansasKentuckyLong Term CareLouisianaMaineMarshall IslandsMarylandMassachusettsMichiganMinnesotaMississippiMissouriMontanaNebraskaNevadaNew HampshireNew JerseyNew MexicoNew York StateNorth CarolinaNorth DakotaNorthern Mariana IslandsOhioOklahomaOregonPennsylvaniaPuerto RicoRepublic of PalauRhode IslandSouth CarolinaSouth DakotaTennesseeTexasUnited StatesUtahVermontVeterans HealthVirgin IslandsVirginiaWashingtonWest VirginiaWisconsinWyoming,0,0,0,0.0,0.0,0,0.0,0.0,0,1335048.0,840,0.0,0,0.0
2021-01-01,AlabamaAlaskaAmerican SamoaArizonaArkansasBureau of PrisonsCaliforniaColoradoConnecticutDelawareDept of DefenseDistrict of ColumbiaFederated States of MicronesiaFloridaGeorgiaGuamHawaiiIdahoIllinoisIndian Health SvcIndianaIowaKansasKentuckyLong Term CareLouisianaMaineMarshall IslandsMarylandMassachusettsMichiganMinnesotaMississippiMissouriMontanaNebraskaNevadaNew HampshireNew JerseyNew MexicoNew York StateNorth CarolinaNorth DakotaNorthern Mariana IslandsOhioOklahomaOregonPennsylvaniaPuerto RicoRepublic of PalauRhode IslandSouth CarolinaSouth DakotaTennesseeTexasUnited StatesUtahVermontVeterans HealthVirgin IslandsVirginiaWashingtonWest VirginiaWisconsinWyoming,0,0,0,0.0,0.0,0,0.0,0.0,0,1358601.0,911,0.0,0,0.0
2021-01-02,AlabamaAlaskaAmerican SamoaArizonaArkansasBureau of PrisonsCaliforniaColoradoConnecticutDelawareDept of DefenseDistrict of ColumbiaFederated States of MicronesiaFloridaGeorgiaGuamHawaiiIdahoIllinoisIndian Health SvcIndianaIowaKansasKentuckyLong Term CareLouisianaMaineMarshall IslandsMarylandMassachusettsMichiganMinnesotaMississippiMissouriMontanaNebraskaNevadaNew HampshireNew JerseyNew MexicoNew York StateNorth CarolinaNorth DakotaNorthern Mariana IslandsOhioOklahomaOregonPennsylvaniaPuerto RicoRepublic of PalauRhode IslandSouth CarolinaSouth DakotaTennesseeTexasUnited StatesUtahVermontVeterans HealthVirgin IslandsVirginiaWashingtonWest VirginiaWisconsinWyoming,4225756,0,0,0.0,1.27,0,0.0,0.0,0,1382154.0,982,0.0,0,0.0
2021-01-03,AlabamaAlaskaAmerican SamoaArizonaArkansasBureau of PrisonsCaliforniaColoradoConnecticutDelawareDept of DefenseDistrict of ColumbiaFederated States of MicronesiaFloridaGeorgiaGuamHawaiiIdahoIllinoisIndian Health SvcIndianaIowaKansasKentuckyLong Term CareLouisianaMaineMarshall IslandsMarylandMassachusettsMichiganMinnesotaMississippiMissouriMontanaNebraskaNevadaNew HampshireNew JerseyNew MexicoNew York StateNorth CarolinaNorth DakotaNorthern Mariana IslandsOhioOklahomaOregonPennsylvaniaPuerto RicoRepublic of PalauRhode IslandSouth CarolinaSouth DakotaTennesseeTexasUnited StatesUtahVermontVeterans HealthVirgin IslandsVirginiaWashingtonWest VirginiaWisconsinWyoming,0,0,0,0.0,0.0,0,0.0,0.0,0,1393221.0,1015,0.0,0,0.0
2021-01-04,AlabamaAlaskaAmerican SamoaArizonaArkansasBureau of PrisonsCaliforniaColoradoConnecticutDelawareDept of DefenseDistrict of ColumbiaFederated States of MicronesiaFloridaGeorgiaGuamHawaiiIdahoIllinoisIndian Health SvcIndianaIowaKansasKentuckyLong Term CareLouisianaMaineMarshall IslandsMarylandMassachusettsMichiganMinnesotaMississippiMissouriMontanaNebraskaNevadaNew HampshireNew JerseyNew MexicoNew York StateNorth CarolinaNorth DakotaNorthern Mariana IslandsOhioOklahomaOregonPennsylvaniaPuerto RicoRepublic of PalauRhode IslandSouth CarolinaSouth DakotaTennesseeTexasUnited StatesUtahVermontVeterans HealthVirgin IslandsVirginiaWashingtonWest VirginiaWisconsinWyoming,4563260,0,0,0.0,1.37,0,0.0,0.0,0,1404289.0,1048,0.0,0,0.0
2021-01-05,AlabamaAlaskaAmerican SamoaArizonaArkansasBureau of PrisonsCaliforniaColoradoConnecticutDelawareDept of DefenseDistrict of ColumbiaFederated States of MicronesiaFloridaGeorgiaGuamHawaiiIdahoIllinoisIndian Health SvcIndianaIowaKansasKentuckyLong Term CareLouisianaMaineMarshall IslandsMarylandMassachusettsMichiganMinnesotaMississippiMissouriMontanaNebraskaNevadaNew HampshireNew JerseyNew MexicoNew York StateNorth CarolinaNorth DakotaNorthern Mariana IslandsOhioOklahomaOregonPennsylvaniaPuerto RicoRepublic of PalauRhode IslandSouth CarolinaSouth DakotaTennesseeTexasUnited StatesUtahVermontVeterans HealthVirgin IslandsVirginiaWashingtonWest VirginiaWisconsinWyoming,4836469,0,0,0.0,1.46,0,0.0,0.0,273209,1395644.0,1022,0.0,0,0.0
2021-01-06,AlabamaAlaskaAmerican SamoaArizonaArkansasBureau of PrisonsCaliforniaColoradoConnecticutDelawareDept of DefenseDistrict of ColumbiaFederated States of MicronesiaFloridaGeorgiaGuamHawaiiIdahoIllinoisIndian Health SvcIndianaIowaKansasKentuckyLong Term CareLouisianaMaineMarshall IslandsMarylandMassachusettsMichiganMinnesotaMississippiMissouriMontanaNebraskaNevadaNew HampshireNew JerseyNew MexicoNew York StateNorth CarolinaNorth DakotaNorthern Mariana IslandsOhioOklahomaOregonPennsylvaniaPuerto RicoRepublic of PalauRhode IslandSouth CarolinaSouth DakotaTennesseeTexasUnited StatesUtahVermontVeterans HealthVirgin IslandsVirginiaWashingtonWest VirginiaWisconsinWyoming,5306797,0,0,0.0,1.6,0,0.0,0.0,470328,1415159.0,1081,0.0,0,0.0
2021-01-07,AlabamaAlaskaAmerican SamoaArizonaArkansasBureau of PrisonsCaliforniaColoradoConnecticutDelawareDept of DefenseDistrict of ColumbiaFederated States of MicronesiaFloridaGeorgiaGuamHawaiiIdahoIllinoisIndian Health SvcIndianaIowaKansasKentuckyLong Term CareLouisianaMaineMarshall IslandsMarylandMassachusettsMichiganMinnesotaMississippiMissouriMontanaNebraskaNevadaNew HampshireNew JerseyNew MexicoNew York StateNorth CarolinaNorth DakotaNorthern Mariana IslandsOhioOklahomaOregonPennsylvaniaPuerto RicoRepublic of PalauRhode IslandSouth CarolinaSouth DakotaTennesseeTexasUnited StatesUtahVermontVeterans HealthVirgin IslandsVirginiaWashingtonWest VirginiaWisconsinWyoming,5919418,0,0,0.0,1.78,0,0.0,0.0,612621,1434525.0,1139,0.0,0,0.0
2021-01-08,AlabamaAlaskaAmerican SamoaArizonaArkansasBureau of PrisonsCaliforniaColoradoConnecticutDelawareDept of DefenseDistrict of ColumbiaFederated States of MicronesiaFloridaGeorgiaGuamHawaiiIdahoIllinoisIndian Health SvcIndianaIowaKansasKentuckyLong Term CareLouisianaMaineMarshall IslandsMarylandMassachusettsMichiganMinnesotaMississippiMissouriMontanaNebraskaNevadaNew HampshireNew JerseyNew MexicoNew York StateNorth CarolinaNorth DakotaNorthern Mariana IslandsOhioOklahomaOregonPennsylvaniaPuerto RicoRepublic of PalauRhode IslandSouth CarolinaSouth DakotaTennesseeTexasUnited StatesUtahVermontVeterans HealthVirgin IslandsVirginiaWashingtonWest VirginiaWisconsinWyoming,6688231,0,0,0.0,2.01,0,0.0,0.0,768813,1476205.0,1265,0.0,0,0.0
2021-01-09,AlabamaAlaskaAmerican SamoaArizonaArkansasBureau of PrisonsCaliforniaColoradoConnecticutDelawareDept of DefenseDistrict of ColumbiaFederated States of MicronesiaFloridaGeorgiaGuamHawaiiIdahoIllinoisIndian Health SvcIndianaIowaKansasKentuckyLong Term CareLouisianaMaineMarshall IslandsMarylandMassachusettsMichiganMinnesotaMississippiMissouriMontanaNebraskaNevadaNew HampshireNew JerseyNew MexicoNew York StateNorth CarolinaNorth DakotaNorthern Mariana IslandsOhioOklahomaOregonPennsylvaniaPuerto RicoRepublic of PalauRhode IslandSouth CarolinaSouth DakotaTennesseeTexasUnited StatesUtahVermontVeterans HealthVirgin IslandsVirginiaWashingtonWest VirginiaWisconsinWyoming,0,0,0,0.0,0.0,0,0.0,0.0,0,1517535.0,1389,0.0,0,0.0
2021-01-10,AlabamaAlaskaAmerican SamoaArizonaArkansasBureau of PrisonsCaliforniaColoradoConnecticutDelawareDept of DefenseDistrict of ColumbiaFederated States of MicronesiaFloridaGeorgiaGuamHawaiiIdahoIllinoisIndian Health SvcIndianaIowaKansasKentuckyLong Term CareLouisianaMaineMarshall IslandsMarylandMassachusettsMichiganMinnesotaMississippiMissouriMontanaNebraskaNevadaNew HampshireNew JerseyNew MexicoNew York StateNorth CarolinaNorth DakotaNorthern Mariana IslandsOhioOklahomaOregonPennsylvaniaPuerto RicoRepublic of PalauRhode IslandSouth CarolinaSouth DakotaTennesseeTexasUnited StatesUtahVermontVeterans HealthVirgin IslandsVirginiaWashingtonWest VirginiaWisconsinWyoming,0,0,0,0.0,0.0,0,0.0,0.0,0,1602908.0,1647,0.0,0,0.0
2021-01-11,AlabamaAlaskaAmerican SamoaArizonaArkansasBureau of PrisonsCaliforniaColoradoConnecticutDelawareDept of DefenseDistrict of ColumbiaFederated States of MicronesiaFloridaGeorgiaGuamHawaiiIdahoIllinoisIndian Health SvcIndianaIowaKansasKentuckyLong Term CareLouisianaMaineMarshall IslandsMarylandMassachusettsMichiganMinnesotaMississippiMissouriMontanaNebraskaNevadaNew HampshireNew JerseyNew MexicoNew York StateNorth CarolinaNorth DakotaNorthern Mariana IslandsOhioOklahomaOregonPennsylvaniaPuerto RicoRepublic of PalauRhode IslandSouth CarolinaSouth DakotaTennesseeTexasUnited StatesUtahVermontVeterans HealthVirgin IslandsVirginiaWashingtonWest VirginiaWisconsinWyoming,8987322,0,0,0.0,2.71,0,0.0,0.0,0,1688281.0,1904,0.0,0,0.0
2021-01-12,AlabamaAlaskaAmerican SamoaArizonaArkansasBureau of PrisonsCaliforniaColoradoConnecticutDelawareDept of DefenseDistrict of ColumbiaFederated States of MicronesiaFloridaGeorgiaGuamHawaiiIdahoIllinoisIndian Health SvcIndianaIowaKansasKentuckyLong Term CareLouisianaMaineMarshall IslandsMarylandMassachusettsMichiganMinnesotaMississippiMissouriMontanaNebraskaNevadaNew HampshireNew JerseyNew MexicoNew York StateNorth CarolinaNorth DakotaNorthern Mariana IslandsOhioOklahomaOregonPennsylvaniaPuerto RicoRepublic of PalauRhode IslandSouth CarolinaSouth DakotaTennesseeTexasUnited StatesUtahVermontVeterans HealthVirgin IslandsVirginiaWashingtonWest VirginiaWisconsinWyoming,19606050,59777475,15746663,14.4,177.07,1566885,116.97,582.01,339816,1697796.0,1932,22.4,0,0.0
2021-01-13,AlabamaAlaskaAmerican SamoaArizonaArkansasBureau of PrisonsCaliforniaColoradoConnecticutDelawareDept of DefenseDistrict of ColumbiaFederated States of MicronesiaFloridaGeorgiaGuamHawaiiIdahoIllinoisIndian Health SvcIndianaIowaKansasKentuckyLong Term CareLouisianaMaineMarshall IslandsMarylandMassachusettsMichiganMinnesotaMississippiMissouriMontanaNebraskaNevadaNew HampshireNew JerseyNew MexicoNew York StateNorth CarolinaNorth DakotaNorthern Mariana IslandsOhioOklahomaOregonPennsylvaniaPuerto RicoRepublic of PalauRhode IslandSouth CarolinaSouth DakotaTennesseeTexasUnited StatesUtahVermontVeterans HealthVirgin IslandsVirginiaWashingtonWest VirginiaWisconsinWyoming,21265377,62384200,16759012,18.66,188.85,2020890,121.840004,580.67,1979702,1766510.0,188623,21.984,0,0.0
2021-01-14,AlabamaAlaskaAmerican SamoaArizonaArkansasBureau of PrisonsCaliforniaColoradoConnecticutDelawareDept of DefenseDistrict of ColumbiaFederated States of MicronesiaFloridaGeorgiaGuamHawaiiIdahoIllinoisIndian Health SvcIndianaIowaKansasKentuckyLong Term CareLouisianaMaineMarshall IslandsMarylandMassachusettsMichiganMinnesotaMississippiMissouriMontanaNebraskaNevadaNew HampshireNew JerseyNew MexicoNew York StateNorth CarolinaNorth DakotaNorthern Mariana IslandsOhioOklahomaOregonPennsylvaniaPuerto RicoRepublic of PalauRhode IslandSouth CarolinaSouth DakotaTennesseeTexasUnited StatesUtahVermontVeterans HealthVirgin IslandsVirginiaWashingtonWest VirginiaWisconsinWyoming,23475490,65817800,20576834,0.0,209.63,0,180.98,622.96,1870554,1791766.0,176995,23.819,0,0.0
2021-01-15,AlabamaAlaskaAmerican SamoaArizonaArkansasBureau of PrisonsCaliforniaColoradoConnecticutDelawareDept of DefenseDistrict of ColumbiaFederated States of MicronesiaFloridaGeorgiaGuamHawaiiIdahoIllinoisIndian Health SvcIndianaIowaKansasKentuckyLong Term CareLouisianaMaineMarshall IslandsMarylandMassachusettsMichiganMinnesotaMississippiMissouriMontanaNebraskaNevadaNew HampshireNew JerseyNew MexicoNew York StateNorth CarolinaNorth DakotaNorthern Mariana IslandsOhioOklahomaOregonPennsylvaniaPuerto RicoRepublic of PalauRhode IslandSouth CarolinaSouth DakotaTennesseeTexasUnited StatesUtahVermontVeterans HealthVirgin IslandsVirginiaWashingtonWest VirginiaWisconsinWyoming,25943323,62322150,21191732,32.42,235.2,3221048,201.61,659.55,2420875,1927116.0,193150,25.348,0,0.0
2021-01-16,AlabamaAlaskaAmerican SamoaArizonaArkansasBureau of PrisonsCaliforniaColoradoConnecticutDelawareDept of DefenseDistrict of ColumbiaFederated States of MicronesiaFloridaGeorgiaGuamHawaiiIdahoIllinoisIndian Health SvcIndianaIowaKansasKentuckyLong Term CareLouisianaMaineMarshall IslandsMarylandMassachusettsMichiganMinnesotaMississippiMissouriMontanaNebraskaNevadaNew HampshireNew JerseyNew MexicoNew York StateNorth CarolinaNorth DakotaNorthern Mariana IslandsOhioOklahomaOregonPennsylvaniaPuerto RicoRepublic of PalauRhode IslandSouth CarolinaSouth DakotaTennesseeTexasUnited StatesUtahVermontVeterans HealthVirgin IslandsVirginiaWashingtonWest VirginiaWisconsinWyoming,0,0,0,0.0,0.0,0,0.0,0.0,0,1894779.0,184676,0.0,0,0.0
2021-01-17,AlabamaAlaskaAmerican SamoaArizonaArkansasBureau of PrisonsCaliforniaColoradoConnecticutDelawareDept of DefenseDistrict of ColumbiaFederated States of MicronesiaFloridaGeorgiaGuamHawaiiIdahoIllinoisIndian Health SvcIndianaIowaKansasKentuckyLong Term CareLouisianaMaineMarshall IslandsMarylandMassachusettsMichiganMinnesotaMississippiMissouriMontanaNebraskaNevadaNew HampshireNew JerseyNew MexicoNew York StateNorth CarolinaNorth DakotaNorthern Mariana IslandsOhioOklahomaOregonPennsylvaniaPuerto RicoRepublic of PalauRhode IslandSouth CarolinaSouth DakotaTennesseeTexasUnited StatesUtahVermontVeterans HealthVirgin IslandsVirginiaWashingtonWest VirginiaWisconsinWyoming,0,0,0,0.0,0.0,0,0.0,0.0,0,1880569.0,179644,0.0,0,0.0
2021-01-18,AlabamaAlaskaAmerican SamoaArizonaArkansasBureau of PrisonsCaliforniaColoradoConnecticutDelawareDept of DefenseDistrict of ColumbiaFederated States of MicronesiaFloridaGeorgiaGuamHawaiiIdahoIllinoisIndian Health SvcIndianaIowaKansasKentuckyLong Term CareLouisianaMaineMarshall IslandsMarylandMassachusettsMichiganMinnesotaMississippiMissouriMontanaNebraskaNevadaNew HampshireNew JerseyNew MexicoNew York StateNorth CarolinaNorth DakotaNorthern Mariana IslandsOhioOklahomaOregonPennsylvaniaPuerto RicoRepublic of PalauRhode IslandSouth CarolinaSouth DakotaTennesseeTexasUnited StatesUtahVermontVeterans HealthVirgin IslandsVirginiaWashingtonWest VirginiaWisconsinWyoming,0,0,0,0.0,0.0,0,0.0,0.0,0,1875413.0,176309,0.0,0,0.0
2021-01-19,AlabamaAlaskaAmerican SamoaArizonaArkansasBureau of PrisonsCaliforniaColoradoConnecticutDelawareDept of DefenseDistrict of ColumbiaFederated States of MicronesiaFloridaGeorgiaGuamHawaiiIdahoIllinoisIndian Health SvcIndianaIowaKansasKentuckyLong Term CareLouisianaMaineMarshall IslandsMarylandMassachusettsMichiganMinnesotaMississippiMissouriMontanaNebraskaNevadaNew HampshireNew JerseyNew MexicoNew York StateNorth CarolinaNorth DakotaNorthern Mariana IslandsOhioOklahomaOregonPennsylvaniaPuerto RicoRepublic of PalauRhode IslandSouth CarolinaSouth DakotaTennesseeTexasUnited StatesUtahVermontVeterans HealthVirgin IslandsVirginiaWashingtonWest VirginiaWisconsinWyoming,33160617,62322150,27191606,40.56,298.97,4046248,256.85,659.55,0,1936368.0,174090,31.807,0,0.0
2021-01-20,AlabamaAlaskaAmerican SamoaArizonaArkansasBureau of PrisonsCaliforniaColoradoConnecticutDelawareDept of DefenseDistrict of ColumbiaFederated States of MicronesiaFloridaGeorgiaGuamHawaiiIdahoIllinoisIndian Health SvcIndianaIowaKansasKentuckyLong Term CareLouisianaMaineMarshall IslandsMarylandMassachusettsMichiganMinnesotaMississippiMissouriMontanaNebraskaNevadaNew HampshireNew JerseyNew MexicoNew York StateNorth CarolinaNorth DakotaNorthern Mariana IslandsOhioOklahomaOregonPennsylvaniaPuerto RicoRepublic of PalauRhode IslandSouth CarolinaSouth DakotaTennesseeTexasUnited StatesUtahVermontVeterans HealthVirgin IslandsVirginiaWashingtonWest VirginiaWisconsinWyoming,34958794,71980300,28540858,43.69,314.88,4322838,269.52,727.67,1798177,1906450.0,169845,29.289,0,0.0
2021-01-21,AlabamaAlaskaAmerican SamoaArizonaArkansasBureau of PrisonsCaliforniaColoradoConnecticutDelawareDept of DefenseDistrict of ColumbiaFederated States of MicronesiaFloridaGeorgiaGuamHawaiiIdahoIllinoisIndian Health SvcIndianaIowaKansasKentuckyLong Term CareLouisianaMaineMarshall IslandsMarylandMassachusettsMichiganMinnesotaMississippiMissouriMontanaNebraskaNevadaNew HampshireNew JerseyNew MexicoNew York StateNorth CarolinaNorth DakotaNorthern Mariana IslandsOhioOklahomaOregonPennsylvaniaPuerto RicoRepublic of PalauRhode IslandSouth CarolinaSouth DakotaTennesseeTexasUnited StatesUtahVermontVeterans HealthVirgin IslandsVirginiaWashingtonWest VirginiaWisconsinWyoming,37179524,75914000,30104111,48.89,322.75,4789920,272.16,726.11,2222711,1952053.0,174244,29.307,0,0.0
2021-01-22,AlabamaAlaskaAmerican SamoaArizonaArkansasBureau of PrisonsCaliforniaColoradoConnecticutDelawareDept of DefenseDistrict of ColumbiaFederated States of MicronesiaFloridaGeorgiaGuamHawaiiIdahoIllinoisIndian Health SvcIndianaIowaKansasKentuckyLong Term CareLouisianaMaineMarshall IslandsMarylandMassachusettsMichiganMinnesotaMississippiMissouriMontanaNebraskaNevadaNew HampshireNew JerseyNew MexicoNew York StateNorth CarolinaNorth DakotaNorthern Mariana IslandsOhioOklahomaOregonPennsylvaniaPuerto RicoRepublic of PalauRhode IslandSouth CarolinaSouth DakotaTennesseeTexasUnited StatesUtahVermontVeterans HealthVirgin IslandsVirginiaWashingtonWest VirginiaWisconsinWyoming,40040721,78916225,32102575,53.9,339.58,5435016,283.78,728.05,3293805,2078143.0,184249,29.541,0,0.0
2021-01-23,AlabamaAlaskaAmerican SamoaArizonaArkansasBureau of PrisonsCaliforniaColoradoConnecticutDelawareDept of DefenseDistrict of ColumbiaFederated States of MicronesiaFloridaGeorgiaGuamHawaiiIdahoIllinoisIndian Health SvcIndianaIowaKansasKentuckyLong Term CareLouisianaMaineMarshall IslandsMarylandMassachusettsMichiganMinnesotaMississippiMissouriMontanaNebraskaNevadaNew HampshireNew JerseyNew MexicoNew York StateNorth CarolinaNorth DakotaNorthern Mariana IslandsOhioOklahomaOregonPennsylvaniaPuerto RicoRepublic of PalauRhode IslandSouth CarolinaSouth DakotaTennesseeTexasUnited StatesUtahVermontVeterans HealthVirgin IslandsVirginiaWashingtonWest VirginiaWisconsinWyoming,43510965,82817100,34778007,60.829998,375.69,6055728,312.74,774.3,3008169,2252241.0,196736,31.753,0,0.0
2021-01-24,AlabamaAlaskaAmerican SamoaArizonaArkansasBureau of PrisonsCaliforniaColoradoConnecticutDelawareDept of DefenseDistrict of ColumbiaFederated States of MicronesiaFloridaGeorgiaGuamHawaiiIdahoIllinoisIndian Health SvcIndianaIowaKansasKentuckyLong Term CareLouisianaMaineMarshall IslandsMarylandMassachusettsMichiganMinnesotaMississippiMissouriMontanaNebraskaNevadaNew HampshireNew JerseyNew MexicoNew York StateNorth CarolinaNorth DakotaNorthern Mariana IslandsOhioOklahomaOregonPennsylvaniaPuerto RicoRepublic of PalauRhode IslandSouth CarolinaSouth DakotaTennesseeTexasUnited StatesUtahVermontVeterans HealthVirgin IslandsVirginiaWashingtonWest VirginiaWisconsinWyoming,44716488,79908825,35616739,63.64,393.15,6277444,327.24,760.76,2694526,2383412.0,209973,33.258,0,0.0
2021-01-25,AlabamaAlaskaAmerican SamoaArizonaArkansasBureau of PrisonsCaliforniaColoradoConnecticutDelawareDept of DefenseDistrict of ColumbiaFederated States of MicronesiaFloridaGeorgiaGuamHawaiiIdahoIllinoisIndian Health SvcIndianaIowaKansasKentuckyLong Term CareLouisianaMaineMarshall IslandsMarylandMassachusettsMichiganMinnesotaMississippiMissouriMontanaNebraskaNevadaNew HampshireNew JerseyNew MexicoNew York StateNorth CarolinaNorth DakotaNorthern Mariana IslandsOhioOklahomaOregonPennsylvaniaPuerto RicoRepublic of PalauRhode IslandSouth CarolinaSouth DakotaTennesseeTexasUnited StatesUtahVermontVeterans HealthVirgin IslandsVirginiaWashingtonWest VirginiaWisconsinWyoming,48179927,82830650,38501514,66.48,414.01,6692778,345.17,780.84,1918645,2403747.0,207930,34.924,0,0.0
2021-01-26,AlabamaAlaskaAmerican SamoaArizonaArkansasBureau of PrisonsCaliforniaColoradoConnecticutDelawareDept of DefenseDistrict of ColumbiaFederated States of MicronesiaFloridaGeorgiaGuamHawaiiIdahoIllinoisIndian Health SvcIndianaIowaKansasKentuckyLong Term CareLouisianaMaineMarshall IslandsMarylandMassachusettsMichiganMinnesotaMississippiMissouriMontanaNebraskaNevadaNew HampshireNew JerseyNew MexicoNew York StateNorth CarolinaNorth DakotaNorthern Mariana IslandsOhioOklahomaOregonPennsylvaniaPuerto RicoRepublic of PalauRhode IslandSouth CarolinaSouth DakotaTennesseeTexasUnited StatesUtahVermontVeterans HealthVirgin IslandsVirginiaWashingtonWest VirginiaWisconsinWyoming,49804772,88782150,39801430,70.7,433.68,6963840,360.32,826.26,1624845,2378125.0,214206,33.918,0,0.0
2021-01-27,AlabamaAlaskaAmerican SamoaArizonaArkansasBureau of PrisonsCaliforniaColoradoConnecticutDelawareDept of DefenseDistrict of ColumbiaFederated States of MicronesiaFloridaGeorgiaGuamHawaiiIdahoIllinoisIndian Health SvcIndianaIowaKansasKentuckyLong Term CareLouisianaMaineMarshall IslandsMarylandMassachusettsMichiganMinnesotaMississippiMissouriMontanaNebraskaNevadaNew HampshireNew JerseyNew MexicoNew York StateNorth CarolinaNorth DakotaNorthern Mariana IslandsOhioOklahomaOregonPennsylvaniaPuerto RicoRepublic of PalauRhode IslandSouth CarolinaSouth DakotaTennesseeTexasUnited StatesUtahVermontVeterans HealthVirgin IslandsVirginiaWashingtonWest VirginiaWisconsinWyoming,52207062,94455900,41372894,76.3,455.03,7602106,375.91,876.06,2402290,2464449.0,222833,33.398,0,0.0
2021-01-28,AlabamaAlaskaAmerican SamoaArizonaArkansasBureau of PrisonsCaliforniaColoradoConnecticutDelawareDept of DefenseDistrict of ColumbiaFederated States of MicronesiaFloridaGeorgiaGuamHawaiiIdahoIllinoisIndian Health SvcIndianaIowaKansasKentuckyLong Term CareLouisianaMaineMarshall IslandsMarylandMassachusettsMichiganMinnesotaMississippiMissouriMontanaNebraskaNevadaNew HampshireNew JerseyNew MexicoNew York StateNorth CarolinaNorth DakotaNorthern Mariana IslandsOhioOklahomaOregonPennsylvaniaPuerto RicoRepublic of PalauRhode IslandSouth CarolinaSouth DakotaTennesseeTexasUnited StatesUtahVermontVeterans HealthVirgin IslandsVirginiaWashingtonWest VirginiaWisconsinWyoming,55486431,96766550,43394145,84.28,479.96,8526112,392.39,902.37,3279369,2615395.0,231431,34.244,0,0.0
2021-01-29,AlabamaAlaskaAmerican SamoaArizonaArkansasBureau of PrisonsCaliforniaColoradoConnecticutDelawareDept of DefenseDistrict of ColumbiaFederated States of MicronesiaFloridaGeorgiaGuamHawaiiIdahoIllinoisIndian Health SvcIndianaIowaKansasKentuckyLong Term CareLouisianaMaineMarshall IslandsMarylandMassachusettsMichiganMinnesotaMississippiMissouriMontanaNebraskaNevadaNew HampshireNew JerseyNew MexicoNew York StateNorth CarolinaNorth DakotaNorthern Mariana IslandsOhioOklahomaOregonPennsylvaniaPuerto RicoRepublic of PalauRhode IslandSouth CarolinaSouth DakotaTennesseeTexasUnited StatesUtahVermontVeterans HealthVirgin IslandsVirginiaWashingtonWest VirginiaWisconsinWyoming,59083588,98433000,45716636,94.32,529.28,9561776,431.42,948.76,3594068,2656184.0,235869,36.533,0,0.0
2021-01-30,AlabamaAlaskaAmerican SamoaArizonaArkansasBureau of PrisonsCaliforniaColoradoConnecticutDelawareDept of DefenseDistrict of ColumbiaFederated States of MicronesiaFloridaGeorgiaGuamHawaiiIdahoIllinoisIndian Health SvcIndianaIowaKansasKentuckyLong Term CareLouisianaMaineMarshall IslandsMarylandMassachusettsMichiganMinnesotaMississippiMissouriMontanaNebraskaNevadaNew HampshireNew JerseyNew MexicoNew York StateNorth CarolinaNorth DakotaNorthern Mariana IslandsOhioOklahomaOregonPennsylvaniaPuerto RicoRepublic of PalauRhode IslandSouth CarolinaSouth DakotaTennesseeTexasUnited StatesUtahVermontVeterans HealthVirgin IslandsVirginiaWashingtonWest VirginiaWisconsinWyoming,62661235,99865700,48128330,102.659996,557.81,10519386,451.52,961.41003,3577647,2735411.0,241445,38.037,0,0.0
2021-01-31,AlabamaAlaskaAmerican SamoaArizonaArkansasBureau of PrisonsCaliforniaColoradoConnecticutDelawareDept of DefenseDistrict of ColumbiaFederated States of MicronesiaFloridaGeorgiaGuamHawaiiIdahoIllinoisIndian Health SvcIndianaIowaKansasKentuckyLong Term CareLouisianaMaineMarshall IslandsMarylandMassachusettsMichiganMinnesotaMississippiMissouriMontanaNebraskaNevadaNew HampshireNew JerseyNew MexicoNew York StateNorth CarolinaNorth DakotaNorthern Mariana IslandsOhioOklahomaOregonPennsylvaniaPuerto RicoRepublic of PalauRhode IslandSouth CarolinaSouth DakotaTennesseeTexasUnited StatesUtahVermontVeterans HealthVirgin IslandsVirginiaWashingtonWest VirginiaWisconsinWyoming,65930316,99866500,50402286,110.0,584.59,11314284,470.7,961.41003,3269081,2813492.0,243676,39.959,0,0.0
2021-02-01,AlabamaAlaskaAmerican SamoaArizonaArkansasBureau of PrisonsCaliforniaColoradoConnecticutDelawareDept of DefenseDistrict of ColumbiaFederated States of MicronesiaFloridaGeorgiaGuamHawaiiIdahoIllinoisIndian Health SvcIndianaIowaKansasKentuckyLong Term CareLouisianaMaineMarshall IslandsMarylandMassachusettsMichiganMinnesotaMississippiMissouriMontanaNebraskaNevadaNew HampshireNew JerseyNew MexicoNew York StateNorth CarolinaNorth DakotaNorthern Mariana IslandsOhioOklahomaOregonPennsylvaniaPuerto RicoRepublic of PalauRhode IslandSouth CarolinaSouth DakotaTennesseeTexasUnited StatesUtahVermontVeterans HealthVirgin IslandsVirginiaWashingtonWest VirginiaWisconsinWyoming,68193583,99872900,52046306,115.33,604.63,11855694,485.12,967.03,2263267,2858720.0,251557,41.196,0,0.0
2021-02-02,AlabamaAlaskaAmerican SamoaArizonaArkansasBureau of PrisonsCaliforniaColoradoConnecticutDelawareDept of DefenseDistrict of ColumbiaFederated States of MicronesiaFloridaGeorgiaGuamHawaiiIdahoIllinoisIndian Health SvcIndianaIowaKansasKentuckyLong Term CareLouisianaMaineMarshall IslandsMarylandMassachusettsMichiganMinnesotaMississippiMissouriMontanaNebraskaNevadaNew HampshireNew JerseyNew MexicoNew York StateNorth CarolinaNorth DakotaNorthern Mariana IslandsOhioOklahomaOregonPennsylvaniaPuerto RicoRepublic of PalauRhode IslandSouth CarolinaSouth DakotaTennesseeTexasUnited StatesUtahVermontVeterans HealthVirgin IslandsVirginiaWashingtonWest VirginiaWisconsinWyoming,69413180,105315350,52881672,118.65,615.91,12129584,493.06,1028.89,1219597,2800811.0,238622,39.55,0,0.0
2021-02-03,AlabamaAlaskaAmerican SamoaArizonaArkansasBureau of PrisonsCaliforniaColoradoConnecticutDelawareDept of DefenseDistrict of ColumbiaFederated States of MicronesiaFloridaGeorgiaGuamHawaiiIdahoIllinoisIndian Health SvcIndianaIowaKansasKentuckyLong Term CareLouisianaMaineMarshall IslandsMarylandMassachusettsMichiganMinnesotaMississippiMissouriMontanaNebraskaNevadaNew HampshireNew JerseyNew MexicoNew York StateNorth CarolinaNorth DakotaNorthern Mariana IslandsOhioOklahomaOregonPennsylvaniaPuerto RicoRepublic of PalauRhode IslandSouth CarolinaSouth DakotaTennesseeTexasUnited StatesUtahVermontVeterans HealthVirgin IslandsVirginiaWashingtonWest VirginiaWisconsinWyoming,71778915,111887600,54309912,124.95,634.62,12873862,505.04,1094.66,2365735,2795574.0,233896,38.569,0,0.0
2021-02-04,AlabamaAlaskaAmerican SamoaArizonaArkansasBureau of PrisonsCaliforniaColoradoConnecticutDelawareDept of DefenseDistrict of ColumbiaFederated States of MicronesiaFloridaGeorgiaGuamHawaiiIdahoIllinoisIndian Health SvcIndianaIowaKansasKentuckyLong Term CareLouisianaMaineMarshall IslandsMarylandMassachusettsMichiganMinnesotaMississippiMissouriMontanaNebraskaNevadaNew HampshireNew JerseyNew MexicoNew York StateNorth CarolinaNorth DakotaNorthern Mariana IslandsOhioOklahomaOregonPennsylvaniaPuerto RicoRepublic of PalauRhode IslandSouth CarolinaSouth DakotaTennesseeTexasUnited StatesUtahVermontVeterans HealthVirgin IslandsVirginiaWashingtonWest VirginiaWisconsinWyoming,74617447,114979350,55810394,134.56,659.92,13852100,518.7,1150.18,2838532,2732579.0,233415,38.66,0,0.0
2021-02-05,AlabamaAlaskaAmerican SamoaArizonaArkansasBureau of PrisonsCaliforniaColoradoConnecticutDelawareDept of DefenseDistrict of ColumbiaFederated States of MicronesiaFloridaGeorgiaGuamHawaiiIdahoIllinoisIndian Health SvcIndianaIowaKansasKentuckyLong Term CareLouisianaMaineMarshall IslandsMarylandMassachusettsMichiganMinnesotaMississippiMissouriMontanaNebraskaNevadaNew HampshireNew JerseyNew MexicoNew York StateNorth CarolinaNorth DakotaNorthern Mariana IslandsOhioOklahomaOregonPennsylvaniaPuerto RicoRepublic of PalauRhode IslandSouth CarolinaSouth DakotaTennesseeTexasUnited StatesUtahVermontVeterans HealthVirgin IslandsVirginiaWashingtonWest VirginiaWisconsinWyoming,78058057,116760600,57818994,147.59,692.86,15007728,537.21,1160.06,3440610,2710638.0,233699,40.217,0,0.0
2021-02-06,AlabamaAlaskaAmerican SamoaArizonaArkansasBureau of PrisonsCaliforniaColoradoConnecticutDelawareDept of DefenseDistrict of ColumbiaFederated States of MicronesiaFloridaGeorgiaGuamHawaiiIdahoIllinoisIndian Health SvcIndianaIowaKansasKentuckyLong Term CareLouisianaMaineMarshall IslandsMarylandMassachusettsMichiganMinnesotaMississippiMissouriMontanaNebraskaNevadaNew HampshireNew JerseyNew MexicoNew York StateNorth CarolinaNorth DakotaNorthern Mariana IslandsOhioOklahomaOregonPennsylvaniaPuerto RicoRepublic of PalauRhode IslandSouth CarolinaSouth DakotaTennesseeTexasUnited StatesUtahVermontVeterans HealthVirgin IslandsVirginiaWashingtonWest VirginiaWisconsinWyoming,82602859,118442250,60430118,159.2,717.06,16610291,549.82,1149.86,4643664,2863477.0,248284,41.346,0,0.0
2021-02-07,AlabamaAlaskaAmerican SamoaArizonaArkansasBureau of PrisonsCaliforniaColoradoConnecticutDelawareDept of DefenseDistrict of ColumbiaFederated States of MicronesiaFloridaGeorgiaGuamHawaiiIdahoIllinoisIndian Health SvcIndianaIowaKansasKentuckyLong Term CareLouisianaMaineMarshall IslandsMarylandMassachusettsMichiganMinnesotaMississippiMissouriMontanaNebraskaNevadaNew HampshireNew JerseyNew MexicoNew York StateNorth CarolinaNorth DakotaNorthern Mariana IslandsOhioOklahomaOregonPennsylvaniaPuerto RicoRepublic of PalauRhode IslandSouth CarolinaSouth DakotaTennesseeTexasUnited StatesUtahVermontVeterans HealthVirgin IslandsVirginiaWashingtonWest VirginiaWisconsinWyoming,87155199,118448650,63084695,172.0,747.94,18268219,567.68,1167.73,4552340,3047350.0,254885,43.008,0,0.0
2021-02-08,AlabamaAlaskaAmerican SamoaArizonaArkansasBureau of PrisonsCaliforniaColoradoConnecticutDelawareDept of DefenseDistrict of ColumbiaFederated States of MicronesiaFloridaGeorgiaGuamHawaiiIdahoIllinoisIndian Health SvcIndianaIowaKansasKentuckyLong Term CareLouisianaMaineMarshall IslandsMarylandMassachusettsMichiganMinnesotaMississippiMissouriMontanaNebraskaNevadaNew HampshireNew JerseyNew MexicoNew York StateNorth CarolinaNorth DakotaNorthern Mariana IslandsOhioOklahomaOregonPennsylvaniaPuerto RicoRepublic of PalauRhode IslandSouth CarolinaSouth DakotaTennesseeTexasUnited StatesUtahVermontVeterans HealthVirgin IslandsVirginiaWashingtonWest VirginiaWisconsinWyoming,89673242,118448650,64604941,178.12,767.68,19009073,579.07,1167.73,2518043,3084292.0,255265,44.229,0,0.0
2021-02-09,AlabamaAlaskaAmerican SamoaArizonaArkansasBureau of PrisonsCaliforniaColoradoConnecticutDelawareDept of DefenseDistrict of ColumbiaFederated States of MicronesiaFloridaGeorgiaGuamHawaiiIdahoIllinoisIndian Health SvcIndianaIowaKansasKentuckyLong Term CareLouisianaMaineMarshall IslandsMarylandMassachusettsMichiganMinnesotaMississippiMissouriMontanaNebraskaNevadaNew HampshireNew JerseyNew MexicoNew York StateNorth CarolinaNorth DakotaNorthern Mariana IslandsOhioOklahomaOregonPennsylvaniaPuerto RicoRepublic of PalauRhode IslandSouth CarolinaSouth DakotaTennesseeTexasUnited StatesUtahVermontVeterans HealthVirgin IslandsVirginiaWashingtonWest VirginiaWisconsinWyoming,91319129,125630600,65659075,183.77,780.75,19653901,587.12,1233.32,1645887,3145740.0,258614,42.245,0,0.0
2021-02-10,AlabamaAlaskaAmerican SamoaArizonaArkansasBureau of PrisonsCaliforniaColoradoConnecticutDelawareDept of DefenseDistrict of ColumbiaFederated States of MicronesiaFloridaGeorgiaGuamHawaiiIdahoIllinoisIndian Health SvcIndianaIowaKansasKentuckyLong Term CareLouisianaMaineMarshall IslandsMarylandMassachusettsMichiganMinnesotaMississippiMissouriMontanaNebraskaNevadaNew HampshireNew JerseyNew MexicoNew York StateNorth CarolinaNorth DakotaNorthern Mariana IslandsOhioOklahomaOregonPennsylvaniaPuerto RicoRepublic of PalauRhode IslandSouth CarolinaSouth DakotaTennesseeTexasUnited StatesUtahVermontVeterans HealthVirgin IslandsVirginiaWashingtonWest VirginiaWisconsinWyoming,94607964,131765425,67491417,194.84,806.05,20912071,601.53,1278.0701,3288835,3278162.0,268805,41.751,0,0.0
2021-02-11,AlabamaAlaskaAmerican SamoaArizonaArkansasBureau of PrisonsCaliforniaColoradoConnecticutDelawareDept of DefenseDistrict of ColumbiaFederated States of MicronesiaFloridaGeorgiaGuamHawaiiIdahoIllinoisIndian Health SvcIndianaIowaKansasKentuckyLong Term CareLouisianaMaineMarshall IslandsMarylandMassachusettsMichiganMinnesotaMississippiMissouriMontanaNebraskaNevadaNew HampshireNew JerseyNew MexicoNew York StateNorth CarolinaNorth DakotaNorthern Mariana IslandsOhioOklahomaOregonPennsylvaniaPuerto RicoRepublic of PalauRhode IslandSouth CarolinaSouth DakotaTennesseeTexasUnited StatesUtahVermontVeterans HealthVirgin IslandsVirginiaWashingtonWest VirginiaWisconsinWyoming,98017595,136377550,69368152,208.1,833.39,22345778,616.79,1316.92,3409631,3360297.0,272425,41.763,0,0.0
2021-02-12,AlabamaAlaskaAmerican SamoaArizonaArkansasBureau of PrisonsCaliforniaColoradoConnecticutDelawareDept of DefenseDistrict of ColumbiaFederated States of MicronesiaFloridaGeorgiaGuamHawaiiIdahoIllinoisIndian Health SvcIndianaIowaKansasKentuckyLong Term CareLouisianaMaineMarshall IslandsMarylandMassachusettsMichiganMinnesotaMississippiMissouriMontanaNebraskaNevadaNew HampshireNew JerseyNew MexicoNew York StateNorth CarolinaNorth DakotaNorthern Mariana IslandsOhioOklahomaOregonPennsylvaniaPuerto RicoRepublic of PalauRhode IslandSouth CarolinaSouth DakotaTennesseeTexasUnited StatesUtahVermontVeterans HealthVirgin IslandsVirginiaWashingtonWest VirginiaWisconsinWyoming,102214791,137835650,71588938,224.57,868.39,24138493,635.14,1328.97,4197196,3468927.0,276162,43.02,0,0.0
2021-02-13,AlabamaAlaskaAmerican SamoaArizonaArkansasBureau of PrisonsCaliforniaColoradoConnecticutDelawareDept of DefenseDistrict of ColumbiaFederated States of MicronesiaFloridaGeorgiaGuamHawaiiIdahoIllinoisIndian Health SvcIndianaIowaKansasKentuckyLong Term CareLouisianaMaineMarshall IslandsMarylandMassachusettsMichiganMinnesotaMississippiMissouriMontanaNebraskaNevadaNew HampshireNew JerseyNew MexicoNew York StateNorth CarolinaNorth DakotaNorthern Mariana IslandsOhioOklahomaOregonPennsylvaniaPuerto RicoRepublic of PalauRhode IslandSouth CarolinaSouth DakotaTennesseeTexasUnited StatesUtahVermontVeterans HealthVirgin IslandsVirginiaWashingtonWest VirginiaWisconsinWyoming,106834598,139573350,74030545,244.0,908.43,26129956,655.53,1341.47,4619807,3465521.0,278859,44.522,0,0.0
2021-02-14,AlabamaAlaskaAmerican SamoaArizonaArkansasBureau of PrisonsCaliforniaColoradoConnecticutDelawareDept of DefenseDistrict of ColumbiaFederated States of MicronesiaFloridaGeorgiaGuamHawaiiIdahoIllinoisIndian Health SvcIndianaIowaKansasKentuckyLong Term CareLouisianaMaineMarshall IslandsMarylandMassachusettsMichiganMinnesotaMississippiMissouriMontanaNebraskaNevadaNew HampshireNew JerseyNew MexicoNew York StateNorth CarolinaNorth DakotaNorthern Mariana IslandsOhioOklahomaOregonPennsylvaniaPuerto RicoRepublic of PalauRhode IslandSouth CarolinaSouth DakotaTennesseeTexasUnited StatesUtahVermontVeterans HealthVirgin IslandsVirginiaWashingtonWest VirginiaWisconsinWyoming,111470270,139921700,76499800,260.81,944.64,28118492,674.76,1342.92,4635672,3477424.0,286487,46.288,0,0.0
2021-02-15,AlabamaAlaskaAmerican SamoaArizonaArkansasBureau of PrisonsCaliforniaColoradoConnecticutDelawareDept of DefenseDistrict of ColumbiaFederated States of MicronesiaFloridaGeorgiaGuamHawaiiIdahoIllinoisIndian Health SvcIndianaIowaKansasKentuckyLong Term CareLouisianaMaineMarshall IslandsMarylandMassachusettsMichiganMinnesotaMississippiMissouriMontanaNebraskaNevadaNew HampshireNew JerseyNew MexicoNew York StateNorth CarolinaNorth DakotaNorthern Mariana IslandsOhioOklahomaOregonPennsylvaniaPuerto RicoRepublic of PalauRhode IslandSouth CarolinaSouth DakotaTennesseeTexasUnited StatesUtahVermontVeterans HealthVirgin IslandsVirginiaWashingtonWest VirginiaWisconsinWyoming,0,0,0,0.0,0.0,0,0.0,0.0,0,3461453.0,288261,0.0,0,0.0
2021-02-16,AlabamaAlaskaAmerican SamoaArizonaArkansasBureau of PrisonsCaliforniaColoradoConnecticutDelawareDept of DefenseDistrict of ColumbiaFederated States of MicronesiaFloridaGeorgiaGuamHawaiiIdahoIllinoisIndian Health SvcIndianaIowaKansasKentuckyLong Term CareLouisianaMaineMarshall IslandsMarylandMassachusettsMichiganMinnesotaMississippiMissouriMontanaNebraskaNevadaNew HampshireNew JerseyNew MexicoNew York StateNorth CarolinaNorth DakotaNorthern Mariana IslandsOhioOklahomaOregonPennsylvaniaPuerto RicoRepublic of PalauRhode IslandSouth CarolinaSouth DakotaTennesseeTexasUnited StatesUtahVermontVeterans HealthVirgin IslandsVirginiaWashingtonWest VirginiaWisconsinWyoming,116282770,143122050,79253859,279.21,986.71,29991808,698.09,1371.38,0,3570079.0,299650,47.093,0,0.0
2021-02-17,AlabamaAlaskaAmerican SamoaArizonaArkansasBureau of PrisonsCaliforniaColoradoConnecticutDelawareDept of DefenseDistrict of ColumbiaFederated States of MicronesiaFloridaGeorgiaGuamHawaiiIdahoIllinoisIndian Health SvcIndianaIowaKansasKentuckyLong Term CareLouisianaMaineMarshall IslandsMarylandMassachusettsMichiganMinnesotaMississippiMissouriMontanaNebraskaNevadaNew HampshireNew JerseyNew MexicoNew York StateNorth CarolinaNorth DakotaNorthern Mariana IslandsOhioOklahomaOregonPennsylvaniaPuerto RicoRepublic of PalauRhode IslandSouth CarolinaSouth DakotaTennesseeTexasUnited StatesUtahVermontVeterans HealthVirgin IslandsVirginiaWashingtonWest VirginiaWisconsinWyoming,118505535,144652350,80447731,293.8,1024.88,30903099,721.29,1417.85,2222765,3417782.0,296511,47.421,0,0.0
2021-02-18,AlabamaAlaskaAmerican SamoaArizonaArkansasBureau of PrisonsCaliforniaColoradoConnecticutDelawareDept of DefenseDistrict of ColumbiaFederated States of MicronesiaFloridaGeorgiaGuamHawaiiIdahoIllinoisIndian Health SvcIndianaIowaKansasKentuckyLong Term CareLouisianaMaineMarshall IslandsMarylandMassachusettsMichiganMinnesotaMississippiMissouriMontanaNebraskaNevadaNew HampshireNew JerseyNew MexicoNew York StateNorth CarolinaNorth DakotaNorthern Mariana IslandsOhioOklahomaOregonPennsylvaniaPuerto RicoRepublic of PalauRhode IslandSouth CarolinaSouth DakotaTennesseeTexasUnited StatesUtahVermontVeterans HealthVirgin IslandsVirginiaWashingtonWest VirginiaWisconsinWyoming,121527093,146561000,81953174,306.81,1053.0,32283405,736.19,1428.01,3021558,3362346.0,296379,48.272,0,0.0
2021-02-19,AlabamaAlaskaAmerican SamoaArizonaArkansasBureau of PrisonsCaliforniaColoradoConnecticutDelawareDept of DefenseDistrict of ColumbiaFederated States of MicronesiaFloridaGeorgiaGuamHawaiiIdahoIllinoisIndian Health SvcIndianaIowaKansasKentuckyLong Term CareLouisianaMaineMarshall IslandsMarylandMassachusettsMichiganMinnesotaMississippiMissouriMontanaNebraskaNevadaNew HampshireNew JerseyNew MexicoNew York StateNorth CarolinaNorth DakotaNorthern Mariana IslandsOhioOklahomaOregonPennsylvaniaPuerto RicoRepublic of PalauRhode IslandSouth CarolinaSouth DakotaTennesseeTexasUnited StatesUtahVermontVeterans HealthVirgin IslandsVirginiaWashingtonWest VirginiaWisconsinWyoming,128140519,156079865,85841112,343.31,1151.98,34862192,798.12,1527.42,6613426,3707520.0,386800,48.939,0,0.0
2021-02-20,AlabamaAlaskaAmerican SamoaArizonaArkansasBureau of PrisonsCaliforniaColoradoConnecticutDelawareDept of DefenseDistrict of ColumbiaFederated States of MicronesiaFloridaGeorgiaGuamHawaiiIdahoIllinoisIndian Health SvcIndianaIowaKansasKentuckyLong Term CareLouisianaMaineMarshall IslandsMarylandMassachusettsMichiganMinnesotaMississippiMissouriMontanaNebraskaNevadaNew HampshireNew JerseyNew MexicoNew York StateNorth CarolinaNorth DakotaNorthern Mariana IslandsOhioOklahomaOregonPennsylvaniaPuerto RicoRepublic of PalauRhode IslandSouth CarolinaSouth DakotaTennesseeTexasUnited StatesUtahVermontVeterans HealthVirgin IslandsVirginiaWashingtonWest VirginiaWisconsinWyoming,130028628,151895130,86379968,338.02,1114.43,36080960,765.81,1448.6,3533127,3558210.0,381908,46.699,0,0.0
2021-02-21,AlabamaAlaskaAmerican SamoaArizonaArkansasBureau of PrisonsCaliforniaColoradoConnecticutDelawareDept of DefenseDistrict of ColumbiaFederated States of MicronesiaFloridaGeorgiaGuamHawaiiIdahoIllinoisIndian Health SvcIndianaIowaKansasKentuckyLong Term CareLouisianaMaineMarshall IslandsMarylandMassachusettsMichiganMinnesotaMississippiMissouriMontanaNebraskaNevadaNew HampshireNew JerseyNew MexicoNew York StateNorth CarolinaNorth DakotaNorthern Mariana IslandsOhioOklahomaOregonPennsylvaniaPuerto RicoRepublic of PalauRhode IslandSouth CarolinaSouth DakotaTennesseeTexasUnited StatesUtahVermontVeterans HealthVirgin IslandsVirginiaWashingtonWest VirginiaWisconsinWyoming,120803020,136992790,79403854,290.18,943.83,33880139,647.33,1192.8201,3351337,3419028.0,378847,39.728,0,0.0
2021-02-22,AlabamaAlaskaAmerican SamoaArizonaArkansasBureau of PrisonsCaliforniaColoradoConnecticutDelawareDept of DefenseDistrict of ColumbiaFederated States of MicronesiaFloridaGeorgiaGuamHawaiiIdahoIllinoisIndian Health SvcIndianaIowaKansasKentuckyLong Term CareLouisianaMaineMarshall IslandsMarylandMassachusettsMichiganMinnesotaMississippiMissouriMontanaNebraskaNevadaNew HampshireNew JerseyNew MexicoNew York StateNorth CarolinaNorth DakotaNorthern Mariana IslandsOhioOklahomaOregonPennsylvaniaPuerto RicoRepublic of PalauRhode IslandSouth CarolinaSouth DakotaTennesseeTexasUnited StatesUtahVermontVeterans HealthVirgin IslandsVirginiaWashingtonWest VirginiaWisconsinWyoming,137991019,154562185,90367934,397.95,1273.01,39830639,857.44,1577.51,2140164,3425316.0,385024,52.975,0,0.0
2021-02-23,AlabamaAlaskaAmerican SamoaArizonaArkansasBureau of PrisonsCaliforniaColoradoConnecticutDelawareDept of DefenseDistrict of ColumbiaFederated States of MicronesiaFloridaGeorgiaGuamHawaiiIdahoIllinoisIndian Health SvcIndianaIowaKansasKentuckyLong Term CareLouisianaMaineMarshall IslandsMarylandMassachusettsMichiganMinnesotaMississippiMissouriMontanaNebraskaNevadaNew HampshireNew JerseyNew MexicoNew York StateNorth CarolinaNorth DakotaNorthern Mariana IslandsOhioOklahomaOregonPennsylvaniaPuerto RicoRepublic of PalauRhode IslandSouth CarolinaSouth DakotaTennesseeTexasUnited StatesUtahVermontVeterans HealthVirgin IslandsVirginiaWashingtonWest VirginiaWisconsinWyoming,135010345,162468515,87878513,402.6,1277.51,39261329,857.21,1667.71,1730506,3347089.0,384327,49.169,0,0.0
2021-02-24,AlabamaAlaskaAmerican SamoaArizonaArkansasBureau of PrisonsCaliforniaColoradoConnecticutDelawareDept of DefenseDistrict of ColumbiaFederated States of MicronesiaFloridaGeorgiaGuamHawaiiIdahoIllinoisIndian Health SvcIndianaIowaKansasKentuckyLong Term CareLouisianaMaineMarshall IslandsMarylandMassachusettsMichiganMinnesotaMississippiMissouriMontanaNebraskaNevadaNew HampshireNew JerseyNew MexicoNew York StateNorth CarolinaNorth DakotaNorthern Mariana IslandsOhioOklahomaOregonPennsylvaniaPuerto RicoRepublic of PalauRhode IslandSouth CarolinaSouth DakotaTennesseeTexasUnited StatesUtahVermontVeterans HealthVirgin IslandsVirginiaWashingtonWest VirginiaWisconsinWyoming,137910251,174786670,89236583,416.49,1306.71,40674316,871.98,1769.24,2899906,3462139.0,398407,47.1,0,0.0
2021-02-25,AlabamaAlaskaAmerican SamoaArizonaArkansasBureau of PrisonsCaliforniaColoradoConnecticutDelawareDept of DefenseDistrict of ColumbiaFederated States of MicronesiaFloridaGeorgiaGuamHawaiiIdahoIllinoisIndian Health SvcIndianaIowaKansasKentuckyLong Term CareLouisianaMaineMarshall IslandsMarylandMassachusettsMichiganMinnesotaMississippiMissouriMontanaNebraskaNevadaNew HampshireNew JerseyNew MexicoNew York StateNorth CarolinaNorth DakotaNorthern Mariana IslandsOhioOklahomaOregonPennsylvaniaPuerto RicoRepublic of PalauRhode IslandSouth CarolinaSouth DakotaTennesseeTexasUnited StatesUtahVermontVeterans HealthVirgin IslandsVirginiaWashingtonWest VirginiaWisconsinWyoming,146626410,188145235,94185894,438.57,1363.46,44096712,905.56,1855.08,3608902,3564356.0,414057,47.491,0,0.0
2021-02-26,AlabamaAlaskaAmerican SamoaArizonaArkansasBureau of PrisonsCaliforniaColoradoConnecticutDelawareDept of DefenseDistrict of ColumbiaFederated States of MicronesiaFloridaGeorgiaGuamHawaiiIdahoIllinoisIndian Health SvcIndianaIowaKansasKentuckyLong Term CareLouisianaMaineMarshall IslandsMarylandMassachusettsMichiganMinnesotaMississippiMissouriMontanaNebraskaNevadaNew HampshireNew JerseyNew MexicoNew York StateNorth CarolinaNorth DakotaNorthern Mariana IslandsOhioOklahomaOregonPennsylvaniaPuerto RicoRepublic of PalauRhode IslandSouth CarolinaSouth DakotaTennesseeTexasUnited StatesUtahVermontVeterans HealthVirgin IslandsVirginiaWashingtonWest VirginiaWisconsinWyoming,151190581,193517555,96447624,458.15,1406.42,46252199,928.59,1906.43,4564171,3271056.0,332612,47.637,0,0.0
2021-02-27,AlabamaAlaskaAmerican SamoaArizonaArkansasBureau of PrisonsCaliforniaColoradoConnecticutDelawareDept of DefenseDistrict of ColumbiaFederated States of MicronesiaFloridaGeorgiaGuamHawaiiIdahoIllinoisIndian Health SvcIndianaIowaKansasKentuckyLong Term CareLouisianaMaineMarshall IslandsMarylandMassachusettsMichiganMinnesotaMississippiMissouriMontanaNebraskaNevadaNew HampshireNew JerseyNew MexicoNew York StateNorth CarolinaNorth DakotaNorthern Mariana IslandsOhioOklahomaOregonPennsylvaniaPuerto RicoRepublic of PalauRhode IslandSouth CarolinaSouth DakotaTennesseeTexasUnited StatesUtahVermontVeterans HealthVirgin IslandsVirginiaWashingtonWest VirginiaWisconsinWyoming,156168122,197762155,99030660,479.66,1453.26,48493135,953.21,1941.59,4977541,3470918.0,345356,48.392,0,0.0
2021-02-28,AlabamaAlaskaAmerican SamoaArizonaArkansasBureau of PrisonsCaliforniaColoradoConnecticutDelawareDept of DefenseDistrict of ColumbiaFederated States of MicronesiaFloridaGeorgiaGuamHawaiiIdahoIllinoisIndian Health SvcIndianaIowaKansasKentuckyLong Term CareLouisianaMaineMarshall IslandsMarylandMassachusettsMichiganMinnesotaMississippiMissouriMontanaNebraskaNevadaNew HampshireNew JerseyNew MexicoNew York StateNorth CarolinaNorth DakotaNorthern Mariana IslandsOhioOklahomaOregonPennsylvaniaPuerto RicoRepublic of PalauRhode IslandSouth CarolinaSouth DakotaTennesseeTexasUnited StatesUtahVermontVeterans HealthVirgin IslandsVirginiaWashingtonWest VirginiaWisconsinWyoming,161204716,197762555,101758671,499.44,1497.85,50699588,977.28,1941.59,5036594,3666827.0,358398,49.897,0,0.0
2021-03-01,AlabamaAlaskaAmerican SamoaArizonaArkansasBureau of PrisonsCaliforniaColoradoConnecticutDelawareDept of DefenseDistrict of ColumbiaFederated States of MicronesiaFloridaGeorgiaGuamHawaiiIdahoIllinoisIndian Health SvcIndianaIowaKansasKentuckyLong Term CareLouisianaMaineMarshall IslandsMarylandMassachusettsMichiganMinnesotaMississippiMissouriMontanaNebraskaNevadaNew HampshireNew JerseyNew MexicoNew York StateNorth CarolinaNorth DakotaNorthern Mariana IslandsOhioOklahomaOregonPennsylvaniaPuerto RicoRepublic of PalauRhode IslandSouth CarolinaSouth DakotaTennesseeTexasUnited StatesUtahVermontVeterans HealthVirgin IslandsVirginiaWashingtonWest VirginiaWisconsinWyoming,164644520,197762555,103718763,511.46,1526.62,52096977,993.46,1941.59,3439804,3807640.0,362297,50.871,0,0.0
2021-03-02,AlabamaAlaskaAmerican SamoaArizonaArkansasBureau of PrisonsCaliforniaColoradoConnecticutDelawareDept of DefenseDistrict of ColumbiaFederated States of MicronesiaFloridaGeorgiaGuamHawaiiIdahoIllinoisIndian Health SvcIndianaIowaKansasKentuckyLong Term CareLouisianaMaineMarshall IslandsMarylandMassachusettsMichiganMinnesotaMississippiMissouriMontanaNebraskaNevadaNew HampshireNew JerseyNew MexicoNew York StateNorth CarolinaNorth DakotaNorthern Mariana IslandsOhioOklahomaOregonPennsylvaniaPuerto RicoRepublic of PalauRhode IslandSouth CarolinaSouth DakotaTennesseeTexasUnited StatesUtahVermontVeterans HealthVirgin IslandsVirginiaWashingtonWest VirginiaWisconsinWyoming,168158060,209868415,105774893,520.36,1548.64,53501643,1006.51,2103.21,3513540,4043503.0,363456,48.151,0,0.0
2021-03-03,AlabamaAlaskaAmerican SamoaArizonaArkansasBureau of PrisonsCaliforniaColoradoConnecticutDelawareDept of DefenseDistrict of ColumbiaFederated States of MicronesiaFloridaGeorgiaGuamHawaiiIdahoIllinoisIndian Health SvcIndianaIowaKansasKentuckyLong Term CareLouisianaMaineMarshall IslandsMarylandMassachusettsMichiganMinnesotaMississippiMissouriMontanaNebraskaNevadaNew HampshireNew JerseyNew MexicoNew York StateNorth CarolinaNorth DakotaNorthern Mariana IslandsOhioOklahomaOregonPennsylvaniaPuerto RicoRepublic of PalauRhode IslandSouth CarolinaSouth DakotaTennesseeTexasUnited StatesUtahVermontVeterans HealthVirgin IslandsVirginiaWashingtonWest VirginiaWisconsinWyoming,172091102,219408005,108010927,533.81,1580.12,55126552,1024.21,2218.82,3933042,4172232.0,366112,46.914,0,0.0
2021-03-04,AlabamaAlaskaAmerican SamoaArizonaArkansasBureau of PrisonsCaliforniaColoradoConnecticutDelawareDept of DefenseDistrict of ColumbiaFederated States of MicronesiaFloridaGeorgiaGuamHawaiiIdahoIllinoisIndian Health SvcIndianaIowaKansasKentuckyLong Term CareLouisianaMaineMarshall IslandsMarylandMassachusettsMichiganMinnesotaMississippiMissouriMontanaNebraskaNevadaNew HampshireNew JerseyNew MexicoNew York StateNorth CarolinaNorth DakotaNorthern Mariana IslandsOhioOklahomaOregonPennsylvaniaPuerto RicoRepublic of PalauRhode IslandSouth CarolinaSouth DakotaTennesseeTexasUnited StatesUtahVermontVeterans HealthVirgin IslandsVirginiaWashingtonWest VirginiaWisconsinWyoming,176290956,225799005,110417023,549.85,1619.36,56841037,1047.03,2304.76,4199854,4237793.0,365557,46.394,0,0.0
2021-03-05,AlabamaAlaskaAmerican SamoaArizonaArkansasBureau of PrisonsCaliforniaColoradoConnecticutDelawareDept of DefenseDistrict of ColumbiaFederated States of MicronesiaFloridaGeorgiaGuamHawaiiIdahoIllinoisIndian Health SvcIndianaIowaKansasKentuckyLong Term CareLouisianaMaineMarshall IslandsMarylandMassachusettsMichiganMinnesotaMississippiMissouriMontanaNebraskaNevadaNew HampshireNew JerseyNew MexicoNew York StateNorth CarolinaNorth DakotaNorthern Mariana IslandsOhioOklahomaOregonPennsylvaniaPuerto RicoRepublic of PalauRhode IslandSouth CarolinaSouth DakotaTennesseeTexasUnited StatesUtahVermontVeterans HealthVirgin IslandsVirginiaWashingtonWest VirginiaWisconsinWyoming,181305751,234325195,113492161,568.8,1667.51,58691006,1075.72,2390.16,5014795,4302167.0,372893,46.152,0,0.0
2021-03-06,AlabamaAlaskaAmerican SamoaArizonaArkansasBureau of PrisonsCaliforniaColoradoConnecticutDelawareDept of DefenseDistrict of ColumbiaFederated States of MicronesiaFloridaGeorgiaGuamHawaiiIdahoIllinoisIndian Health SvcIndianaIowaKansasKentuckyLong Term CareLouisianaMaineMarshall IslandsMarylandMassachusettsMichiganMinnesotaMississippiMissouriMontanaNebraskaNevadaNew HampshireNew JerseyNew MexicoNew York StateNorth CarolinaNorth DakotaNorthern Mariana IslandsOhioOklahomaOregonPennsylvaniaPuerto RicoRepublic of PalauRhode IslandSouth CarolinaSouth DakotaTennesseeTexasUnited StatesUtahVermontVeterans HealthVirgin IslandsVirginiaWashingtonWest VirginiaWisconsinWyoming,187265421,238805905,117171344,589.23,1720.36,60883263,1107.36,2424.58,5959670,4442471.0,381511,46.901,0,0.0
2021-03-07,AlabamaAlaskaAmerican SamoaArizonaArkansasBureau of PrisonsCaliforniaColoradoConnecticutDelawareDept of DefenseDistrict of ColumbiaFederated States of MicronesiaFloridaGeorgiaGuamHawaiiIdahoIllinoisIndian Health SvcIndianaIowaKansasKentuckyLong Term CareLouisianaMaineMarshall IslandsMarylandMassachusettsMichiganMinnesotaMississippiMissouriMontanaNebraskaNevadaNew HampshireNew JerseyNew MexicoNew York StateNorth CarolinaNorth DakotaNorthern Mariana IslandsOhioOklahomaOregonPennsylvaniaPuerto RicoRepublic of PalauRhode IslandSouth CarolinaSouth DakotaTennesseeTexasUnited StatesUtahVermontVeterans HealthVirgin IslandsVirginiaWashingtonWest VirginiaWisconsinWyoming,192285341,238821905,120254791,605.3,1762.62,62744094,1133.3,2432.21,5019920,4440086.0,378299,47.994,0,0.0
2021-03-08,AlabamaAlaskaAmerican SamoaArizonaArkansasBureau of PrisonsCaliforniaColoradoConnecticutDelawareDept of DefenseDistrict of ColumbiaFederated States of MicronesiaFloridaGeorgiaGuamHawaiiIdahoIllinoisIndian Health SvcIndianaIowaKansasKentuckyLong Term CareLouisianaMaineMarshall IslandsMarylandMassachusettsMichiganMinnesotaMississippiMissouriMontanaNebraskaNevadaNew HampshireNew JerseyNew MexicoNew York StateNorth CarolinaNorth DakotaNorthern Mariana IslandsOhioOklahomaOregonPennsylvaniaPuerto RicoRepublic of PalauRhode IslandSouth CarolinaSouth DakotaTennesseeTexasUnited StatesUtahVermontVeterans HealthVirgin IslandsVirginiaWashingtonWest VirginiaWisconsinWyoming,195848093,238852325,122554540,621.7,1795.59,64390483,1153.89,2433.54,3562752,4457652.0,384201,48.895,0,0.0
2021-03-09,AlabamaAlaskaAmerican SamoaArizonaArkansasBureau of PrisonsCaliforniaColoradoConnecticutDelawareDept of DefenseDistrict of ColumbiaFederated States of MicronesiaFloridaGeorgiaGuamHawaiiIdahoIllinoisIndian Health SvcIndianaIowaKansasKentuckyLong Term CareLouisianaMaineMarshall IslandsMarylandMassachusettsMichiganMinnesotaMississippiMissouriMontanaNebraskaNevadaNew HampshireNew JerseyNew MexicoNew York StateNorth CarolinaNorth DakotaNorthern Mariana IslandsOhioOklahomaOregonPennsylvaniaPuerto RicoRepublic of PalauRhode IslandSouth CarolinaSouth DakotaTennesseeTexasUnited StatesUtahVermontVeterans HealthVirgin IslandsVirginiaWashingtonWest VirginiaWisconsinWyoming,199160110,252773205,124766986,633.0,1822.5,65646672,1171.0,2544.44,3312017,4428864.0,391153,47.252,0,0.0
2021-03-10,AlabamaAlaskaAmerican SamoaArizonaArkansasBureau of PrisonsCaliforniaColoradoConnecticutDelawareDept of DefenseDistrict of ColumbiaFederated States of MicronesiaFloridaGeorgiaGuamHawaiiIdahoIllinoisIndian Health SvcIndianaIowaKansasKentuckyLong Term CareLouisianaMaineMarshall IslandsMarylandMassachusettsMichiganMinnesotaMississippiMissouriMontanaNebraskaNevadaNew HampshireNew JerseyNew MexicoNew York StateNorth CarolinaNorth DakotaNorthern Mariana IslandsOhioOklahomaOregonPennsylvaniaPuerto RicoRepublic of PalauRhode IslandSouth CarolinaSouth DakotaTennesseeTexasUnited StatesUtahVermontVeterans HealthVirgin IslandsVirginiaWashingtonWest VirginiaWisconsinWyoming,203312311,262236355,127525919,634.13,1822.6,67280960,1172.08,2544.47,4173826,4463332.0,403246,46.216,0,0.0
2021-03-11,AlabamaAlaskaAmerican SamoaArizonaArkansasBureau of PrisonsCaliforniaColoradoConnecticutDelawareDept of DefenseDistrict of ColumbiaFederated States of MicronesiaFloridaGeorgiaGuamHawaiiIdahoIllinoisIndian Health SvcIndianaIowaKansasKentuckyLong Term CareLouisianaMaineMarshall IslandsMarylandMassachusettsMichiganMinnesotaMississippiMissouriMontanaNebraskaNevadaNew HampshireNew JerseyNew MexicoNew York StateNorth CarolinaNorth DakotaNorthern Mariana IslandsOhioOklahomaOregonPennsylvaniaPuerto RicoRepublic of PalauRhode IslandSouth CarolinaSouth DakotaTennesseeTexasUnited StatesUtahVermontVeterans HealthVirgin IslandsVirginiaWashingtonWest VirginiaWisconsinWyoming,207109510,267281560,129875611,642.8,1831.96,68881179,1174.9,2561.45,5069780,4594302.0,414722,45.427002,0,0.0
2021-03-12,AlabamaAlaskaAmerican SamoaArizonaArkansasBureau of PrisonsCaliforniaColoradoConnecticutDelawareDept of DefenseDistrict of ColumbiaFederated States of MicronesiaFloridaGeorgiaGuamHawaiiIdahoIllinoisIndian Health SvcIndianaIowaKansasKentuckyLong Term CareLouisianaMaineMarshall IslandsMarylandMassachusettsMichiganMinnesotaMississippiMissouriMontanaNebraskaNevadaNew HampshireNew JerseyNew MexicoNew York StateNorth CarolinaNorth DakotaNorthern Mariana IslandsOhioOklahomaOregonPennsylvaniaPuerto RicoRepublic of PalauRhode IslandSouth CarolinaSouth DakotaTennesseeTexasUnited StatesUtahVermontVeterans HealthVirgin IslandsVirginiaWashingtonWest VirginiaWisconsinWyoming,213058802,271773095,133685116,665.56,1888.04,71194507,1210.66,2597.65,5949292,4734496.0,429286,46.131,0,0.0
2021-03-13,AlabamaAlaskaAmerican SamoaArizonaArkansasBureau of PrisonsCaliforniaColoradoConnecticutDelawareDept of DefenseDistrict of ColumbiaFederated States of MicronesiaFloridaGeorgiaGuamHawaiiIdahoIllinoisIndian Health SvcIndianaIowaKansasKentuckyLong Term CareLouisianaMaineMarshall IslandsMarylandMassachusettsMichiganMinnesotaMississippiMissouriMontanaNebraskaNevadaNew HampshireNew JerseyNew MexicoNew York StateNorth CarolinaNorth DakotaNorthern Mariana IslandsOhioOklahomaOregonPennsylvaniaPuerto RicoRepublic of PalauRhode IslandSouth CarolinaSouth DakotaTennesseeTexasUnited StatesUtahVermontVeterans HealthVirgin IslandsVirginiaWashingtonWest VirginiaWisconsinWyoming,222373121,276561560,139668813,725.17,2045.58,75054956,1312.89,2757.93,9283065,5218503.0,464626,47.940998,0,0.0
2021-03-14,AlabamaAlaskaAmerican SamoaArizonaArkansasBureau of PrisonsCaliforniaColoradoConnecticutDelawareDept of DefenseDistrict of ColumbiaFederated States of MicronesiaFloridaGeorgiaGuamHawaiiIdahoIllinoisIndian Health SvcIndianaIowaKansasKentuckyLong Term CareLouisianaMaineMarshall IslandsMarylandMassachusettsMichiganMinnesotaMississippiMissouriMontanaNebraskaNevadaNew HampshireNew JerseyNew MexicoNew York StateNorth CarolinaNorth DakotaNorthern Mariana IslandsOhioOklahomaOregonPennsylvaniaPuerto RicoRepublic of PalauRhode IslandSouth CarolinaSouth DakotaTennesseeTexasUnited StatesUtahVermontVeterans HealthVirgin IslandsVirginiaWashingtonWest VirginiaWisconsinWyoming,226547859,278482650,142404512,737.54,2076.47,76609480,1332.5,2757.92,2735075,4894650.0,448329,49.396,0,0.0
2021-03-15,AlabamaAlaskaAmerican SamoaArizonaArkansasBureau of PrisonsCaliforniaColoradoConnecticutDelawareDept of DefenseDistrict of ColumbiaFederated States of MicronesiaFloridaGeorgiaGuamHawaiiIdahoIllinoisIndian Health SvcIndianaIowaKansasKentuckyLong Term CareLouisianaMaineMarshall IslandsMarylandMassachusettsMichiganMinnesotaMississippiMissouriMontanaNebraskaNevadaNew HampshireNew JerseyNew MexicoNew York StateNorth CarolinaNorth DakotaNorthern Mariana IslandsOhioOklahomaOregonPennsylvaniaPuerto RicoRepublic of PalauRhode IslandSouth CarolinaSouth DakotaTennesseeTexasUnited StatesUtahVermontVeterans HealthVirgin IslandsVirginiaWashingtonWest VirginiaWisconsinWyoming,230728466,278482650,144975109,752.46,2110.06,78440516,1353.46,2757.92,4180607,4982911.0,449285,50.221,0,0.0
2021-03-16,AlabamaAlaskaAmerican SamoaArizonaArkansasBureau of PrisonsCaliforniaColoradoConnecticutDelawareDept of DefenseDistrict of ColumbiaFederated States of MicronesiaFloridaGeorgiaGuamHawaiiIdahoIllinoisIndian Health SvcIndianaIowaKansasKentuckyLong Term CareLouisianaMaineMarshall IslandsMarylandMassachusettsMichiganMinnesotaMississippiMissouriMontanaNebraskaNevadaNew HampshireNew JerseyNew MexicoNew York StateNorth CarolinaNorth DakotaNorthern Mariana IslandsOhioOklahomaOregonPennsylvaniaPuerto RicoRepublic of PalauRhode IslandSouth CarolinaSouth DakotaTennesseeTexasUnited StatesUtahVermontVeterans HealthVirgin IslandsVirginiaWashingtonWest VirginiaWisconsinWyoming,234079842,292821650,147148785,763.71,2138.16,79872266,1372.09,2864.57,3351376,4988537.0,450967,48.677,0,0.0
2021-03-17,AlabamaAlaskaAmerican SamoaArizonaArkansasBureau of PrisonsCaliforniaColoradoConnecticutDelawareDept of DefenseDistrict of ColumbiaFederated States of MicronesiaFloridaGeorgiaGuamHawaiiIdahoIllinoisIndian Health SvcIndianaIowaKansasKentuckyLong Term CareLouisianaMaineMarshall IslandsMarylandMassachusettsMichiganMinnesotaMississippiMissouriMontanaNebraskaNevadaNew HampshireNew JerseyNew MexicoNew York StateNorth CarolinaNorth DakotaNorthern Mariana IslandsOhioOklahomaOregonPennsylvaniaPuerto RicoRepublic of PalauRhode IslandSouth CarolinaSouth DakotaTennesseeTexasUnited StatesUtahVermontVeterans HealthVirgin IslandsVirginiaWashingtonWest VirginiaWisconsinWyoming,238780518,302460050,150260816,778.86,2177.68,81800777,1398.39,2944.77,4700676,5063721.0,450422,48.11,0,0.0
2021-03-18,AlabamaAlaskaAmerican SamoaArizonaArkansasBureau of PrisonsCaliforniaColoradoConnecticutDelawareDept of DefenseDistrict of ColumbiaFederated States of MicronesiaFloridaGeorgiaGuamHawaiiIdahoIllinoisIndian Health SvcIndianaIowaKansasKentuckyLong Term CareLouisianaMaineMarshall IslandsMarylandMassachusettsMichiganMinnesotaMississippiMissouriMontanaNebraskaNevadaNew HampshireNew JerseyNew MexicoNew York StateNorth CarolinaNorth DakotaNorthern Mariana IslandsOhioOklahomaOregonPennsylvaniaPuerto RicoRepublic of PalauRhode IslandSouth CarolinaSouth DakotaTennesseeTexasUnited StatesUtahVermontVeterans HealthVirgin IslandsVirginiaWashingtonWest VirginiaWisconsinWyoming,244297330,309692940,153964667,796.59,2222.45,83829418,1426.84,3009.88,5516812,5120895.0,446816,48.002,0,0.0
2021-03-19,AlabamaAlaskaAmerican SamoaArizonaArkansasBureau of PrisonsCaliforniaColoradoConnecticutDelawareDept of DefenseDistrict of ColumbiaFederated States of MicronesiaFloridaGeorgiaGuamHawaiiIdahoIllinoisIndian Health SvcIndianaIowaKansasKentuckyLong Term CareLouisianaMaineMarshall IslandsMarylandMassachusettsMichiganMinnesotaMississippiMissouriMontanaNebraskaNevadaNew HampshireNew JerseyNew MexicoNew York StateNorth CarolinaNorth DakotaNorthern Mariana IslandsOhioOklahomaOregonPennsylvaniaPuerto RicoRepublic of PalauRhode IslandSouth CarolinaSouth DakotaTennesseeTexasUnited StatesUtahVermontVeterans HealthVirgin IslandsVirginiaWashingtonWest VirginiaWisconsinWyoming,249582189,315971920,157484961,816.55,2277.0,85777975,1462.61,3060.92,5284859,5019291.0,441482,48.351,0,0.0
2021-03-20,AlabamaAlaskaAmerican SamoaArizonaArkansasBureau of PrisonsCaliforniaColoradoConnecticutDelawareDept of DefenseDistrict of ColumbiaFederated States of MicronesiaFloridaGeorgiaGuamHawaiiIdahoIllinoisIndian Health SvcIndianaIowaKansasKentuckyLong Term CareLouisianaMaineMarshall IslandsMarylandMassachusettsMichiganMinnesotaMississippiMissouriMontanaNebraskaNevadaNew HampshireNew JerseyNew MexicoNew York StateNorth CarolinaNorth DakotaNorthern Mariana IslandsOhioOklahomaOregonPennsylvaniaPuerto RicoRepublic of PalauRhode IslandSouth CarolinaSouth DakotaTennesseeTexasUnited StatesUtahVermontVeterans HealthVirgin IslandsVirginiaWashingtonWest VirginiaWisconsinWyoming,255952591,321046230,161813790,839.0,2331.8,88020607,1496.67,3102.24,6370402,4593947.0,408886,48.834,0,0.0
2021-03-21,AlabamaAlaskaAmerican SamoaArizonaArkansasBureau of PrisonsCaliforniaColoradoConnecticutDelawareDept of DefenseDistrict of ColumbiaFederated States of MicronesiaFloridaGeorgiaGuamHawaiiIdahoIllinoisIndian Health SvcIndianaIowaKansasKentuckyLong Term CareLouisianaMaineMarshall IslandsMarylandMassachusettsMichiganMinnesotaMississippiMissouriMontanaNebraskaNevadaNew HampshireNew JerseyNew MexicoNew York StateNorth CarolinaNorth DakotaNorthern Mariana IslandsOhioOklahomaOregonPennsylvaniaPuerto RicoRepublic of PalauRhode IslandSouth CarolinaSouth DakotaTennesseeTexasUnited StatesUtahVermontVeterans HealthVirgin IslandsVirginiaWashingtonWest VirginiaWisconsinWyoming,262157192,321046230,165972122,859.26,2384.8,90272606,1530.98,3102.24,6204601,5087045.0,440505,49.955,0,0.0
2021-03-22,AlabamaAlaskaAmerican SamoaArizonaArkansasBureau of PrisonsCaliforniaColoradoConnecticutDelawareDept of DefenseDistrict of ColumbiaFederated States of MicronesiaFloridaGeorgiaGuamHawaiiIdahoIllinoisIndian Health SvcIndianaIowaKansasKentuckyLong Term CareLouisianaMaineMarshall IslandsMarylandMassachusettsMichiganMinnesotaMississippiMissouriMontanaNebraskaNevadaNew HampshireNew JerseyNew MexicoNew York StateNorth CarolinaNorth DakotaNorthern Mariana IslandsOhioOklahomaOregonPennsylvaniaPuerto RicoRepublic of PalauRhode IslandSouth CarolinaSouth DakotaTennesseeTexasUnited StatesUtahVermontVeterans HealthVirgin IslandsVirginiaWashingtonWest VirginiaWisconsinWyoming,266288288,321046230,168716307,874.89,2423.88,91843540,1556.01,3102.24,4131096,5079975.0,448330,50.735,0,0.0
2021-03-23,AlabamaAlaskaAmerican SamoaArizonaArkansasBureau of PrisonsCaliforniaColoradoConnecticutDelawareDept of DefenseDistrict of ColumbiaFederated States of MicronesiaFloridaGeorgiaGuamHawaiiIdahoIllinoisIndian Health SvcIndianaIowaKansasKentuckyLong Term CareLouisianaMaineMarshall IslandsMarylandMassachusettsMichiganMinnesotaMississippiMissouriMontanaNebraskaNevadaNew HampshireNew JerseyNew MexicoNew York StateNorth CarolinaNorth DakotaNorthern Mariana IslandsOhioOklahomaOregonPennsylvaniaPuerto RicoRepublic of PalauRhode IslandSouth CarolinaSouth DakotaTennesseeTexasUnited StatesUtahVermontVeterans HealthVirgin IslandsVirginiaWashingtonWest VirginiaWisconsinWyoming,259876823,323237995,164571856,876.37,2418.6199,89867449,1550.9401,3175.3,3323000,5083571.0,448920,48.464,0,0.0
2021-03-24,AlabamaAlaskaAmerican SamoaArizonaArkansasBureau of PrisonsCaliforniaColoradoConnecticutDelawareDept of DefenseDistrict of ColumbiaFederated States of MicronesiaFloridaGeorgiaGuamHawaiiIdahoIllinoisIndian Health SvcIndianaIowaKansasKentuckyLong Term CareLouisianaMaineMarshall IslandsMarylandMassachusettsMichiganMinnesotaMississippiMissouriMontanaNebraskaNevadaNew HampshireNew JerseyNew MexicoNew York StateNorth CarolinaNorth DakotaNorthern Mariana IslandsOhioOklahomaOregonPennsylvaniaPuerto RicoRepublic of PalauRhode IslandSouth CarolinaSouth DakotaTennesseeTexasUnited StatesUtahVermontVeterans HealthVirgin IslandsVirginiaWashingtonWest VirginiaWisconsinWyoming,274314227,346423970,174156315,904.74,2494.57,94791129,1599.37,3298.51,4595815,5076245.0,452717,48.814,0,0.0
2021-03-25,AlabamaAlaskaAmerican SamoaArizonaArkansasBureau of PrisonsCaliforniaColoradoConnecticutDelawareDept of DefenseDistrict of ColumbiaFederated States of MicronesiaFloridaGeorgiaGuamHawaiiIdahoIllinoisIndian Health SvcIndianaIowaKansasKentuckyLong Term CareLouisianaMaineMarshall IslandsMarylandMassachusettsMichiganMinnesotaMississippiMissouriMontanaNebraskaNevadaNew HampshireNew JerseyNew MexicoNew York StateNorth CarolinaNorth DakotaNorthern Mariana IslandsOhioOklahomaOregonPennsylvaniaPuerto RicoRepublic of PalauRhode IslandSouth CarolinaSouth DakotaTennesseeTexasUnited StatesUtahVermontVeterans HealthVirgin IslandsVirginiaWashingtonWest VirginiaWisconsinWyoming,280063437,355258630,177934481,927.74,2548.09,96938836,1631.44,3380.32,5749210,5109447.0,465215,48.64,0,0.0
2021-03-26,AlabamaAlaskaAmerican SamoaArizonaArkansasBureau of PrisonsCaliforniaColoradoConnecticutDelawareDept of DefenseDistrict of ColumbiaFederated States of MicronesiaFloridaGeorgiaGuamHawaiiIdahoIllinoisIndian Health SvcIndianaIowaKansasKentuckyLong Term CareLouisianaMaineMarshall IslandsMarylandMassachusettsMichiganMinnesotaMississippiMissouriMontanaNebraskaNevadaNew HampshireNew JerseyNew MexicoNew York StateNorth CarolinaNorth DakotaNorthern Mariana IslandsOhioOklahomaOregonPennsylvaniaPuerto RicoRepublic of PalauRhode IslandSouth CarolinaSouth DakotaTennesseeTexasUnited StatesUtahVermontVeterans HealthVirgin IslandsVirginiaWashingtonWest VirginiaWisconsinWyoming,286961402,363321430,182428246,951.52,2605.8599,99546515,1667.29,3443.44,6897965,5339891.0,469837,48.891,0,0.0
2021-03-27,AlabamaAlaskaAmerican SamoaArizonaArkansasBureau of PrisonsCaliforniaColoradoConnecticutDelawareDept of DefenseDistrict of ColumbiaFederated States of MicronesiaFloridaGeorgiaGuamHawaiiIdahoIllinoisIndian Health SvcIndianaIowaKansasKentuckyLong Term CareLouisianaMaineMarshall IslandsMarylandMassachusettsMichiganMinnesotaMississippiMissouriMontanaNebraskaNevadaNew HampshireNew JerseyNew MexicoNew York StateNorth CarolinaNorth DakotaNorthern Mariana IslandsOhioOklahomaOregonPennsylvaniaPuerto RicoRepublic of PalauRhode IslandSouth CarolinaSouth DakotaTennesseeTexasUnited StatesUtahVermontVeterans HealthVirgin IslandsVirginiaWashingtonWest VirginiaWisconsinWyoming,294070895,369610500,186775465,976.9,2664.42,102491174,1701.94,3497.62,7109493,5445477.0,475141,49.239,0,0.0
2021-03-28,AlabamaAlaskaAmerican SamoaArizonaArkansasBureau of PrisonsCaliforniaColoradoConnecticutDelawareDept of DefenseDistrict of ColumbiaFederated States of MicronesiaFloridaGeorgiaGuamHawaiiIdahoIllinoisIndian Health SvcIndianaIowaKansasKentuckyLong Term CareLouisianaMaineMarshall IslandsMarylandMassachusettsMichiganMinnesotaMississippiMissouriMontanaNebraskaNevadaNew HampshireNew JerseyNew MexicoNew York StateNorth CarolinaNorth DakotaNorthern Mariana IslandsOhioOklahomaOregonPennsylvaniaPuerto RicoRepublic of PalauRhode IslandSouth CarolinaSouth DakotaTennesseeTexasUnited StatesUtahVermontVeterans HealthVirgin IslandsVirginiaWashingtonWest VirginiaWisconsinWyoming,300762295,369615180,190674844,1002.04,2718.85,105451667,1733.07,3498.76,6691400,5515014.0,477239,50.233,0,0.0
2021-03-29,AlabamaAlaskaAmerican SamoaArizonaArkansasBureau of PrisonsCaliforniaColoradoConnecticutDelawareDept of DefenseDistrict of ColumbiaFederated States of MicronesiaFloridaGeorgiaGuamHawaiiIdahoIllinoisIndian Health SvcIndianaIowaKansasKentuckyLong Term CareLouisianaMaineMarshall IslandsMarylandMassachusettsMichiganMinnesotaMississippiMissouriMontanaNebraskaNevadaNew HampshireNew JerseyNew MexicoNew York StateNorth CarolinaNorth DakotaNorthern Mariana IslandsOhioOklahomaOregonPennsylvaniaPuerto RicoRepublic of PalauRhode IslandSouth CarolinaSouth DakotaTennesseeTexasUnited StatesUtahVermontVeterans HealthVirgin IslandsVirginiaWashingtonWest VirginiaWisconsinWyoming,305530367,369615380,193471295,1020.85,2760.66,107528783,1756.96,3498.85,4768072,5606012.0,481105,50.986,0,0.0
2021-03-30,AlabamaAlaskaAmerican SamoaArizonaArkansasBureau of PrisonsCaliforniaColoradoConnecticutDelawareDept of DefenseDistrict of ColumbiaFederated States of MicronesiaFloridaGeorgiaGuamHawaiiIdahoIllinoisIndian Health SvcIndianaIowaKansasKentuckyLong Term CareLouisianaMaineMarshall IslandsMarylandMassachusettsMichiganMinnesotaMississippiMissouriMontanaNebraskaNevadaNew HampshireNew JerseyNew MexicoNew York StateNorth CarolinaNorth DakotaNorthern Mariana IslandsOhioOklahomaOregonPennsylvaniaPuerto RicoRepublic of PalauRhode IslandSouth CarolinaSouth DakotaTennesseeTexasUnited StatesUtahVermontVeterans HealthVirgin IslandsVirginiaWashingtonWest VirginiaWisconsinWyoming,309121935,387488770,195531342,1034.19,2790.79,109153459,1774.59,3674.6,3591568,5636726.0,483440,49.158,0,0.0
2021-03-31,AlabamaAlaskaAmerican SamoaArizonaArkansasBureau of PrisonsCaliforniaColoradoConnecticutDelawareDept of DefenseDistrict of ColumbiaFederated States of MicronesiaFloridaGeorgiaGuamHawaiiIdahoIllinoisIndian Health SvcIndianaIowaKansasKentuckyLong Term CareLouisianaMaineMarshall IslandsMarylandMassachusettsMichiganMinnesotaMississippiMissouriMontanaNebraskaNevadaNew HampshireNew JerseyNew MexicoNew York StateNorth CarolinaNorth DakotaNorthern Mariana IslandsOhioOklahomaOregonPennsylvaniaPuerto RicoRepublic of PalauRhode IslandSouth CarolinaSouth DakotaTennesseeTexasUnited StatesUtahVermontVeterans HealthVirgin IslandsVirginiaWashingtonWest VirginiaWisconsinWyoming,314557736,399961570,198664858,1058.16,2840.96,111562791,1801.27,3774.52,5435801,5749074.0,494813,48.726,0,0.0
2021-04-01,AlabamaAlaskaAmerican SamoaArizonaArkansasBureau of PrisonsCaliforniaColoradoConnecticutDelawareDept of DefenseDistrict of ColumbiaFederated States of MicronesiaFloridaGeorgiaGuamHawaiiIdahoIllinoisIndian Health SvcIndianaIowaKansasKentuckyLong Term CareLouisianaMaineMarshall IslandsMarylandMassachusettsMichiganMinnesotaMississippiMissouriMontanaNebraskaNevadaNew HampshireNew JerseyNew MexicoNew York StateNorth CarolinaNorth DakotaNorthern Mariana IslandsOhioOklahomaOregonPennsylvaniaPuerto RicoRepublic of PalauRhode IslandSouth CarolinaSouth DakotaTennesseeTexasUnited StatesUtahVermontVeterans HealthVirgin IslandsVirginiaWashingtonWest VirginiaWisconsinWyoming,321381014,410000370,202646126,1083.26,2901.92,114583082,1838.57,3882.09,6823278,5902511.0,505546,48.396,0,0.0
2021-04-02,AlabamaAlaskaAmerican SamoaArizonaArkansasBureau of PrisonsCaliforniaColoradoConnecticutDelawareDept of DefenseDistrict of ColumbiaFederated States of MicronesiaFloridaGeorgiaGuamHawaiiIdahoIllinoisIndian Health SvcIndianaIowaKansasKentuckyLong Term CareLouisianaMaineMarshall IslandsMarylandMassachusettsMichiganMinnesotaMississippiMissouriMontanaNebraskaNevadaNew HampshireNew JerseyNew MexicoNew York StateNorth CarolinaNorth DakotaNorthern Mariana IslandsOhioOklahomaOregonPennsylvaniaPuerto RicoRepublic of PalauRhode IslandSouth CarolinaSouth DakotaTennesseeTexasUnited StatesUtahVermontVeterans HealthVirgin IslandsVirginiaWashingtonWest VirginiaWisconsinWyoming,329428906,418570120,207162791,1114.81,2967.13,118422715,1875.37,3953.26,8047892,6066785.0,516186,48.603,0,0.0
2021-04-03,AlabamaAlaskaAmerican SamoaArizonaArkansasBureau of PrisonsCaliforniaColoradoConnecticutDelawareDept of DefenseDistrict of ColumbiaFederated States of MicronesiaFloridaGeorgiaGuamHawaiiIdahoIllinoisIndian Health SvcIndianaIowaKansasKentuckyLong Term CareLouisianaMaineMarshall IslandsMarylandMassachusettsMichiganMinnesotaMississippiMissouriMontanaNebraskaNevadaNew HampshireNew JerseyNew MexicoNew York StateNorth CarolinaNorth DakotaNorthern Mariana IslandsOhioOklahomaOregonPennsylvaniaPuerto RicoRepublic of PalauRhode IslandSouth CarolinaSouth DakotaTennesseeTexasUnited StatesUtahVermontVeterans HealthVirgin IslandsVirginiaWashingtonWest VirginiaWisconsinWyoming,337697137,425002040,212025473,1148.22,3038.87,122216549,1917.0,4012.62,8268231,6232323.0,534972,49.034,0,0.0
2021-04-04,AlabamaAlaskaAmerican SamoaArizonaArkansasBureau of PrisonsCaliforniaColoradoConnecticutDelawareDept of DefenseDistrict of ColumbiaFederated States of MicronesiaFloridaGeorgiaGuamHawaiiIdahoIllinoisIndian Health SvcIndianaIowaKansasKentuckyLong Term CareLouisianaMaineMarshall IslandsMarylandMassachusettsMichiganMinnesotaMississippiMissouriMontanaNebraskaNevadaNew HampshireNew JerseyNew MexicoNew York StateNorth CarolinaNorth DakotaNorthern Mariana IslandsOhioOklahomaOregonPennsylvaniaPuerto RicoRepublic of PalauRhode IslandSouth CarolinaSouth DakotaTennesseeTexasUnited StatesUtahVermontVeterans HealthVirgin IslandsVirginiaWashingtonWest VirginiaWisconsinWyoming,344534065,425051340,216078088,1174.44,3091.13,125385077,1946.26,4048.91,6836928,6253110.0,531820,49.6,0,0.0
2021-04-05,AlabamaAlaskaAmerican SamoaArizonaArkansasBureau of PrisonsCaliforniaColoradoConnecticutDelawareDept of DefenseDistrict of ColumbiaFederated States of MicronesiaFloridaGeorgiaGuamHawaiiIdahoIllinoisIndian Health SvcIndianaIowaKansasKentuckyLong Term CareLouisianaMaineMarshall IslandsMarylandMassachusettsMichiganMinnesotaMississippiMissouriMontanaNebraskaNevadaNew HampshireNew JerseyNew MexicoNew York StateNorth CarolinaNorth DakotaNorthern Mariana IslandsOhioOklahomaOregonPennsylvaniaPuerto RicoRepublic of PalauRhode IslandSouth CarolinaSouth DakotaTennesseeTexasUnited StatesUtahVermontVeterans HealthVirgin IslandsVirginiaWashingtonWest VirginiaWisconsinWyoming,346704040,422148150,217398630,1171.62,3078.57,126500483,1938.36,3986.46,4286960,6185625.0,519511,49.398,0,0.0
2021-04-06,AlabamaAlaskaAmerican SamoaArizonaArkansasBureau of PrisonsCaliforniaColoradoConnecticutDelawareDept of DefenseDistrict of ColumbiaFederated States of MicronesiaFloridaGeorgiaGuamHawaiiIdahoIllinoisIndian Health SvcIndianaIowaKansasKentuckyLong Term CareLouisianaMaineMarshall IslandsMarylandMassachusettsMichiganMinnesotaMississippiMissouriMontanaNebraskaNevadaNew HampshireNew JerseyNew MexicoNew York StateNorth CarolinaNorth DakotaNorthern Mariana IslandsOhioOklahomaOregonPennsylvaniaPuerto RicoRepublic of PalauRhode IslandSouth CarolinaSouth DakotaTennesseeTexasUnited StatesUtahVermontVeterans HealthVirgin IslandsVirginiaWashingtonWest VirginiaWisconsinWyoming,351677392,448174170,220254440,1199.98,3147.04,128602626,1977.96,4231.87,2838980,6079351.0,508895,48.072,0,0.0
2021-04-07,AlabamaAlaskaAmerican SamoaArizonaArkansasBureau of PrisonsCaliforniaColoradoConnecticutDelawareDept of DefenseDistrict of ColumbiaFederated States of MicronesiaFloridaGeorgiaGuamHawaiiIdahoIllinoisIndian Health SvcIndianaIowaKansasKentuckyLong Term CareLouisianaMaineMarshall IslandsMarylandMassachusettsMichiganMinnesotaMississippiMissouriMontanaNebraskaNevadaNew HampshireNew JerseyNew MexicoNew York StateNorth CarolinaNorth DakotaNorthern Mariana IslandsOhioOklahomaOregonPennsylvaniaPuerto RicoRepublic of PalauRhode IslandSouth CarolinaSouth DakotaTennesseeTexasUnited StatesUtahVermontVeterans HealthVirgin IslandsVirginiaWashingtonWest VirginiaWisconsinWyoming,357522867,460615320,223670921,1224.56,3197.15,131454029,2006.98,4350.27,5845475,6137879.0,508861,47.57,0,0.0
2021-04-08,AlabamaAlaskaAmerican SamoaArizonaArkansasBureau of PrisonsCaliforniaColoradoConnecticutDelawareDept of DefenseDistrict of ColumbiaFederated States of MicronesiaFloridaGeorgiaGuamHawaiiIdahoIllinoisIndian Health SvcIndianaIowaKansasKentuckyLong Term CareLouisianaMaineMarshall IslandsMarylandMassachusettsMichiganMinnesotaMississippiMissouriMontanaNebraskaNevadaNew HampshireNew JerseyNew MexicoNew York StateNorth CarolinaNorth DakotaNorthern Mariana IslandsOhioOklahomaOregonPennsylvaniaPuerto RicoRepublic of PalauRhode IslandSouth CarolinaSouth DakotaTennesseeTexasUnited StatesUtahVermontVeterans HealthVirgin IslandsVirginiaWashingtonWest VirginiaWisconsinWyoming,364404792,468956390,227811528,1258.15,3259.13,135064895,2042.24,4422.47,6881925,6146254.0,510178,47.713,0,0.0
2021-04-09,AlabamaAlaskaAmerican SamoaArizonaArkansasBureau of PrisonsCaliforniaColoradoConnecticutDelawareDept of DefenseDistrict of ColumbiaFederated States of MicronesiaFloridaGeorgiaGuamHawaiiIdahoIllinoisIndian Health SvcIndianaIowaKansasKentuckyLong Term CareLouisianaMaineMarshall IslandsMarylandMassachusettsMichiganMinnesotaMississippiMissouriMontanaNebraskaNevadaNew HampshireNew JerseyNew MexicoNew York StateNorth CarolinaNorth DakotaNorthern Mariana IslandsOhioOklahomaOregonPennsylvaniaPuerto RicoRepublic of PalauRhode IslandSouth CarolinaSouth DakotaTennesseeTexasUnited StatesUtahVermontVeterans HealthVirgin IslandsVirginiaWashingtonWest VirginiaWisconsinWyoming,372404496,477450930,232622682,1294.71,3328.02,139105415,2081.18,4492.11,7999704,6139368.0,515520,47.958,0,0.0
2021-04-10,AlabamaAlaskaAmerican SamoaArizonaArkansasBureau of PrisonsCaliforniaColoradoConnecticutDelawareDept of DefenseDistrict of ColumbiaFederated States of MicronesiaFloridaGeorgiaGuamHawaiiIdahoIllinoisIndian Health SvcIndianaIowaKansasKentuckyLong Term CareLouisianaMaineMarshall IslandsMarylandMassachusettsMichiganMinnesotaMississippiMissouriMontanaNebraskaNevadaNew HampshireNew JerseyNew MexicoNew York StateNorth CarolinaNorth DakotaNorthern Mariana IslandsOhioOklahomaOregonPennsylvaniaPuerto RicoRepublic of PalauRhode IslandSouth CarolinaSouth DakotaTennesseeTexasUnited StatesUtahVermontVeterans HealthVirgin IslandsVirginiaWashingtonWest VirginiaWisconsinWyoming,381780588,485851890,238083472,1334.82,3399.77,144145651,2121.64,4555.61,9376092,6297636.0,515616,48.319,0,0.0
2021-04-11,AlabamaAlaskaAmerican SamoaArizonaArkansasBureau of PrisonsCaliforniaColoradoConnecticutDelawareDept of DefenseDistrict of ColumbiaFederated States of MicronesiaFloridaGeorgiaGuamHawaiiIdahoIllinoisIndian Health SvcIndianaIowaKansasKentuckyLong Term CareLouisianaMaineMarshall IslandsMarylandMassachusettsMichiganMinnesotaMississippiMissouriMontanaNebraskaNevadaNew HampshireNew JerseyNew MexicoNew York StateNorth CarolinaNorth DakotaNorthern Mariana IslandsOhioOklahomaOregonPennsylvaniaPuerto RicoRepublic of PalauRhode IslandSouth CarolinaSouth DakotaTennesseeTexasUnited StatesUtahVermontVeterans HealthVirgin IslandsVirginiaWashingtonWest VirginiaWisconsinWyoming,389035360,485860630,242322426,1373.28,3467.03,148071014,2157.66,4573.5,7254772,6357325.0,537021,49.162,0,0.0
2021-04-12,AlabamaAlaskaAmerican SamoaArizonaArkansasBureau of PrisonsCaliforniaColoradoConnecticutDelawareDept of DefenseDistrict of ColumbiaFederated States of MicronesiaFloridaGeorgiaGuamHawaiiIdahoIllinoisIndian Health SvcIndianaIowaKansasKentuckyLong Term CareLouisianaMaineMarshall IslandsMarylandMassachusettsMichiganMinnesotaMississippiMissouriMontanaNebraskaNevadaNew HampshireNew JerseyNew MexicoNew York StateNorth CarolinaNorth DakotaNorthern Mariana IslandsOhioOklahomaOregonPennsylvaniaPuerto RicoRepublic of PalauRhode IslandSouth CarolinaSouth DakotaTennesseeTexasUnited StatesUtahVermontVeterans HealthVirgin IslandsVirginiaWashingtonWest VirginiaWisconsinWyoming,393462784,484695235,245004389,1374.57,3458.49,150599471,2153.53,4508.26,5337405,6506493.0,550347,48.963,0,0.0
2021-04-13,AlabamaAlaskaAmerican SamoaArizonaArkansasBureau of PrisonsCaliforniaColoradoConnecticutDelawareDept of DefenseDistrict of ColumbiaFederated States of MicronesiaFloridaGeorgiaGuamHawaiiIdahoIllinoisIndian Health SvcIndianaIowaKansasKentuckyLong Term CareLouisianaMaineMarshall IslandsMarylandMassachusettsMichiganMinnesotaMississippiMissouriMontanaNebraskaNevadaNew HampshireNew JerseyNew MexicoNew York StateNorth CarolinaNorth DakotaNorthern Mariana IslandsOhioOklahomaOregonPennsylvaniaPuerto RicoRepublic of PalauRhode IslandSouth CarolinaSouth DakotaTennesseeTexasUnited StatesUtahVermontVeterans HealthVirgin IslandsVirginiaWashingtonWest VirginiaWisconsinWyoming,384523154,481391875,238823456,1306.68,3262.26,147950675,2022.88,4315.44,4538889,6787975.0,585109,45.048,0,0.0
2021-04-14,AlabamaAlaskaAmerican SamoaArizonaArkansasBureau of PrisonsCaliforniaColoradoConnecticutDelawareDept of DefenseDistrict of ColumbiaFederated States of MicronesiaFloridaGeorgiaGuamHawaiiIdahoIllinoisIndian Health SvcIndianaIowaKansasKentuckyLong Term CareLouisianaMaineMarshall IslandsMarylandMassachusettsMichiganMinnesotaMississippiMissouriMontanaNebraskaNevadaNew HampshireNew JerseyNew MexicoNew York StateNorth CarolinaNorth DakotaNorthern Mariana IslandsOhioOklahomaOregonPennsylvaniaPuerto RicoRepublic of PalauRhode IslandSouth CarolinaSouth DakotaTennesseeTexasUnited StatesUtahVermontVeterans HealthVirgin IslandsVirginiaWashingtonWest VirginiaWisconsinWyoming,404680983,512654190,251729274,1451.64,3607.0,156266663,2236.78,4774.9,5208656,6736869.0,585469,48.742,0,0.0
2021-04-15,AlabamaAlaskaAmerican SamoaArizonaArkansasBureau of PrisonsCaliforniaColoradoConnecticutDelawareDept of DefenseDistrict of ColumbiaFederated States of MicronesiaFloridaGeorgiaGuamHawaiiIdahoIllinoisIndian Health SvcIndianaIowaKansasKentuckyLong Term CareLouisianaMaineMarshall IslandsMarylandMassachusettsMichiganMinnesotaMississippiMissouriMontanaNebraskaNevadaNew HampshireNew JerseyNew MexicoNew York StateNorth CarolinaNorth DakotaNorthern Mariana IslandsOhioOklahomaOregonPennsylvaniaPuerto RicoRepublic of PalauRhode IslandSouth CarolinaSouth DakotaTennesseeTexasUnited StatesUtahVermontVeterans HealthVirgin IslandsVirginiaWashingtonWest VirginiaWisconsinWyoming,411808985,521734910,255566447,1482.03,3665.36,159943303,2267.85,4850.61,7128002,6772031.0,580373,48.705,0,0.0
2021-04-16,AlabamaAlaskaAmerican SamoaArizonaArkansasBureau of PrisonsCaliforniaColoradoConnecticutDelawareDept of DefenseDistrict of ColumbiaFederated States of MicronesiaFloridaGeorgiaGuamHawaiiIdahoIllinoisIndian Health SvcIndianaIowaKansasKentuckyLong Term CareLouisianaMaineMarshall IslandsMarylandMassachusettsMichiganMinnesotaMississippiMissouriMontanaNebraskaNevadaNew HampshireNew JerseyNew MexicoNew York StateNorth CarolinaNorth DakotaNorthern Mariana IslandsOhioOklahomaOregonPennsylvaniaPuerto RicoRepublic of PalauRhode IslandSouth CarolinaSouth DakotaTennesseeTexasUnited StatesUtahVermontVeterans HealthVirgin IslandsVirginiaWashingtonWest VirginiaWisconsinWyoming,418743896,526922485,258650605,1491.84,3655.01,163835526,2242.71,4819.28,7985055,6770531.0,577841,48.125,0,0.0
2021-04-17,AlabamaAlaskaAmerican SamoaArizonaArkansasBureau of PrisonsCaliforniaColoradoConnecticutDelawareDept of DefenseDistrict of ColumbiaFederated States of MicronesiaFloridaGeorgiaGuamHawaiiIdahoIllinoisIndian Health SvcIndianaIowaKansasKentuckyLong Term CareLouisianaMaineMarshall IslandsMarylandMassachusettsMichiganMinnesotaMississippiMissouriMontanaNebraskaNevadaNew HampshireNew JerseyNew MexicoNew York StateNorth CarolinaNorth DakotaNorthern Mariana IslandsOhioOklahomaOregonPennsylvaniaPuerto RicoRepublic of PalauRhode IslandSouth CarolinaSouth DakotaTennesseeTexasUnited StatesUtahVermontVeterans HealthVirgin IslandsVirginiaWashingtonWest VirginiaWisconsinWyoming,425993629,538914015,262177238,1522.0,3711.0,167594819,2268.82,4910.57,7249733,6467360.0,555819,47.975,0,0.0
2021-04-18,AlabamaAlaskaAmerican SamoaArizonaArkansasBureau of PrisonsCaliforniaColoradoConnecticutDelawareDept of DefenseDistrict of ColumbiaFederated States of MicronesiaFloridaGeorgiaGuamHawaiiIdahoIllinoisIndian Health SvcIndianaIowaKansasKentuckyLong Term CareLouisianaMaineMarshall IslandsMarylandMassachusettsMichiganMinnesotaMississippiMissouriMontanaNebraskaNevadaNew HampshireNew JerseyNew MexicoNew York StateNorth CarolinaNorth DakotaNorthern Mariana IslandsOhioOklahomaOregonPennsylvaniaPuerto RicoRepublic of PalauRhode IslandSouth CarolinaSouth DakotaTennesseeTexasUnited StatesUtahVermontVeterans HealthVirgin IslandsVirginiaWashingtonWest VirginiaWisconsinWyoming,433139047,538926035,265711995,1550.44,3764.28,171216187,2293.91,4910.66,7145418,6452332.0,536184,48.648,0,0.0
2021-04-19,AlabamaAlaskaAmerican SamoaArizonaArkansasBureau of PrisonsCaliforniaColoradoConnecticutDelawareDept of DefenseDistrict of ColumbiaFederated States of MicronesiaFloridaGeorgiaGuamHawaiiIdahoIllinoisIndian Health SvcIndianaIowaKansasKentuckyLong Term CareLouisianaMaineMarshall IslandsMarylandMassachusettsMichiganMinnesotaMississippiMissouriMontanaNebraskaNevadaNew HampshireNew JerseyNew MexicoNew York StateNorth CarolinaNorth DakotaNorthern Mariana IslandsOhioOklahomaOregonPennsylvaniaPuerto RicoRepublic of PalauRhode IslandSouth CarolinaSouth DakotaTennesseeTexasUnited StatesUtahVermontVeterans HealthVirgin IslandsVirginiaWashingtonWest VirginiaWisconsinWyoming,437531805,538926035,267873526,1569.4299,3801.07,173441561,2311.67,4910.66,4392758,6317630.0,528586,49.118,0,0.0
2021-04-20,AlabamaAlaskaAmerican SamoaArizonaArkansasBureau of PrisonsCaliforniaColoradoConnecticutDelawareDept of DefenseDistrict of ColumbiaFederated States of MicronesiaFloridaGeorgiaGuamHawaiiIdahoIllinoisIndian Health SvcIndianaIowaKansasKentuckyLong Term CareLouisianaMaineMarshall IslandsMarylandMassachusettsMichiganMinnesotaMississippiMissouriMontanaNebraskaNevadaNew HampshireNew JerseyNew MexicoNew York StateNorth CarolinaNorth DakotaNorthern Mariana IslandsOhioOklahomaOregonPennsylvaniaPuerto RicoRepublic of PalauRhode IslandSouth CarolinaSouth DakotaTennesseeTexasUnited StatesUtahVermontVeterans HealthVirgin IslandsVirginiaWashingtonWest VirginiaWisconsinWyoming,441147346,554074935,269763583,1586.09,3837.9,175160764,2331.71,5026.4,3615541,6146443.0,514339,48.352,0,0.0
2021-04-21,AlabamaAlaskaAmerican SamoaArizonaArkansasBureau of PrisonsCaliforniaColoradoConnecticutDelawareDept of DefenseDistrict of ColumbiaFederated States of MicronesiaFloridaGeorgiaGuamHawaiiIdahoIllinoisIndian Health SvcIndianaIowaKansasKentuckyLong Term CareLouisianaMaineMarshall IslandsMarylandMassachusettsMichiganMinnesotaMississippiMissouriMontanaNebraskaNevadaNew HampshireNew JerseyNew MexicoNew York StateNorth CarolinaNorth DakotaNorthern Mariana IslandsOhioOklahomaOregonPennsylvaniaPuerto RicoRepublic of PalauRhode IslandSouth CarolinaSouth DakotaTennesseeTexasUnited StatesUtahVermontVeterans HealthVirgin IslandsVirginiaWashingtonWest VirginiaWisconsinWyoming,446329812,566102815,272137660,1608.22,3880.55,177928510,2352.38,5105.57,5182466,6103425.0,503790,48.074,0,0.0
2021-04-22,AlabamaAlaskaAmerican SamoaArizonaArkansasBureau of PrisonsCaliforniaColoradoConnecticutDelawareDept of DefenseDistrict of ColumbiaFederated States of MicronesiaFloridaGeorgiaGuamHawaiiIdahoIllinoisIndian Health SvcIndianaIowaKansasKentuckyLong Term CareLouisianaMaineMarshall IslandsMarylandMassachusettsMichiganMinnesotaMississippiMissouriMontanaNebraskaNevadaNew HampshireNew JerseyNew MexicoNew York StateNorth CarolinaNorth DakotaNorthern Mariana IslandsOhioOklahomaOregonPennsylvaniaPuerto RicoRepublic of PalauRhode IslandSouth CarolinaSouth DakotaTennesseeTexasUnited StatesUtahVermontVeterans HealthVirgin IslandsVirginiaWashingtonWest VirginiaWisconsinWyoming,452385670,574688085,274847593,1636.09,3931.88,181269395,2376.03,5174.94,6055858,5950851.0,494084,48.052,0,0.0
2021-04-23,AlabamaAlaskaAmerican SamoaArizonaArkansasBureau of PrisonsCaliforniaColoradoConnecticutDelawareDept of DefenseDistrict of ColumbiaFederated States of MicronesiaFloridaGeorgiaGuamHawaiiIdahoIllinoisIndian Health SvcIndianaIowaKansasKentuckyLong Term CareLouisianaMaineMarshall IslandsMarylandMassachusettsMichiganMinnesotaMississippiMissouriMontanaNebraskaNevadaNew HampshireNew JerseyNew MexicoNew York StateNorth CarolinaNorth DakotaNorthern Mariana IslandsOhioOklahomaOregonPennsylvaniaPuerto RicoRepublic of PalauRhode IslandSouth CarolinaSouth DakotaTennesseeTexasUnited StatesUtahVermontVeterans HealthVirgin IslandsVirginiaWashingtonWest VirginiaWisconsinWyoming,459197867,582567395,277753638,1669.35,3991.92,185165634,2402.93,5241.79,6812197,5783306.0,484394,48.168,0,0.0
2021-04-24,AlabamaAlaskaAmerican SamoaArizonaArkansasBureau of PrisonsCaliforniaColoradoConnecticutDelawareDept of DefenseDistrict of ColumbiaFederated States of MicronesiaFloridaGeorgiaGuamHawaiiIdahoIllinoisIndian Health SvcIndianaIowaKansasKentuckyLong Term CareLouisianaMaineMarshall IslandsMarylandMassachusettsMichiganMinnesotaMississippiMissouriMontanaNebraskaNevadaNew HampshireNew JerseyNew MexicoNew York StateNorth CarolinaNorth DakotaNorthern Mariana IslandsOhioOklahomaOregonPennsylvaniaPuerto RicoRepublic of PalauRhode IslandSouth CarolinaSouth DakotaTennesseeTexasUnited StatesUtahVermontVeterans HealthVirgin IslandsVirginiaWashingtonWest VirginiaWisconsinWyoming,465904692,591718695,280591334,1698.63,4045.15,189010420,2426.9,5307.92,6706825,5705742.0,480381,48.205,0,0.0
2021-04-25,AlabamaAlaskaAmerican SamoaArizonaArkansasBureau of PrisonsCaliforniaColoradoConnecticutDelawareDept of DefenseDistrict of ColumbiaFederated States of MicronesiaFloridaGeorgiaGuamHawaiiIdahoIllinoisIndian Health SvcIndianaIowaKansasKentuckyLong Term CareLouisianaMaineMarshall IslandsMarylandMassachusettsMichiganMinnesotaMississippiMissouriMontanaNebraskaNevadaNew HampshireNew JerseyNew MexicoNew York StateNorth CarolinaNorth DakotaNorthern Mariana IslandsOhioOklahomaOregonPennsylvaniaPuerto RicoRepublic of PalauRhode IslandSouth CarolinaSouth DakotaTennesseeTexasUnited StatesUtahVermontVeterans HealthVirgin IslandsVirginiaWashingtonWest VirginiaWisconsinWyoming,472016007,591731395,283277123,1725.08,4096.34,192437648,2451.79,5307.95,6111315,5558011.0,477462,48.78,0,0.0
2021-04-26,AlabamaAlaskaAmerican SamoaArizonaArkansasBureau of PrisonsCaliforniaColoradoConnecticutDelawareDept of DefenseDistrict of ColumbiaFederated States of MicronesiaFloridaGeorgiaGuamHawaiiIdahoIllinoisIndian Health SvcIndianaIowaKansasKentuckyLong Term CareLouisianaMaineMarshall IslandsMarylandMassachusettsMichiganMinnesotaMississippiMissouriMontanaNebraskaNevadaNew HampshireNew JerseyNew MexicoNew York StateNorth CarolinaNorth DakotaNorthern Mariana IslandsOhioOklahomaOregonPennsylvaniaPuerto RicoRepublic of PalauRhode IslandSouth CarolinaSouth DakotaTennesseeTexasUnited StatesUtahVermontVeterans HealthVirgin IslandsVirginiaWashingtonWest VirginiaWisconsinWyoming,476247975,591731395,285262547,1743.8,4130.72,194680242,2467.34,5307.95,4231968,5535039.0,473929,49.174,0,0.0
2021-04-27,AlabamaAlaskaAmerican SamoaArizonaArkansasBureau of PrisonsCaliforniaColoradoConnecticutDelawareDept of DefenseDistrict of ColumbiaFederated States of MicronesiaFloridaGeorgiaGuamHawaiiIdahoIllinoisIndian Health SvcIndianaIowaKansasKentuckyLong Term CareLouisianaMaineMarshall IslandsMarylandMassachusettsMichiganMinnesotaMississippiMissouriMontanaNebraskaNevadaNew HampshireNew JerseyNew MexicoNew York StateNorth CarolinaNorth DakotaNorthern Mariana IslandsOhioOklahomaOregonPennsylvaniaPuerto RicoRepublic of PalauRhode IslandSouth CarolinaSouth DakotaTennesseeTexasUnited StatesUtahVermontVeterans HealthVirgin IslandsVirginiaWashingtonWest VirginiaWisconsinWyoming,479529137,605453655,286825958,1759.15,4159.61,196400934,2480.85,5401.39,3281162,5487271.0,462675,48.596,0,0.0
2021-04-28,AlabamaAlaskaAmerican SamoaArizonaArkansasBureau of PrisonsCaliforniaColoradoConnecticutDelawareDept of DefenseDistrict of ColumbiaFederated States of MicronesiaFloridaGeorgiaGuamHawaiiIdahoIllinoisIndian Health SvcIndianaIowaKansasKentuckyLong Term CareLouisianaMaineMarshall IslandsMarylandMassachusettsMichiganMinnesotaMississippiMissouriMontanaNebraskaNevadaNew HampshireNew JerseyNew MexicoNew York StateNorth CarolinaNorth DakotaNorthern Mariana IslandsOhioOklahomaOregonPennsylvaniaPuerto RicoRepublic of PalauRhode IslandSouth CarolinaSouth DakotaTennesseeTexasUnited StatesUtahVermontVeterans HealthVirgin IslandsVirginiaWashingtonWest VirginiaWisconsinWyoming,484040883,614208225,288719673,1782.63,4198.21,199024087,2498.0,5460.74,4511746,5391456.0,456882,48.502,0,0.0
2021-04-29,AlabamaAlaskaAmerican SamoaArizonaArkansasBureau of PrisonsCaliforniaColoradoConnecticutDelawareDept of DefenseDistrict of ColumbiaFederated States of MicronesiaFloridaGeorgiaGuamHawaiiIdahoIllinoisIndian Health SvcIndianaIowaKansasKentuckyLong Term CareLouisianaMaineMarshall IslandsMarylandMassachusettsMichiganMinnesotaMississippiMissouriMontanaNebraskaNevadaNew HampshireNew JerseyNew MexicoNew York StateNorth CarolinaNorth DakotaNorthern Mariana IslandsOhioOklahomaOregonPennsylvaniaPuerto RicoRepublic of PalauRhode IslandSouth CarolinaSouth DakotaTennesseeTexasUnited StatesUtahVermontVeterans HealthVirgin IslandsVirginiaWashingtonWest VirginiaWisconsinWyoming,489537756,621443125,290933446,1812.65,4247.05,202309919,2518.29,5528.2197,5496873,5311601.0,453389,48.507,0,0.0
2021-04-30,AlabamaAlaskaAmerican SamoaArizonaArkansasBureau of PrisonsCaliforniaColoradoConnecticutDelawareDept of DefenseDistrict of ColumbiaFederated States of MicronesiaFloridaGeorgiaGuamHawaiiIdahoIllinoisIndian Health SvcIndianaIowaKansasKentuckyLong Term CareLouisianaMaineMarshall IslandsMarylandMassachusettsMichiganMinnesotaMississippiMissouriMontanaNebraskaNevadaNew HampshireNew JerseyNew MexicoNew York StateNorth CarolinaNorth DakotaNorthern Mariana IslandsOhioOklahomaOregonPennsylvaniaPuerto RicoRepublic of PalauRhode IslandSouth CarolinaSouth DakotaTennesseeTexasUnited StatesUtahVermontVeterans HealthVirgin IslandsVirginiaWashingtonWest VirginiaWisconsinWyoming,495184849,628105915,293147381,1842.25,4293.91,205815651,2536.97,5575.64,5647093,5145156.0,434391,48.643,0,0.0
2021-05-01,AlabamaAlaskaAmerican SamoaArizonaArkansasBureau of PrisonsCaliforniaColoradoConnecticutDelawareDept of DefenseDistrict of ColumbiaFederated States of MicronesiaFloridaGeorgiaGuamHawaiiIdahoIllinoisIndian Health SvcIndianaIowaKansasKentuckyLong Term CareLouisianaMaineMarshall IslandsMarylandMassachusettsMichiganMinnesotaMississippiMissouriMontanaNebraskaNevadaNew HampshireNew JerseyNew MexicoNew York StateNorth CarolinaNorth DakotaNorthern Mariana IslandsOhioOklahomaOregonPennsylvaniaPuerto RicoRepublic of PalauRhode IslandSouth CarolinaSouth DakotaTennesseeTexasUnited StatesUtahVermontVeterans HealthVirgin IslandsVirginiaWashingtonWest VirginiaWisconsinWyoming,501832496,635547925,295843884,1872.47,4343.18,209872328,2557.05,5626.13,6647647,5136705.0,428864,48.764,0,0.0
2021-05-02,AlabamaAlaskaAmerican SamoaArizonaArkansasBureau of PrisonsCaliforniaColoradoConnecticutDelawareDept of DefenseDistrict of ColumbiaFederated States of MicronesiaFloridaGeorgiaGuamHawaiiIdahoIllinoisIndian Health SvcIndianaIowaKansasKentuckyLong Term CareLouisianaMaineMarshall IslandsMarylandMassachusettsMichiganMinnesotaMississippiMissouriMontanaNebraskaNevadaNew HampshireNew JerseyNew MexicoNew York StateNorth CarolinaNorth DakotaNorthern Mariana IslandsOhioOklahomaOregonPennsylvaniaPuerto RicoRepublic of PalauRhode IslandSouth CarolinaSouth DakotaTennesseeTexasUnited StatesUtahVermontVeterans HealthVirgin IslandsVirginiaWashingtonWest VirginiaWisconsinWyoming,506139818,635550665,297472381,1895.07,4378.89,212608177,2570.53,5626.18,4307322,4878993.0,406742,49.157,0,0.0
2021-05-03,AlabamaAlaskaAmerican SamoaArizonaArkansasBureau of PrisonsCaliforniaColoradoConnecticutDelawareDept of DefenseDistrict of ColumbiaFederated States of MicronesiaFloridaGeorgiaGuamHawaiiIdahoIllinoisIndian Health SvcIndianaIowaKansasKentuckyLong Term CareLouisianaMaineMarshall IslandsMarylandMassachusettsMichiganMinnesotaMississippiMissouriMontanaNebraskaNevadaNew HampshireNew JerseyNew MexicoNew York StateNorth CarolinaNorth DakotaNorthern Mariana IslandsOhioOklahomaOregonPennsylvaniaPuerto RicoRepublic of PalauRhode IslandSouth CarolinaSouth DakotaTennesseeTexasUnited StatesUtahVermontVeterans HealthVirgin IslandsVirginiaWashingtonWest VirginiaWisconsinWyoming,508546833,635550665,298420240,1906.84,4397.95,214124630,2578.18,5626.18,2407015,4618286.0,384855,49.37,0,0.0
2021-05-04,AlabamaAlaskaAmerican SamoaArizonaArkansasBureau of PrisonsCaliforniaColoradoConnecticutDelawareDept of DefenseDistrict of ColumbiaFederated States of MicronesiaFloridaGeorgiaGuamHawaiiIdahoIllinoisIndian Health SvcIndianaIowaKansasKentuckyLong Term CareLouisianaMaineMarshall IslandsMarylandMassachusettsMichiganMinnesotaMississippiMissouriMontanaNebraskaNevadaNew HampshireNew JerseyNew MexicoNew York StateNorth CarolinaNorth DakotaNorthern Mariana IslandsOhioOklahomaOregonPennsylvaniaPuerto RicoRepublic of PalauRhode IslandSouth CarolinaSouth DakotaTennesseeTexasUnited StatesUtahVermontVeterans HealthVirgin IslandsVirginiaWashingtonWest VirginiaWisconsinWyoming,510500341,647453075,299158773,1899.05,4371.41,215404018,2560.88,5634.63,1980580,4432493.0,371921,48.245,0,0.0
2021-05-05,AlabamaAlaskaAmerican SamoaArizonaArkansasBureau of PrisonsCaliforniaColoradoConnecticutDelawareDept of DefenseDistrict of ColumbiaFederated States of MicronesiaFloridaGeorgiaGuamHawaiiIdahoIllinoisIndian Health SvcIndianaIowaKansasKentuckyLong Term CareLouisianaMaineMarshall IslandsMarylandMassachusettsMichiganMinnesotaMississippiMissouriMontanaNebraskaNevadaNew HampshireNew JerseyNew MexicoNew York StateNorth CarolinaNorth DakotaNorthern Mariana IslandsOhioOklahomaOregonPennsylvaniaPuerto RicoRepublic of PalauRhode IslandSouth CarolinaSouth DakotaTennesseeTexasUnited StatesUtahVermontVeterans HealthVirgin IslandsVirginiaWashingtonWest VirginiaWisconsinWyoming,514130745,653634715,300502763,1916.64,4398.55,217781673,2571.67,5693.42,3630404,4306591.0,355567,48.048,0,0.0
2021-05-06,AlabamaAlaskaAmerican SamoaArizonaArkansasBureau of PrisonsCaliforniaColoradoConnecticutDelawareDept of DefenseDistrict of ColumbiaFederated States of MicronesiaFloridaGeorgiaGuamHawaiiIdahoIllinoisIndian Health SvcIndianaIowaKansasKentuckyLong Term CareLouisianaMaineMarshall IslandsMarylandMassachusettsMichiganMinnesotaMississippiMissouriMontanaNebraskaNevadaNew HampshireNew JerseyNew MexicoNew York StateNorth CarolinaNorth DakotaNorthern Mariana IslandsOhioOklahomaOregonPennsylvaniaPuerto RicoRepublic of PalauRhode IslandSouth CarolinaSouth DakotaTennesseeTexasUnited StatesUtahVermontVeterans HealthVirgin IslandsVirginiaWashingtonWest VirginiaWisconsinWyoming,519019031,659885395,302325530,1961.54,4481.15,220992252,2610.29,5834.16,4861132,4215776.0,337457,48.55,0,0.0
2021-05-07,AlabamaAlaskaAmerican SamoaArizonaArkansasBureau of PrisonsCaliforniaColoradoConnecticutDelawareDept of DefenseDistrict of ColumbiaFederated States of MicronesiaFloridaGeorgiaGuamHawaiiIdahoIllinoisIndian Health SvcIndianaIowaKansasKentuckyLong Term CareLouisianaMaineMarshall IslandsMarylandMassachusettsMichiganMinnesotaMississippiMissouriMontanaNebraskaNevadaNew HampshireNew JerseyNew MexicoNew York StateNorth CarolinaNorth DakotaNorthern Mariana IslandsOhioOklahomaOregonPennsylvaniaPuerto RicoRepublic of PalauRhode IslandSouth CarolinaSouth DakotaTennesseeTexasUnited StatesUtahVermontVeterans HealthVirgin IslandsVirginiaWashingtonWest VirginiaWisconsinWyoming,525833299,666318450,305082351,2028.43,4618.13,225311936,2688.23,5970.7,5672550,4219407.0,346351,49.654,0,0.0
2021-05-08,AlabamaAlaskaAmerican SamoaArizonaArkansasBureau of PrisonsCaliforniaColoradoConnecticutDelawareDept of DefenseDistrict of ColumbiaFederated States of MicronesiaFloridaGeorgiaGuamHawaiiIdahoIllinoisIndian Health SvcIndianaIowaKansasKentuckyLong Term CareLouisianaMaineMarshall IslandsMarylandMassachusettsMichiganMinnesotaMississippiMissouriMontanaNebraskaNevadaNew HampshireNew JerseyNew MexicoNew York StateNorth CarolinaNorth DakotaNorthern Mariana IslandsOhioOklahomaOregonPennsylvaniaPuerto RicoRepublic of PalauRhode IslandSouth CarolinaSouth DakotaTennesseeTexasUnited StatesUtahVermontVeterans HealthVirgin IslandsVirginiaWashingtonWest VirginiaWisconsinWyoming,529097768,669639455,305787019,2015.82,4570.39,227976420,2651.93,5915.76,5159237,4006227.0,336328,48.843,0,0.0
2021-05-09,AlabamaAlaskaAmerican SamoaArizonaArkansasBureau of PrisonsCaliforniaColoradoConnecticutDelawareDept of DefenseDistrict of ColumbiaFederated States of MicronesiaFloridaGeorgiaGuamHawaiiIdahoIllinoisIndian Health SvcIndianaIowaKansasKentuckyLong Term CareLouisianaMaineMarshall IslandsMarylandMassachusettsMichiganMinnesotaMississippiMissouriMontanaNebraskaNevadaNew HampshireNew JerseyNew MexicoNew York StateNorth CarolinaNorth DakotaNorthern Mariana IslandsOhioOklahomaOregonPennsylvaniaPuerto RicoRepublic of PalauRhode IslandSouth CarolinaSouth DakotaTennesseeTexasUnited StatesUtahVermontVeterans HealthVirgin IslandsVirginiaWashingtonWest VirginiaWisconsinWyoming,533872269,669646995,307398120,2038.8,4605.91,231259644,2665.14,5918.29,4774501,4072417.0,335637,49.189,0,0.0
2021-05-10,AlabamaAlaskaAmerican SamoaArizonaArkansasBureau of PrisonsCaliforniaColoradoConnecticutDelawareDept of DefenseDistrict of ColumbiaFederated States of MicronesiaFloridaGeorgiaGuamHawaiiIdahoIllinoisIndian Health SvcIndianaIowaKansasKentuckyLong Term CareLouisianaMaineMarshall IslandsMarylandMassachusettsMichiganMinnesotaMississippiMissouriMontanaNebraskaNevadaNew HampshireNew JerseyNew MexicoNew York StateNorth CarolinaNorth DakotaNorthern Mariana IslandsOhioOklahomaOregonPennsylvaniaPuerto RicoRepublic of PalauRhode IslandSouth CarolinaSouth DakotaTennesseeTexasUnited StatesUtahVermontVeterans HealthVirgin IslandsVirginiaWashingtonWest VirginiaWisconsinWyoming,537635295,669646995,308799600,2056.07,4632.07,233804484,2675.47,5918.29,3763026,4265574.0,345430,49.458,0,0.0
2021-05-11,AlabamaAlaskaAmerican SamoaArizonaArkansasBureau of PrisonsCaliforniaColoradoConnecticutDelawareDept of DefenseDistrict of ColumbiaFederated States of MicronesiaFloridaGeorgiaGuamHawaiiIdahoIllinoisIndian Health SvcIndianaIowaKansasKentuckyLong Term CareLouisianaMaineMarshall IslandsMarylandMassachusettsMichiganMinnesotaMississippiMissouriMontanaNebraskaNevadaNew HampshireNew JerseyNew MexicoNew York StateNorth CarolinaNorth DakotaNorthern Mariana IslandsOhioOklahomaOregonPennsylvaniaPuerto RicoRepublic of PalauRhode IslandSouth CarolinaSouth DakotaTennesseeTexasUnited StatesUtahVermontVeterans HealthVirgin IslandsVirginiaWashingtonWest VirginiaWisconsinWyoming,540708143,678158325,310057520,2074.62,4659.45,235897746,2686.36,5979.94,3072848,4421059.0,355745,49.21,0,0.0
2021-05-12,AlabamaAlaskaAmerican SamoaArizonaArkansasBureau of PrisonsCaliforniaColoradoConnecticutDelawareDept of DefenseDistrict of ColumbiaFederated States of MicronesiaFloridaGeorgiaGuamHawaiiIdahoIllinoisIndian Health SvcIndianaIowaKansasKentuckyLong Term CareLouisianaMaineMarshall IslandsMarylandMassachusettsMichiganMinnesotaMississippiMissouriMontanaNebraskaNevadaNew HampshireNew JerseyNew MexicoNew York StateNorth CarolinaNorth DakotaNorthern Mariana IslandsOhioOklahomaOregonPennsylvaniaPuerto RicoRepublic of PalauRhode IslandSouth CarolinaSouth DakotaTennesseeTexasUnited StatesUtahVermontVeterans HealthVirgin IslandsVirginiaWashingtonWest VirginiaWisconsinWyoming,543828379,684202995,311138055,2090.79,4683.35,238053909,2695.01,6038.96,3120236,4347619.0,350635,48.981,0,0.0
2021-05-13,AlabamaAlaskaAmerican SamoaArizonaArkansasBureau of PrisonsCaliforniaColoradoConnecticutDelawareDept of DefenseDistrict of ColumbiaFederated States of MicronesiaFloridaGeorgiaGuamHawaiiIdahoIllinoisIndian Health SvcIndianaIowaKansasKentuckyLong Term CareLouisianaMaineMarshall IslandsMarylandMassachusettsMichiganMinnesotaMississippiMissouriMontanaNebraskaNevadaNew HampshireNew JerseyNew MexicoNew York StateNorth CarolinaNorth DakotaNorthern Mariana IslandsOhioOklahomaOregonPennsylvaniaPuerto RicoRepublic of PalauRhode IslandSouth CarolinaSouth DakotaTennesseeTexasUnited StatesUtahVermontVeterans HealthVirgin IslandsVirginiaWashingtonWest VirginiaWisconsinWyoming,547703420,688356655,312434172,2114.76,4718.77,240751518,2707.45,6075.94,3875041,4206190.0,349150,49.067,0,0.0
2021-05-14,AlabamaAlaskaAmerican SamoaArizonaArkansasBureau of PrisonsCaliforniaColoradoConnecticutDelawareDept of DefenseDistrict of ColumbiaFederated States of MicronesiaFloridaGeorgiaGuamHawaiiIdahoIllinoisIndian Health SvcIndianaIowaKansasKentuckyLong Term CareLouisianaMaineMarshall IslandsMarylandMassachusettsMichiganMinnesotaMississippiMissouriMontanaNebraskaNevadaNew HampshireNew JerseyNew MexicoNew York StateNorth CarolinaNorth DakotaNorthern Mariana IslandsOhioOklahomaOregonPennsylvaniaPuerto RicoRepublic of PalauRhode IslandSouth CarolinaSouth DakotaTennesseeTexasUnited StatesUtahVermontVeterans HealthVirgin IslandsVirginiaWashingtonWest VirginiaWisconsinWyoming,550206409,692311190,312887021,2099.37,4659.44,242824570,2658.24,6001.67,3704556,3926276.0,315781,48.267,0,0.0
2021-05-15,AlabamaAlaskaAmerican SamoaArizonaArkansasBureau of PrisonsCaliforniaColoradoConnecticutDelawareDept of DefenseDistrict of ColumbiaFederated States of MicronesiaFloridaGeorgiaGuamHawaiiIdahoIllinoisIndian Health SvcIndianaIowaKansasKentuckyLong Term CareLouisianaMaineMarshall IslandsMarylandMassachusettsMichiganMinnesotaMississippiMissouriMontanaNebraskaNevadaNew HampshireNew JerseyNew MexicoNew York StateNorth CarolinaNorth DakotaNorthern Mariana IslandsOhioOklahomaOregonPennsylvaniaPuerto RicoRepublic of PalauRhode IslandSouth CarolinaSouth DakotaTennesseeTexasUnited StatesUtahVermontVeterans HealthVirgin IslandsVirginiaWashingtonWest VirginiaWisconsinWyoming,555016821,697623300,314824761,2121.21,4694.88,245855721,2672.45,6039.86,4810412,3878226.0,306809,48.345,0,0.0
2021-05-16,AlabamaAlaskaAmerican SamoaArizonaArkansasBureau of PrisonsCaliforniaColoradoConnecticutDelawareDept of DefenseDistrict of ColumbiaFederated States of MicronesiaFloridaGeorgiaGuamHawaiiIdahoIllinoisIndian Health SvcIndianaIowaKansasKentuckyLong Term CareLouisianaMaineMarshall IslandsMarylandMassachusettsMichiganMinnesotaMississippiMissouriMontanaNebraskaNevadaNew HampshireNew JerseyNew MexicoNew York StateNorth CarolinaNorth DakotaNorthern Mariana IslandsOhioOklahomaOregonPennsylvaniaPuerto RicoRepublic of PalauRhode IslandSouth CarolinaSouth DakotaTennesseeTexasUnited StatesUtahVermontVeterans HealthVirgin IslandsVirginiaWashingtonWest VirginiaWisconsinWyoming,559230313,697623500,316659108,2139.74,4726.06,248334308,2685.59,6039.86,4213492,3799861.0,302026,48.65,0,0.0
2021-05-17,AlabamaAlaskaAmerican SamoaArizonaArkansasBureau of PrisonsCaliforniaColoradoConnecticutDelawareDept of DefenseDistrict of ColumbiaFederated States of MicronesiaFloridaGeorgiaGuamHawaiiIdahoIllinoisIndian Health SvcIndianaIowaKansasKentuckyLong Term CareLouisianaMaineMarshall IslandsMarylandMassachusettsMichiganMinnesotaMississippiMissouriMontanaNebraskaNevadaNew HampshireNew JerseyNew MexicoNew York StateNorth CarolinaNorth DakotaNorthern Mariana IslandsOhioOklahomaOregonPennsylvaniaPuerto RicoRepublic of PalauRhode IslandSouth CarolinaSouth DakotaTennesseeTexasUnited StatesUtahVermontVeterans HealthVirgin IslandsVirginiaWashingtonWest VirginiaWisconsinWyoming,562202253,697623700,318046361,2152.3801,4748.71,249990419,2695.88,6039.96,2971940,3688630.0,298185,48.863,0,0.0
2021-05-18,AlabamaAlaskaAmerican SamoaArizonaArkansasBureau of PrisonsCaliforniaColoradoConnecticutDelawareDept of DefenseDistrict of ColumbiaFederated States of MicronesiaFloridaGeorgiaGuamHawaiiIdahoIllinoisIndian Health SvcIndianaIowaKansasKentuckyLong Term CareLouisianaMaineMarshall IslandsMarylandMassachusettsMichiganMinnesotaMississippiMissouriMontanaNebraskaNevadaNew HampshireNew JerseyNew MexicoNew York StateNorth CarolinaNorth DakotaNorthern Mariana IslandsOhioOklahomaOregonPennsylvaniaPuerto RicoRepublic of PalauRhode IslandSouth CarolinaSouth DakotaTennesseeTexasUnited StatesUtahVermontVeterans HealthVirgin IslandsVirginiaWashingtonWest VirginiaWisconsinWyoming,564445539,701975220,319119067,2165.6,4770.74,251243177,2705.31,6075.22,2243286,3571898.0,291866,48.804,0,0.0
2021-05-19,AlabamaAlaskaAmerican SamoaArizonaArkansasBureau of PrisonsCaliforniaColoradoConnecticutDelawareDept of DefenseDistrict of ColumbiaFederated States of MicronesiaFloridaGeorgiaGuamHawaiiIdahoIllinoisIndian Health SvcIndianaIowaKansasKentuckyLong Term CareLouisianaMaineMarshall IslandsMarylandMassachusettsMichiganMinnesotaMississippiMissouriMontanaNebraskaNevadaNew HampshireNew JerseyNew MexicoNew York StateNorth CarolinaNorth DakotaNorthern Mariana IslandsOhioOklahomaOregonPennsylvaniaPuerto RicoRepublic of PalauRhode IslandSouth CarolinaSouth DakotaTennesseeTexasUnited StatesUtahVermontVeterans HealthVirgin IslandsVirginiaWashingtonWest VirginiaWisconsinWyoming,567880333,706924040,320697075,2167.67,4763.96,253198490,2697.0,6049.19,3473255,3624249.0,303751,48.207,0,0.0
2021-05-20,AlabamaAlaskaAmerican SamoaArizonaArkansasBureau of PrisonsCaliforniaColoradoConnecticutDelawareDept of DefenseDistrict of ColumbiaFederated States of MicronesiaFloridaGeorgiaGuamHawaiiIdahoIllinoisIndian Health SvcIndianaIowaKansasKentuckyLong Term CareLouisianaMaineMarshall IslandsMarylandMassachusettsMichiganMinnesotaMississippiMissouriMontanaNebraskaNevadaNew HampshireNew JerseyNew MexicoNew York StateNorth CarolinaNorth DakotaNorthern Mariana IslandsOhioOklahomaOregonPennsylvaniaPuerto RicoRepublic of PalauRhode IslandSouth CarolinaSouth DakotaTennesseeTexasUnited StatesUtahVermontVeterans HealthVirgin IslandsVirginiaWashingtonWest VirginiaWisconsinWyoming,572158407,712460800,322730888,2204.95,4837.64,255531386,2735.56,6183.2,4237619,3677972.0,305390,48.656,0,0.0
2021-05-21,AlabamaAlaskaAmerican SamoaArizonaArkansasBureau of PrisonsCaliforniaColoradoConnecticutDelawareDept of DefenseDistrict of ColumbiaFederated States of MicronesiaFloridaGeorgiaGuamHawaiiIdahoIllinoisIndian Health SvcIndianaIowaKansasKentuckyLong Term CareLouisianaMaineMarshall IslandsMarylandMassachusettsMichiganMinnesotaMississippiMissouriMontanaNebraskaNevadaNew HampshireNew JerseyNew MexicoNew York StateNorth CarolinaNorth DakotaNorthern Mariana IslandsOhioOklahomaOregonPennsylvaniaPuerto RicoRepublic of PalauRhode IslandSouth CarolinaSouth DakotaTennesseeTexasUnited StatesUtahVermontVeterans HealthVirgin IslandsVirginiaWashingtonWest VirginiaWisconsinWyoming,576486235,718301980,324895795,2208.61,4836.29,257832169,2729.9,6149.04,4368283,3772815.0,317902,48.187,0,0.0
2021-05-22,AlabamaAlaskaAmerican SamoaArizonaArkansasBureau of PrisonsCaliforniaColoradoConnecticutDelawareDept of DefenseDistrict of ColumbiaFederated States of MicronesiaFloridaGeorgiaGuamHawaiiIdahoIllinoisIndian Health SvcIndianaIowaKansasKentuckyLong Term CareLouisianaMaineMarshall IslandsMarylandMassachusettsMichiganMinnesotaMississippiMissouriMontanaNebraskaNevadaNew HampshireNew JerseyNew MexicoNew York StateNorth CarolinaNorth DakotaNorthern Mariana IslandsOhioOklahomaOregonPennsylvaniaPuerto RicoRepublic of PalauRhode IslandSouth CarolinaSouth DakotaTennesseeTexasUnited StatesUtahVermontVeterans HealthVirgin IslandsVirginiaWashingtonWest VirginiaWisconsinWyoming,573367408,722960190,327288020,2228.1,4874.01,260300613,2749.56,6178.89,4715886,3759383.0,321505,48.317,0,0.0
2021-05-23,AlabamaAlaskaAmerican SamoaArizonaArkansasBureau of PrisonsCaliforniaColoradoConnecticutDelawareDept of DefenseDistrict of ColumbiaFederated States of MicronesiaFloridaGeorgiaGuamHawaiiIdahoIllinoisIndian Health SvcIndianaIowaKansasKentuckyLong Term CareLouisianaMaineMarshall IslandsMarylandMassachusettsMichiganMinnesotaMississippiMissouriMontanaNebraskaNevadaNew HampshireNew JerseyNew MexicoNew York StateNorth CarolinaNorth DakotaNorthern Mariana IslandsOhioOklahomaOregonPennsylvaniaPuerto RicoRepublic of PalauRhode IslandSouth CarolinaSouth DakotaTennesseeTexasUnited StatesUtahVermontVeterans HealthVirgin IslandsVirginiaWashingtonWest VirginiaWisconsinWyoming,576974488,723037990,328988521,2264.58,4943.43,262337183,2784.34,6253.96,3566058,3666973.0,319829,49.115,0,0.0
2021-05-24,AlabamaAlaskaAmerican SamoaArizonaArkansasBureau of PrisonsCaliforniaColoradoConnecticutDelawareDept of DefenseDistrict of ColumbiaFederated States of MicronesiaFloridaGeorgiaGuamHawaiiIdahoIllinoisIndian Health SvcIndianaIowaKansasKentuckyLong Term CareLouisianaMaineMarshall IslandsMarylandMassachusettsMichiganMinnesotaMississippiMissouriMontanaNebraskaNevadaNew HampshireNew JerseyNew MexicoNew York StateNorth CarolinaNorth DakotaNorthern Mariana IslandsOhioOklahomaOregonPennsylvaniaPuerto RicoRepublic of PalauRhode IslandSouth CarolinaSouth DakotaTennesseeTexasUnited StatesUtahVermontVeterans HealthVirgin IslandsVirginiaWashingtonWest VirginiaWisconsinWyoming,578564046,722182650,329745949,2221.74,4842.39,263210461,2724.59,6116.95,2325455,3575236.0,312577,48.416,0,0.0
2021-05-25,AlabamaAlaskaAmerican SamoaArizonaArkansasBureau of PrisonsCaliforniaColoradoConnecticutDelawareDept of DefenseDistrict of ColumbiaFederated States of MicronesiaFloridaGeorgiaGuamHawaiiIdahoIllinoisIndian Health SvcIndianaIowaKansasKentuckyLong Term CareLouisianaMaineMarshall IslandsMarylandMassachusettsMichiganMinnesotaMississippiMissouriMontanaNebraskaNevadaNew HampshireNew JerseyNew MexicoNew York StateNorth CarolinaNorth DakotaNorthern Mariana IslandsOhioOklahomaOregonPennsylvaniaPuerto RicoRepublic of PalauRhode IslandSouth CarolinaSouth DakotaTennesseeTexasUnited StatesUtahVermontVeterans HealthVirgin IslandsVirginiaWashingtonWest VirginiaWisconsinWyoming,588146813,725577950,330658005,2211.26,4817.57,264112549,2709.29,6069.65,1788871,3510968.0,304938,47.796,0,0.0
2021-05-26,AlabamaAlaskaAmerican SamoaArizonaArkansasBureau of PrisonsCaliforniaColoradoConnecticutDelawareDept of DefenseDistrict of ColumbiaFederated States of MicronesiaFloridaGeorgiaGuamHawaiiIdahoIllinoisIndian Health SvcIndianaIowaKansasKentuckyLong Term CareLouisianaMaineMarshall IslandsMarylandMassachusettsMichiganMinnesotaMississippiMissouriMontanaNebraskaNevadaNew HampshireNew JerseyNew MexicoNew York StateNorth CarolinaNorth DakotaNorthern Mariana IslandsOhioOklahomaOregonPennsylvaniaPuerto RicoRepublic of PalauRhode IslandSouth CarolinaSouth DakotaTennesseeTexasUnited StatesUtahVermontVeterans HealthVirgin IslandsVirginiaWashingtonWest VirginiaWisconsinWyoming,591047628,727318930,332078389,2242.3,4881.04,265678303,2744.8,6154.67,2858236,3423563.0,293476,48.48,0,0.0
2021-05-27,AlabamaAlaskaAmerican SamoaArizonaArkansasBureau of PrisonsCaliforniaColoradoConnecticutDelawareDept of DefenseDistrict of ColumbiaFederated States of MicronesiaFloridaGeorgiaGuamHawaiiIdahoIllinoisIndian Health SvcIndianaIowaKansasKentuckyLong Term CareLouisianaMaineMarshall IslandsMarylandMassachusettsMichiganMinnesotaMississippiMissouriMontanaNebraskaNevadaNew HampshireNew JerseyNew MexicoNew York StateNorth CarolinaNorth DakotaNorthern Mariana IslandsOhioOklahomaOregonPennsylvaniaPuerto RicoRepublic of PalauRhode IslandSouth CarolinaSouth DakotaTennesseeTexasUnited StatesUtahVermontVeterans HealthVirgin IslandsVirginiaWashingtonWest VirginiaWisconsinWyoming,596198302,732694705,334688940,2356.5,5125.7197,268423811,2884.52,6442.86,3022833,3250449.0,276205,50.206,0,0.0
2021-05-28,AlabamaAlaskaAmerican SamoaArizonaArkansasBureau of PrisonsCaliforniaColoradoConnecticutDelawareDept of DefenseDistrict of ColumbiaFederated States of MicronesiaFloridaGeorgiaGuamHawaiiIdahoIllinoisIndian Health SvcIndianaIowaKansasKentuckyLong Term CareLouisianaMaineMarshall IslandsMarylandMassachusettsMichiganMinnesotaMississippiMissouriMontanaNebraskaNevadaNew HampshireNew JerseyNew MexicoNew York StateNorth CarolinaNorth DakotaNorthern Mariana IslandsOhioOklahomaOregonPennsylvaniaPuerto RicoRepublic of PalauRhode IslandSouth CarolinaSouth DakotaTennesseeTexasUnited StatesUtahVermontVeterans HealthVirgin IslandsVirginiaWashingtonWest VirginiaWisconsinWyoming,598969259,734957385,336038609,2370.54,5151.03,269954296,2896.66,6455.71,2770957,3020459.0,257053,50.352,0,0.0
2021-05-29,AlabamaAlaskaAmerican SamoaArizonaArkansasBureau of PrisonsCaliforniaColoradoConnecticutDelawareDept of DefenseDistrict of ColumbiaFederated States of MicronesiaFloridaGeorgiaGuamHawaiiIdahoIllinoisIndian Health SvcIndianaIowaKansasKentuckyLong Term CareLouisianaMaineMarshall IslandsMarylandMassachusettsMichiganMinnesotaMississippiMissouriMontanaNebraskaNevadaNew HampshireNew JerseyNew MexicoNew York StateNorth CarolinaNorth DakotaNorthern Mariana IslandsOhioOklahomaOregonPennsylvaniaPuerto RicoRepublic of PalauRhode IslandSouth CarolinaSouth DakotaTennesseeTexasUnited StatesUtahVermontVeterans HealthVirgin IslandsVirginiaWashingtonWest VirginiaWisconsinWyoming,602207780,742835485,337586615,2384.43,5175.8,271738441,2908.6099,6519.26,3238521,2807545.0,236844,50.122,0,0.0
2021-05-30,AlabamaAlaskaAmerican SamoaArizonaArkansasBureau of PrisonsCaliforniaColoradoConnecticutDelawareDept of DefenseDistrict of ColumbiaFederated States of MicronesiaFloridaGeorgiaGuamHawaiiIdahoIllinoisIndian Health SvcIndianaIowaKansasKentuckyLong Term CareLouisianaMaineMarshall IslandsMarylandMassachusettsMichiganMinnesotaMississippiMissouriMontanaNebraskaNevadaNew HampshireNew JerseyNew MexicoNew York StateNorth CarolinaNorth DakotaNorthern Mariana IslandsOhioOklahomaOregonPennsylvaniaPuerto RicoRepublic of PalauRhode IslandSouth CarolinaSouth DakotaTennesseeTexasUnited StatesUtahVermontVeterans HealthVirgin IslandsVirginiaWashingtonWest VirginiaWisconsinWyoming,604666828,742840125,338743338,2396.54,5197.37,273080512,2920.05,6519.27,2459048,2647547.0,223570,50.313,0,0.0
2021-05-31,AlabamaAlaskaAmerican SamoaArizonaArkansasBureau of PrisonsCaliforniaColoradoConnecticutDelawareDept of DefenseDistrict of ColumbiaFederated States of MicronesiaFloridaGeorgiaGuamHawaiiIdahoIllinoisIndian Health SvcIndianaIowaKansasKentuckyLong Term CareLouisianaMaineMarshall IslandsMarylandMassachusettsMichiganMinnesotaMississippiMissouriMontanaNebraskaNevadaNew HampshireNew JerseyNew MexicoNew York StateNorth CarolinaNorth DakotaNorthern Mariana IslandsOhioOklahomaOregonPennsylvaniaPuerto RicoRepublic of PalauRhode IslandSouth CarolinaSouth DakotaTennesseeTexasUnited StatesUtahVermontVeterans HealthVirgin IslandsVirginiaWashingtonWest VirginiaWisconsinWyoming,0,0,0,0.0,0.0,0,0.0,0.0,0,2523797.0,213200,0.0,0,0.0
2021-06-01,AlabamaAlaskaAmerican SamoaArizonaArkansasBureau of PrisonsCaliforniaColoradoConnecticutDelawareDept of DefenseDistrict of ColumbiaFederated States of MicronesiaFloridaGeorgiaGuamHawaiiIdahoIllinoisIndian Health SvcIndianaIowaKansasKentuckyLong Term CareLouisianaMaineMarshall IslandsMarylandMassachusettsMichiganMinnesotaMississippiMissouriMontanaNebraskaNevadaNew HampshireNew JerseyNew MexicoNew York StateNorth CarolinaNorth DakotaNorthern Mariana IslandsOhioOklahomaOregonPennsylvaniaPuerto RicoRepublic of PalauRhode IslandSouth CarolinaSouth DakotaTennesseeTexasUnited StatesUtahVermontVeterans HealthVirgin IslandsVirginiaWashingtonWest VirginiaWisconsinWyoming,607618840,742840325,340253454,2408.78,5219.72,274639512,2931.16,6519.46,0,2476682.0,203984,50.511,0,0.0
2021-06-02,AlabamaAlaskaAmerican SamoaArizonaArkansasBureau of PrisonsCaliforniaColoradoConnecticutDelawareDept of DefenseDistrict of ColumbiaFederated States of MicronesiaFloridaGeorgiaGuamHawaiiIdahoIllinoisIndian Health SvcIndianaIowaKansasKentuckyLong Term CareLouisianaMaineMarshall IslandsMarylandMassachusettsMichiganMinnesotaMississippiMissouriMontanaNebraskaNevadaNew HampshireNew JerseyNew MexicoNew York StateNorth CarolinaNorth DakotaNorthern Mariana IslandsOhioOklahomaOregonPennsylvaniaPuerto RicoRepublic of PalauRhode IslandSouth CarolinaSouth DakotaTennesseeTexasUnited StatesUtahVermontVeterans HealthVirgin IslandsVirginiaWashingtonWest VirginiaWisconsinWyoming,608636225,744156625,340742122,2414.76,5230.77,275214661,2936.71,6531.04,1017385,2211317.0,185261,50.532,0,0.0
2021-06-03,AlabamaAlaskaAmerican SamoaArizonaArkansasBureau of PrisonsCaliforniaColoradoConnecticutDelawareDept of DefenseDistrict of ColumbiaFederated States of MicronesiaFloridaGeorgiaGuamHawaiiIdahoIllinoisIndian Health SvcIndianaIowaKansasKentuckyLong Term CareLouisianaMaineMarshall IslandsMarylandMassachusettsMichiganMinnesotaMississippiMissouriMontanaNebraskaNevadaNew HampshireNew JerseyNew MexicoNew York StateNorth CarolinaNorth DakotaNorthern Mariana IslandsOhioOklahomaOregonPennsylvaniaPuerto RicoRepublic of PalauRhode IslandSouth CarolinaSouth DakotaTennesseeTexasUnited StatesUtahVermontVeterans HealthVirgin IslandsVirginiaWashingtonWest VirginiaWisconsinWyoming,610274444,746954555,341461507,2422.07,5242.7,276204668,2941.91,6553.98,1638219,2011171.0,167252,50.46,0,0.0
2021-06-04,AlabamaAlaskaAmerican SamoaArizonaArkansasBureau of PrisonsCaliforniaColoradoConnecticutDelawareDept of DefenseDistrict of ColumbiaFederated States of MicronesiaFloridaGeorgiaGuamHawaiiIdahoIllinoisIndian Health SvcIndianaIowaKansasKentuckyLong Term CareLouisianaMaineMarshall IslandsMarylandMassachusettsMichiganMinnesotaMississippiMissouriMontanaNebraskaNevadaNew HampshireNew JerseyNew MexicoNew York StateNorth CarolinaNorth DakotaNorthern Mariana IslandsOhioOklahomaOregonPennsylvaniaPuerto RicoRepublic of PalauRhode IslandSouth CarolinaSouth DakotaTennesseeTexasUnited StatesUtahVermontVeterans HealthVirgin IslandsVirginiaWashingtonWest VirginiaWisconsinWyoming,613090988,748546755,342757610,2435.39,5264.48,277834331,2951.97,6570.9,2816544,2017684.0,162183,50.544,0,0.0
2021-06-05,AlabamaAlaskaAmerican SamoaArizonaArkansasBureau of PrisonsCaliforniaColoradoConnecticutDelawareDept of DefenseDistrict of ColumbiaFederated States of MicronesiaFloridaGeorgiaGuamHawaiiIdahoIllinoisIndian Health SvcIndianaIowaKansasKentuckyLong Term CareLouisianaMaineMarshall IslandsMarylandMassachusettsMichiganMinnesotaMississippiMissouriMontanaNebraskaNevadaNew HampshireNew JerseyNew MexicoNew York StateNorth CarolinaNorth DakotaNorthern Mariana IslandsOhioOklahomaOregonPennsylvaniaPuerto RicoRepublic of PalauRhode IslandSouth CarolinaSouth DakotaTennesseeTexasUnited StatesUtahVermontVeterans HealthVirgin IslandsVirginiaWashingtonWest VirginiaWisconsinWyoming,611690778,748911065,341642116,2445.22,5280.98,277606763,2959.82,6604.7,2299727,1885120.0,150429,49.603,0,0.0
2021-06-06,AlabamaAlaskaAmerican SamoaArizonaArkansasBureau of PrisonsCaliforniaColoradoConnecticutDelawareDept of DefenseDistrict of ColumbiaFederated States of MicronesiaFloridaGeorgiaGuamHawaiiIdahoIllinoisIndian Health SvcIndianaIowaKansasKentuckyLong Term CareLouisianaMaineMarshall IslandsMarylandMassachusettsMichiganMinnesotaMississippiMissouriMontanaNebraskaNevadaNew HampshireNew JerseyNew MexicoNew York StateNorth CarolinaNorth DakotaNorthern Mariana IslandsOhioOklahomaOregonPennsylvaniaPuerto RicoRepublic of PalauRhode IslandSouth CarolinaSouth DakotaTennesseeTexasUnited StatesUtahVermontVeterans HealthVirgin IslandsVirginiaWashingtonWest VirginiaWisconsinWyoming,620013078,755497760,346157676,2486.6,5350.38,281869897,3002.21,6639.6,2742069,1927105.0,150974,50.898,0,0.0
2021-06-07,AlabamaAlaskaAmerican SamoaArizonaArkansasBureau of PrisonsCaliforniaColoradoConnecticutDelawareDept of DefenseDistrict of ColumbiaFederated States of MicronesiaFloridaGeorgiaGuamHawaiiIdahoIllinoisIndian Health SvcIndianaIowaKansasKentuckyLong Term CareLouisianaMaineMarshall IslandsMarylandMassachusettsMichiganMinnesotaMississippiMissouriMontanaNebraskaNevadaNew HampshireNew JerseyNew MexicoNew York StateNorth CarolinaNorth DakotaNorthern Mariana IslandsOhioOklahomaOregonPennsylvaniaPuerto RicoRepublic of PalauRhode IslandSouth CarolinaSouth DakotaTennesseeTexasUnited StatesUtahVermontVeterans HealthVirgin IslandsVirginiaWashingtonWest VirginiaWisconsinWyoming,622782869,755575560,347148950,2518.62,5424.42,283462093,3034.39,6714.67,2724874,2105474.0,178808,51.756,0,0.0
2021-06-08,AlabamaAlaskaAmerican SamoaArizonaArkansasBureau of PrisonsCaliforniaColoradoConnecticutDelawareDept of DefenseDistrict of ColumbiaFederated States of MicronesiaFloridaGeorgiaGuamHawaiiIdahoIllinoisIndian Health SvcIndianaIowaKansasKentuckyLong Term CareLouisianaMaineMarshall IslandsMarylandMassachusettsMichiganMinnesotaMississippiMissouriMontanaNebraskaNevadaNew HampshireNew JerseyNew MexicoNew York StateNorth CarolinaNorth DakotaNorthern Mariana IslandsOhioOklahomaOregonPennsylvaniaPuerto RicoRepublic of PalauRhode IslandSouth CarolinaSouth DakotaTennesseeTexasUnited StatesUtahVermontVeterans HealthVirgin IslandsVirginiaWashingtonWest VirginiaWisconsinWyoming,624929490,756738390,347991128,2532.8801,5446.13,284850021,3042.79,6725.22,2146621,2201234.0,193888,51.863,0,0.0
2021-06-09,AlabamaAlaskaAmerican SamoaArizonaArkansasBureau of PrisonsCaliforniaColoradoConnecticutDelawareDept of DefenseDistrict of ColumbiaFederated States of MicronesiaFloridaGeorgiaGuamHawaiiIdahoIllinoisIndian Health SvcIndianaIowaKansasKentuckyLong Term CareLouisianaMaineMarshall IslandsMarylandMassachusettsMichiganMinnesotaMississippiMissouriMontanaNebraskaNevadaNew HampshireNew JerseyNew MexicoNew York StateNorth CarolinaNorth DakotaNorthern Mariana IslandsOhioOklahomaOregonPennsylvaniaPuerto RicoRepublic of PalauRhode IslandSouth CarolinaSouth DakotaTennesseeTexasUnited StatesUtahVermontVeterans HealthVirgin IslandsVirginiaWashingtonWest VirginiaWisconsinWyoming,626611258,757529670,348644243,2540.8,5458.5103,285938358,3047.78,6730.58,1681768,2296102.0,195775,51.939,0,0.0
2021-06-10,AlabamaAlaskaAmerican SamoaArizonaArkansasBureau of PrisonsCaliforniaColoradoConnecticutDelawareDept of DefenseDistrict of ColumbiaFederated States of MicronesiaFloridaGeorgiaGuamHawaiiIdahoIllinoisIndian Health SvcIndianaIowaKansasKentuckyLong Term CareLouisianaMaineMarshall IslandsMarylandMassachusettsMichiganMinnesotaMississippiMissouriMontanaNebraskaNevadaNew HampshireNew JerseyNew MexicoNew York StateNorth CarolinaNorth DakotaNorthern Mariana IslandsOhioOklahomaOregonPennsylvaniaPuerto RicoRepublic of PalauRhode IslandSouth CarolinaSouth DakotaTennesseeTexasUnited StatesUtahVermontVeterans HealthVirgin IslandsVirginiaWashingtonWest VirginiaWisconsinWyoming,628501824,758200150,349390000,2551.83,5475.63,287156710,3054.44,6735.19,1890566,2332112.0,203172,52.067,0,0.0
2021-06-11,AlabamaAlaskaAmerican SamoaArizonaArkansasBureau of PrisonsCaliforniaColoradoConnecticutDelawareDept of DefenseDistrict of ColumbiaFederated States of MicronesiaFloridaGeorgiaGuamHawaiiIdahoIllinoisIndian Health SvcIndianaIowaKansasKentuckyLong Term CareLouisianaMaineMarshall IslandsMarylandMassachusettsMichiganMinnesotaMississippiMissouriMontanaNebraskaNevadaNew HampshireNew JerseyNew MexicoNew York StateNorth CarolinaNorth DakotaNorthern Mariana IslandsOhioOklahomaOregonPennsylvaniaPuerto RicoRepublic of PalauRhode IslandSouth CarolinaSouth DakotaTennesseeTexasUnited StatesUtahVermontVeterans HealthVirgin IslandsVirginiaWashingtonWest VirginiaWisconsinWyoming,620651965,748118715,344531755,2507.45,5380.23,283600724,2996.84,6617.23,1588423,2158805.0,187817,51.271,0,0.0
2021-06-12,AlabamaAlaskaAmerican SamoaArizonaArkansasBureau of PrisonsCaliforniaColoradoConnecticutDelawareDept of DefenseDistrict of ColumbiaFederated States of MicronesiaFloridaGeorgiaGuamHawaiiIdahoIllinoisIndian Health SvcIndianaIowaKansasKentuckyLong Term CareLouisianaMaineMarshall IslandsMarylandMassachusettsMichiganMinnesotaMississippiMissouriMontanaNebraskaNevadaNew HampshireNew JerseyNew MexicoNew York StateNorth CarolinaNorth DakotaNorthern Mariana IslandsOhioOklahomaOregonPennsylvaniaPuerto RicoRepublic of PalauRhode IslandSouth CarolinaSouth DakotaTennesseeTexasUnited StatesUtahVermontVeterans HealthVirgin IslandsVirginiaWashingtonWest VirginiaWisconsinWyoming,623820403,750033195,345782709,2522.06,5402.91,285617378,3005.73,6631.93,3168438,2283506.0,196827,51.361,0,0.0
2021-06-13,AlabamaAlaskaAmerican SamoaArizonaArkansasBureau of PrisonsCaliforniaColoradoConnecticutDelawareDept of DefenseDistrict of ColumbiaFederated States of MicronesiaFloridaGeorgiaGuamHawaiiIdahoIllinoisIndian Health SvcIndianaIowaKansasKentuckyLong Term CareLouisianaMaineMarshall IslandsMarylandMassachusettsMichiganMinnesotaMississippiMissouriMontanaNebraskaNevadaNew HampshireNew JerseyNew MexicoNew York StateNorth CarolinaNorth DakotaNorthern Mariana IslandsOhioOklahomaOregonPennsylvaniaPuerto RicoRepublic of PalauRhode IslandSouth CarolinaSouth DakotaTennesseeTexasUnited StatesUtahVermontVeterans HealthVirgin IslandsVirginiaWashingtonWest VirginiaWisconsinWyoming,617025153,737572230,341585961,2454.49,5253.73,282865311,2919.69,6416.14,2356763,2232562.0,195249,49.985,0,0.0
2021-06-14,AlabamaAlaskaAmerican SamoaArizonaArkansasBureau of PrisonsCaliforniaColoradoConnecticutDelawareDept of DefenseDistrict of ColumbiaFederated States of MicronesiaFloridaGeorgiaGuamHawaiiIdahoIllinoisIndian Health SvcIndianaIowaKansasKentuckyLong Term CareLouisianaMaineMarshall IslandsMarylandMassachusettsMichiganMinnesotaMississippiMissouriMontanaNebraskaNevadaNew HampshireNew JerseyNew MexicoNew York StateNorth CarolinaNorth DakotaNorthern Mariana IslandsOhioOklahomaOregonPennsylvaniaPuerto RicoRepublic of PalauRhode IslandSouth CarolinaSouth DakotaTennesseeTexasUnited StatesUtahVermontVeterans HealthVirgin IslandsVirginiaWashingtonWest VirginiaWisconsinWyoming,628887365,750034995,347473497,2552.54,5446.39,289210805,3020.28,6632.89,2661071,2229146.0,184218,51.77,0,0.0
2021-06-15,AlabamaAlaskaAmerican SamoaArizonaArkansasBureau of PrisonsCaliforniaColoradoConnecticutDelawareDept of DefenseDistrict of ColumbiaFederated States of MicronesiaFloridaGeorgiaGuamHawaiiIdahoIllinoisIndian Health SvcIndianaIowaKansasKentuckyLong Term CareLouisianaMaineMarshall IslandsMarylandMassachusettsMichiganMinnesotaMississippiMissouriMontanaNebraskaNevadaNew HampshireNew JerseyNew MexicoNew York StateNorth CarolinaNorth DakotaNorthern Mariana IslandsOhioOklahomaOregonPennsylvaniaPuerto RicoRepublic of PalauRhode IslandSouth CarolinaSouth DakotaTennesseeTexasUnited StatesUtahVermontVeterans HealthVirgin IslandsVirginiaWashingtonWest VirginiaWisconsinWyoming,631303263,750967105,348327797,2567.85,5468.7397,290861606,3028.21,6641.08,2415898,2269799.0,185358,51.904,0,0.0
2021-06-16,AlabamaAlaskaAmerican SamoaArizonaArkansasBureau of PrisonsCaliforniaColoradoConnecticutDelawareDept of DefenseDistrict of ColumbiaFederated States of MicronesiaFloridaGeorgiaGuamHawaiiIdahoIllinoisIndian Health SvcIndianaIowaKansasKentuckyLong Term CareLouisianaMaineMarshall IslandsMarylandMassachusettsMichiganMinnesotaMississippiMissouriMontanaNebraskaNevadaNew HampshireNew JerseyNew MexicoNew York StateNorth CarolinaNorth DakotaNorthern Mariana IslandsOhioOklahomaOregonPennsylvaniaPuerto RicoRepublic of PalauRhode IslandSouth CarolinaSouth DakotaTennesseeTexasUnited StatesUtahVermontVeterans HealthVirgin IslandsVirginiaWashingtonWest VirginiaWisconsinWyoming,633314966,751609485,349068820,2577.53,5482.86,292206186,3033.87,6644.93,2011703,2319122.0,188030,52.005,0,0.0
2021-06-17,AlabamaAlaskaAmerican SamoaArizonaArkansasBureau of PrisonsCaliforniaColoradoConnecticutDelawareDept of DefenseDistrict of ColumbiaFederated States of MicronesiaFloridaGeorgiaGuamHawaiiIdahoIllinoisIndian Health SvcIndianaIowaKansasKentuckyLong Term CareLouisianaMaineMarshall IslandsMarylandMassachusettsMichiganMinnesotaMississippiMissouriMontanaNebraskaNevadaNew HampshireNew JerseyNew MexicoNew York StateNorth CarolinaNorth DakotaNorthern Mariana IslandsOhioOklahomaOregonPennsylvaniaPuerto RicoRepublic of PalauRhode IslandSouth CarolinaSouth DakotaTennesseeTexasUnited StatesUtahVermontVeterans HealthVirgin IslandsVirginiaWashingtonWest VirginiaWisconsinWyoming,637414372,756671320,350689911,2598.05,5515.17,294795518,3046.72,6680.76,4099406,2636855.0,210137,51.871,0,0.0
2021-06-18,AlabamaAlaskaAmerican SamoaArizonaArkansasBureau of PrisonsCaliforniaColoradoConnecticutDelawareDept of DefenseDistrict of ColumbiaFederated States of MicronesiaFloridaGeorgiaGuamHawaiiIdahoIllinoisIndian Health SvcIndianaIowaKansasKentuckyLong Term CareLouisianaMaineMarshall IslandsMarylandMassachusettsMichiganMinnesotaMississippiMissouriMontanaNebraskaNevadaNew HampshireNew JerseyNew MexicoNew York StateNorth CarolinaNorth DakotaNorthern Mariana IslandsOhioOklahomaOregonPennsylvaniaPuerto RicoRepublic of PalauRhode IslandSouth CarolinaSouth DakotaTennesseeTexasUnited StatesUtahVermontVeterans HealthVirgin IslandsVirginiaWashingtonWest VirginiaWisconsinWyoming,639563864,758088170,351529357,2609.46,5532.79,296186453,3053.61,6690.17,2149492,2717008.0,219627,51.964,0,0.0
2021-06-19,AlabamaAlaskaAmerican SamoaArizonaArkansasBureau of PrisonsCaliforniaColoradoConnecticutDelawareDept of DefenseDistrict of ColumbiaFederated States of MicronesiaFloridaGeorgiaGuamHawaiiIdahoIllinoisIndian Health SvcIndianaIowaKansasKentuckyLong Term CareLouisianaMaineMarshall IslandsMarylandMassachusettsMichiganMinnesotaMississippiMissouriMontanaNebraskaNevadaNew HampshireNew JerseyNew MexicoNew York StateNorth CarolinaNorth DakotaNorthern Mariana IslandsOhioOklahomaOregonPennsylvaniaPuerto RicoRepublic of PalauRhode IslandSouth CarolinaSouth DakotaTennesseeTexasUnited StatesUtahVermontVeterans HealthVirgin IslandsVirginiaWashingtonWest VirginiaWisconsinWyoming,641685105,760180760,352415200,2621.47,5551.95,297504830,3061.77,6705.04,2121241,2567410.0,214652,52.024,0,0.0
2021-06-20,AlabamaAlaskaAmerican SamoaArizonaArkansasBureau of PrisonsCaliforniaColoradoConnecticutDelawareDept of DefenseDistrict of ColumbiaFederated States of MicronesiaFloridaGeorgiaGuamHawaiiIdahoIllinoisIndian Health SvcIndianaIowaKansasKentuckyLong Term CareLouisianaMaineMarshall IslandsMarylandMassachusettsMichiganMinnesotaMississippiMissouriMontanaNebraskaNevadaNew HampshireNew JerseyNew MexicoNew York StateNorth CarolinaNorth DakotaNorthern Mariana IslandsOhioOklahomaOregonPennsylvaniaPuerto RicoRepublic of PalauRhode IslandSouth CarolinaSouth DakotaTennesseeTexasUnited StatesUtahVermontVeterans HealthVirgin IslandsVirginiaWashingtonWest VirginiaWisconsinWyoming,643358513,760180760,353106202,2628.91,5563.5,298574663,3066.66,6705.04,1673408,2466279.0,201549,52.132,0,0.0
2021-06-21,AlabamaAlaskaAmerican SamoaArizonaArkansasBureau of PrisonsCaliforniaColoradoConnecticutDelawareDept of DefenseDistrict of ColumbiaFederated States of MicronesiaFloridaGeorgiaGuamHawaiiIdahoIllinoisIndian Health SvcIndianaIowaKansasKentuckyLong Term CareLouisianaMaineMarshall IslandsMarylandMassachusettsMichiganMinnesotaMississippiMissouriMontanaNebraskaNevadaNew HampshireNew JerseyNew MexicoNew York StateNorth CarolinaNorth DakotaNorthern Mariana IslandsOhioOklahomaOregonPennsylvaniaPuerto RicoRepublic of PalauRhode IslandSouth CarolinaSouth DakotaTennesseeTexasUnited StatesUtahVermontVeterans HealthVirgin IslandsVirginiaWashingtonWest VirginiaWisconsinWyoming,644578724,760180760,353612689,2634.66,5572.89,299326307,3070.57,6705.04,1220211,2256929.0,182469,52.221,0,0.0
2021-06-22,AlabamaAlaskaAmerican SamoaArizonaArkansasBureau of PrisonsCaliforniaColoradoConnecticutDelawareDept of DefenseDistrict of ColumbiaFederated States of MicronesiaFloridaGeorgiaGuamHawaiiIdahoIllinoisIndian Health SvcIndianaIowaKansasKentuckyLong Term CareLouisianaMaineMarshall IslandsMarylandMassachusettsMichiganMinnesotaMississippiMissouriMontanaNebraskaNevadaNew HampshireNew JerseyNew MexicoNew York StateNorth CarolinaNorth DakotaNorthern Mariana IslandsOhioOklahomaOregonPennsylvaniaPuerto RicoRepublic of PalauRhode IslandSouth CarolinaSouth DakotaTennesseeTexasUnited StatesUtahVermontVeterans HealthVirgin IslandsVirginiaWashingtonWest VirginiaWisconsinWyoming,645819075,761062260,354168907,2642.44,5586.43,300053757,3077.59,6712.82,1240351,2088996.0,169796,52.279,0,0.0
2021-06-23,AlabamaAlaskaAmerican SamoaArizonaArkansasBureau of PrisonsCaliforniaColoradoConnecticutDelawareDept of DefenseDistrict of ColumbiaFederated States of MicronesiaFloridaGeorgiaGuamHawaiiIdahoIllinoisIndian Health SvcIndianaIowaKansasKentuckyLong Term CareLouisianaMaineMarshall IslandsMarylandMassachusettsMichiganMinnesotaMississippiMissouriMontanaNebraskaNevadaNew HampshireNew JerseyNew MexicoNew York StateNorth CarolinaNorth DakotaNorthern Mariana IslandsOhioOklahomaOregonPennsylvaniaPuerto RicoRepublic of PalauRhode IslandSouth CarolinaSouth DakotaTennesseeTexasUnited StatesUtahVermontVeterans HealthVirgin IslandsVirginiaWashingtonWest VirginiaWisconsinWyoming,647107272,759920890,354789817,2648.98,5597.5,300773468,3082.8,6703.04,1288197,1985635.0,165489,52.454,0,0.0
2021-06-24,AlabamaAlaskaAmerican SamoaArizonaArkansasBureau of PrisonsCaliforniaColoradoConnecticutDelawareDept of DefenseDistrict of ColumbiaFederated States of MicronesiaFloridaGeorgiaGuamHawaiiIdahoIllinoisIndian Health SvcIndianaIowaKansasKentuckyLong Term CareLouisianaMaineMarshall IslandsMarylandMassachusettsMichiganMinnesotaMississippiMissouriMontanaNebraskaNevadaNew HampshireNew JerseyNew MexicoNew York StateNorth CarolinaNorth DakotaNorthern Mariana IslandsOhioOklahomaOregonPennsylvaniaPuerto RicoRepublic of PalauRhode IslandSouth CarolinaSouth DakotaTennesseeTexasUnited StatesUtahVermontVeterans HealthVirgin IslandsVirginiaWashingtonWest VirginiaWisconsinWyoming,648729204,760644820,355550653,2657.39,5612.19,301694129,3089.7,6708.06,1621932,1631716.0,140242,52.56,0,0.0
2021-06-25,AlabamaAlaskaAmerican SamoaArizonaArkansasBureau of PrisonsCaliforniaColoradoConnecticutDelawareDept of DefenseDistrict of ColumbiaFederated States of MicronesiaFloridaGeorgiaGuamHawaiiIdahoIllinoisIndian Health SvcIndianaIowaKansasKentuckyLong Term CareLouisianaMaineMarshall IslandsMarylandMassachusettsMichiganMinnesotaMississippiMissouriMontanaNebraskaNevadaNew HampshireNew JerseyNew MexicoNew York StateNorth CarolinaNorth DakotaNorthern Mariana IslandsOhioOklahomaOregonPennsylvaniaPuerto RicoRepublic of PalauRhode IslandSouth CarolinaSouth DakotaTennesseeTexasUnited StatesUtahVermontVeterans HealthVirgin IslandsVirginiaWashingtonWest VirginiaWisconsinWyoming,659768925,773041905,361595859,2721.75,5738.87,307337923,3159.3,6850.88,1371816,1520616.0,140685,53.632,0,0.0
2021-06-26,AlabamaAlaskaAmerican SamoaArizonaArkansasBureau of PrisonsCaliforniaColoradoConnecticutDelawareDept of DefenseDistrict of ColumbiaFederated States of MicronesiaFloridaGeorgiaGuamHawaiiIdahoIllinoisIndian Health SvcIndianaIowaKansasKentuckyLong Term CareLouisianaMaineMarshall IslandsMarylandMassachusettsMichiganMinnesotaMississippiMissouriMontanaNebraskaNevadaNew HampshireNew JerseyNew MexicoNew York StateNorth CarolinaNorth DakotaNorthern Mariana IslandsOhioOklahomaOregonPennsylvaniaPuerto RicoRepublic of PalauRhode IslandSouth CarolinaSouth DakotaTennesseeTexasUnited StatesUtahVermontVeterans HealthVirgin IslandsVirginiaWashingtonWest VirginiaWisconsinWyoming,661633477,775150255,362366541,2730.31,5753.63,308483462,3165.62,6866.82,1864552,1481754.0,134083,53.648,0,0.0
2021-06-27,AlabamaAlaskaAmerican SamoaArizonaArkansasBureau of PrisonsCaliforniaColoradoConnecticutDelawareDept of DefenseDistrict of ColumbiaFederated States of MicronesiaFloridaGeorgiaGuamHawaiiIdahoIllinoisIndian Health SvcIndianaIowaKansasKentuckyLong Term CareLouisianaMaineMarshall IslandsMarylandMassachusettsMichiganMinnesotaMississippiMissouriMontanaNebraskaNevadaNew HampshireNew JerseyNew MexicoNew York StateNorth CarolinaNorth DakotaNorthern Mariana IslandsOhioOklahomaOregonPennsylvaniaPuerto RicoRepublic of PalauRhode IslandSouth CarolinaSouth DakotaTennesseeTexasUnited StatesUtahVermontVeterans HealthVirgin IslandsVirginiaWashingtonWest VirginiaWisconsinWyoming,664049390,775163635,363143346,2744.0,5772.83,310174976,3171.73,6866.89,2415913,1585647.0,144757,53.809002,0,0.0
2021-06-28,AlabamaAlaskaAmerican SamoaArizonaArkansasBureau of PrisonsCaliforniaColoradoConnecticutDelawareDept of DefenseDistrict of ColumbiaFederated States of MicronesiaFloridaGeorgiaGuamHawaiiIdahoIllinoisIndian Health SvcIndianaIowaKansasKentuckyLong Term CareLouisianaMaineMarshall IslandsMarylandMassachusettsMichiganMinnesotaMississippiMissouriMontanaNebraskaNevadaNew HampshireNew JerseyNew MexicoNew York StateNorth CarolinaNorth DakotaNorthern Mariana IslandsOhioOklahomaOregonPennsylvaniaPuerto RicoRepublic of PalauRhode IslandSouth CarolinaSouth DakotaTennesseeTexasUnited StatesUtahVermontVeterans HealthVirgin IslandsVirginiaWashingtonWest VirginiaWisconsinWyoming,666272326,775163635,363867339,2755.29,5789.29,311690922,3177.6401,6866.89,2222936,1726701.0,154628,53.968,0,0.0
2021-06-29,AlabamaAlaskaAmerican SamoaArizonaArkansasBureau of PrisonsCaliforniaColoradoConnecticutDelawareDept of DefenseDistrict of ColumbiaFederated States of MicronesiaFloridaGeorgiaGuamHawaiiIdahoIllinoisIndian Health SvcIndianaIowaKansasKentuckyLong Term CareLouisianaMaineMarshall IslandsMarylandMassachusettsMichiganMinnesotaMississippiMissouriMontanaNebraskaNevadaNew HampshireNew JerseyNew MexicoNew York StateNorth CarolinaNorth DakotaNorthern Mariana IslandsOhioOklahomaOregonPennsylvaniaPuerto RicoRepublic of PalauRhode IslandSouth CarolinaSouth DakotaTennesseeTexasUnited StatesUtahVermontVeterans HealthVirgin IslandsVirginiaWashingtonWest VirginiaWisconsinWyoming,667790635,776263605,364536669,2762.26,5801.64,312547268,3183.16,6874.13,1518309,1764227.0,152732,54.028,0,0.0
2021-06-30,AlabamaAlaskaAmerican SamoaArizonaArkansasBureau of PrisonsCaliforniaColoradoConnecticutDelawareDept of DefenseDistrict of ColumbiaFederated States of MicronesiaFloridaGeorgiaGuamHawaiiIdahoIllinoisIndian Health SvcIndianaIowaKansasKentuckyLong Term CareLouisianaMaineMarshall IslandsMarylandMassachusettsMichiganMinnesotaMississippiMissouriMontanaNebraskaNevadaNew HampshireNew JerseyNew MexicoNew York StateNorth CarolinaNorth DakotaNorthern Mariana IslandsOhioOklahomaOregonPennsylvaniaPuerto RicoRepublic of PalauRhode IslandSouth CarolinaSouth DakotaTennesseeTexasUnited StatesUtahVermontVeterans HealthVirgin IslandsVirginiaWashingtonWest VirginiaWisconsinWyoming,670567209,776499845,366017545,2772.86,5821.49,313924554,3193.6199,6875.72,2776574,1974663.0,164984,54.204,0,0.0
2021-07-01,AlabamaAlaskaAmerican SamoaArizonaArkansasBureau of PrisonsCaliforniaColoradoConnecticutDelawareDept of DefenseDistrict of ColumbiaFederated States of MicronesiaFloridaGeorgiaGuamHawaiiIdahoIllinoisIndian Health SvcIndianaIowaKansasKentuckyLong Term CareLouisianaMaineMarshall IslandsMarylandMassachusettsMichiganMinnesotaMississippiMissouriMontanaNebraskaNevadaNew HampshireNew JerseyNew MexicoNew York StateNorth CarolinaNorth DakotaNorthern Mariana IslandsOhioOklahomaOregonPennsylvaniaPuerto RicoRepublic of PalauRhode IslandSouth CarolinaSouth DakotaTennesseeTexasUnited StatesUtahVermontVeterans HealthVirgin IslandsVirginiaWashingtonWest VirginiaWisconsinWyoming,673855029,777169325,367355455,2794.62,5857.46,315932111,3208.31,6880.55,3287820,2210464.0,195204,54.477,0,0.0
2021-07-02,AlabamaAlaskaAmerican SamoaArizonaArkansasBureau of PrisonsCaliforniaColoradoConnecticutDelawareDept of DefenseDistrict of ColumbiaFederated States of MicronesiaFloridaGeorgiaGuamHawaiiIdahoIllinoisIndian Health SvcIndianaIowaKansasKentuckyLong Term CareLouisianaMaineMarshall IslandsMarylandMassachusettsMichiganMinnesotaMississippiMissouriMontanaNebraskaNevadaNew HampshireNew JerseyNew MexicoNew York StateNorth CarolinaNorth DakotaNorthern Mariana IslandsOhioOklahomaOregonPennsylvaniaPuerto RicoRepublic of PalauRhode IslandSouth CarolinaSouth DakotaTennesseeTexasUnited StatesUtahVermontVeterans HealthVirgin IslandsVirginiaWashingtonWest VirginiaWisconsinWyoming,675184975,777874525,367983174,2801.33,5868.9,316681988,3213.7,6887.03,1329946,2202292.0,185773,54.532,0,0.0
2021-07-03,AlabamaAlaskaAmerican SamoaArizonaArkansasBureau of PrisonsCaliforniaColoradoConnecticutDelawareDept of DefenseDistrict of ColumbiaFederated States of MicronesiaFloridaGeorgiaGuamHawaiiIdahoIllinoisIndian Health SvcIndianaIowaKansasKentuckyLong Term CareLouisianaMaineMarshall IslandsMarylandMassachusettsMichiganMinnesotaMississippiMissouriMontanaNebraskaNevadaNew HampshireNew JerseyNew MexicoNew York StateNorth CarolinaNorth DakotaNorthern Mariana IslandsOhioOklahomaOregonPennsylvaniaPuerto RicoRepublic of PalauRhode IslandSouth CarolinaSouth DakotaTennesseeTexasUnited StatesUtahVermontVeterans HealthVirgin IslandsVirginiaWashingtonWest VirginiaWisconsinWyoming,677521708,778738405,368905977,2814.6199,5890.05,318141607,3221.97,6894.63,2336733,2269748.0,194952,54.674,0,0.0
2021-07-04,AlabamaAlaskaAmerican SamoaArizonaArkansasBureau of PrisonsCaliforniaColoradoConnecticutDelawareDept of DefenseDistrict of ColumbiaFederated States of MicronesiaFloridaGeorgiaGuamHawaiiIdahoIllinoisIndian Health SvcIndianaIowaKansasKentuckyLong Term CareLouisianaMaineMarshall IslandsMarylandMassachusettsMichiganMinnesotaMississippiMissouriMontanaNebraskaNevadaNew HampshireNew JerseyNew MexicoNew York StateNorth CarolinaNorth DakotaNorthern Mariana IslandsOhioOklahomaOregonPennsylvaniaPuerto RicoRepublic of PalauRhode IslandSouth CarolinaSouth DakotaTennesseeTexasUnited StatesUtahVermontVeterans HealthVirgin IslandsVirginiaWashingtonWest VirginiaWisconsinWyoming,678824343,778740765,369524458,2821.09,5901.89,318833404,3228.3,6894.64,1302635,2110706.0,184355,54.784,0,0.0
2021-07-05,AlabamaAlaskaAmerican SamoaArizonaArkansasBureau of PrisonsCaliforniaColoradoConnecticutDelawareDept of DefenseDistrict of ColumbiaFederated States of MicronesiaFloridaGeorgiaGuamHawaiiIdahoIllinoisIndian Health SvcIndianaIowaKansasKentuckyLong Term CareLouisianaMaineMarshall IslandsMarylandMassachusettsMichiganMinnesotaMississippiMissouriMontanaNebraskaNevadaNew HampshireNew JerseyNew MexicoNew York StateNorth CarolinaNorth DakotaNorthern Mariana IslandsOhioOklahomaOregonPennsylvaniaPuerto RicoRepublic of PalauRhode IslandSouth CarolinaSouth DakotaTennesseeTexasUnited StatesUtahVermontVeterans HealthVirgin IslandsVirginiaWashingtonWest VirginiaWisconsinWyoming,0,0,0,0.0,0.0,0,0.0,0.0,0,1880155.0,168101,0.0,0,0.0
2021-07-06,AlabamaAlaskaAmerican SamoaArizonaArkansasBureau of PrisonsCaliforniaColoradoConnecticutDelawareDept of DefenseDistrict of ColumbiaFederated States of MicronesiaFloridaGeorgiaGuamHawaiiIdahoIllinoisIndian Health SvcIndianaIowaKansasKentuckyLong Term CareLouisianaMaineMarshall IslandsMarylandMassachusettsMichiganMinnesotaMississippiMissouriMontanaNebraskaNevadaNew HampshireNew JerseyNew MexicoNew York StateNorth CarolinaNorth DakotaNorthern Mariana IslandsOhioOklahomaOregonPennsylvaniaPuerto RicoRepublic of PalauRhode IslandSouth CarolinaSouth DakotaTennesseeTexasUnited StatesUtahVermontVeterans HealthVirgin IslandsVirginiaWashingtonWest VirginiaWisconsinWyoming,674895892,773421145,367215905,2760.59,5775.05,317196361,3159.08,6746.6,0,1750268.0,157835,52.979,0,0.0
2021-07-07,AlabamaAlaskaAmerican SamoaArizonaArkansasBureau of PrisonsCaliforniaColoradoConnecticutDelawareDept of DefenseDistrict of ColumbiaFederated States of MicronesiaFloridaGeorgiaGuamHawaiiIdahoIllinoisIndian Health SvcIndianaIowaKansasKentuckyLong Term CareLouisianaMaineMarshall IslandsMarylandMassachusettsMichiganMinnesotaMississippiMissouriMontanaNebraskaNevadaNew HampshireNew JerseyNew MexicoNew York StateNorth CarolinaNorth DakotaNorthern Mariana IslandsOhioOklahomaOregonPennsylvaniaPuerto RicoRepublic of PalauRhode IslandSouth CarolinaSouth DakotaTennesseeTexasUnited StatesUtahVermontVeterans HealthVirgin IslandsVirginiaWashingtonWest VirginiaWisconsinWyoming,675768325,773422295,367578340,2766.96,5784.79,317738830,3162.74,6746.6,872433,1478396.0,143353,53.069,0,0.0
2021-07-08,AlabamaAlaskaAmerican SamoaArizonaArkansasBureau of PrisonsCaliforniaColoradoConnecticutDelawareDept of DefenseDistrict of ColumbiaFederated States of MicronesiaFloridaGeorgiaGuamHawaiiIdahoIllinoisIndian Health SvcIndianaIowaKansasKentuckyLong Term CareLouisianaMaineMarshall IslandsMarylandMassachusettsMichiganMinnesotaMississippiMissouriMontanaNebraskaNevadaNew HampshireNew JerseyNew MexicoNew York StateNorth CarolinaNorth DakotaNorthern Mariana IslandsOhioOklahomaOregonPennsylvaniaPuerto RicoRepublic of PalauRhode IslandSouth CarolinaSouth DakotaTennesseeTexasUnited StatesUtahVermontVeterans HealthVirgin IslandsVirginiaWashingtonWest VirginiaWisconsinWyoming,669264499,778271105,368259958,2774.49,5799.02,318498583,3170.05,6785.74,1391533,1207649.0,112327,52.898,0,0.0
2021-07-09,AlabamaAlaskaAmerican SamoaArizonaArkansasBureau of PrisonsCaliforniaColoradoConnecticutDelawareDept of DefenseDistrict of ColumbiaFederated States of MicronesiaFloridaGeorgiaGuamHawaiiIdahoIllinoisIndian Health SvcIndianaIowaKansasKentuckyLong Term CareLouisianaMaineMarshall IslandsMarylandMassachusettsMichiganMinnesotaMississippiMissouriMontanaNebraskaNevadaNew HampshireNew JerseyNew MexicoNew York StateNorth CarolinaNorth DakotaNorthern Mariana IslandsOhioOklahomaOregonPennsylvaniaPuerto RicoRepublic of PalauRhode IslandSouth CarolinaSouth DakotaTennesseeTexasUnited StatesUtahVermontVeterans HealthVirgin IslandsVirginiaWashingtonWest VirginiaWisconsinWyoming,670507602,779395445,368871350,2780.8,5810.0,319182414,3175.25,6795.97,1243103,1195396.0,111753,52.917,0,0.0
2021-07-10,AlabamaAlaskaAmerican SamoaArizonaArkansasBureau of PrisonsCaliforniaColoradoConnecticutDelawareDept of DefenseDistrict of ColumbiaFederated States of MicronesiaFloridaGeorgiaGuamHawaiiIdahoIllinoisIndian Health SvcIndianaIowaKansasKentuckyLong Term CareLouisianaMaineMarshall IslandsMarylandMassachusettsMichiganMinnesotaMississippiMissouriMontanaNebraskaNevadaNew HampshireNew JerseyNew MexicoNew York StateNorth CarolinaNorth DakotaNorthern Mariana IslandsOhioOklahomaOregonPennsylvaniaPuerto RicoRepublic of PalauRhode IslandSouth CarolinaSouth DakotaTennesseeTexasUnited StatesUtahVermontVeterans HealthVirgin IslandsVirginiaWashingtonWest VirginiaWisconsinWyoming,671706467,781250845,369459133,2785.87,5819.25,319832662,3179.94,6809.74,1198865,1033001.0,94804,52.892,0,0.0
2021-07-11,AlabamaAlaskaAmerican SamoaArizonaArkansasBureau of PrisonsCaliforniaColoradoConnecticutDelawareDept of DefenseDistrict of ColumbiaFederated States of MicronesiaFloridaGeorgiaGuamHawaiiIdahoIllinoisIndian Health SvcIndianaIowaKansasKentuckyLong Term CareLouisianaMaineMarshall IslandsMarylandMassachusettsMichiganMinnesotaMississippiMissouriMontanaNebraskaNevadaNew HampshireNew JerseyNew MexicoNew York StateNorth CarolinaNorth DakotaNorthern Mariana IslandsOhioOklahomaOregonPennsylvaniaPuerto RicoRepublic of PalauRhode IslandSouth CarolinaSouth DakotaTennesseeTexasUnited StatesUtahVermontVeterans HealthVirgin IslandsVirginiaWashingtonWest VirginiaWisconsinWyoming,672880283,781292245,370050540,2790.57,5827.93,320456973,3184.23,6810.19,1173816,1014749.0,90234,52.971,0,0.0
2021-07-12,AlabamaAlaskaAmerican SamoaArizonaArkansasBureau of PrisonsCaliforniaColoradoConnecticutDelawareDept of DefenseDistrict of ColumbiaFederated States of MicronesiaFloridaGeorgiaGuamHawaiiIdahoIllinoisIndian Health SvcIndianaIowaKansasKentuckyLong Term CareLouisianaMaineMarshall IslandsMarylandMassachusettsMichiganMinnesotaMississippiMissouriMontanaNebraskaNevadaNew HampshireNew JerseyNew MexicoNew York StateNorth CarolinaNorth DakotaNorthern Mariana IslandsOhioOklahomaOregonPennsylvaniaPuerto RicoRepublic of PalauRhode IslandSouth CarolinaSouth DakotaTennesseeTexasUnited StatesUtahVermontVeterans HealthVirgin IslandsVirginiaWashingtonWest VirginiaWisconsinWyoming,673774479,781292245,370512866,2795.03,5835.73,320919860,3188.35,6810.19,894196,1055627.0,94082,53.045,0,0.0
2021-07-13,AlabamaAlaskaAmerican SamoaArizonaArkansasBureau of PrisonsCaliforniaColoradoConnecticutDelawareDept of DefenseDistrict of ColumbiaFederated States of MicronesiaFloridaGeorgiaGuamHawaiiIdahoIllinoisIndian Health SvcIndianaIowaKansasKentuckyLong Term CareLouisianaMaineMarshall IslandsMarylandMassachusettsMichiganMinnesotaMississippiMissouriMontanaNebraskaNevadaNew HampshireNew JerseyNew MexicoNew York StateNorth CarolinaNorth DakotaNorthern Mariana IslandsOhioOklahomaOregonPennsylvaniaPuerto RicoRepublic of PalauRhode IslandSouth CarolinaSouth DakotaTennesseeTexasUnited StatesUtahVermontVeterans HealthVirgin IslandsVirginiaWashingtonWest VirginiaWisconsinWyoming,674454489,781762885,370867787,2798.81,5843.03,321269917,3192.21,6813.7,680010,1065917.0,97164,53.088,0,0.0
2021-07-14,AlabamaAlaskaAmerican SamoaArizonaArkansasBureau of PrisonsCaliforniaColoradoConnecticutDelawareDept of DefenseDistrict of ColumbiaFederated States of MicronesiaFloridaGeorgiaGuamHawaiiIdahoIllinoisIndian Health SvcIndianaIowaKansasKentuckyLong Term CareLouisianaMaineMarshall IslandsMarylandMassachusettsMichiganMinnesotaMississippiMissouriMontanaNebraskaNevadaNew HampshireNew JerseyNew MexicoNew York StateNorth CarolinaNorth DakotaNorthern Mariana IslandsOhioOklahomaOregonPennsylvaniaPuerto RicoRepublic of PalauRhode IslandSouth CarolinaSouth DakotaTennesseeTexasUnited StatesUtahVermontVeterans HealthVirgin IslandsVirginiaWashingtonWest VirginiaWisconsinWyoming,675545741,783161680,371449494,2808.81,5852.27,322172210,3197.68,6819.04,1091252,1097178.0,96450,53.123,0,0.0
2021-07-15,AlabamaAlaskaAmerican SamoaArizonaArkansasBureau of PrisonsCaliforniaColoradoConnecticutDelawareDept of DefenseDistrict of ColumbiaFederated States of MicronesiaFloridaGeorgiaGuamHawaiiIdahoIllinoisIndian Health SvcIndianaIowaKansasKentuckyLong Term CareLouisianaMaineMarshall IslandsMarylandMassachusettsMichiganMinnesotaMississippiMissouriMontanaNebraskaNevadaNew HampshireNew JerseyNew MexicoNew York StateNorth CarolinaNorth DakotaNorthern Mariana IslandsOhioOklahomaOregonPennsylvaniaPuerto RicoRepublic of PalauRhode IslandSouth CarolinaSouth DakotaTennesseeTexasUnited StatesUtahVermontVeterans HealthVirgin IslandsVirginiaWashingtonWest VirginiaWisconsinWyoming,676682977,784050700,372051083,2813.48,5861.71,322737302,3202.75,6826.94,1137236,1060848.0,89604,53.147,0,0.0
2021-07-16,AlabamaAlaskaAmerican SamoaArizonaArkansasBureau of PrisonsCaliforniaColoradoConnecticutDelawareDept of DefenseDistrict of ColumbiaFederated States of MicronesiaFloridaGeorgiaGuamHawaiiIdahoIllinoisIndian Health SvcIndianaIowaKansasKentuckyLong Term CareLouisianaMaineMarshall IslandsMarylandMassachusettsMichiganMinnesotaMississippiMissouriMontanaNebraskaNevadaNew HampshireNew JerseyNew MexicoNew York StateNorth CarolinaNorth DakotaNorthern Mariana IslandsOhioOklahomaOregonPennsylvaniaPuerto RicoRepublic of PalauRhode IslandSouth CarolinaSouth DakotaTennesseeTexasUnited StatesUtahVermontVeterans HealthVirgin IslandsVirginiaWashingtonWest VirginiaWisconsinWyoming,675384941,782484475,371253091,2721.26,5658.31,322210856,3087.17,6583.04,1088566,1038851.0,88983,51.494,0,0.0
2021-07-17,AlabamaAlaskaAmerican SamoaArizonaArkansasBureau of PrisonsCaliforniaColoradoConnecticutDelawareDept of DefenseDistrict of ColumbiaFederated States of MicronesiaFloridaGeorgiaGuamHawaiiIdahoIllinoisIndian Health SvcIndianaIowaKansasKentuckyLong Term CareLouisianaMaineMarshall IslandsMarylandMassachusettsMichiganMinnesotaMississippiMissouriMontanaNebraskaNevadaNew HampshireNew JerseyNew MexicoNew York StateNorth CarolinaNorth DakotaNorthern Mariana IslandsOhioOklahomaOregonPennsylvaniaPuerto RicoRepublic of PalauRhode IslandSouth CarolinaSouth DakotaTennesseeTexasUnited StatesUtahVermontVeterans HealthVirgin IslandsVirginiaWashingtonWest VirginiaWisconsinWyoming,675363897,782505420,371250160,2592.9,5387.97,322218050,2943.47,6277.58,1265738,1048557.0,89549,48.851,0,0.0
2021-07-18,AlabamaAlaskaAmerican SamoaArizonaArkansasBureau of PrisonsCaliforniaColoradoConnecticutDelawareDept of DefenseDistrict of ColumbiaFederated States of MicronesiaFloridaGeorgiaGuamHawaiiIdahoIllinoisIndian Health SvcIndianaIowaKansasKentuckyLong Term CareLouisianaMaineMarshall IslandsMarylandMassachusettsMichiganMinnesotaMississippiMissouriMontanaNebraskaNevadaNew HampshireNew JerseyNew MexicoNew York StateNorth CarolinaNorth DakotaNorthern Mariana IslandsOhioOklahomaOregonPennsylvaniaPuerto RicoRepublic of PalauRhode IslandSouth CarolinaSouth DakotaTennesseeTexasUnited StatesUtahVermontVeterans HealthVirgin IslandsVirginiaWashingtonWest VirginiaWisconsinWyoming,675471286,781428185,371348346,2542.25,5269.25,322310698,2884.84,6124.97,995396,1023286.0,87783,48.093,0,0.0
2021-07-19,AlabamaAlaskaAmerican SamoaArizonaArkansasBureau of PrisonsCaliforniaColoradoConnecticutDelawareDept of DefenseDistrict of ColumbiaFederated States of MicronesiaFloridaGeorgiaGuamHawaiiIdahoIllinoisIndian Health SvcIndianaIowaKansasKentuckyLong Term CareLouisianaMaineMarshall IslandsMarylandMassachusettsMichiganMinnesotaMississippiMissouriMontanaNebraskaNevadaNew HampshireNew JerseyNew MexicoNew York StateNorth CarolinaNorth DakotaNorthern Mariana IslandsOhioOklahomaOregonPennsylvaniaPuerto RicoRepublic of PalauRhode IslandSouth CarolinaSouth DakotaTennesseeTexasUnited StatesUtahVermontVeterans HealthVirgin IslandsVirginiaWashingtonWest VirginiaWisconsinWyoming,649076488,749788645,356978841,2263.8,4694.19,309657611,2572.33,5470.21,884190,1030332.0,84957,42.849,0,0.0
2021-07-20,AlabamaAlaskaAmerican SamoaArizonaArkansasBureau of PrisonsCaliforniaColoradoConnecticutDelawareDept of DefenseDistrict of ColumbiaFederated States of MicronesiaFloridaGeorgiaGuamHawaiiIdahoIllinoisIndian Health SvcIndianaIowaKansasKentuckyLong Term CareLouisianaMaineMarshall IslandsMarylandMassachusettsMichiganMinnesotaMississippiMissouriMontanaNebraskaNevadaNew HampshireNew JerseyNew MexicoNew York StateNorth CarolinaNorth DakotaNorthern Mariana IslandsOhioOklahomaOregonPennsylvaniaPuerto RicoRepublic of PalauRhode IslandSouth CarolinaSouth DakotaTennesseeTexasUnited StatesUtahVermontVeterans HealthVirgin IslandsVirginiaWashingtonWest VirginiaWisconsinWyoming,685867029,792405580,377181417,2759.49,5760.06,327074060,3144.39,6726.55,548270,1019987.0,84661,53.193,0,0.0
2021-07-21,AlabamaAlaskaAmerican SamoaArizonaArkansasBureau of PrisonsCaliforniaColoradoConnecticutDelawareDept of DefenseDistrict of ColumbiaFederated States of MicronesiaFloridaGeorgiaGuamHawaiiIdahoIllinoisIndian Health SvcIndianaIowaKansasKentuckyLong Term CareLouisianaMaineMarshall IslandsMarylandMassachusettsMichiganMinnesotaMississippiMissouriMontanaNebraskaNevadaNew HampshireNew JerseyNew MexicoNew York StateNorth CarolinaNorth DakotaNorthern Mariana IslandsOhioOklahomaOregonPennsylvaniaPuerto RicoRepublic of PalauRhode IslandSouth CarolinaSouth DakotaTennesseeTexasUnited StatesUtahVermontVeterans HealthVirgin IslandsVirginiaWashingtonWest VirginiaWisconsinWyoming,687124244,793437350,377884184,2764.16,5771.11,327607401,3150.72,6734.78,1257215,1043549.0,87562,53.239,0,0.0
2021-07-22,AlabamaAlaskaAmerican SamoaArizonaArkansasBureau of PrisonsCaliforniaColoradoConnecticutDelawareDept of DefenseDistrict of ColumbiaFederated States of MicronesiaFloridaGeorgiaGuamHawaiiIdahoIllinoisIndian Health SvcIndianaIowaKansasKentuckyLong Term CareLouisianaMaineMarshall IslandsMarylandMassachusettsMichiganMinnesotaMississippiMissouriMontanaNebraskaNevadaNew HampshireNew JerseyNew MexicoNew York StateNorth CarolinaNorth DakotaNorthern Mariana IslandsOhioOklahomaOregonPennsylvaniaPuerto RicoRepublic of PalauRhode IslandSouth CarolinaSouth DakotaTennesseeTexasUnited StatesUtahVermontVeterans HealthVirgin IslandsVirginiaWashingtonWest VirginiaWisconsinWyoming,688457756,794933510,378683030,2768.91,5782.27,328170183,3157.52,6748.7803,1333512,1071454.0,90281,53.231,0,0.0
2021-07-23,AlabamaAlaskaAmerican SamoaArizonaArkansasBureau of PrisonsCaliforniaColoradoConnecticutDelawareDept of DefenseDistrict of ColumbiaFederated States of MicronesiaFloridaGeorgiaGuamHawaiiIdahoIllinoisIndian Health SvcIndianaIowaKansasKentuckyLong Term CareLouisianaMaineMarshall IslandsMarylandMassachusettsMichiganMinnesotaMississippiMissouriMontanaNebraskaNevadaNew HampshireNew JerseyNew MexicoNew York StateNorth CarolinaNorth DakotaNorthern Mariana IslandsOhioOklahomaOregonPennsylvaniaPuerto RicoRepublic of PalauRhode IslandSouth CarolinaSouth DakotaTennesseeTexasUnited StatesUtahVermontVeterans HealthVirgin IslandsVirginiaWashingtonWest VirginiaWisconsinWyoming,697590782,798825070,379430026,2848.57,5935.17,328710935,3244.55,6936.18,1211982,1088861.0,89869,54.012,0,0.0
2021-07-24,AlabamaAlaskaAmerican SamoaArizonaArkansasBureau of PrisonsCaliforniaColoradoConnecticutDelawareDept of DefenseDistrict of ColumbiaFederated States of MicronesiaFloridaGeorgiaGuamHawaiiIdahoIllinoisIndian Health SvcIndianaIowaKansasKentuckyLong Term CareLouisianaMaineMarshall IslandsMarylandMassachusettsMichiganMinnesotaMississippiMissouriMontanaNebraskaNevadaNew HampshireNew JerseyNew MexicoNew York StateNorth CarolinaNorth DakotaNorthern Mariana IslandsOhioOklahomaOregonPennsylvaniaPuerto RicoRepublic of PalauRhode IslandSouth CarolinaSouth DakotaTennesseeTexasUnited StatesUtahVermontVeterans HealthVirgin IslandsVirginiaWashingtonWest VirginiaWisconsinWyoming,698954633,800844130,380241109,2854.42,5949.2,329295502,3252.94,6950.32,1363851,1102573.0,96078,54.037,0,0.0
2021-07-25,AlabamaAlaskaAmerican SamoaArizonaArkansasBureau of PrisonsCaliforniaColoradoConnecticutDelawareDept of DefenseDistrict of ColumbiaFederated States of MicronesiaFloridaGeorgiaGuamHawaiiIdahoIllinoisIndian Health SvcIndianaIowaKansasKentuckyLong Term CareLouisianaMaineMarshall IslandsMarylandMassachusettsMichiganMinnesotaMississippiMissouriMontanaNebraskaNevadaNew HampshireNew JerseyNew MexicoNew York StateNorth CarolinaNorth DakotaNorthern Mariana IslandsOhioOklahomaOregonPennsylvaniaPuerto RicoRepublic of PalauRhode IslandSouth CarolinaSouth DakotaTennesseeTexasUnited StatesUtahVermontVeterans HealthVirgin IslandsVirginiaWashingtonWest VirginiaWisconsinWyoming,700527657,800868450,381226218,2858.06,5958.66,329900330,3258.83,6950.4897,1573024,1184731.0,98955,54.122,0,0.0
2021-07-26,AlabamaAlaskaAmerican SamoaArizonaArkansasBureau of PrisonsCaliforniaColoradoConnecticutDelawareDept of DefenseDistrict of ColumbiaFederated States of MicronesiaFloridaGeorgiaGuamHawaiiIdahoIllinoisIndian Health SvcIndianaIowaKansasKentuckyLong Term CareLouisianaMaineMarshall IslandsMarylandMassachusettsMichiganMinnesotaMississippiMissouriMontanaNebraskaNevadaNew HampshireNew JerseyNew MexicoNew York StateNorth CarolinaNorth DakotaNorthern Mariana IslandsOhioOklahomaOregonPennsylvaniaPuerto RicoRepublic of PalauRhode IslandSouth CarolinaSouth DakotaTennesseeTexasUnited StatesUtahVermontVeterans HealthVirgin IslandsVirginiaWashingtonWest VirginiaWisconsinWyoming,701314395,800869650,381740138,2861.01,5966.17,330195677,3263.78,6950.5,786738,1162187.0,101503,54.193,0,0.0
2021-07-27,AlabamaAlaskaAmerican SamoaArizonaArkansasBureau of PrisonsCaliforniaColoradoConnecticutDelawareDept of DefenseDistrict of ColumbiaFederated States of MicronesiaFloridaGeorgiaGuamHawaiiIdahoIllinoisIndian Health SvcIndianaIowaKansasKentuckyLong Term CareLouisianaMaineMarshall IslandsMarylandMassachusettsMichiganMinnesotaMississippiMissouriMontanaNebraskaNevadaNew HampshireNew JerseyNew MexicoNew York StateNorth CarolinaNorth DakotaNorthern Mariana IslandsOhioOklahomaOregonPennsylvaniaPuerto RicoRepublic of PalauRhode IslandSouth CarolinaSouth DakotaTennesseeTexasUnited StatesUtahVermontVeterans HealthVirgin IslandsVirginiaWashingtonWest VirginiaWisconsinWyoming,702107047,801895380,382274179,2863.63,5974.95,330474209,3270.1,6958.75,792652,1188475.0,103860,54.196,0,0.0
2021-07-28,AlabamaAlaskaAmerican SamoaArizonaArkansasBureau of PrisonsCaliforniaColoradoConnecticutDelawareDept of DefenseDistrict of ColumbiaFederated States of MicronesiaFloridaGeorgiaGuamHawaiiIdahoIllinoisIndian Health SvcIndianaIowaKansasKentuckyLong Term CareLouisianaMaineMarshall IslandsMarylandMassachusettsMichiganMinnesotaMississippiMissouriMontanaNebraskaNevadaNew HampshireNew JerseyNew MexicoNew York StateNorth CarolinaNorth DakotaNorthern Mariana IslandsOhioOklahomaOregonPennsylvaniaPuerto RicoRepublic of PalauRhode IslandSouth CarolinaSouth DakotaTennesseeTexasUnited StatesUtahVermontVeterans HealthVirgin IslandsVirginiaWashingtonWest VirginiaWisconsinWyoming,703623151,802922640,383273194,2868.15,5988.6,331027956,3279.57,6966.56,1516104,1225455.0,107264,54.263,0,0.0
2021-07-29,AlabamaAlaskaAmerican SamoaArizonaArkansasBureau of PrisonsCaliforniaColoradoConnecticutDelawareDept of DefenseDistrict of ColumbiaFederated States of MicronesiaFloridaGeorgiaGuamHawaiiIdahoIllinoisIndian Health SvcIndianaIowaKansasKentuckyLong Term CareLouisianaMaineMarshall IslandsMarylandMassachusettsMichiganMinnesotaMississippiMissouriMontanaNebraskaNevadaNew HampshireNew JerseyNew MexicoNew York StateNorth CarolinaNorth DakotaNorthern Mariana IslandsOhioOklahomaOregonPennsylvaniaPuerto RicoRepublic of PalauRhode IslandSouth CarolinaSouth DakotaTennesseeTexasUnited StatesUtahVermontVeterans HealthVirgin IslandsVirginiaWashingtonWest VirginiaWisconsinWyoming,705060845,805906760,384185451,2872.58,6000.22,331595680,3287.24,6998.17,1437694,1240331.0,107575,54.094,0,0.0
2021-07-30,AlabamaAlaskaAmerican SamoaArizonaArkansasBureau of PrisonsCaliforniaColoradoConnecticutDelawareDept of DefenseDistrict of ColumbiaFederated States of MicronesiaFloridaGeorgiaGuamHawaiiIdahoIllinoisIndian Health SvcIndianaIowaKansasKentuckyLong Term CareLouisianaMaineMarshall IslandsMarylandMassachusettsMichiganMinnesotaMississippiMissouriMontanaNebraskaNevadaNew HampshireNew JerseyNew MexicoNew York StateNorth CarolinaNorth DakotaNorthern Mariana IslandsOhioOklahomaOregonPennsylvaniaPuerto RicoRepublic of PalauRhode IslandSouth CarolinaSouth DakotaTennesseeTexasUnited StatesUtahVermontVeterans HealthVirgin IslandsVirginiaWashingtonWest VirginiaWisconsinWyoming,706787917,809157100,385318857,2877.83,6014.7,332230163,3297.28,7022.25,1727072,1313904.0,113726,54.042,0,0.0
2021-07-31,AlabamaAlaskaAmerican SamoaArizonaArkansasBureau of PrisonsCaliforniaColoradoConnecticutDelawareDept of DefenseDistrict of ColumbiaFederated States of MicronesiaFloridaGeorgiaGuamHawaiiIdahoIllinoisIndian Health SvcIndianaIowaKansasKentuckyLong Term CareLouisianaMaineMarshall IslandsMarylandMassachusettsMichiganMinnesotaMississippiMissouriMontanaNebraskaNevadaNew HampshireNew JerseyNew MexicoNew York StateNorth CarolinaNorth DakotaNorthern Mariana IslandsOhioOklahomaOregonPennsylvaniaPuerto RicoRepublic of PalauRhode IslandSouth CarolinaSouth DakotaTennesseeTexasUnited StatesUtahVermontVeterans HealthVirgin IslandsVirginiaWashingtonWest VirginiaWisconsinWyoming,708227436,812337880,386272751,2882.26,6026.49,332761059,3304.92,7045.52,1439519,1324717.0,110412,53.972,0,0.0
2021-08-01,AlabamaAlaskaAmerican SamoaArizonaArkansasBureau of PrisonsCaliforniaColoradoConnecticutDelawareDept of DefenseDistrict of ColumbiaFederated States of MicronesiaFloridaGeorgiaGuamHawaiiIdahoIllinoisIndian Health SvcIndianaIowaKansasKentuckyLong Term CareLouisianaMaineMarshall IslandsMarylandMassachusettsMichiganMinnesotaMississippiMissouriMontanaNebraskaNevadaNew HampshireNew JerseyNew MexicoNew York StateNorth CarolinaNorth DakotaNorthern Mariana IslandsOhioOklahomaOregonPennsylvaniaPuerto RicoRepublic of PalauRhode IslandSouth CarolinaSouth DakotaTennesseeTexasUnited StatesUtahVermontVeterans HealthVirgin IslandsVirginiaWashingtonWest VirginiaWisconsinWyoming,709874515,812335880,387313607,2887.32,6039.57,333387567,3313.51,7045.5,1647079,1335294.0,115650,54.079,0,0.0
2021-08-02,AlabamaAlaskaAmerican SamoaArizonaArkansasBureau of PrisonsCaliforniaColoradoConnecticutDelawareDept of DefenseDistrict of ColumbiaFederated States of MicronesiaFloridaGeorgiaGuamHawaiiIdahoIllinoisIndian Health SvcIndianaIowaKansasKentuckyLong Term CareLouisianaMaineMarshall IslandsMarylandMassachusettsMichiganMinnesotaMississippiMissouriMontanaNebraskaNevadaNew HampshireNew JerseyNew MexicoNew York StateNorth CarolinaNorth DakotaNorthern Mariana IslandsOhioOklahomaOregonPennsylvaniaPuerto RicoRepublic of PalauRhode IslandSouth CarolinaSouth DakotaTennesseeTexasUnited StatesUtahVermontVeterans HealthVirgin IslandsVirginiaWashingtonWest VirginiaWisconsinWyoming,710813468,812336760,387953472,2889.85,6046.3,333712805,3317.97,7045.52,938953,1357037.0,114439,54.142,0,0.0
2021-08-03,AlabamaAlaskaAmerican SamoaArizonaArkansasBureau of PrisonsCaliforniaColoradoConnecticutDelawareDept of DefenseDistrict of ColumbiaFederated States of MicronesiaFloridaGeorgiaGuamHawaiiIdahoIllinoisIndian Health SvcIndianaIowaKansasKentuckyLong Term CareLouisianaMaineMarshall IslandsMarylandMassachusettsMichiganMinnesotaMississippiMissouriMontanaNebraskaNevadaNew HampshireNew JerseyNew MexicoNew York StateNorth CarolinaNorth DakotaNorthern Mariana IslandsOhioOklahomaOregonPennsylvaniaPuerto RicoRepublic of PalauRhode IslandSouth CarolinaSouth DakotaTennesseeTexasUnited StatesUtahVermontVeterans HealthVirgin IslandsVirginiaWashingtonWest VirginiaWisconsinWyoming,711721402,813447760,388557577,2893.02,6054.81,334036653,3323.45,7055.85,907934,1373512.0,114135,54.145,0,0.0
2021-08-04,AlabamaAlaskaAmerican SamoaArizonaArkansasBureau of PrisonsCaliforniaColoradoConnecticutDelawareDept of DefenseDistrict of ColumbiaFederated States of MicronesiaFloridaGeorgiaGuamHawaiiIdahoIllinoisIndian Health SvcIndianaIowaKansasKentuckyLong Term CareLouisianaMaineMarshall IslandsMarylandMassachusettsMichiganMinnesotaMississippiMissouriMontanaNebraskaNevadaNew HampshireNew JerseyNew MexicoNew York StateNorth CarolinaNorth DakotaNorthern Mariana IslandsOhioOklahomaOregonPennsylvaniaPuerto RicoRepublic of PalauRhode IslandSouth CarolinaSouth DakotaTennesseeTexasUnited StatesUtahVermontVeterans HealthVirgin IslandsVirginiaWashingtonWest VirginiaWisconsinWyoming,713185505,815010630,389550915,2898.22,6068.72,334547961,3332.67,7068.35,1464103,1366080.0,114517,54.167,0,0.0
2021-08-05,AlabamaAlaskaAmerican SamoaArizonaArkansasBureau of PrisonsCaliforniaColoradoConnecticutDelawareDept of DefenseDistrict of ColumbiaFederated States of MicronesiaFloridaGeorgiaGuamHawaiiIdahoIllinoisIndian Health SvcIndianaIowaKansasKentuckyLong Term CareLouisianaMaineMarshall IslandsMarylandMassachusettsMichiganMinnesotaMississippiMissouriMontanaNebraskaNevadaNew HampshireNew JerseyNew MexicoNew York StateNorth CarolinaNorth DakotaNorthern Mariana IslandsOhioOklahomaOregonPennsylvaniaPuerto RicoRepublic of PalauRhode IslandSouth CarolinaSouth DakotaTennesseeTexasUnited StatesUtahVermontVeterans HealthVirgin IslandsVirginiaWashingtonWest VirginiaWisconsinWyoming,714929685,817093600,390729841,2902.76,6081.11,335158857,3341.23,7087.46,1744180,1409867.0,115670,54.137,0,0.0
2021-08-06,AlabamaAlaskaAmerican SamoaArizonaArkansasBureau of PrisonsCaliforniaColoradoConnecticutDelawareDept of DefenseDistrict of ColumbiaFederated States of MicronesiaFloridaGeorgiaGuamHawaiiIdahoIllinoisIndian Health SvcIndianaIowaKansasKentuckyLong Term CareLouisianaMaineMarshall IslandsMarylandMassachusettsMichiganMinnesotaMississippiMissouriMontanaNebraskaNevadaNew HampshireNew JerseyNew MexicoNew York StateNorth CarolinaNorth DakotaNorthern Mariana IslandsOhioOklahomaOregonPennsylvaniaPuerto RicoRepublic of PalauRhode IslandSouth CarolinaSouth DakotaTennesseeTexasUnited StatesUtahVermontVeterans HealthVirgin IslandsVirginiaWashingtonWest VirginiaWisconsinWyoming,716587963,821203530,391868346,2908.12,6095.57,335725422,3350.95,7117.7603,1658278,1400034.0,115469,54.046,0,0.0
2021-08-07,AlabamaAlaskaAmerican SamoaArizonaArkansasBureau of PrisonsCaliforniaColoradoConnecticutDelawareDept of DefenseDistrict of ColumbiaFederated States of MicronesiaFloridaGeorgiaGuamHawaiiIdahoIllinoisIndian Health SvcIndianaIowaKansasKentuckyLong Term CareLouisianaMaineMarshall IslandsMarylandMassachusettsMichiganMinnesotaMississippiMissouriMontanaNebraskaNevadaNew HampshireNew JerseyNew MexicoNew York StateNorth CarolinaNorth DakotaNorthern Mariana IslandsOhioOklahomaOregonPennsylvaniaPuerto RicoRepublic of PalauRhode IslandSouth CarolinaSouth DakotaTennesseeTexasUnited StatesUtahVermontVeterans HealthVirgin IslandsVirginiaWashingtonWest VirginiaWisconsinWyoming,718281278,826101300,393039085,2913.46,6110.52,336299587,3361.1,7155.26,1693315,1436296.0,120093,53.902,0,0.0
2021-08-08,AlabamaAlaskaAmerican SamoaArizonaArkansasBureau of PrisonsCaliforniaColoradoConnecticutDelawareDept of DefenseDistrict of ColumbiaFederated States of MicronesiaFloridaGeorgiaGuamHawaiiIdahoIllinoisIndian Health SvcIndianaIowaKansasKentuckyLong Term CareLouisianaMaineMarshall IslandsMarylandMassachusettsMichiganMinnesotaMississippiMissouriMontanaNebraskaNevadaNew HampshireNew JerseyNew MexicoNew York StateNorth CarolinaNorth DakotaNorthern Mariana IslandsOhioOklahomaOregonPennsylvaniaPuerto RicoRepublic of PalauRhode IslandSouth CarolinaSouth DakotaTennesseeTexasUnited StatesUtahVermontVeterans HealthVirgin IslandsVirginiaWashingtonWest VirginiaWisconsinWyoming,719843612,826124360,394085555,2917.27,6121.42,336854198,3368.64,7155.45,1562334,1424182.0,117022,53.992,0,0.0
2021-08-09,AlabamaAlaskaAmerican SamoaArizonaArkansasBureau of PrisonsCaliforniaColoradoConnecticutDelawareDept of DefenseDistrict of ColumbiaFederated States of MicronesiaFloridaGeorgiaGuamHawaiiIdahoIllinoisIndian Health SvcIndianaIowaKansasKentuckyLong Term CareLouisianaMaineMarshall IslandsMarylandMassachusettsMichiganMinnesotaMississippiMissouriMontanaNebraskaNevadaNew HampshireNew JerseyNew MexicoNew York StateNorth CarolinaNorth DakotaNorthern Mariana IslandsOhioOklahomaOregonPennsylvaniaPuerto RicoRepublic of PalauRhode IslandSouth CarolinaSouth DakotaTennesseeTexasUnited StatesUtahVermontVeterans HealthVirgin IslandsVirginiaWashingtonWest VirginiaWisconsinWyoming,719301059,824191750,393907478,2861.04,6010.43,336410157,3308.05,7013.45,1063291,1442236.0,117719,53.224,0,0.0
2021-08-10,AlabamaAlaskaAmerican SamoaArizonaArkansasBureau of PrisonsCaliforniaColoradoConnecticutDelawareDept of DefenseDistrict of ColumbiaFederated States of MicronesiaFloridaGeorgiaGuamHawaiiIdahoIllinoisIndian Health SvcIndianaIowaKansasKentuckyLong Term CareLouisianaMaineMarshall IslandsMarylandMassachusettsMichiganMinnesotaMississippiMissouriMontanaNebraskaNevadaNew HampshireNew JerseyNew MexicoNew York StateNorth CarolinaNorth DakotaNorthern Mariana IslandsOhioOklahomaOregonPennsylvaniaPuerto RicoRepublic of PalauRhode IslandSouth CarolinaSouth DakotaTennesseeTexasUnited StatesUtahVermontVeterans HealthVirgin IslandsVirginiaWashingtonWest VirginiaWisconsinWyoming,720536091,825720300,394753439,2865.18,6021.65,336824466,3315.59,7023.88,1235032,1489249.0,121898,53.251,0,0.0
2021-08-11,AlabamaAlaskaAmerican SamoaArizonaArkansasBureau of PrisonsCaliforniaColoradoConnecticutDelawareDept of DefenseDistrict of ColumbiaFederated States of MicronesiaFloridaGeorgiaGuamHawaiiIdahoIllinoisIndian Health SvcIndianaIowaKansasKentuckyLong Term CareLouisianaMaineMarshall IslandsMarylandMassachusettsMichiganMinnesotaMississippiMissouriMontanaNebraskaNevadaNew HampshireNew JerseyNew MexicoNew York StateNorth CarolinaNorth DakotaNorthern Mariana IslandsOhioOklahomaOregonPennsylvaniaPuerto RicoRepublic of PalauRhode IslandSouth CarolinaSouth DakotaTennesseeTexasUnited StatesUtahVermontVeterans HealthVirgin IslandsVirginiaWashingtonWest VirginiaWisconsinWyoming,721858369,828204840,395622161,2870.27,6033.5,337316338,3323.53,7041.52,1322278,1469273.0,119071,53.238,0,0.0
2021-08-12,AlabamaAlaskaAmerican SamoaArizonaArkansasBureau of PrisonsCaliforniaColoradoConnecticutDelawareDept of DefenseDistrict of ColumbiaFederated States of MicronesiaFloridaGeorgiaGuamHawaiiIdahoIllinoisIndian Health SvcIndianaIowaKansasKentuckyLong Term CareLouisianaMaineMarshall IslandsMarylandMassachusettsMichiganMinnesotaMississippiMissouriMontanaNebraskaNevadaNew HampshireNew JerseyNew MexicoNew York StateNorth CarolinaNorth DakotaNorthern Mariana IslandsOhioOklahomaOregonPennsylvaniaPuerto RicoRepublic of PalauRhode IslandSouth CarolinaSouth DakotaTennesseeTexasUnited StatesUtahVermontVeterans HealthVirgin IslandsVirginiaWashingtonWest VirginiaWisconsinWyoming,725676500,834482750,397854084,3000.36,6301.05,339045356,3471.27,7366.61,1347693,1412920.0,118144,54.850998,0,0.0
2021-08-13,AlabamaAlaskaAmerican SamoaArizonaArkansasBureau of PrisonsCaliforniaColoradoConnecticutDelawareDept of DefenseDistrict of ColumbiaFederated States of MicronesiaFloridaGeorgiaGuamHawaiiIdahoIllinoisIndian Health SvcIndianaIowaKansasKentuckyLong Term CareLouisianaMaineMarshall IslandsMarylandMassachusettsMichiganMinnesotaMississippiMissouriMontanaNebraskaNevadaNew HampshireNew JerseyNew MexicoNew York StateNorth CarolinaNorth DakotaNorthern Mariana IslandsOhioOklahomaOregonPennsylvaniaPuerto RicoRepublic of PalauRhode IslandSouth CarolinaSouth DakotaTennesseeTexasUnited StatesUtahVermontVeterans HealthVirgin IslandsVirginiaWashingtonWest VirginiaWisconsinWyoming,727530633,840732000,399014302,3006.33,6316.26,339740669,3480.65,7411.16,1854133,1440894.0,119250,54.672,0,0.0
2021-08-14,AlabamaAlaskaAmerican SamoaArizonaArkansasBureau of PrisonsCaliforniaColoradoConnecticutDelawareDept of DefenseDistrict of ColumbiaFederated States of MicronesiaFloridaGeorgiaGuamHawaiiIdahoIllinoisIndian Health SvcIndianaIowaKansasKentuckyLong Term CareLouisianaMaineMarshall IslandsMarylandMassachusettsMichiganMinnesotaMississippiMissouriMontanaNebraskaNevadaNew HampshireNew JerseyNew MexicoNew York StateNorth CarolinaNorth DakotaNorthern Mariana IslandsOhioOklahomaOregonPennsylvaniaPuerto RicoRepublic of PalauRhode IslandSouth CarolinaSouth DakotaTennesseeTexasUnited StatesUtahVermontVeterans HealthVirgin IslandsVirginiaWashingtonWest VirginiaWisconsinWyoming,726444099,840307320,398504953,2966.97,6236.57,339066413,3437.22,7328.46,2005783,1485533.0,121781,53.734,0,0.0
2021-08-15,AlabamaAlaskaAmerican SamoaArizonaArkansasBureau of PrisonsCaliforniaColoradoConnecticutDelawareDept of DefenseDistrict of ColumbiaFederated States of MicronesiaFloridaGeorgiaGuamHawaiiIdahoIllinoisIndian Health SvcIndianaIowaKansasKentuckyLong Term CareLouisianaMaineMarshall IslandsMarylandMassachusettsMichiganMinnesotaMississippiMissouriMontanaNebraskaNevadaNew HampshireNew JerseyNew MexicoNew York StateNorth CarolinaNorth DakotaNorthern Mariana IslandsOhioOklahomaOregonPennsylvaniaPuerto RicoRepublic of PalauRhode IslandSouth CarolinaSouth DakotaTennesseeTexasUnited StatesUtahVermontVeterans HealthVirgin IslandsVirginiaWashingtonWest VirginiaWisconsinWyoming,727750974,840340900,399297754,2939.9,6181.27,339595997,3407.09,7241.74,1343996,1454365.0,118136,53.075,0,0.0
2021-08-16,AlabamaAlaskaAmerican SamoaArizonaArkansasBureau of PrisonsCaliforniaColoradoConnecticutDelawareDept of DefenseDistrict of ColumbiaFederated States of MicronesiaFloridaGeorgiaGuamHawaiiIdahoIllinoisIndian Health SvcIndianaIowaKansasKentuckyLong Term CareLouisianaMaineMarshall IslandsMarylandMassachusettsMichiganMinnesotaMississippiMissouriMontanaNebraskaNevadaNew HampshireNew JerseyNew MexicoNew York StateNorth CarolinaNorth DakotaNorthern Mariana IslandsOhioOklahomaOregonPennsylvaniaPuerto RicoRepublic of PalauRhode IslandSouth CarolinaSouth DakotaTennesseeTexasUnited StatesUtahVermontVeterans HealthVirgin IslandsVirginiaWashingtonWest VirginiaWisconsinWyoming,719234546,826936890,394671342,2849.58,5976.31,335636140,3301.1199,6968.34,1618334,1540987.0,127259,51.609,0,0.0
2021-08-17,AlabamaAlaskaAmerican SamoaArizonaArkansasBureau of PrisonsCaliforniaColoradoConnecticutDelawareDept of DefenseDistrict of ColumbiaFederated States of MicronesiaFloridaGeorgiaGuamHawaiiIdahoIllinoisIndian Health SvcIndianaIowaKansasKentuckyLong Term CareLouisianaMaineMarshall IslandsMarylandMassachusettsMichiganMinnesotaMississippiMissouriMontanaNebraskaNevadaNew HampshireNew JerseyNew MexicoNew York StateNorth CarolinaNorth DakotaNorthern Mariana IslandsOhioOklahomaOregonPennsylvaniaPuerto RicoRepublic of PalauRhode IslandSouth CarolinaSouth DakotaTennesseeTexasUnited StatesUtahVermontVeterans HealthVirgin IslandsVirginiaWashingtonWest VirginiaWisconsinWyoming,733812644,846948400,402727927,3028.62,6370.44,342156957,3512.92,7464.61,1206978,1544309.0,132998,54.755,0,0.0
2021-08-18,AlabamaAlaskaAmerican SamoaArizonaArkansasBureau of PrisonsCaliforniaColoradoConnecticutDelawareDept of DefenseDistrict of ColumbiaFederated States of MicronesiaFloridaGeorgiaGuamHawaiiIdahoIllinoisIndian Health SvcIndianaIowaKansasKentuckyLong Term CareLouisianaMaineMarshall IslandsMarylandMassachusettsMichiganMinnesotaMississippiMissouriMontanaNebraskaNevadaNew HampshireNew JerseyNew MexicoNew York StateNorth CarolinaNorth DakotaNorthern Mariana IslandsOhioOklahomaOregonPennsylvaniaPuerto RicoRepublic of PalauRhode IslandSouth CarolinaSouth DakotaTennesseeTexasUnited StatesUtahVermontVeterans HealthVirgin IslandsVirginiaWashingtonWest VirginiaWisconsinWyoming,735237507,851230700,403527145,3034.81,6383.22,342740219,3519.82,7494.83,1424863,1558671.0,134155,54.656,0,0.0
2021-08-19,AlabamaAlaskaAmerican SamoaArizonaArkansasBureau of PrisonsCaliforniaColoradoConnecticutDelawareDept of DefenseDistrict of ColumbiaFederated States of MicronesiaFloridaGeorgiaGuamHawaiiIdahoIllinoisIndian Health SvcIndianaIowaKansasKentuckyLong Term CareLouisianaMaineMarshall IslandsMarylandMassachusettsMichiganMinnesotaMississippiMissouriMontanaNebraskaNevadaNew HampshireNew JerseyNew MexicoNew York StateNorth CarolinaNorth DakotaNorthern Mariana IslandsOhioOklahomaOregonPennsylvaniaPuerto RicoRepublic of PalauRhode IslandSouth CarolinaSouth DakotaTennesseeTexasUnited StatesUtahVermontVeterans HealthVirgin IslandsVirginiaWashingtonWest VirginiaWisconsinWyoming,737300431,856368570,404656946,3042.51,6400.98,343559169,3529.62,7532.7,2062924,1660561.0,142679,54.538,0,0.0
2021-08-20,AlabamaAlaskaAmerican SamoaArizonaArkansasBureau of PrisonsCaliforniaColoradoConnecticutDelawareDept of DefenseDistrict of ColumbiaFederated States of MicronesiaFloridaGeorgiaGuamHawaiiIdahoIllinoisIndian Health SvcIndianaIowaKansasKentuckyLong Term CareLouisianaMaineMarshall IslandsMarylandMassachusettsMichiganMinnesotaMississippiMissouriMontanaNebraskaNevadaNew HampshireNew JerseyNew MexicoNew York StateNorth CarolinaNorth DakotaNorthern Mariana IslandsOhioOklahomaOregonPennsylvaniaPuerto RicoRepublic of PalauRhode IslandSouth CarolinaSouth DakotaTennesseeTexasUnited StatesUtahVermontVeterans HealthVirgin IslandsVirginiaWashingtonWest VirginiaWisconsinWyoming,739341628,864236750,405733187,3050.35,6419.4,344379068,3539.43,7596.13,2041197,1687283.0,147355,54.268,0,0.0
2021-08-21,AlabamaAlaskaAmerican SamoaArizonaArkansasBureau of PrisonsCaliforniaColoradoConnecticutDelawareDept of DefenseDistrict of ColumbiaFederated States of MicronesiaFloridaGeorgiaGuamHawaiiIdahoIllinoisIndian Health SvcIndianaIowaKansasKentuckyLong Term CareLouisianaMaineMarshall IslandsMarylandMassachusettsMichiganMinnesotaMississippiMissouriMontanaNebraskaNevadaNew HampshireNew JerseyNew MexicoNew York StateNorth CarolinaNorth DakotaNorthern Mariana IslandsOhioOklahomaOregonPennsylvaniaPuerto RicoRepublic of PalauRhode IslandSouth CarolinaSouth DakotaTennesseeTexasUnited StatesUtahVermontVeterans HealthVirgin IslandsVirginiaWashingtonWest VirginiaWisconsinWyoming,741460274,869071180,406791786,3057.96,6440.78,345201326,3549.55,7637.12,2118646,1703406.0,154060,54.157,0,0.0
2021-08-22,AlabamaAlaskaAmerican SamoaArizonaArkansasBureau of PrisonsCaliforniaColoradoConnecticutDelawareDept of DefenseDistrict of ColumbiaFederated States of MicronesiaFloridaGeorgiaGuamHawaiiIdahoIllinoisIndian Health SvcIndianaIowaKansasKentuckyLong Term CareLouisianaMaineMarshall IslandsMarylandMassachusettsMichiganMinnesotaMississippiMissouriMontanaNebraskaNevadaNew HampshireNew JerseyNew MexicoNew York StateNorth CarolinaNorth DakotaNorthern Mariana IslandsOhioOklahomaOregonPennsylvaniaPuerto RicoRepublic of PalauRhode IslandSouth CarolinaSouth DakotaTennesseeTexasUnited StatesUtahVermontVeterans HealthVirgin IslandsVirginiaWashingtonWest VirginiaWisconsinWyoming,743423328,869121740,407754698,3064.21,6454.45,346037624,3556.02,7637.45,1963054,1791815.0,161487,54.267,0,0.0
2021-08-23,AlabamaAlaskaAmerican SamoaArizonaArkansasBureau of PrisonsCaliforniaColoradoConnecticutDelawareDept of DefenseDistrict of ColumbiaFederated States of MicronesiaFloridaGeorgiaGuamHawaiiIdahoIllinoisIndian Health SvcIndianaIowaKansasKentuckyLong Term CareLouisianaMaineMarshall IslandsMarylandMassachusettsMichiganMinnesotaMississippiMissouriMontanaNebraskaNevadaNew HampshireNew JerseyNew MexicoNew York StateNorth CarolinaNorth DakotaNorthern Mariana IslandsOhioOklahomaOregonPennsylvaniaPuerto RicoRepublic of PalauRhode IslandSouth CarolinaSouth DakotaTennesseeTexasUnited StatesUtahVermontVeterans HealthVirgin IslandsVirginiaWashingtonWest VirginiaWisconsinWyoming,735091924,858634655,403142397,3008.71,6340.88,341943231,3493.78,7502.72,1211746,1726881.0,154973,52.505,0,0.0
2021-08-24,AlabamaAlaskaAmerican SamoaArizonaArkansasBureau of PrisonsCaliforniaColoradoConnecticutDelawareDept of DefenseDistrict of ColumbiaFederated States of MicronesiaFloridaGeorgiaGuamHawaiiIdahoIllinoisIndian Health SvcIndianaIowaKansasKentuckyLong Term CareLouisianaMaineMarshall IslandsMarylandMassachusettsMichiganMinnesotaMississippiMissouriMontanaNebraskaNevadaNew HampshireNew JerseyNew MexicoNew York StateNorth CarolinaNorth DakotaNorthern Mariana IslandsOhioOklahomaOregonPennsylvaniaPuerto RicoRepublic of PalauRhode IslandSouth CarolinaSouth DakotaTennesseeTexasUnited StatesUtahVermontVeterans HealthVirgin IslandsVirginiaWashingtonWest VirginiaWisconsinWyoming,736384866,858635495,403782280,3014.49,6354.86,342497525,3501.21,7503.12,1292942,1732318.0,153058,52.614,0,0.0
2021-08-25,AlabamaAlaskaAmerican SamoaArizonaArkansasBureau of PrisonsCaliforniaColoradoConnecticutDelawareDept of DefenseDistrict of ColumbiaFederated States of MicronesiaFloridaGeorgiaGuamHawaiiIdahoIllinoisIndian Health SvcIndianaIowaKansasKentuckyLong Term CareLouisianaMaineMarshall IslandsMarylandMassachusettsMichiganMinnesotaMississippiMissouriMontanaNebraskaNevadaNew HampshireNew JerseyNew MexicoNew York StateNorth CarolinaNorth DakotaNorthern Mariana IslandsOhioOklahomaOregonPennsylvaniaPuerto RicoRepublic of PalauRhode IslandSouth CarolinaSouth DakotaTennesseeTexasUnited StatesUtahVermontVeterans HealthVirgin IslandsVirginiaWashingtonWest VirginiaWisconsinWyoming,738458888,862012975,404812529,3021.82,6370.41,343416713,3508.92,7530.03,1860563,1795336.0,157036,53.529,0,0.0
2021-08-26,AlabamaAlaskaAmerican SamoaArizonaArkansasBureau of PrisonsCaliforniaColoradoConnecticutDelawareDept of DefenseDistrict of ColumbiaFederated States of MicronesiaFloridaGeorgiaGuamHawaiiIdahoIllinoisIndian Health SvcIndianaIowaKansasKentuckyLong Term CareLouisianaMaineMarshall IslandsMarylandMassachusettsMichiganMinnesotaMississippiMissouriMontanaNebraskaNevadaNew HampshireNew JerseyNew MexicoNew York StateNorth CarolinaNorth DakotaNorthern Mariana IslandsOhioOklahomaOregonPennsylvaniaPuerto RicoRepublic of PalauRhode IslandSouth CarolinaSouth DakotaTennesseeTexasUnited StatesUtahVermontVeterans HealthVirgin IslandsVirginiaWashingtonWest VirginiaWisconsinWyoming,715749696,842738835,391915033,2921.47,6154.19,332947887,3387.22,7336.32,1798325,1763081.0,154950,51.434,0,0.0
2021-08-27,AlabamaAlaskaAmerican SamoaArizonaArkansasBureau of PrisonsCaliforniaColoradoConnecticutDelawareDept of DefenseDistrict of ColumbiaFederated States of MicronesiaFloridaGeorgiaGuamHawaiiIdahoIllinoisIndian Health SvcIndianaIowaKansasKentuckyLong Term CareLouisianaMaineMarshall IslandsMarylandMassachusettsMichiganMinnesotaMississippiMissouriMontanaNebraskaNevadaNew HampshireNew JerseyNew MexicoNew York StateNorth CarolinaNorth DakotaNorthern Mariana IslandsOhioOklahomaOregonPennsylvaniaPuerto RicoRepublic of PalauRhode IslandSouth CarolinaSouth DakotaTennesseeTexasUnited StatesUtahVermontVeterans HealthVirgin IslandsVirginiaWashingtonWest VirginiaWisconsinWyoming,728022554,860156660,398455761,2985.54,6290.08,338726309,3460.19,7522.97,2125925,1780728.0,153288,52.127,10829112,96.02
2021-08-28,AlabamaAlaskaAmerican SamoaArizonaArkansasBureau of PrisonsCaliforniaColoradoConnecticutDelawareDept of DefenseDistrict of ColumbiaFederated States of MicronesiaFloridaGeorgiaGuamHawaiiIdahoIllinoisIndian Health SvcIndianaIowaKansasKentuckyLong Term CareLouisianaMaineMarshall IslandsMarylandMassachusettsMichiganMinnesotaMississippiMissouriMontanaNebraskaNevadaNew HampshireNew JerseyNew MexicoNew York StateNorth CarolinaNorth DakotaNorthern Mariana IslandsOhioOklahomaOregonPennsylvaniaPuerto RicoRepublic of PalauRhode IslandSouth CarolinaSouth DakotaTennesseeTexasUnited StatesUtahVermontVeterans HealthVirgin IslandsVirginiaWashingtonWest VirginiaWisconsinWyoming,730132424,863817300,399471356,2992.57,6306.39,339622644,3468.26,7560.47,2109870,1783647.0,146449,52.022,11084798,97.58
2021-08-29,AlabamaAlaskaAmerican SamoaArizonaArkansasBureau of PrisonsCaliforniaColoradoConnecticutDelawareDept of DefenseDistrict of ColumbiaFederated States of MicronesiaFloridaGeorgiaGuamHawaiiIdahoIllinoisIndian Health SvcIndianaIowaKansasKentuckyLong Term CareLouisianaMaineMarshall IslandsMarylandMassachusettsMichiganMinnesotaMississippiMissouriMontanaNebraskaNevadaNew HampshireNew JerseyNew MexicoNew York StateNorth CarolinaNorth DakotaNorthern Mariana IslandsOhioOklahomaOregonPennsylvaniaPuerto RicoRepublic of PalauRhode IslandSouth CarolinaSouth DakotaTennesseeTexasUnited StatesUtahVermontVeterans HealthVirgin IslandsVirginiaWashingtonWest VirginiaWisconsinWyoming,732008141,864991100,400342710,2999.19,6322.64,340446627,3476.81,7571.28,1875717,1775348.0,150553,52.091,11308498,98.83
2021-08-30,AlabamaAlaskaAmerican SamoaArizonaArkansasBureau of PrisonsCaliforniaColoradoConnecticutDelawareDept of DefenseDistrict of ColumbiaFederated States of MicronesiaFloridaGeorgiaGuamHawaiiIdahoIllinoisIndian Health SvcIndianaIowaKansasKentuckyLong Term CareLouisianaMaineMarshall IslandsMarylandMassachusettsMichiganMinnesotaMississippiMissouriMontanaNebraskaNevadaNew HampshireNew JerseyNew MexicoNew York StateNorth CarolinaNorth DakotaNorthern Mariana IslandsOhioOklahomaOregonPennsylvaniaPuerto RicoRepublic of PalauRhode IslandSouth CarolinaSouth DakotaTennesseeTexasUnited StatesUtahVermontVeterans HealthVirgin IslandsVirginiaWashingtonWest VirginiaWisconsinWyoming,733335418,864988820,400928629,3003.36,6332.88,341050129,3482.16,7571.25,1327277,1795252.0,152501,52.178,11465589,99.78
2021-08-31,AlabamaAlaskaAmerican SamoaArizonaArkansasBureau of PrisonsCaliforniaColoradoConnecticutDelawareDept of DefenseDistrict of ColumbiaFederated States of MicronesiaFloridaGeorgiaGuamHawaiiIdahoIllinoisIndian Health SvcIndianaIowaKansasKentuckyLong Term CareLouisianaMaineMarshall IslandsMarylandMassachusettsMichiganMinnesotaMississippiMissouriMontanaNebraskaNevadaNew HampshireNew JerseyNew MexicoNew York StateNorth CarolinaNorth DakotaNorthern Mariana IslandsOhioOklahomaOregonPennsylvaniaPuerto RicoRepublic of PalauRhode IslandSouth CarolinaSouth DakotaTennesseeTexasUnited StatesUtahVermontVeterans HealthVirgin IslandsVirginiaWashingtonWest VirginiaWisconsinWyoming,734585235,867582130,401475325,3008.37,6345.21,341613747,3488.73,7591.74,1249817,1792492.0,150528,52.145,11621057,100.83
2021-09-01,AlabamaAlaskaAmerican SamoaArizonaArkansasBureau of PrisonsCaliforniaColoradoConnecticutDelawareDept of DefenseDistrict of ColumbiaFederated States of MicronesiaFloridaGeorgiaGuamHawaiiIdahoIllinoisIndian Health SvcIndianaIowaKansasKentuckyLong Term CareLouisianaMaineMarshall IslandsMarylandMassachusettsMichiganMinnesotaMississippiMissouriMontanaNebraskaNevadaNew HampshireNew JerseyNew MexicoNew York StateNorth CarolinaNorth DakotaNorthern Mariana IslandsOhioOklahomaOregonPennsylvaniaPuerto RicoRepublic of PalauRhode IslandSouth CarolinaSouth DakotaTennesseeTexasUnited StatesUtahVermontVeterans HealthVirgin IslandsVirginiaWashingtonWest VirginiaWisconsinWyoming,736699757,872490280,402464472,3016.33,6362.13,342560194,3497.07,7632.68,2114522,1832179.0,152776,51.968,11857931,102.31
2021-09-02,AlabamaAlaskaAmerican SamoaArizonaArkansasBureau of PrisonsCaliforniaColoradoConnecticutDelawareDept of DefenseDistrict of ColumbiaFederated States of MicronesiaFloridaGeorgiaGuamHawaiiIdahoIllinoisIndian Health SvcIndianaIowaKansasKentuckyLong Term CareLouisianaMaineMarshall IslandsMarylandMassachusettsMichiganMinnesotaMississippiMissouriMontanaNebraskaNevadaNew HampshireNew JerseyNew MexicoNew York StateNorth CarolinaNorth DakotaNorthern Mariana IslandsOhioOklahomaOregonPennsylvaniaPuerto RicoRepublic of PalauRhode IslandSouth CarolinaSouth DakotaTennesseeTexasUnited StatesUtahVermontVeterans HealthVirgin IslandsVirginiaWashingtonWest VirginiaWisconsinWyoming,733764230,871077205,400653206,2973.37,6273.56,341113221,3446.11,7547.58,1633978,1808074.0,149667,51.014,12034691,103.79
2021-09-03,AlabamaAlaskaAmerican SamoaArizonaArkansasBureau of PrisonsCaliforniaColoradoConnecticutDelawareDept of DefenseDistrict of ColumbiaFederated States of MicronesiaFloridaGeorgiaGuamHawaiiIdahoIllinoisIndian Health SvcIndianaIowaKansasKentuckyLong Term CareLouisianaMaineMarshall IslandsMarylandMassachusettsMichiganMinnesotaMississippiMissouriMontanaNebraskaNevadaNew HampshireNew JerseyNew MexicoNew York StateNorth CarolinaNorth DakotaNorthern Mariana IslandsOhioOklahomaOregonPennsylvaniaPuerto RicoRepublic of PalauRhode IslandSouth CarolinaSouth DakotaTennesseeTexasUnited StatesUtahVermontVeterans HealthVirgin IslandsVirginiaWashingtonWest VirginiaWisconsinWyoming,736528788,874826165,401728334,2984.75,6300.63,342219685,3457.53,7580.37,2764558,1898688.0,164114,51.046,12677257,108.9
2021-09-04,AlabamaAlaskaAmerican SamoaArizonaArkansasBureau of PrisonsCaliforniaColoradoConnecticutDelawareDept of DefenseDistrict of ColumbiaFederated States of MicronesiaFloridaGeorgiaGuamHawaiiIdahoIllinoisIndian Health SvcIndianaIowaKansasKentuckyLong Term CareLouisianaMaineMarshall IslandsMarylandMassachusettsMichiganMinnesotaMississippiMissouriMontanaNebraskaNevadaNew HampshireNew JerseyNew MexicoNew York StateNorth CarolinaNorth DakotaNorthern Mariana IslandsOhioOklahomaOregonPennsylvaniaPuerto RicoRepublic of PalauRhode IslandSouth CarolinaSouth DakotaTennesseeTexasUnited StatesUtahVermontVeterans HealthVirgin IslandsVirginiaWashingtonWest VirginiaWisconsinWyoming,738448142,879839795,402603518,2992.27,6317.37,343064983,3465.18,7618.57,1919354,1872214.0,164802,50.927002,12922191,110.73
2021-09-05,AlabamaAlaskaAmerican SamoaArizonaArkansasBureau of PrisonsCaliforniaColoradoConnecticutDelawareDept of DefenseDistrict of ColumbiaFederated States of MicronesiaFloridaGeorgiaGuamHawaiiIdahoIllinoisIndian Health SvcIndianaIowaKansasKentuckyLong Term CareLouisianaMaineMarshall IslandsMarylandMassachusettsMichiganMinnesotaMississippiMissouriMontanaNebraskaNevadaNew HampshireNew JerseyNew MexicoNew York StateNorth CarolinaNorth DakotaNorthern Mariana IslandsOhioOklahomaOregonPennsylvaniaPuerto RicoRepublic of PalauRhode IslandSouth CarolinaSouth DakotaTennesseeTexasUnited StatesUtahVermontVeterans HealthVirgin IslandsVirginiaWashingtonWest VirginiaWisconsinWyoming,0,0,0,0.0,0.0,0,0.0,0.0,0,1745180.0,153531,0.0,0,0.0
2021-09-06,AlabamaAlaskaAmerican SamoaArizonaArkansasBureau of PrisonsCaliforniaColoradoConnecticutDelawareDept of DefenseDistrict of ColumbiaFederated States of MicronesiaFloridaGeorgiaGuamHawaiiIdahoIllinoisIndian Health SvcIndianaIowaKansasKentuckyLong Term CareLouisianaMaineMarshall IslandsMarylandMassachusettsMichiganMinnesotaMississippiMissouriMontanaNebraskaNevadaNew HampshireNew JerseyNew MexicoNew York StateNorth CarolinaNorth DakotaNorthern Mariana IslandsOhioOklahomaOregonPennsylvaniaPuerto RicoRepublic of PalauRhode IslandSouth CarolinaSouth DakotaTennesseeTexasUnited StatesUtahVermontVeterans HealthVirgin IslandsVirginiaWashingtonWest VirginiaWisconsinWyoming,0,0,0,0.0,0.0,0,0.0,0.0,0,1696494.0,150902,0.0,0,0.0
2021-09-07,AlabamaAlaskaAmerican SamoaArizonaArkansasBureau of PrisonsCaliforniaColoradoConnecticutDelawareDept of DefenseDistrict of ColumbiaFederated States of MicronesiaFloridaGeorgiaGuamHawaiiIdahoIllinoisIndian Health SvcIndianaIowaKansasKentuckyLong Term CareLouisianaMaineMarshall IslandsMarylandMassachusettsMichiganMinnesotaMississippiMissouriMontanaNebraskaNevadaNew HampshireNew JerseyNew MexicoNew York StateNorth CarolinaNorth DakotaNorthern Mariana IslandsOhioOklahomaOregonPennsylvaniaPuerto RicoRepublic of PalauRhode IslandSouth CarolinaSouth DakotaTennesseeTexasUnited StatesUtahVermontVeterans HealthVirgin IslandsVirginiaWashingtonWest VirginiaWisconsinWyoming,741392011,879732805,403915372,3003.43,6342.04,344408531,3476.55,7617.85,0,1658872.0,145067,51.132,13262706,113.39
2021-09-08,AlabamaAlaskaAmerican SamoaArizonaArkansasBureau of PrisonsCaliforniaColoradoConnecticutDelawareDept of DefenseDistrict of ColumbiaFederated States of MicronesiaFloridaGeorgiaGuamHawaiiIdahoIllinoisIndian Health SvcIndianaIowaKansasKentuckyLong Term CareLouisianaMaineMarshall IslandsMarylandMassachusettsMichiganMinnesotaMississippiMissouriMontanaNebraskaNevadaNew HampshireNew JerseyNew MexicoNew York StateNorth CarolinaNorth DakotaNorthern Mariana IslandsOhioOklahomaOregonPennsylvaniaPuerto RicoRepublic of PalauRhode IslandSouth CarolinaSouth DakotaTennesseeTexasUnited StatesUtahVermontVeterans HealthVirgin IslandsVirginiaWashingtonWest VirginiaWisconsinWyoming,743252607,880634915,404747873,3010.89,6358.67,345269470,3484.73,7626.24,1860596,1623344.0,144915,51.219,13463382,114.97
2021-09-09,AlabamaAlaskaAmerican SamoaArizonaArkansasBureau of PrisonsCaliforniaColoradoConnecticutDelawareDept of DefenseDistrict of ColumbiaFederated States of MicronesiaFloridaGeorgiaGuamHawaiiIdahoIllinoisIndian Health SvcIndianaIowaKansasKentuckyLong Term CareLouisianaMaineMarshall IslandsMarylandMassachusettsMichiganMinnesotaMississippiMissouriMontanaNebraskaNevadaNew HampshireNew JerseyNew MexicoNew York StateNorth CarolinaNorth DakotaNorthern Mariana IslandsOhioOklahomaOregonPennsylvaniaPuerto RicoRepublic of PalauRhode IslandSouth CarolinaSouth DakotaTennesseeTexasUnited StatesUtahVermontVeterans HealthVirgin IslandsVirginiaWashingtonWest VirginiaWisconsinWyoming,744596739,885021715,405309801,3016.38,6369.89,345923813,3489.58,7660.12,1344132,1581936.0,141316,51.074,13638880,116.25
2021-09-10,AlabamaAlaskaAmerican SamoaArizonaArkansasBureau of PrisonsCaliforniaColoradoConnecticutDelawareDept of DefenseDistrict of ColumbiaFederated States of MicronesiaFloridaGeorgiaGuamHawaiiIdahoIllinoisIndian Health SvcIndianaIowaKansasKentuckyLong Term CareLouisianaMaineMarshall IslandsMarylandMassachusettsMichiganMinnesotaMississippiMissouriMontanaNebraskaNevadaNew HampshireNew JerseyNew MexicoNew York StateNorth CarolinaNorth DakotaNorthern Mariana IslandsOhioOklahomaOregonPennsylvaniaPuerto RicoRepublic of PalauRhode IslandSouth CarolinaSouth DakotaTennesseeTexasUnited StatesUtahVermontVeterans HealthVirgin IslandsVirginiaWashingtonWest VirginiaWisconsinWyoming,746453347,888086275,406088978,3024.93,6387.69,346829975,3497.93,7701.81,1856608,1452225.0,128102,50.929,13855953,117.66
2021-09-11,AlabamaAlaskaAmerican SamoaArizonaArkansasBureau of PrisonsCaliforniaColoradoConnecticutDelawareDept of DefenseDistrict of ColumbiaFederated States of MicronesiaFloridaGeorgiaGuamHawaiiIdahoIllinoisIndian Health SvcIndianaIowaKansasKentuckyLong Term CareLouisianaMaineMarshall IslandsMarylandMassachusettsMichiganMinnesotaMississippiMissouriMontanaNebraskaNevadaNew HampshireNew JerseyNew MexicoNew York StateNorth CarolinaNorth DakotaNorthern Mariana IslandsOhioOklahomaOregonPennsylvaniaPuerto RicoRepublic of PalauRhode IslandSouth CarolinaSouth DakotaTennesseeTexasUnited StatesUtahVermontVeterans HealthVirgin IslandsVirginiaWashingtonWest VirginiaWisconsinWyoming,748233422,892708615,406865282,3032.47,6403.55,347669583,3504.93,7740.33,1780075,1432330.0,126800,50.827,14062762,119.12
2021-09-12,AlabamaAlaskaAmerican SamoaArizonaArkansasBureau of PrisonsCaliforniaColoradoConnecticutDelawareDept of DefenseDistrict of ColumbiaFederated States of MicronesiaFloridaGeorgiaGuamHawaiiIdahoIllinoisIndian Health SvcIndianaIowaKansasKentuckyLong Term CareLouisianaMaineMarshall IslandsMarylandMassachusettsMichiganMinnesotaMississippiMissouriMontanaNebraskaNevadaNew HampshireNew JerseyNew MexicoNew York StateNorth CarolinaNorth DakotaNorthern Mariana IslandsOhioOklahomaOregonPennsylvaniaPuerto RicoRepublic of PalauRhode IslandSouth CarolinaSouth DakotaTennesseeTexasUnited StatesUtahVermontVeterans HealthVirgin IslandsVirginiaWashingtonWest VirginiaWisconsinWyoming,737928371,878360380,401306021,2988.28,6312.99,342637688,3456.82,7617.86,1515035,1508884.0,130208,50.093998,13912539,117.25
2021-09-13,AlabamaAlaskaAmerican SamoaArizonaArkansasBureau of PrisonsCaliforniaColoradoConnecticutDelawareDept of DefenseDistrict of ColumbiaFederated States of MicronesiaFloridaGeorgiaGuamHawaiiIdahoIllinoisIndian Health SvcIndianaIowaKansasKentuckyLong Term CareLouisianaMaineMarshall IslandsMarylandMassachusettsMichiganMinnesotaMississippiMissouriMontanaNebraskaNevadaNew HampshireNew JerseyNew MexicoNew York StateNorth CarolinaNorth DakotaNorthern Mariana IslandsOhioOklahomaOregonPennsylvaniaPuerto RicoRepublic of PalauRhode IslandSouth CarolinaSouth DakotaTennesseeTexasUnited StatesUtahVermontVeterans HealthVirgin IslandsVirginiaWashingtonWest VirginiaWisconsinWyoming,734734226,871932810,399291049,2951.84,6233.12,341215253,3409.5,7486.77,1119344,1530056.0,130299,49.488,14011240,117.950005
2021-09-14,AlabamaAlaskaAmerican SamoaArizonaArkansasBureau of PrisonsCaliforniaColoradoConnecticutDelawareDept of DefenseDistrict of ColumbiaFederated States of MicronesiaFloridaGeorgiaGuamHawaiiIdahoIllinoisIndian Health SvcIndianaIowaKansasKentuckyLong Term CareLouisianaMaineMarshall IslandsMarylandMassachusettsMichiganMinnesotaMississippiMissouriMontanaNebraskaNevadaNew HampshireNew JerseyNew MexicoNew York StateNorth CarolinaNorth DakotaNorthern Mariana IslandsOhioOklahomaOregonPennsylvaniaPuerto RicoRepublic of PalauRhode IslandSouth CarolinaSouth DakotaTennesseeTexasUnited StatesUtahVermontVeterans HealthVirgin IslandsVirginiaWashingtonWest VirginiaWisconsinWyoming,740235705,882327430,402341163,2997.58,6333.06,343770551,3465.93,7650.32,1171951,1558741.0,135330,50.046,14096949,118.87
2021-09-15,AlabamaAlaskaAmerican SamoaArizonaArkansasBureau of PrisonsCaliforniaColoradoConnecticutDelawareDept of DefenseDistrict of ColumbiaFederated States of MicronesiaFloridaGeorgiaGuamHawaiiIdahoIllinoisIndian Health SvcIndianaIowaKansasKentuckyLong Term CareLouisianaMaineMarshall IslandsMarylandMassachusettsMichiganMinnesotaMississippiMissouriMontanaNebraskaNevadaNew HampshireNew JerseyNew MexicoNew York StateNorth CarolinaNorth DakotaNorthern Mariana IslandsOhioOklahomaOregonPennsylvaniaPuerto RicoRepublic of PalauRhode IslandSouth CarolinaSouth DakotaTennesseeTexasUnited StatesUtahVermontVeterans HealthVirgin IslandsVirginiaWashingtonWest VirginiaWisconsinWyoming,741881036,886900170,403077903,3003.4,6344.95,344560029,3471.5898,7691.15,1645331,1528294.0,128600,49.855,14263648,120.0
2021-09-16,AlabamaAlaskaAmerican SamoaArizonaArkansasBureau of PrisonsCaliforniaColoradoConnecticutDelawareDept of DefenseDistrict of ColumbiaFederated States of MicronesiaFloridaGeorgiaGuamHawaiiIdahoIllinoisIndian Health SvcIndianaIowaKansasKentuckyLong Term CareLouisianaMaineMarshall IslandsMarylandMassachusettsMichiganMinnesotaMississippiMissouriMontanaNebraskaNevadaNew HampshireNew JerseyNew MexicoNew York StateNorth CarolinaNorth DakotaNorthern Mariana IslandsOhioOklahomaOregonPennsylvaniaPuerto RicoRepublic of PalauRhode IslandSouth CarolinaSouth DakotaTennesseeTexasUnited StatesUtahVermontVeterans HealthVirgin IslandsVirginiaWashingtonWest VirginiaWisconsinWyoming,755221129,903821535,409993758,3059.75,6460.3,351095226,3531.53,7852.6,1509387,1552205.0,132796,50.547,14681590,123.69
2021-09-17,AlabamaAlaskaAmerican SamoaArizonaArkansasBureau of PrisonsCaliforniaColoradoConnecticutDelawareDept of DefenseDistrict of ColumbiaFederated States of MicronesiaFloridaGeorgiaGuamHawaiiIdahoIllinoisIndian Health SvcIndianaIowaKansasKentuckyLong Term CareLouisianaMaineMarshall IslandsMarylandMassachusettsMichiganMinnesotaMississippiMissouriMontanaNebraskaNevadaNew HampshireNew JerseyNew MexicoNew York StateNorth CarolinaNorth DakotaNorthern Mariana IslandsOhioOklahomaOregonPennsylvaniaPuerto RicoRepublic of PalauRhode IslandSouth CarolinaSouth DakotaTennesseeTexasUnited StatesUtahVermontVeterans HealthVirgin IslandsVirginiaWashingtonWest VirginiaWisconsinWyoming,754377156,904655040,409270787,3005.67,6346.55,350750671,3466.17,7744.69,1875191,1555069.0,130213,49.53,14861398,124.38
2021-09-18,AlabamaAlaskaAmerican SamoaArizonaArkansasBureau of PrisonsCaliforniaColoradoConnecticutDelawareDept of DefenseDistrict of ColumbiaFederated States of MicronesiaFloridaGeorgiaGuamHawaiiIdahoIllinoisIndian Health SvcIndianaIowaKansasKentuckyLong Term CareLouisianaMaineMarshall IslandsMarylandMassachusettsMichiganMinnesotaMississippiMissouriMontanaNebraskaNevadaNew HampshireNew JerseyNew MexicoNew York StateNorth CarolinaNorth DakotaNorthern Mariana IslandsOhioOklahomaOregonPennsylvaniaPuerto RicoRepublic of PalauRhode IslandSouth CarolinaSouth DakotaTennesseeTexasUnited StatesUtahVermontVeterans HealthVirgin IslandsVirginiaWashingtonWest VirginiaWisconsinWyoming,756181090,909001760,410041347,3013.55,6361.59,351657586,3472.75,7777.15,1803934,1558686.0,129241,49.457,15044221,125.659996
2021-09-19,AlabamaAlaskaAmerican SamoaArizonaArkansasBureau of PrisonsCaliforniaColoradoConnecticutDelawareDept of DefenseDistrict of ColumbiaFederated States of MicronesiaFloridaGeorgiaGuamHawaiiIdahoIllinoisIndian Health SvcIndianaIowaKansasKentuckyLong Term CareLouisianaMaineMarshall IslandsMarylandMassachusettsMichiganMinnesotaMississippiMissouriMontanaNebraskaNevadaNew HampshireNew JerseyNew MexicoNew York StateNorth CarolinaNorth DakotaNorthern Mariana IslandsOhioOklahomaOregonPennsylvaniaPuerto RicoRepublic of PalauRhode IslandSouth CarolinaSouth DakotaTennesseeTexasUnited StatesUtahVermontVeterans HealthVirgin IslandsVirginiaWashingtonWest VirginiaWisconsinWyoming,755677762,906727840,409532938,2962.3,6241.71,351537875,3400.59,7616.35,1338153,1533624.0,128886,48.729,15165396,126.08
2021-09-20,AlabamaAlaskaAmerican SamoaArizonaArkansasBureau of PrisonsCaliforniaColoradoConnecticutDelawareDept of DefenseDistrict of ColumbiaFederated States of MicronesiaFloridaGeorgiaGuamHawaiiIdahoIllinoisIndian Health SvcIndianaIowaKansasKentuckyLong Term CareLouisianaMaineMarshall IslandsMarylandMassachusettsMichiganMinnesotaMississippiMissouriMontanaNebraskaNevadaNew HampshireNew JerseyNew MexicoNew York StateNorth CarolinaNorth DakotaNorthern Mariana IslandsOhioOklahomaOregonPennsylvaniaPuerto RicoRepublic of PalauRhode IslandSouth CarolinaSouth DakotaTennesseeTexasUnited StatesUtahVermontVeterans HealthVirgin IslandsVirginiaWashingtonWest VirginiaWisconsinWyoming,745572116,892911095,403656742,2903.18,6121.76,346570748,3332.26,7471.22,1270319,1554593.0,128998,47.892,15286963,126.67
2021-09-21,AlabamaAlaskaAmerican SamoaArizonaArkansasBureau of PrisonsCaliforniaColoradoConnecticutDelawareDept of DefenseDistrict of ColumbiaFederated States of MicronesiaFloridaGeorgiaGuamHawaiiIdahoIllinoisIndian Health SvcIndianaIowaKansasKentuckyLong Term CareLouisianaMaineMarshall IslandsMarylandMassachusettsMichiganMinnesotaMississippiMissouriMontanaNebraskaNevadaNew HampshireNew JerseyNew MexicoNew York StateNorth CarolinaNorth DakotaNorthern Mariana IslandsOhioOklahomaOregonPennsylvaniaPuerto RicoRepublic of PalauRhode IslandSouth CarolinaSouth DakotaTennesseeTexasUnited StatesUtahVermontVeterans HealthVirgin IslandsVirginiaWashingtonWest VirginiaWisconsinWyoming,746528237,894259855,404035890,2823.1,5961.31,347069226,3238.1301,7303.17,986670,1527534.0,127068,46.942,15381363,127.39
2021-09-22,AlabamaAlaskaAmerican SamoaArizonaArkansasBureau of PrisonsCaliforniaColoradoConnecticutDelawareDept of DefenseDistrict of ColumbiaFederated States of MicronesiaFloridaGeorgiaGuamHawaiiIdahoIllinoisIndian Health SvcIndianaIowaKansasKentuckyLong Term CareLouisianaMaineMarshall IslandsMarylandMassachusettsMichiganMinnesotaMississippiMissouriMontanaNebraskaNevadaNew HampshireNew JerseyNew MexicoNew York StateNorth CarolinaNorth DakotaNorthern Mariana IslandsOhioOklahomaOregonPennsylvaniaPuerto RicoRepublic of PalauRhode IslandSouth CarolinaSouth DakotaTennesseeTexasUnited StatesUtahVermontVeterans HealthVirgin IslandsVirginiaWashingtonWest VirginiaWisconsinWyoming,745154045,892896050,403419527,2753.06,5819.07,346555523,3167.54,7136.14,1398031,1495091.0,127233,45.271,15287534,122.9
2021-09-23,AlabamaAlaskaAmerican SamoaArizonaArkansasBureau of PrisonsCaliforniaColoradoConnecticutDelawareDept of DefenseDistrict of ColumbiaFederated States of MicronesiaFloridaGeorgiaGuamHawaiiIdahoIllinoisIndian Health SvcIndianaIowaKansasKentuckyLong Term CareLouisianaMaineMarshall IslandsMarylandMassachusettsMichiganMinnesotaMississippiMissouriMontanaNebraskaNevadaNew HampshireNew JerseyNew MexicoNew York StateNorth CarolinaNorth DakotaNorthern Mariana IslandsOhioOklahomaOregonPennsylvaniaPuerto RicoRepublic of PalauRhode IslandSouth CarolinaSouth DakotaTennesseeTexasUnited StatesUtahVermontVeterans HealthVirgin IslandsVirginiaWashingtonWest VirginiaWisconsinWyoming,739722003,884681390,400234187,3002.35,6321.11,344732005,3441.54,7737.89,1031691,1435427.0,124442,48.547,14658257,129.32
2021-09-24,AlabamaAlaskaAmerican SamoaArizonaArkansasBureau of PrisonsCaliforniaColoradoConnecticutDelawareDept of DefenseDistrict of ColumbiaFederated States of MicronesiaFloridaGeorgiaGuamHawaiiIdahoIllinoisIndian Health SvcIndianaIowaKansasKentuckyLong Term CareLouisianaMaineMarshall IslandsMarylandMassachusettsMichiganMinnesotaMississippiMissouriMontanaNebraskaNevadaNew HampshireNew JerseyNew MexicoNew York StateNorth CarolinaNorth DakotaNorthern Mariana IslandsOhioOklahomaOregonPennsylvaniaPuerto RicoRepublic of PalauRhode IslandSouth CarolinaSouth DakotaTennesseeTexasUnited StatesUtahVermontVeterans HealthVirgin IslandsVirginiaWashingtonWest VirginiaWisconsinWyoming,741198443,886830090,400834745,3058.3699,6443.42,345458900,3506.96,7874.51,1415924,1375594.0,122972,49.449,14846986,131.75
2021-09-25,AlabamaAlaskaAmerican SamoaArizonaArkansasBureau of PrisonsCaliforniaColoradoConnecticutDelawareDept of DefenseDistrict of ColumbiaFederated States of MicronesiaFloridaGeorgiaGuamHawaiiIdahoIllinoisIndian Health SvcIndianaIowaKansasKentuckyLong Term CareLouisianaMaineMarshall IslandsMarylandMassachusettsMichiganMinnesotaMississippiMissouriMontanaNebraskaNevadaNew HampshireNew JerseyNew MexicoNew York StateNorth CarolinaNorth DakotaNorthern Mariana IslandsOhioOklahomaOregonPennsylvaniaPuerto RicoRepublic of PalauRhode IslandSouth CarolinaSouth DakotaTennesseeTexasUnited StatesUtahVermontVeterans HealthVirgin IslandsVirginiaWashingtonWest VirginiaWisconsinWyoming,742708776,889032550,401431230,3065.9,6457.44,346195679,3512.13,7893.66,1510333,1339336.0,121693,49.436,15060637,133.35
2021-09-26,AlabamaAlaskaAmerican SamoaArizonaArkansasBureau of PrisonsCaliforniaColoradoConnecticutDelawareDept of DefenseDistrict of ColumbiaFederated States of MicronesiaFloridaGeorgiaGuamHawaiiIdahoIllinoisIndian Health SvcIndianaIowaKansasKentuckyLong Term CareLouisianaMaineMarshall IslandsMarylandMassachusettsMichiganMinnesotaMississippiMissouriMontanaNebraskaNevadaNew HampshireNew JerseyNew MexicoNew York StateNorth CarolinaNorth DakotaNorthern Mariana IslandsOhioOklahomaOregonPennsylvaniaPuerto RicoRepublic of PalauRhode IslandSouth CarolinaSouth DakotaTennesseeTexasUnited StatesUtahVermontVeterans HealthVirgin IslandsVirginiaWashingtonWest VirginiaWisconsinWyoming,744113052,889019970,401964816,3070.01,6466.84,346795126,3515.76,7893.73,1404276,1354156.0,120463,49.519,15357399,134.97
2021-09-27,AlabamaAlaskaAmerican SamoaArizonaArkansasBureau of PrisonsCaliforniaColoradoConnecticutDelawareDept of DefenseDistrict of ColumbiaFederated States of MicronesiaFloridaGeorgiaGuamHawaiiIdahoIllinoisIndian Health SvcIndianaIowaKansasKentuckyLong Term CareLouisianaMaineMarshall IslandsMarylandMassachusettsMichiganMinnesotaMississippiMissouriMontanaNebraskaNevadaNew HampshireNew JerseyNew MexicoNew York StateNorth CarolinaNorth DakotaNorthern Mariana IslandsOhioOklahomaOregonPennsylvaniaPuerto RicoRepublic of PalauRhode IslandSouth CarolinaSouth DakotaTennesseeTexasUnited StatesUtahVermontVeterans HealthVirgin IslandsVirginiaWashingtonWest VirginiaWisconsinWyoming,745149916,889028090,402343371,3074.39,6477.58,347202517,3519.87,7893.81,1036864,1325852.0,124076,49.6,15613239,137.27
2021-09-28,AlabamaAlaskaAmerican SamoaArizonaArkansasBureau of PrisonsCaliforniaColoradoConnecticutDelawareDept of DefenseDistrict of ColumbiaFederated States of MicronesiaFloridaGeorgiaGuamHawaiiIdahoIllinoisIndian Health SvcIndianaIowaKansasKentuckyLong Term CareLouisianaMaineMarshall IslandsMarylandMassachusettsMichiganMinnesotaMississippiMissouriMontanaNebraskaNevadaNew HampshireNew JerseyNew MexicoNew York StateNorth CarolinaNorth DakotaNorthern Mariana IslandsOhioOklahomaOregonPennsylvaniaPuerto RicoRepublic of PalauRhode IslandSouth CarolinaSouth DakotaTennesseeTexasUnited StatesUtahVermontVeterans HealthVirgin IslandsVirginiaWashingtonWest VirginiaWisconsinWyoming,355042658,417961385,188865037,3022.97,6370.88,163508262,3459.21,7764.76,557665,1364438.0,125414,48.751,7933631,138.11
2021-09-29,AlabamaAlaskaAmerican SamoaArizonaArkansasBureau of PrisonsCaliforniaColoradoConnecticutDelawareDept of DefenseDistrict of ColumbiaFederated States of MicronesiaFloridaGeorgiaGuamHawaiiIdahoIllinoisIndian Health SvcIndianaIowaKansasKentuckyLong Term CareLouisianaMaineMarshall IslandsMarylandMassachusettsMichiganMinnesotaMississippiMissouriMontanaNebraskaNevadaNew HampshireNew JerseyNew MexicoNew York StateNorth CarolinaNorth DakotaNorthern Mariana IslandsOhioOklahomaOregonPennsylvaniaPuerto RicoRepublic of PalauRhode IslandSouth CarolinaSouth DakotaTennesseeTexasUnited StatesUtahVermontVeterans HealthVirgin IslandsVirginiaWashingtonWest VirginiaWisconsinWyoming,780028057,934807175,420410518,3134.94,6615.9,362874563,3588.39,8072.36,752010,1369696.0,131247,50.338,17981120,150.77
2021-09-30,AlabamaAlaskaAmerican SamoaArizonaArkansasBureau of PrisonsCaliforniaColoradoConnecticutDelawareDept of DefenseDistrict of ColumbiaFederated States of MicronesiaFloridaGeorgiaGuamHawaiiIdahoIllinoisIndian Health SvcIndianaIowaKansasKentuckyLong Term CareLouisianaMaineMarshall IslandsMarylandMassachusettsMichiganMinnesotaMississippiMissouriMontanaNebraskaNevadaNew HampshireNew JerseyNew MexicoNew York StateNorth CarolinaNorth DakotaNorthern Mariana IslandsOhioOklahomaOregonPennsylvaniaPuerto RicoRepublic of PalauRhode IslandSouth CarolinaSouth DakotaTennesseeTexasUnited StatesUtahVermontVeterans HealthVirgin IslandsVirginiaWashingtonWest VirginiaWisconsinWyoming,781848591,935389255,420982715,3139.55,6630.41,363402894,3592.82,8078.18,1820534,1473143.0,134563,50.416,18723158,156.28
2021-10-01,AlabamaAlaskaAmerican SamoaArizonaArkansasBureau of PrisonsCaliforniaColoradoConnecticutDelawareDept of DefenseDistrict of ColumbiaFederated States of MicronesiaFloridaGeorgiaGuamHawaiiIdahoIllinoisIndian Health SvcIndianaIowaKansasKentuckyLong Term CareLouisianaMaineMarshall IslandsMarylandMassachusettsMichiganMinnesotaMississippiMissouriMontanaNebraskaNevadaNew HampshireNew JerseyNew MexicoNew York StateNorth CarolinaNorth DakotaNorthern Mariana IslandsOhioOklahomaOregonPennsylvaniaPuerto RicoRepublic of PalauRhode IslandSouth CarolinaSouth DakotaTennesseeTexasUnited StatesUtahVermontVeterans HealthVirgin IslandsVirginiaWashingtonWest VirginiaWisconsinWyoming,772873201,927353375,415806236,3092.85,6540.67,358675070,3541.04,7989.28,1651679,1504243.0,137434,49.475,19306495,161.46
2021-10-02,AlabamaAlaskaAmerican SamoaArizonaArkansasBureau of PrisonsCaliforniaColoradoConnecticutDelawareDept of DefenseDistrict of ColumbiaFederated States of MicronesiaFloridaGeorgiaGuamHawaiiIdahoIllinoisIndian Health SvcIndianaIowaKansasKentuckyLong Term CareLouisianaMaineMarshall IslandsMarylandMassachusettsMichiganMinnesotaMississippiMissouriMontanaNebraskaNevadaNew HampshireNew JerseyNew MexicoNew York StateNorth CarolinaNorth DakotaNorthern Mariana IslandsOhioOklahomaOregonPennsylvaniaPuerto RicoRepublic of PalauRhode IslandSouth CarolinaSouth DakotaTennesseeTexasUnited StatesUtahVermontVeterans HealthVirgin IslandsVirginiaWashingtonWest VirginiaWisconsinWyoming,774657189,929855065,416324667,3096.94,6554.67,359226817,3545.01,8014.7603,1783988,1540843.0,137536,49.43,20049748,167.52
2021-10-03,AlabamaAlaskaAmerican SamoaArizonaArkansasBureau of PrisonsCaliforniaColoradoConnecticutDelawareDept of DefenseDistrict of ColumbiaFederated States of MicronesiaFloridaGeorgiaGuamHawaiiIdahoIllinoisIndian Health SvcIndianaIowaKansasKentuckyLong Term CareLouisianaMaineMarshall IslandsMarylandMassachusettsMichiganMinnesotaMississippiMissouriMontanaNebraskaNevadaNew HampshireNew JerseyNew MexicoNew York StateNorth CarolinaNorth DakotaNorthern Mariana IslandsOhioOklahomaOregonPennsylvaniaPuerto RicoRepublic of PalauRhode IslandSouth CarolinaSouth DakotaTennesseeTexasUnited StatesUtahVermontVeterans HealthVirgin IslandsVirginiaWashingtonWest VirginiaWisconsinWyoming,777054885,929948815,417026785,3101.07,6570.03,359899812,3549.34,8017.59,2397696,1680267.0,146241,49.524,21074755,173.84
2021-10-04,AlabamaAlaskaAmerican SamoaArizonaArkansasBureau of PrisonsCaliforniaColoradoConnecticutDelawareDept of DefenseDistrict of ColumbiaFederated States of MicronesiaFloridaGeorgiaGuamHawaiiIdahoIllinoisIndian Health SvcIndianaIowaKansasKentuckyLong Term CareLouisianaMaineMarshall IslandsMarylandMassachusettsMichiganMinnesotaMississippiMissouriMontanaNebraskaNevadaNew HampshireNew JerseyNew MexicoNew York StateNorth CarolinaNorth DakotaNorthern Mariana IslandsOhioOklahomaOregonPennsylvaniaPuerto RicoRepublic of PalauRhode IslandSouth CarolinaSouth DakotaTennesseeTexasUnited StatesUtahVermontVeterans HealthVirgin IslandsVirginiaWashingtonWest VirginiaWisconsinWyoming,778931914,929913295,417535627,3104.85,6583.59,360467384,3553.12,8017.89,1877029,1797799.0,150385,49.618,21879992,179.73999
2021-10-05,AlabamaAlaskaAmerican SamoaArizonaArkansasBureau of PrisonsCaliforniaColoradoConnecticutDelawareDept of DefenseDistrict of ColumbiaFederated States of MicronesiaFloridaGeorgiaGuamHawaiiIdahoIllinoisIndian Health SvcIndianaIowaKansasKentuckyLong Term CareLouisianaMaineMarshall IslandsMarylandMassachusettsMichiganMinnesotaMississippiMissouriMontanaNebraskaNevadaNew HampshireNew JerseyNew MexicoNew York StateNorth CarolinaNorth DakotaNorthern Mariana IslandsOhioOklahomaOregonPennsylvaniaPuerto RicoRepublic of PalauRhode IslandSouth CarolinaSouth DakotaTennesseeTexasUnited StatesUtahVermontVeterans HealthVirgin IslandsVirginiaWashingtonWest VirginiaWisconsinWyoming,780494430,931773775,417992663,3110.11,6599.93,360999141,3557.49,8030.87,1562516,1844019.0,157855,49.658,22466338,186.44
2021-10-06,AlabamaAlaskaAmerican SamoaArizonaArkansasBureau of PrisonsCaliforniaColoradoConnecticutDelawareDept of DefenseDistrict of ColumbiaFederated States of MicronesiaFloridaGeorgiaGuamHawaiiIdahoIllinoisIndian Health SvcIndianaIowaKansasKentuckyLong Term CareLouisianaMaineMarshall IslandsMarylandMassachusettsMichiganMinnesotaMississippiMissouriMontanaNebraskaNevadaNew HampshireNew JerseyNew MexicoNew York StateNorth CarolinaNorth DakotaNorthern Mariana IslandsOhioOklahomaOregonPennsylvaniaPuerto RicoRepublic of PalauRhode IslandSouth CarolinaSouth DakotaTennesseeTexasUnited StatesUtahVermontVeterans HealthVirgin IslandsVirginiaWashingtonWest VirginiaWisconsinWyoming,781423705,932627590,418002424,3063.61,6507.22,361174138,3502.95,7910.63,1896908,1910505.0,159477,48.876,23167265,191.31
2021-10-07,AlabamaAlaskaAmerican SamoaArizonaArkansasBureau of PrisonsCaliforniaColoradoConnecticutDelawareDept of DefenseDistrict of ColumbiaFederated States of MicronesiaFloridaGeorgiaGuamHawaiiIdahoIllinoisIndian Health SvcIndianaIowaKansasKentuckyLong Term CareLouisianaMaineMarshall IslandsMarylandMassachusettsMichiganMinnesotaMississippiMissouriMontanaNebraskaNevadaNew HampshireNew JerseyNew MexicoNew York StateNorth CarolinaNorth DakotaNorthern Mariana IslandsOhioOklahomaOregonPennsylvaniaPuerto RicoRepublic of PalauRhode IslandSouth CarolinaSouth DakotaTennesseeTexasUnited StatesUtahVermontVeterans HealthVirgin IslandsVirginiaWashingtonWest VirginiaWisconsinWyoming,783155191,936339670,418501560,3067.79,6522.44,361628510,3507.12,7944.51,1731486,1901805.0,161043,48.777,23959322,198.09
2021-10-08,AlabamaAlaskaAmerican SamoaArizonaArkansasBureau of PrisonsCaliforniaColoradoConnecticutDelawareDept of DefenseDistrict of ColumbiaFederated States of MicronesiaFloridaGeorgiaGuamHawaiiIdahoIllinoisIndian Health SvcIndianaIowaKansasKentuckyLong Term CareLouisianaMaineMarshall IslandsMarylandMassachusettsMichiganMinnesotaMississippiMissouriMontanaNebraskaNevadaNew HampshireNew JerseyNew MexicoNew York StateNorth CarolinaNorth DakotaNorthern Mariana IslandsOhioOklahomaOregonPennsylvaniaPuerto RicoRepublic of PalauRhode IslandSouth CarolinaSouth DakotaTennesseeTexasUnited StatesUtahVermontVeterans HealthVirgin IslandsVirginiaWashingtonWest VirginiaWisconsinWyoming,788128517,956507100,424827660,3125.75,6650.3,367469139,3569.93,8132.35,2157701,1974529.0,165198,49.419,25187280,209.08
2021-10-09,AlabamaAlaskaAmerican SamoaArizonaArkansasBureau of PrisonsCaliforniaColoradoConnecticutDelawareDept of DefenseDistrict of ColumbiaFederated States of MicronesiaFloridaGeorgiaGuamHawaiiIdahoIllinoisIndian Health SvcIndianaIowaKansasKentuckyLong Term CareLouisianaMaineMarshall IslandsMarylandMassachusettsMichiganMinnesotaMississippiMissouriMontanaNebraskaNevadaNew HampshireNew JerseyNew MexicoNew York StateNorth CarolinaNorth DakotaNorthern Mariana IslandsOhioOklahomaOregonPennsylvaniaPuerto RicoRepublic of PalauRhode IslandSouth CarolinaSouth DakotaTennesseeTexasUnited StatesUtahVermontVeterans HealthVirgin IslandsVirginiaWashingtonWest VirginiaWisconsinWyoming,790379308,959550050,425445449,3130.6,6670.78,368049771,3574.67,8157.2197,2250791,2037924.0,174385,49.412,26265062,220.1
2021-10-10,AlabamaAlaskaAmerican SamoaArizonaArkansasBureau of PrisonsCaliforniaColoradoConnecticutDelawareDept of DefenseDistrict of ColumbiaFederated States of MicronesiaFloridaGeorgiaGuamHawaiiIdahoIllinoisIndian Health SvcIndianaIowaKansasKentuckyLong Term CareLouisianaMaineMarshall IslandsMarylandMassachusettsMichiganMinnesotaMississippiMissouriMontanaNebraskaNevadaNew HampshireNew JerseyNew MexicoNew York StateNorth CarolinaNorth DakotaNorthern Mariana IslandsOhioOklahomaOregonPennsylvaniaPuerto RicoRepublic of PalauRhode IslandSouth CarolinaSouth DakotaTennesseeTexasUnited StatesUtahVermontVeterans HealthVirgin IslandsVirginiaWashingtonWest VirginiaWisconsinWyoming,0,0,0,0.0,0.0,0,0.0,0.0,0,1855018.0,166237,0.0,0,0.0
2021-10-11,AlabamaAlaskaAmerican SamoaArizonaArkansasBureau of PrisonsCaliforniaColoradoConnecticutDelawareDept of DefenseDistrict of ColumbiaFederated States of MicronesiaFloridaGeorgiaGuamHawaiiIdahoIllinoisIndian Health SvcIndianaIowaKansasKentuckyLong Term CareLouisianaMaineMarshall IslandsMarylandMassachusettsMichiganMinnesotaMississippiMissouriMontanaNebraskaNevadaNew HampshireNew JerseyNew MexicoNew York StateNorth CarolinaNorth DakotaNorthern Mariana IslandsOhioOklahomaOregonPennsylvaniaPuerto RicoRepublic of PalauRhode IslandSouth CarolinaSouth DakotaTennesseeTexasUnited StatesUtahVermontVeterans HealthVirgin IslandsVirginiaWashingtonWest VirginiaWisconsinWyoming,0,0,0,0.0,0.0,0,0.0,0.0,0,1746479.0,160708,0.0,0,0.0
2021-10-12,AlabamaAlaskaAmerican SamoaArizonaArkansasBureau of PrisonsCaliforniaColoradoConnecticutDelawareDept of DefenseDistrict of ColumbiaFederated States of MicronesiaFloridaGeorgiaGuamHawaiiIdahoIllinoisIndian Health SvcIndianaIowaKansasKentuckyLong Term CareLouisianaMaineMarshall IslandsMarylandMassachusettsMichiganMinnesotaMississippiMissouriMontanaNebraskaNevadaNew HampshireNew JerseyNew MexicoNew York StateNorth CarolinaNorth DakotaNorthern Mariana IslandsOhioOklahomaOregonPennsylvaniaPuerto RicoRepublic of PalauRhode IslandSouth CarolinaSouth DakotaTennesseeTexasUnited StatesUtahVermontVeterans HealthVirgin IslandsVirginiaWashingtonWest VirginiaWisconsinWyoming,793804485,961290780,426446151,3138.55,6699.88,369020900,3582.5999,8174.21,0,1683621.0,151166,49.510998,27741414,233.23
2021-10-13,AlabamaAlaskaAmerican SamoaArizonaArkansasBureau of PrisonsCaliforniaColoradoConnecticutDelawareDept of DefenseDistrict of ColumbiaFederated States of MicronesiaFloridaGeorgiaGuamHawaiiIdahoIllinoisIndian Health SvcIndianaIowaKansasKentuckyLong Term CareLouisianaMaineMarshall IslandsMarylandMassachusettsMichiganMinnesotaMississippiMissouriMontanaNebraskaNevadaNew HampshireNew JerseyNew MexicoNew York StateNorth CarolinaNorth DakotaNorthern Mariana IslandsOhioOklahomaOregonPennsylvaniaPuerto RicoRepublic of PalauRhode IslandSouth CarolinaSouth DakotaTennesseeTexasUnited StatesUtahVermontVeterans HealthVirgin IslandsVirginiaWashingtonWest VirginiaWisconsinWyoming,795372823,963390440,426885905,3142.57,6714.71,369460510,3586.49,8193.01,1568338,1638413.0,148033,49.509,28449842,240.16
2021-10-14,AlabamaAlaskaAmerican SamoaArizonaArkansasBureau of PrisonsCaliforniaColoradoConnecticutDelawareDept of DefenseDistrict of ColumbiaFederated States of MicronesiaFloridaGeorgiaGuamHawaiiIdahoIllinoisIndian Health SvcIndianaIowaKansasKentuckyLong Term CareLouisianaMaineMarshall IslandsMarylandMassachusettsMichiganMinnesotaMississippiMissouriMontanaNebraskaNevadaNew HampshireNew JerseyNew MexicoNew York StateNorth CarolinaNorth DakotaNorthern Mariana IslandsOhioOklahomaOregonPennsylvaniaPuerto RicoRepublic of PalauRhode IslandSouth CarolinaSouth DakotaTennesseeTexasUnited StatesUtahVermontVeterans HealthVirgin IslandsVirginiaWashingtonWest VirginiaWisconsinWyoming,797599633,966777100,427562583,3148.15,6732.0103,370193819,3591.06,8220.49,2226810,1706021.0,150658,49.503998,29308568,247.6
2021-10-15,AlabamaAlaskaAmerican SamoaArizonaArkansasBureau of PrisonsCaliforniaColoradoConnecticutDelawareDept of DefenseDistrict of ColumbiaFederated States of MicronesiaFloridaGeorgiaGuamHawaiiIdahoIllinoisIndian Health SvcIndianaIowaKansasKentuckyLong Term CareLouisianaMaineMarshall IslandsMarylandMassachusettsMichiganMinnesotaMississippiMissouriMontanaNebraskaNevadaNew HampshireNew JerseyNew MexicoNew York StateNorth CarolinaNorth DakotaNorthern Mariana IslandsOhioOklahomaOregonPennsylvaniaPuerto RicoRepublic of PalauRhode IslandSouth CarolinaSouth DakotaTennesseeTexasUnited StatesUtahVermontVeterans HealthVirgin IslandsVirginiaWashingtonWest VirginiaWisconsinWyoming,799866346,970963810,428295934,3153.45,6749.84,370947156,3596.04,8251.37,2266713,1717828.0,148136,49.466,30137450,255.54001
2021-10-16,AlabamaAlaskaAmerican SamoaArizonaArkansasBureau of PrisonsCaliforniaColoradoConnecticutDelawareDept of DefenseDistrict of ColumbiaFederated States of MicronesiaFloridaGeorgiaGuamHawaiiIdahoIllinoisIndian Health SvcIndianaIowaKansasKentuckyLong Term CareLouisianaMaineMarshall IslandsMarylandMassachusettsMichiganMinnesotaMississippiMissouriMontanaNebraskaNevadaNew HampshireNew JerseyNew MexicoNew York StateNorth CarolinaNorth DakotaNorthern Mariana IslandsOhioOklahomaOregonPennsylvaniaPuerto RicoRepublic of PalauRhode IslandSouth CarolinaSouth DakotaTennesseeTexasUnited StatesUtahVermontVeterans HealthVirgin IslandsVirginiaWashingtonWest VirginiaWisconsinWyoming,801624789,974449150,428787295,3157.66,6765.32,371443365,3600.13,8282.52,1758443,1647494.0,140918,49.406,30930034,262.8
2021-10-17,AlabamaAlaskaAmerican SamoaArizonaArkansasBureau of PrisonsCaliforniaColoradoConnecticutDelawareDept of DefenseDistrict of ColumbiaFederated States of MicronesiaFloridaGeorgiaGuamHawaiiIdahoIllinoisIndian Health SvcIndianaIowaKansasKentuckyLong Term CareLouisianaMaineMarshall IslandsMarylandMassachusettsMichiganMinnesotaMississippiMissouriMontanaNebraskaNevadaNew HampshireNew JerseyNew MexicoNew York StateNorth CarolinaNorth DakotaNorthern Mariana IslandsOhioOklahomaOregonPennsylvaniaPuerto RicoRepublic of PalauRhode IslandSouth CarolinaSouth DakotaTennesseeTexasUnited StatesUtahVermontVeterans HealthVirgin IslandsVirginiaWashingtonWest VirginiaWisconsinWyoming,803273394,974024450,429275686,3160.93,6777.57,371923367,3603.65,8279.66,1648605,1719903.0,144579,49.507,31632229,268.42
2021-10-18,AlabamaAlaskaAmerican SamoaArizonaArkansasBureau of PrisonsCaliforniaColoradoConnecticutDelawareDept of DefenseDistrict of ColumbiaFederated States of MicronesiaFloridaGeorgiaGuamHawaiiIdahoIllinoisIndian Health SvcIndianaIowaKansasKentuckyLong Term CareLouisianaMaineMarshall IslandsMarylandMassachusettsMichiganMinnesotaMississippiMissouriMontanaNebraskaNevadaNew HampshireNew JerseyNew MexicoNew York StateNorth CarolinaNorth DakotaNorthern Mariana IslandsOhioOklahomaOregonPennsylvaniaPuerto RicoRepublic of PalauRhode IslandSouth CarolinaSouth DakotaTennesseeTexasUnited StatesUtahVermontVeterans HealthVirgin IslandsVirginiaWashingtonWest VirginiaWisconsinWyoming,804325667,973939550,429609033,3162.89,6785.02,372222512,3606.01,8281.92,1052273,1707127.0,141365,49.547,32067551,271.6
2021-10-19,AlabamaAlaskaAmerican SamoaArizonaArkansasBureau of PrisonsCaliforniaColoradoConnecticutDelawareDept of DefenseDistrict of ColumbiaFederated States of MicronesiaFloridaGeorgiaGuamHawaiiIdahoIllinoisIndian Health SvcIndianaIowaKansasKentuckyLong Term CareLouisianaMaineMarshall IslandsMarylandMassachusettsMichiganMinnesotaMississippiMissouriMontanaNebraskaNevadaNew HampshireNew JerseyNew MexicoNew York StateNorth CarolinaNorth DakotaNorthern Mariana IslandsOhioOklahomaOregonPennsylvaniaPuerto RicoRepublic of PalauRhode IslandSouth CarolinaSouth DakotaTennesseeTexasUnited StatesUtahVermontVeterans HealthVirgin IslandsVirginiaWashingtonWest VirginiaWisconsinWyoming,805621054,976305370,429991969,3168.31,6802.31,372620148,3610.41,8296.93,1295387,1729078.0,152175,49.592,32606769,279.38998
2021-10-20,AlabamaAlaskaAmerican SamoaArizonaArkansasBureau of PrisonsCaliforniaColoradoConnecticutDelawareDept of DefenseDistrict of ColumbiaFederated States of MicronesiaFloridaGeorgiaGuamHawaiiIdahoIllinoisIndian Health SvcIndianaIowaKansasKentuckyLong Term CareLouisianaMaineMarshall IslandsMarylandMassachusettsMichiganMinnesotaMississippiMissouriMontanaNebraskaNevadaNew HampshireNew JerseyNew MexicoNew York StateNorth CarolinaNorth DakotaNorthern Mariana IslandsOhioOklahomaOregonPennsylvaniaPuerto RicoRepublic of PalauRhode IslandSouth CarolinaSouth DakotaTennesseeTexasUnited StatesUtahVermontVeterans HealthVirgin IslandsVirginiaWashingtonWest VirginiaWisconsinWyoming,807130911,978404550,430434601,3171.79,6814.52,373065415,3613.92,8315.99,1509857,1720727.0,148475,49.57,33261946,284.89
2021-10-21,AlabamaAlaskaAmerican SamoaArizonaArkansasBureau of PrisonsCaliforniaColoradoConnecticutDelawareDept of DefenseDistrict of ColumbiaFederated States of MicronesiaFloridaGeorgiaGuamHawaiiIdahoIllinoisIndian Health SvcIndianaIowaKansasKentuckyLong Term CareLouisianaMaineMarshall IslandsMarylandMassachusettsMichiganMinnesotaMississippiMissouriMontanaNebraskaNevadaNew HampshireNew JerseyNew MexicoNew York StateNorth CarolinaNorth DakotaNorthern Mariana IslandsOhioOklahomaOregonPennsylvaniaPuerto RicoRepublic of PalauRhode IslandSouth CarolinaSouth DakotaTennesseeTexasUnited StatesUtahVermontVeterans HealthVirgin IslandsVirginiaWashingtonWest VirginiaWisconsinWyoming,809780516,983201135,431460730,3227.75,6942.26,373963120,3678.94,8488.29,1652755,1638714.0,145281,50.289,34054669,295.6
2021-10-22,AlabamaAlaskaAmerican SamoaArizonaArkansasBureau of PrisonsCaliforniaColoradoConnecticutDelawareDept of DefenseDistrict of ColumbiaFederated States of MicronesiaFloridaGeorgiaGuamHawaiiIdahoIllinoisIndian Health SvcIndianaIowaKansasKentuckyLong Term CareLouisianaMaineMarshall IslandsMarylandMassachusettsMichiganMinnesotaMississippiMissouriMontanaNebraskaNevadaNew HampshireNew JerseyNew MexicoNew York StateNorth CarolinaNorth DakotaNorthern Mariana IslandsOhioOklahomaOregonPennsylvaniaPuerto RicoRepublic of PalauRhode IslandSouth CarolinaSouth DakotaTennesseeTexasUnited StatesUtahVermontVeterans HealthVirgin IslandsVirginiaWashingtonWest VirginiaWisconsinWyoming,810903177,987877465,431849075,3188.95,6854.43,374301861,3634.86,8406.72,1911971,1587822.0,141986,49.334,34428423,287.04
2021-10-23,AlabamaAlaskaAmerican SamoaArizonaArkansasBureau of PrisonsCaliforniaColoradoConnecticutDelawareDept of DefenseDistrict of ColumbiaFederated States of MicronesiaFloridaGeorgiaGuamHawaiiIdahoIllinoisIndian Health SvcIndianaIowaKansasKentuckyLong Term CareLouisianaMaineMarshall IslandsMarylandMassachusettsMichiganMinnesotaMississippiMissouriMontanaNebraskaNevadaNew HampshireNew JerseyNew MexicoNew York StateNorth CarolinaNorth DakotaNorthern Mariana IslandsOhioOklahomaOregonPennsylvaniaPuerto RicoRepublic of PalauRhode IslandSouth CarolinaSouth DakotaTennesseeTexasUnited StatesUtahVermontVeterans HealthVirgin IslandsVirginiaWashingtonWest VirginiaWisconsinWyoming,812689991,991586285,432338952,3193.36,6871.37,374746023,3639.19,8439.84,1786814,1591659.0,143933,49.278,35321852,295.67
2021-10-24,AlabamaAlaskaAmerican SamoaArizonaArkansasBureau of PrisonsCaliforniaColoradoConnecticutDelawareDept of DefenseDistrict of ColumbiaFederated States of MicronesiaFloridaGeorgiaGuamHawaiiIdahoIllinoisIndian Health SvcIndianaIowaKansasKentuckyLong Term CareLouisianaMaineMarshall IslandsMarylandMassachusettsMichiganMinnesotaMississippiMissouriMontanaNebraskaNevadaNew HampshireNew JerseyNew MexicoNew York StateNorth CarolinaNorth DakotaNorthern Mariana IslandsOhioOklahomaOregonPennsylvaniaPuerto RicoRepublic of PalauRhode IslandSouth CarolinaSouth DakotaTennesseeTexasUnited StatesUtahVermontVeterans HealthVirgin IslandsVirginiaWashingtonWest VirginiaWisconsinWyoming,814263984,991532705,432749789,3196.11,6884.4,375098104,3643.16,8439.89,1573993,1580786.0,144849,49.373,36162164,302.31
2021-10-25,AlabamaAlaskaAmerican SamoaArizonaArkansasBureau of PrisonsCaliforniaColoradoConnecticutDelawareDept of DefenseDistrict of ColumbiaFederated States of MicronesiaFloridaGeorgiaGuamHawaiiIdahoIllinoisIndian Health SvcIndianaIowaKansasKentuckyLong Term CareLouisianaMaineMarshall IslandsMarylandMassachusettsMichiganMinnesotaMississippiMissouriMontanaNebraskaNevadaNew HampshireNew JerseyNew MexicoNew York StateNorth CarolinaNorth DakotaNorthern Mariana IslandsOhioOklahomaOregonPennsylvaniaPuerto RicoRepublic of PalauRhode IslandSouth CarolinaSouth DakotaTennesseeTexasUnited StatesUtahVermontVeterans HealthVirgin IslandsVirginiaWashingtonWest VirginiaWisconsinWyoming,806909688,980886105,428646157,3145.03,6775.15,371494426,3584.66,8294.53,1284510,1616266.0,147795,48.62,36243672,298.79
2021-10-26,AlabamaAlaskaAmerican SamoaArizonaArkansasBureau of PrisonsCaliforniaColoradoConnecticutDelawareDept of DefenseDistrict of ColumbiaFederated States of MicronesiaFloridaGeorgiaGuamHawaiiIdahoIllinoisIndian Health SvcIndianaIowaKansasKentuckyLong Term CareLouisianaMaineMarshall IslandsMarylandMassachusettsMichiganMinnesotaMississippiMissouriMontanaNebraskaNevadaNew HampshireNew JerseyNew MexicoNew York StateNorth CarolinaNorth DakotaNorthern Mariana IslandsOhioOklahomaOregonPennsylvaniaPuerto RicoRepublic of PalauRhode IslandSouth CarolinaSouth DakotaTennesseeTexasUnited StatesUtahVermontVeterans HealthVirgin IslandsVirginiaWashingtonWest VirginiaWisconsinWyoming,819939674,996871650,434924796,3262.76,7042.36,376897718,3721.1,8607.77,1578392,1659005.0,145442,50.327,37999138,320.63
2021-10-27,AlabamaAlaskaAmerican SamoaArizonaArkansasBureau of PrisonsCaliforniaColoradoConnecticutDelawareDept of DefenseDistrict of ColumbiaFederated States of MicronesiaFloridaGeorgiaGuamHawaiiIdahoIllinoisIndian Health SvcIndianaIowaKansasKentuckyLong Term CareLouisianaMaineMarshall IslandsMarylandMassachusettsMichiganMinnesotaMississippiMissouriMontanaNebraskaNevadaNew HampshireNew JerseyNew MexicoNew York StateNorth CarolinaNorth DakotaNorthern Mariana IslandsOhioOklahomaOregonPennsylvaniaPuerto RicoRepublic of PalauRhode IslandSouth CarolinaSouth DakotaTennesseeTexasUnited StatesUtahVermontVeterans HealthVirgin IslandsVirginiaWashingtonWest VirginiaWisconsinWyoming,406877603,496250775,214968066,3254.22,7040.91,186653042,3712.6401,8640.97,1158741,1799312.0,156423,50.129,19984788,335.99
2021-10-28,AlabamaAlaskaAmerican SamoaArizonaArkansasBureau of PrisonsCaliforniaColoradoConnecticutDelawareDept of DefenseDistrict of ColumbiaFederated States of MicronesiaFloridaGeorgiaGuamHawaiiIdahoIllinoisIndian Health SvcIndianaIowaKansasKentuckyLong Term CareLouisianaMaineMarshall IslandsMarylandMassachusettsMichiganMinnesotaMississippiMissouriMontanaNebraskaNevadaNew HampshireNew JerseyNew MexicoNew York StateNorth CarolinaNorth DakotaNorthern Mariana IslandsOhioOklahomaOregonPennsylvaniaPuerto RicoRepublic of PalauRhode IslandSouth CarolinaSouth DakotaTennesseeTexasUnited StatesUtahVermontVeterans HealthVirgin IslandsVirginiaWashingtonWest VirginiaWisconsinWyoming,382588661,467679380,201086258,3131.49,6788.96,175187550,3568.38,8351.57,1462913,1971452.0,168905,48.382,20089364,341.19
2021-10-29,AlabamaAlaskaAmerican SamoaArizonaArkansasBureau of PrisonsCaliforniaColoradoConnecticutDelawareDept of DefenseDistrict of ColumbiaFederated States of MicronesiaFloridaGeorgiaGuamHawaiiIdahoIllinoisIndian Health SvcIndianaIowaKansasKentuckyLong Term CareLouisianaMaineMarshall IslandsMarylandMassachusettsMichiganMinnesotaMississippiMissouriMontanaNebraskaNevadaNew HampshireNew JerseyNew MexicoNew York StateNorth CarolinaNorth DakotaNorthern Mariana IslandsOhioOklahomaOregonPennsylvaniaPuerto RicoRepublic of PalauRhode IslandSouth CarolinaSouth DakotaTennesseeTexasUnited StatesUtahVermontVeterans HealthVirgin IslandsVirginiaWashingtonWest VirginiaWisconsinWyoming,823787686,1011988535,433057952,3303.39,7173.94,377275261,3762.53,8865.64,1285671,2081451.0,181067,50.617,43275189,373.78
2021-10-30,AlabamaAlaskaAmerican SamoaArizonaArkansasBureau of PrisonsCaliforniaColoradoConnecticutDelawareDept of DefenseDistrict of ColumbiaFederated States of MicronesiaFloridaGeorgiaGuamHawaiiIdahoIllinoisIndian Health SvcIndianaIowaKansasKentuckyLong Term CareLouisianaMaineMarshall IslandsMarylandMassachusettsMichiganMinnesotaMississippiMissouriMontanaNebraskaNevadaNew HampshireNew JerseyNew MexicoNew York StateNorth CarolinaNorth DakotaNorthern Mariana IslandsOhioOklahomaOregonPennsylvaniaPuerto RicoRepublic of PalauRhode IslandSouth CarolinaSouth DakotaTennesseeTexasUnited StatesUtahVermontVeterans HealthVirgin IslandsVirginiaWashingtonWest VirginiaWisconsinWyoming,827010355,1019312315,433739612,3307.44,7202.2397,377755245,3768.98,8926.87,3222669,2290801.0,197571,50.481,45387092,392.07
2021-10-31,AlabamaAlaskaAmerican SamoaArizonaArkansasBureau of PrisonsCaliforniaColoradoConnecticutDelawareDept of DefenseDistrict of ColumbiaFederated States of MicronesiaFloridaGeorgiaGuamHawaiiIdahoIllinoisIndian Health SvcIndianaIowaKansasKentuckyLong Term CareLouisianaMaineMarshall IslandsMarylandMassachusettsMichiganMinnesotaMississippiMissouriMontanaNebraskaNevadaNew HampshireNew JerseyNew MexicoNew York StateNorth CarolinaNorth DakotaNorthern Mariana IslandsOhioOklahomaOregonPennsylvaniaPuerto RicoRepublic of PalauRhode IslandSouth CarolinaSouth DakotaTennesseeTexasUnited StatesUtahVermontVeterans HealthVirgin IslandsVirginiaWashingtonWest VirginiaWisconsinWyoming,829738375,1019306205,434306414,3310.11,7220.4697,378158388,3772.92,8927.1,2728020,2459901.0,205296,50.606,47185573,403.95
2021-11-01,AlabamaAlaskaAmerican SamoaArizonaArkansasBureau of PrisonsCaliforniaColoradoConnecticutDelawareDept of DefenseDistrict of ColumbiaFederated States of MicronesiaFloridaGeorgiaGuamHawaiiIdahoIllinoisIndian Health SvcIndianaIowaKansasKentuckyLong Term CareLouisianaMaineMarshall IslandsMarylandMassachusettsMichiganMinnesotaMississippiMissouriMontanaNebraskaNevadaNew HampshireNew JerseyNew MexicoNew York StateNorth CarolinaNorth DakotaNorthern Mariana IslandsOhioOklahomaOregonPennsylvaniaPuerto RicoRepublic of PalauRhode IslandSouth CarolinaSouth DakotaTennesseeTexasUnited StatesUtahVermontVeterans HealthVirgin IslandsVirginiaWashingtonWest VirginiaWisconsinWyoming,831557233,1019039425,434758112,3311.86,7235.58,378419783,3776.7,8924.89,1818858,2537942.0,213408,50.718,48316870,413.73
2021-11-02,AlabamaAlaskaAmerican SamoaArizonaArkansasBureau of PrisonsCaliforniaColoradoConnecticutDelawareDept of DefenseDistrict of ColumbiaFederated States of MicronesiaFloridaGeorgiaGuamHawaiiIdahoIllinoisIndian Health SvcIndianaIowaKansasKentuckyLong Term CareLouisianaMaineMarshall IslandsMarylandMassachusettsMichiganMinnesotaMississippiMissouriMontanaNebraskaNevadaNew HampshireNew JerseyNew MexicoNew York StateNorth CarolinaNorth DakotaNorthern Mariana IslandsOhioOklahomaOregonPennsylvaniaPuerto RicoRepublic of PalauRhode IslandSouth CarolinaSouth DakotaTennesseeTexasUnited StatesUtahVermontVeterans HealthVirgin IslandsVirginiaWashingtonWest VirginiaWisconsinWyoming,833404025,1024788045,435144917,3314.82,7258.85,378688424,3781.45,8978.85,1846792,2578001.0,224369,50.576,49536631,429.65
2021-11-03,AlabamaAlaskaAmerican SamoaArizonaArkansasBureau of PrisonsCaliforniaColoradoConnecticutDelawareDept of DefenseDistrict of ColumbiaFederated States of MicronesiaFloridaGeorgiaGuamHawaiiIdahoIllinoisIndian Health SvcIndianaIowaKansasKentuckyLong Term CareLouisianaMaineMarshall IslandsMarylandMassachusettsMichiganMinnesotaMississippiMissouriMontanaNebraskaNevadaNew HampshireNew JerseyNew MexicoNew York StateNorth CarolinaNorth DakotaNorthern Mariana IslandsOhioOklahomaOregonPennsylvaniaPuerto RicoRepublic of PalauRhode IslandSouth CarolinaSouth DakotaTennesseeTexasUnited StatesUtahVermontVeterans HealthVirgin IslandsVirginiaWashingtonWest VirginiaWisconsinWyoming,844592436,1042936325,440138593,3384.16,7422.24,383093114,3859.02,9228.41,2598122,2597173.0,226347,51.111,51670927,451.31
2021-11-04,AlabamaAlaskaAmerican SamoaArizonaArkansasBureau of PrisonsCaliforniaColoradoConnecticutDelawareDept of DefenseDistrict of ColumbiaFederated States of MicronesiaFloridaGeorgiaGuamHawaiiIdahoIllinoisIndian Health SvcIndianaIowaKansasKentuckyLong Term CareLouisianaMaineMarshall IslandsMarylandMassachusettsMichiganMinnesotaMississippiMissouriMontanaNebraskaNevadaNew HampshireNew JerseyNew MexicoNew York StateNorth CarolinaNorth DakotaNorthern Mariana IslandsOhioOklahomaOregonPennsylvaniaPuerto RicoRepublic of PalauRhode IslandSouth CarolinaSouth DakotaTennesseeTexasUnited StatesUtahVermontVeterans HealthVirgin IslandsVirginiaWashingtonWest VirginiaWisconsinWyoming,847484955,1050132705,440768662,3401.15,7471.29,383683315,3878.1,9314.29,2892519,2603362.0,232648,50.99,53400175,465.32
2021-11-05,AlabamaAlaskaAmerican SamoaArizonaArkansasBureau of PrisonsCaliforniaColoradoConnecticutDelawareDept of DefenseDistrict of ColumbiaFederated States of MicronesiaFloridaGeorgiaGuamHawaiiIdahoIllinoisIndian Health SvcIndianaIowaKansasKentuckyLong Term CareLouisianaMaineMarshall IslandsMarylandMassachusettsMichiganMinnesotaMississippiMissouriMontanaNebraskaNevadaNew HampshireNew JerseyNew MexicoNew York StateNorth CarolinaNorth DakotaNorthern Mariana IslandsOhioOklahomaOregonPennsylvaniaPuerto RicoRepublic of PalauRhode IslandSouth CarolinaSouth DakotaTennesseeTexasUnited StatesUtahVermontVeterans HealthVirgin IslandsVirginiaWashingtonWest VirginiaWisconsinWyoming,850013225,1055093255,441371268,3385.8699,7456.87,384075775,3860.07,9315.05,2528270,2582839.0,232185,50.914,54996432,481.83
2021-11-06,AlabamaAlaskaAmerican SamoaArizonaArkansasBureau of PrisonsCaliforniaColoradoConnecticutDelawareDept of DefenseDistrict of ColumbiaFederated States of MicronesiaFloridaGeorgiaGuamHawaiiIdahoIllinoisIndian Health SvcIndianaIowaKansasKentuckyLong Term CareLouisianaMaineMarshall IslandsMarylandMassachusettsMichiganMinnesotaMississippiMissouriMontanaNebraskaNevadaNew HampshireNew JerseyNew MexicoNew York StateNorth CarolinaNorth DakotaNorthern Mariana IslandsOhioOklahomaOregonPennsylvaniaPuerto RicoRepublic of PalauRhode IslandSouth CarolinaSouth DakotaTennesseeTexasUnited StatesUtahVermontVeterans HealthVirgin IslandsVirginiaWashingtonWest VirginiaWisconsinWyoming,836288225,1038601540,433635394,3328.28,7352.41,376760701,3799.41,9209.41,2754320,2518672.0,228523,49.95,55804842,491.53
2021-11-07,AlabamaAlaskaAmerican SamoaArizonaArkansasBureau of PrisonsCaliforniaColoradoConnecticutDelawareDept of DefenseDistrict of ColumbiaFederated States of MicronesiaFloridaGeorgiaGuamHawaiiIdahoIllinoisIndian Health SvcIndianaIowaKansasKentuckyLong Term CareLouisianaMaineMarshall IslandsMarylandMassachusettsMichiganMinnesotaMississippiMissouriMontanaNebraskaNevadaNew HampshireNew JerseyNew MexicoNew York StateNorth CarolinaNorth DakotaNorthern Mariana IslandsOhioOklahomaOregonPennsylvaniaPuerto RicoRepublic of PalauRhode IslandSouth CarolinaSouth DakotaTennesseeTexasUnited StatesUtahVermontVeterans HealthVirgin IslandsVirginiaWashingtonWest VirginiaWisconsinWyoming,839126873,1040628860,434349166,3331.43,7374.72,377149520,3804.85,9222.04,2838648,2537215.0,234374,50.035,57584149,505.65
2021-11-08,AlabamaAlaskaAmerican SamoaArizonaArkansasBureau of PrisonsCaliforniaColoradoConnecticutDelawareDept of DefenseDistrict of ColumbiaFederated States of MicronesiaFloridaGeorgiaGuamHawaiiIdahoIllinoisIndian Health SvcIndianaIowaKansasKentuckyLong Term CareLouisianaMaineMarshall IslandsMarylandMassachusettsMichiganMinnesotaMississippiMissouriMontanaNebraskaNevadaNew HampshireNew JerseyNew MexicoNew York StateNorth CarolinaNorth DakotaNorthern Mariana IslandsOhioOklahomaOregonPennsylvaniaPuerto RicoRepublic of PalauRhode IslandSouth CarolinaSouth DakotaTennesseeTexasUnited StatesUtahVermontVeterans HealthVirgin IslandsVirginiaWashingtonWest VirginiaWisconsinWyoming,822900127,1018313865,425740183,3207.42,7117.1,369014471,3670.48,8913.09,2211083,2602115.0,236380,48.377,57491398,498.05
2021-11-09,AlabamaAlaskaAmerican SamoaArizonaArkansasBureau of PrisonsCaliforniaColoradoConnecticutDelawareDept of DefenseDistrict of ColumbiaFederated States of MicronesiaFloridaGeorgiaGuamHawaiiIdahoIllinoisIndian Health SvcIndianaIowaKansasKentuckyLong Term CareLouisianaMaineMarshall IslandsMarylandMassachusettsMichiganMinnesotaMississippiMissouriMontanaNebraskaNevadaNew HampshireNew JerseyNew MexicoNew York StateNorth CarolinaNorth DakotaNorthern Mariana IslandsOhioOklahomaOregonPennsylvaniaPuerto RicoRepublic of PalauRhode IslandSouth CarolinaSouth DakotaTennesseeTexasUnited StatesUtahVermontVeterans HealthVirgin IslandsVirginiaWashingtonWest VirginiaWisconsinWyoming,838262465,1040507100,432880170,3262.83,7255.66,375421942,3732.94,9107.69,1955394,2626504.0,238049,49.033,59840992,523.31
2021-11-10,AlabamaAlaskaAmerican SamoaArizonaArkansasBureau of PrisonsCaliforniaColoradoConnecticutDelawareDept of DefenseDistrict of ColumbiaFederated States of MicronesiaFloridaGeorgiaGuamHawaiiIdahoIllinoisIndian Health SvcIndianaIowaKansasKentuckyLong Term CareLouisianaMaineMarshall IslandsMarylandMassachusettsMichiganMinnesotaMississippiMissouriMontanaNebraskaNevadaNew HampshireNew JerseyNew MexicoNew York StateNorth CarolinaNorth DakotaNorthern Mariana IslandsOhioOklahomaOregonPennsylvaniaPuerto RicoRepublic of PalauRhode IslandSouth CarolinaSouth DakotaTennesseeTexasUnited StatesUtahVermontVeterans HealthVirgin IslandsVirginiaWashingtonWest VirginiaWisconsinWyoming,840834669,1049241920,433643104,3266.22,7277.25,375840011,3739.2,9182.63,2572204,2627680.0,239087,48.782,61277578,535.69
2021-11-11,AlabamaAlaskaAmerican SamoaArizonaArkansasBureau of PrisonsCaliforniaColoradoConnecticutDelawareDept of DefenseDistrict of ColumbiaFederated States of MicronesiaFloridaGeorgiaGuamHawaiiIdahoIllinoisIndian Health SvcIndianaIowaKansasKentuckyLong Term CareLouisianaMaineMarshall IslandsMarylandMassachusettsMichiganMinnesotaMississippiMissouriMontanaNebraskaNevadaNew HampshireNew JerseyNew MexicoNew York StateNorth CarolinaNorth DakotaNorthern Mariana IslandsOhioOklahomaOregonPennsylvaniaPuerto RicoRepublic of PalauRhode IslandSouth CarolinaSouth DakotaTennesseeTexasUnited StatesUtahVermontVeterans HealthVirgin IslandsVirginiaWashingtonWest VirginiaWisconsinWyoming,0,0,0,0.0,0.0,0,0.0,0.0,0,2621149.0,233133,0.0,0,0.0
2021-11-12,AlabamaAlaskaAmerican SamoaArizonaArkansasBureau of PrisonsCaliforniaColoradoConnecticutDelawareDept of DefenseDistrict of ColumbiaFederated States of MicronesiaFloridaGeorgiaGuamHawaiiIdahoIllinoisIndian Health SvcIndianaIowaKansasKentuckyLong Term CareLouisianaMaineMarshall IslandsMarylandMassachusettsMichiganMinnesotaMississippiMissouriMontanaNebraskaNevadaNew HampshireNew JerseyNew MexicoNew York StateNorth CarolinaNorth DakotaNorthern Mariana IslandsOhioOklahomaOregonPennsylvaniaPuerto RicoRepublic of PalauRhode IslandSouth CarolinaSouth DakotaTennesseeTexasUnited StatesUtahVermontVeterans HealthVirgin IslandsVirginiaWashingtonWest VirginiaWisconsinWyoming,846420898,1067581420,435471207,3271.45,7323.73,376551441,3754.0898,9314.72,0,2666650.0,232695,48.438,64411431,562.67
2021-11-13,AlabamaAlaskaAmerican SamoaArizonaArkansasBureau of PrisonsCaliforniaColoradoConnecticutDelawareDept of DefenseDistrict of ColumbiaFederated States of MicronesiaFloridaGeorgiaGuamHawaiiIdahoIllinoisIndian Health SvcIndianaIowaKansasKentuckyLong Term CareLouisianaMaineMarshall IslandsMarylandMassachusettsMichiganMinnesotaMississippiMissouriMontanaNebraskaNevadaNew HampshireNew JerseyNew MexicoNew York StateNorth CarolinaNorth DakotaNorthern Mariana IslandsOhioOklahomaOregonPennsylvaniaPuerto RicoRepublic of PalauRhode IslandSouth CarolinaSouth DakotaTennesseeTexasUnited StatesUtahVermontVeterans HealthVirgin IslandsVirginiaWashingtonWest VirginiaWisconsinWyoming,849648309,1073099220,436496377,3274.76,7356.0103,376936538,3763.3901,9360.13,3227411,2736372.0,243033,48.411,66269977,582.73
2021-11-14,AlabamaAlaskaAmerican SamoaArizonaArkansasBureau of PrisonsCaliforniaColoradoConnecticutDelawareDept of DefenseDistrict of ColumbiaFederated States of MicronesiaFloridaGeorgiaGuamHawaiiIdahoIllinoisIndian Health SvcIndianaIowaKansasKentuckyLong Term CareLouisianaMaineMarshall IslandsMarylandMassachusettsMichiganMinnesotaMississippiMissouriMontanaNebraskaNevadaNew HampshireNew JerseyNew MexicoNew York StateNorth CarolinaNorth DakotaNorthern Mariana IslandsOhioOklahomaOregonPennsylvaniaPuerto RicoRepublic of PalauRhode IslandSouth CarolinaSouth DakotaTennesseeTexasUnited StatesUtahVermontVeterans HealthVirgin IslandsVirginiaWashingtonWest VirginiaWisconsinWyoming,852450852,1072948770,437320607,3277.92,7380.38,377241971,3770.95,9359.09,2802543,2733348.0,246633,48.578,67977003,596.69
2021-11-15,AlabamaAlaskaAmerican SamoaArizonaArkansasBureau of PrisonsCaliforniaColoradoConnecticutDelawareDept of DefenseDistrict of ColumbiaFederated States of MicronesiaFloridaGeorgiaGuamHawaiiIdahoIllinoisIndian Health SvcIndianaIowaKansasKentuckyLong Term CareLouisianaMaineMarshall IslandsMarylandMassachusettsMichiganMinnesotaMississippiMissouriMontanaNebraskaNevadaNew HampshireNew JerseyNew MexicoNew York StateNorth CarolinaNorth DakotaNorthern Mariana IslandsOhioOklahomaOregonPennsylvaniaPuerto RicoRepublic of PalauRhode IslandSouth CarolinaSouth DakotaTennesseeTexasUnited StatesUtahVermontVeterans HealthVirgin IslandsVirginiaWashingtonWest VirginiaWisconsinWyoming,855239915,1072763310,438320960,3279.55,7397.54,377541609,3777.29,9357.73,2789063,2811911.0,248125,48.685,69496167,606.02997
2021-11-16,AlabamaAlaskaAmerican SamoaArizonaArkansasBureau of PrisonsCaliforniaColoradoConnecticutDelawareDept of DefenseDistrict of ColumbiaFederated States of MicronesiaFloridaGeorgiaGuamHawaiiIdahoIllinoisIndian Health SvcIndianaIowaKansasKentuckyLong Term CareLouisianaMaineMarshall IslandsMarylandMassachusettsMichiganMinnesotaMississippiMissouriMontanaNebraskaNevadaNew HampshireNew JerseyNew MexicoNew York StateNorth CarolinaNorth DakotaNorthern Mariana IslandsOhioOklahomaOregonPennsylvaniaPuerto RicoRepublic of PalauRhode IslandSouth CarolinaSouth DakotaTennesseeTexasUnited StatesUtahVermontVeterans HealthVirgin IslandsVirginiaWashingtonWest VirginiaWisconsinWyoming,857883489,1077340680,439390426,3282.74,7427.87,377849041,3791.08,9392.12,2643574,2906226.0,257114,48.694,70801366,619.79
2021-11-17,AlabamaAlaskaAmerican SamoaArizonaArkansasBureau of PrisonsCaliforniaColoradoConnecticutDelawareDept of DefenseDistrict of ColumbiaFederated States of MicronesiaFloridaGeorgiaGuamHawaiiIdahoIllinoisIndian Health SvcIndianaIowaKansasKentuckyLong Term CareLouisianaMaineMarshall IslandsMarylandMassachusettsMichiganMinnesotaMississippiMissouriMontanaNebraskaNevadaNew HampshireNew JerseyNew MexicoNew York StateNorth CarolinaNorth DakotaNorthern Mariana IslandsOhioOklahomaOregonPennsylvaniaPuerto RicoRepublic of PalauRhode IslandSouth CarolinaSouth DakotaTennesseeTexasUnited StatesUtahVermontVeterans HealthVirgin IslandsVirginiaWashingtonWest VirginiaWisconsinWyoming,860622437,1081923900,440311993,3286.33,7458.69,378190655,3800.66,9430.03,2738948,2930046.0,270274,48.7,72321151,637.94
2021-11-18,AlabamaAlaskaAmerican SamoaArizonaArkansasBureau of PrisonsCaliforniaColoradoConnecticutDelawareDept of DefenseDistrict of ColumbiaFederated States of MicronesiaFloridaGeorgiaGuamHawaiiIdahoIllinoisIndian Health SvcIndianaIowaKansasKentuckyLong Term CareLouisianaMaineMarshall IslandsMarylandMassachusettsMichiganMinnesotaMississippiMissouriMontanaNebraskaNevadaNew HampshireNew JerseyNew MexicoNew York StateNorth CarolinaNorth DakotaNorthern Mariana IslandsOhioOklahomaOregonPennsylvaniaPuerto RicoRepublic of PalauRhode IslandSouth CarolinaSouth DakotaTennesseeTexasUnited StatesUtahVermontVeterans HealthVirgin IslandsVirginiaWashingtonWest VirginiaWisconsinWyoming,879297239,1106179060,448912106,3289.3,7476.72,385591868,3803.92,9449.83,3077823,2970741.0,274722,48.709,75553622,649.18
2021-11-19,AlabamaAlaskaAmerican SamoaArizonaArkansasBureau of PrisonsCaliforniaColoradoConnecticutDelawareDept of DefenseDistrict of ColumbiaFederated States of MicronesiaFloridaGeorgiaGuamHawaiiIdahoIllinoisIndian Health SvcIndianaIowaKansasKentuckyLong Term CareLouisianaMaineMarshall IslandsMarylandMassachusettsMichiganMinnesotaMississippiMissouriMontanaNebraskaNevadaNew HampshireNew JerseyNew MexicoNew York StateNorth CarolinaNorth DakotaNorthern Mariana IslandsOhioOklahomaOregonPennsylvaniaPuerto RicoRepublic of PalauRhode IslandSouth CarolinaSouth DakotaTennesseeTexasUnited StatesUtahVermontVeterans HealthVirgin IslandsVirginiaWashingtonWest VirginiaWisconsinWyoming,883063720,1109484420,450313052,3292.44,7505.21,386002626,3813.23,8526.33,3766481,3104283.0,281825,42.649,77554597,665.64
2021-11-20,AlabamaAlaskaAmerican SamoaArizonaArkansasBureau of PrisonsCaliforniaColoradoConnecticutDelawareDept of DefenseDistrict of ColumbiaFederated States of MicronesiaFloridaGeorgiaGuamHawaiiIdahoIllinoisIndian Health SvcIndianaIowaKansasKentuckyLong Term CareLouisianaMaineMarshall IslandsMarylandMassachusettsMichiganMinnesotaMississippiMissouriMontanaNebraskaNevadaNew HampshireNew JerseyNew MexicoNew York StateNorth CarolinaNorth DakotaNorthern Mariana IslandsOhioOklahomaOregonPennsylvaniaPuerto RicoRepublic of PalauRhode IslandSouth CarolinaSouth DakotaTennesseeTexasUnited StatesUtahVermontVeterans HealthVirgin IslandsVirginiaWashingtonWest VirginiaWisconsinWyoming,436669473,550773735,221536566,3238.26,7403.7603,190285140,3755.27,9374.12,1761659,3051850.0,283606,47.869,39958321,672.21
2021-11-21,AlabamaAlaskaAmerican SamoaArizonaArkansasBureau of PrisonsCaliforniaColoradoConnecticutDelawareDept of DefenseDistrict of ColumbiaFederated States of MicronesiaFloridaGeorgiaGuamHawaiiIdahoIllinoisIndian Health SvcIndianaIowaKansasKentuckyLong Term CareLouisianaMaineMarshall IslandsMarylandMassachusettsMichiganMinnesotaMississippiMissouriMontanaNebraskaNevadaNew HampshireNew JerseyNew MexicoNew York StateNorth CarolinaNorth DakotaNorthern Mariana IslandsOhioOklahomaOregonPennsylvaniaPuerto RicoRepublic of PalauRhode IslandSouth CarolinaSouth DakotaTennesseeTexasUnited StatesUtahVermontVeterans HealthVirgin IslandsVirginiaWashingtonWest VirginiaWisconsinWyoming,436122872,548043495,220857717,3176.26,7271.43,189574789,3677.43,9180.34,1526894,3026800.0,277937,47.208,40744386,674.45
2021-11-22,AlabamaAlaskaAmerican SamoaArizonaArkansasBureau of PrisonsCaliforniaColoradoConnecticutDelawareDept of DefenseDistrict of ColumbiaFederated States of MicronesiaFloridaGeorgiaGuamHawaiiIdahoIllinoisIndian Health SvcIndianaIowaKansasKentuckyLong Term CareLouisianaMaineMarshall IslandsMarylandMassachusettsMichiganMinnesotaMississippiMissouriMontanaNebraskaNevadaNew HampshireNew JerseyNew MexicoNew York StateNorth CarolinaNorth DakotaNorthern Mariana IslandsOhioOklahomaOregonPennsylvaniaPuerto RicoRepublic of PalauRhode IslandSouth CarolinaSouth DakotaTennesseeTexasUnited StatesUtahVermontVeterans HealthVirgin IslandsVirginiaWashingtonWest VirginiaWisconsinWyoming,437171560,547854995,221200215,3177.57,7286.69,189675267,3682.47,9177.6,1048688,2935366.0,275438,47.308,41360521,683.48
2021-11-23,AlabamaAlaskaAmerican SamoaArizonaArkansasBureau of PrisonsCaliforniaColoradoConnecticutDelawareDept of DefenseDistrict of ColumbiaFederated States of MicronesiaFloridaGeorgiaGuamHawaiiIdahoIllinoisIndian Health SvcIndianaIowaKansasKentuckyLong Term CareLouisianaMaineMarshall IslandsMarylandMassachusettsMichiganMinnesotaMississippiMissouriMontanaNebraskaNevadaNew HampshireNew JerseyNew MexicoNew York StateNorth CarolinaNorth DakotaNorthern Mariana IslandsOhioOklahomaOregonPennsylvaniaPuerto RicoRepublic of PalauRhode IslandSouth CarolinaSouth DakotaTennesseeTexasUnited StatesUtahVermontVeterans HealthVirgin IslandsVirginiaWashingtonWest VirginiaWisconsinWyoming,897785544,1126938765,455663485,3373.79,7757.59,388718237,3916.01,9760.53,1195993,2885756.0,268541,49.737,84409617,739.21
2021-11-24,AlabamaAlaskaAmerican SamoaArizonaArkansasBureau of PrisonsCaliforniaColoradoConnecticutDelawareDept of DefenseDistrict of ColumbiaFederated States of MicronesiaFloridaGeorgiaGuamHawaiiIdahoIllinoisIndian Health SvcIndianaIowaKansasKentuckyLong Term CareLouisianaMaineMarshall IslandsMarylandMassachusettsMichiganMinnesotaMississippiMissouriMontanaNebraskaNevadaNew HampshireNew JerseyNew MexicoNew York StateNorth CarolinaNorth DakotaNorthern Mariana IslandsOhioOklahomaOregonPennsylvaniaPuerto RicoRepublic of PalauRhode IslandSouth CarolinaSouth DakotaTennesseeTexasUnited StatesUtahVermontVeterans HealthVirgin IslandsVirginiaWashingtonWest VirginiaWisconsinWyoming,889025408,1115713650,450803172,3327.67,7669.86,383852228,3867.0,9646.48,3408321,2976844.0,262190,48.968,85144019,744.35
2021-11-25,AlabamaAlaskaAmerican SamoaArizonaArkansasBureau of PrisonsCaliforniaColoradoConnecticutDelawareDept of DefenseDistrict of ColumbiaFederated States of MicronesiaFloridaGeorgiaGuamHawaiiIdahoIllinoisIndian Health SvcIndianaIowaKansasKentuckyLong Term CareLouisianaMaineMarshall IslandsMarylandMassachusettsMichiganMinnesotaMississippiMissouriMontanaNebraskaNevadaNew HampshireNew JerseyNew MexicoNew York StateNorth CarolinaNorth DakotaNorthern Mariana IslandsOhioOklahomaOregonPennsylvaniaPuerto RicoRepublic of PalauRhode IslandSouth CarolinaSouth DakotaTennesseeTexasUnited StatesUtahVermontVeterans HealthVirgin IslandsVirginiaWashingtonWest VirginiaWisconsinWyoming,0,0,0,0.0,0.0,0,0.0,0.0,0,2798100.0,244187,0.0,0,0.0
2021-11-26,AlabamaAlaskaAmerican SamoaArizonaArkansasBureau of PrisonsCaliforniaColoradoConnecticutDelawareDept of DefenseDistrict of ColumbiaFederated States of MicronesiaFloridaGeorgiaGuamHawaiiIdahoIllinoisIndian Health SvcIndianaIowaKansasKentuckyLong Term CareLouisianaMaineMarshall IslandsMarylandMassachusettsMichiganMinnesotaMississippiMissouriMontanaNebraskaNevadaNew HampshireNew JerseyNew MexicoNew York StateNorth CarolinaNorth DakotaNorthern Mariana IslandsOhioOklahomaOregonPennsylvaniaPuerto RicoRepublic of PalauRhode IslandSouth CarolinaSouth DakotaTennesseeTexasUnited StatesUtahVermontVeterans HealthVirgin IslandsVirginiaWashingtonWest VirginiaWisconsinWyoming,0,0,0,0.0,0.0,0,0.0,0.0,0,2526512.0,223591,0.0,0,0.0
2021-11-27,AlabamaAlaskaAmerican SamoaArizonaArkansasBureau of PrisonsCaliforniaColoradoConnecticutDelawareDept of DefenseDistrict of ColumbiaFederated States of MicronesiaFloridaGeorgiaGuamHawaiiIdahoIllinoisIndian Health SvcIndianaIowaKansasKentuckyLong Term CareLouisianaMaineMarshall IslandsMarylandMassachusettsMichiganMinnesotaMississippiMissouriMontanaNebraskaNevadaNew HampshireNew JerseyNew MexicoNew York StateNorth CarolinaNorth DakotaNorthern Mariana IslandsOhioOklahomaOregonPennsylvaniaPuerto RicoRepublic of PalauRhode IslandSouth CarolinaSouth DakotaTennesseeTexasUnited StatesUtahVermontVeterans HealthVirgin IslandsVirginiaWashingtonWest VirginiaWisconsinWyoming,0,0,0,0.0,0.0,0,0.0,0.0,0,2378866.0,195249,0.0,0,0.0
2021-11-28,AlabamaAlaskaAmerican SamoaArizonaArkansasBureau of PrisonsCaliforniaColoradoConnecticutDelawareDept of DefenseDistrict of ColumbiaFederated States of MicronesiaFloridaGeorgiaGuamHawaiiIdahoIllinoisIndian Health SvcIndianaIowaKansasKentuckyLong Term CareLouisianaMaineMarshall IslandsMarylandMassachusettsMichiganMinnesotaMississippiMissouriMontanaNebraskaNevadaNew HampshireNew JerseyNew MexicoNew York StateNorth CarolinaNorth DakotaNorthern Mariana IslandsOhioOklahomaOregonPennsylvaniaPuerto RicoRepublic of PalauRhode IslandSouth CarolinaSouth DakotaTennesseeTexasUnited StatesUtahVermontVeterans HealthVirgin IslandsVirginiaWashingtonWest VirginiaWisconsinWyoming,0,0,0,0.0,0.0,0,0.0,0.0,0,2264525.0,185842,0.0,0,0.0
2021-11-29,AlabamaAlaskaAmerican SamoaArizonaArkansasBureau of PrisonsCaliforniaColoradoConnecticutDelawareDept of DefenseDistrict of ColumbiaFederated States of MicronesiaFloridaGeorgiaGuamHawaiiIdahoIllinoisIndian Health SvcIndianaIowaKansasKentuckyLong Term CareLouisianaMaineMarshall IslandsMarylandMassachusettsMichiganMinnesotaMississippiMissouriMontanaNebraskaNevadaNew HampshireNew JerseyNew MexicoNew York StateNorth CarolinaNorth DakotaNorthern Mariana IslandsOhioOklahomaOregonPennsylvaniaPuerto RicoRepublic of PalauRhode IslandSouth CarolinaSouth DakotaTennesseeTexasUnited StatesUtahVermontVeterans HealthVirgin IslandsVirginiaWashingtonWest VirginiaWisconsinWyoming,880503244,1091324455,444768830,3274.99,7600.32,377277452,3819.56,9459.01,0,2218486.0,183489,48.665,88756798,771.24
2021-11-30,AlabamaAlaskaAmerican SamoaArizonaArkansasBureau of PrisonsCaliforniaColoradoConnecticutDelawareDept of DefenseDistrict of ColumbiaFederated States of MicronesiaFloridaGeorgiaGuamHawaiiIdahoIllinoisIndian Health SvcIndianaIowaKansasKentuckyLong Term CareLouisianaMaineMarshall IslandsMarylandMassachusettsMichiganMinnesotaMississippiMissouriMontanaNebraskaNevadaNew HampshireNew JerseyNew MexicoNew York StateNorth CarolinaNorth DakotaNorthern Mariana IslandsOhioOklahomaOregonPennsylvaniaPuerto RicoRepublic of PalauRhode IslandSouth CarolinaSouth DakotaTennesseeTexasUnited StatesUtahVermontVeterans HealthVirgin IslandsVirginiaWashingtonWest VirginiaWisconsinWyoming,883354576,1096211835,445530454,3280.22,7633.51,377740844,3828.31,9498.8,2851332,2299251.0,194227,48.670002,90415627,790.69
2021-12-01,AlabamaAlaskaAmerican SamoaArizonaArkansasBureau of PrisonsCaliforniaColoradoConnecticutDelawareDept of DefenseDistrict of ColumbiaFederated States of MicronesiaFloridaGeorgiaGuamHawaiiIdahoIllinoisIndian Health SvcIndianaIowaKansasKentuckyLong Term CareLouisianaMaineMarshall IslandsMarylandMassachusettsMichiganMinnesotaMississippiMissouriMontanaNebraskaNevadaNew HampshireNew JerseyNew MexicoNew York StateNorth CarolinaNorth DakotaNorthern Mariana IslandsOhioOklahomaOregonPennsylvaniaPuerto RicoRepublic of PalauRhode IslandSouth CarolinaSouth DakotaTennesseeTexasUnited StatesUtahVermontVeterans HealthVirgin IslandsVirginiaWashingtonWest VirginiaWisconsinWyoming,886214620,1101041655,446256771,3285.08,7660.45,378318030,3835.75,9537.46,2860044,2226939.0,194865,48.634,92011245,805.82
2021-12-02,AlabamaAlaskaAmerican SamoaArizonaArkansasBureau of PrisonsCaliforniaColoradoConnecticutDelawareDept of DefenseDistrict of ColumbiaFederated States of MicronesiaFloridaGeorgiaGuamHawaiiIdahoIllinoisIndian Health SvcIndianaIowaKansasKentuckyLong Term CareLouisianaMaineMarshall IslandsMarylandMassachusettsMichiganMinnesotaMississippiMissouriMontanaNebraskaNevadaNew HampshireNew JerseyNew MexicoNew York StateNorth CarolinaNorth DakotaNorthern Mariana IslandsOhioOklahomaOregonPennsylvaniaPuerto RicoRepublic of PalauRhode IslandSouth CarolinaSouth DakotaTennesseeTexasUnited StatesUtahVermontVeterans HealthVirgin IslandsVirginiaWashingtonWest VirginiaWisconsinWyoming,906361661,1124069335,455162307,3311.97,7740.08,386205513,3859.17,9557.91,3897165,2529200.0,224148,48.969,95953971,837.55
2021-12-03,AlabamaAlaskaAmerican SamoaArizonaArkansasBureau of PrisonsCaliforniaColoradoConnecticutDelawareDept of DefenseDistrict of ColumbiaFederated States of MicronesiaFloridaGeorgiaGuamHawaiiIdahoIllinoisIndian Health SvcIndianaIowaKansasKentuckyLong Term CareLouisianaMaineMarshall IslandsMarylandMassachusettsMichiganMinnesotaMississippiMissouriMontanaNebraskaNevadaNew HampshireNew JerseyNew MexicoNew York StateNorth CarolinaNorth DakotaNorthern Mariana IslandsOhioOklahomaOregonPennsylvaniaPuerto RicoRepublic of PalauRhode IslandSouth CarolinaSouth DakotaTennesseeTexasUnited StatesUtahVermontVeterans HealthVirgin IslandsVirginiaWashingtonWest VirginiaWisconsinWyoming,910084821,1129070065,456086780,3317.9,7769.65,386929687,3866.88,9600.7,3723160,2800597.0,248868,48.947,98076818,853.88
2021-12-04,AlabamaAlaskaAmerican SamoaArizonaArkansasBureau of PrisonsCaliforniaColoradoConnecticutDelawareDept of DefenseDistrict of ColumbiaFederated States of MicronesiaFloridaGeorgiaGuamHawaiiIdahoIllinoisIndian Health SvcIndianaIowaKansasKentuckyLong Term CareLouisianaMaineMarshall IslandsMarylandMassachusettsMichiganMinnesotaMississippiMissouriMontanaNebraskaNevadaNew HampshireNew JerseyNew MexicoNew York StateNorth CarolinaNorth DakotaNorthern Mariana IslandsOhioOklahomaOregonPennsylvaniaPuerto RicoRepublic of PalauRhode IslandSouth CarolinaSouth DakotaTennesseeTexasUnited StatesUtahVermontVeterans HealthVirgin IslandsVirginiaWashingtonWest VirginiaWisconsinWyoming,926832116,1147118310,463462782,3374.5,7926.54,392959600,3937.8801,9770.97,4355596,3162337.0,288656,49.889,101762583,886.35
2021-12-05,AlabamaAlaskaAmerican SamoaArizonaArkansasBureau of PrisonsCaliforniaColoradoConnecticutDelawareDept of DefenseDistrict of ColumbiaFederated States of MicronesiaFloridaGeorgiaGuamHawaiiIdahoIllinoisIndian Health SvcIndianaIowaKansasKentuckyLong Term CareLouisianaMaineMarshall IslandsMarylandMassachusettsMichiganMinnesotaMississippiMissouriMontanaNebraskaNevadaNew HampshireNew JerseyNew MexicoNew York StateNorth CarolinaNorth DakotaNorthern Mariana IslandsOhioOklahomaOregonPennsylvaniaPuerto RicoRepublic of PalauRhode IslandSouth CarolinaSouth DakotaTennesseeTexasUnited StatesUtahVermontVeterans HealthVirgin IslandsVirginiaWashingtonWest VirginiaWisconsinWyoming,930424663,1145760670,464267945,3379.61,7952.07,393702749,3944.04,9760.0,3592547,3412177.0,307365,50.101,103844714,900.86
2021-12-06,AlabamaAlaskaAmerican SamoaArizonaArkansasBureau of PrisonsCaliforniaColoradoConnecticutDelawareDept of DefenseDistrict of ColumbiaFederated States of MicronesiaFloridaGeorgiaGuamHawaiiIdahoIllinoisIndian Health SvcIndianaIowaKansasKentuckyLong Term CareLouisianaMaineMarshall IslandsMarylandMassachusettsMichiganMinnesotaMississippiMissouriMontanaNebraskaNevadaNew HampshireNew JerseyNew MexicoNew York StateNorth CarolinaNorth DakotaNorthern Mariana IslandsOhioOklahomaOregonPennsylvaniaPuerto RicoRepublic of PalauRhode IslandSouth CarolinaSouth DakotaTennesseeTexasUnited StatesUtahVermontVeterans HealthVirgin IslandsVirginiaWashingtonWest VirginiaWisconsinWyoming,933097577,1145116010,464865806,3384.9,7974.99,394366896,3950.67,9755.26,2672914,3530629.0,322337,50.259,105278479,912.08
2021-12-07,AlabamaAlaskaAmerican SamoaArizonaArkansasBureau of PrisonsCaliforniaColoradoConnecticutDelawareDept of DefenseDistrict of ColumbiaFederated States of MicronesiaFloridaGeorgiaGuamHawaiiIdahoIllinoisIndian Health SvcIndianaIowaKansasKentuckyLong Term CareLouisianaMaineMarshall IslandsMarylandMassachusettsMichiganMinnesotaMississippiMissouriMontanaNebraskaNevadaNew HampshireNew JerseyNew MexicoNew York StateNorth CarolinaNorth DakotaNorthern Mariana IslandsOhioOklahomaOregonPennsylvaniaPuerto RicoRepublic of PalauRhode IslandSouth CarolinaSouth DakotaTennesseeTexasUnited StatesUtahVermontVeterans HealthVirgin IslandsVirginiaWashingtonWest VirginiaWisconsinWyoming,936125727,1149053610,465533975,3392.18,8005.95,395097539,3957.88,9796.82,3028150,3552007.0,321261,50.223,106937907,928.97
2021-12-08,AlabamaAlaskaAmerican SamoaArizonaArkansasBureau of PrisonsCaliforniaColoradoConnecticutDelawareDept of DefenseDistrict of ColumbiaFederated States of MicronesiaFloridaGeorgiaGuamHawaiiIdahoIllinoisIndian Health SvcIndianaIowaKansasKentuckyLong Term CareLouisianaMaineMarshall IslandsMarylandMassachusettsMichiganMinnesotaMississippiMissouriMontanaNebraskaNevadaNew HampshireNew JerseyNew MexicoNew York StateNorth CarolinaNorth DakotaNorthern Mariana IslandsOhioOklahomaOregonPennsylvaniaPuerto RicoRepublic of PalauRhode IslandSouth CarolinaSouth DakotaTennesseeTexasUnited StatesUtahVermontVeterans HealthVirgin IslandsVirginiaWashingtonWest VirginiaWisconsinWyoming,921786236,1135726445,457758321,3336.17,7890.08,388214369,3895.03,9702.5,4036922,3726072.0,327233,49.186,106722218,927.71
2021-12-09,AlabamaAlaskaAmerican SamoaArizonaArkansasBureau of PrisonsCaliforniaColoradoConnecticutDelawareDept of DefenseDistrict of ColumbiaFederated States of MicronesiaFloridaGeorgiaGuamHawaiiIdahoIllinoisIndian Health SvcIndianaIowaKansasKentuckyLong Term CareLouisianaMaineMarshall IslandsMarylandMassachusettsMichiganMinnesotaMississippiMissouriMontanaNebraskaNevadaNew HampshireNew JerseyNew MexicoNew York StateNorth CarolinaNorth DakotaNorthern Mariana IslandsOhioOklahomaOregonPennsylvaniaPuerto RicoRepublic of PalauRhode IslandSouth CarolinaSouth DakotaTennesseeTexasUnited StatesUtahVermontVeterans HealthVirgin IslandsVirginiaWashingtonWest VirginiaWisconsinWyoming,881980876,1089097945,435750739,3340.39,7910.57,371357187,3892.0,9730.95,3102955,3634481.0,324097,49.151,104403171,946.97
2021-12-10,AlabamaAlaskaAmerican SamoaArizonaArkansasBureau of PrisonsCaliforniaColoradoConnecticutDelawareDept of DefenseDistrict of ColumbiaFederated States of MicronesiaFloridaGeorgiaGuamHawaiiIdahoIllinoisIndian Health SvcIndianaIowaKansasKentuckyLong Term CareLouisianaMaineMarshall IslandsMarylandMassachusettsMichiganMinnesotaMississippiMissouriMontanaNebraskaNevadaNew HampshireNew JerseyNew MexicoNew York StateNorth CarolinaNorth DakotaNorthern Mariana IslandsOhioOklahomaOregonPennsylvaniaPuerto RicoRepublic of PalauRhode IslandSouth CarolinaSouth DakotaTennesseeTexasUnited StatesUtahVermontVeterans HealthVirgin IslandsVirginiaWashingtonWest VirginiaWisconsinWyoming,887724021,1094999355,436944893,3347.02,7946.57,372360796,3899.86,9781.8,5743145,3941093.0,333532,49.131,108002237,968.83
2021-12-11,AlabamaAlaskaAmerican SamoaArizonaArkansasBureau of PrisonsCaliforniaColoradoConnecticutDelawareDept of DefenseDistrict of ColumbiaFederated States of MicronesiaFloridaGeorgiaGuamHawaiiIdahoIllinoisIndian Health SvcIndianaIowaKansasKentuckyLong Term CareLouisianaMaineMarshall IslandsMarylandMassachusettsMichiganMinnesotaMississippiMissouriMontanaNebraskaNevadaNew HampshireNew JerseyNew MexicoNew York StateNorth CarolinaNorth DakotaNorthern Mariana IslandsOhioOklahomaOregonPennsylvaniaPuerto RicoRepublic of PalauRhode IslandSouth CarolinaSouth DakotaTennesseeTexasUnited StatesUtahVermontVeterans HealthVirgin IslandsVirginiaWashingtonWest VirginiaWisconsinWyoming,891652825,1100056975,437921760,3355.53,7988.8,373109413,3912.11,9817.83,3928804,3898169.0,336733,49.224,110252371,990.72003
2021-12-12,AlabamaAlaskaAmerican SamoaArizonaArkansasBureau of PrisonsCaliforniaColoradoConnecticutDelawareDept of DefenseDistrict of ColumbiaFederated States of MicronesiaFloridaGeorgiaGuamHawaiiIdahoIllinoisIndian Health SvcIndianaIowaKansasKentuckyLong Term CareLouisianaMaineMarshall IslandsMarylandMassachusettsMichiganMinnesotaMississippiMissouriMontanaNebraskaNevadaNew HampshireNew JerseyNew MexicoNew York StateNorth CarolinaNorth DakotaNorthern Mariana IslandsOhioOklahomaOregonPennsylvaniaPuerto RicoRepublic of PalauRhode IslandSouth CarolinaSouth DakotaTennesseeTexasUnited StatesUtahVermontVeterans HealthVirgin IslandsVirginiaWashingtonWest VirginiaWisconsinWyoming,894307707,1100261835,438497418,3359.17,8008.03,373610994,3916.28,9822.64,2654882,3785168.0,328296,49.307,111855901,1002.32
2021-12-13,AlabamaAlaskaAmerican SamoaArizonaArkansasBureau of PrisonsCaliforniaColoradoConnecticutDelawareDept of DefenseDistrict of ColumbiaFederated States of MicronesiaFloridaGeorgiaGuamHawaiiIdahoIllinoisIndian Health SvcIndianaIowaKansasKentuckyLong Term CareLouisianaMaineMarshall IslandsMarylandMassachusettsMichiganMinnesotaMississippiMissouriMontanaNebraskaNevadaNew HampshireNew JerseyNew MexicoNew York StateNorth CarolinaNorth DakotaNorthern Mariana IslandsOhioOklahomaOregonPennsylvaniaPuerto RicoRepublic of PalauRhode IslandSouth CarolinaSouth DakotaTennesseeTexasUnited StatesUtahVermontVeterans HealthVirgin IslandsVirginiaWashingtonWest VirginiaWisconsinWyoming,877532023,1077828720,429987948,3299.59,7875.14,366072744,3849.24,9645.54,2037187,3721063.0,318700,48.561,110547928,991.49
2021-12-14,AlabamaAlaskaAmerican SamoaArizonaArkansasBureau of PrisonsCaliforniaColoradoConnecticutDelawareDept of DefenseDistrict of ColumbiaFederated States of MicronesiaFloridaGeorgiaGuamHawaiiIdahoIllinoisIndian Health SvcIndianaIowaKansasKentuckyLong Term CareLouisianaMaineMarshall IslandsMarylandMassachusettsMichiganMinnesotaMississippiMissouriMontanaNebraskaNevadaNew HampshireNew JerseyNew MexicoNew York StateNorth CarolinaNorth DakotaNorthern Mariana IslandsOhioOklahomaOregonPennsylvaniaPuerto RicoRepublic of PalauRhode IslandSouth CarolinaSouth DakotaTennesseeTexasUnited StatesUtahVermontVeterans HealthVirgin IslandsVirginiaWashingtonWest VirginiaWisconsinWyoming,879758118,1082714830,430486033,3304.41,7898.5103,366540957,3854.2,9687.2705,2226095,3633201.0,308794,48.501,111830999,1005.21
2021-12-15,AlabamaAlaskaAmerican SamoaArizonaArkansasBureau of PrisonsCaliforniaColoradoConnecticutDelawareDept of DefenseDistrict of ColumbiaFederated States of MicronesiaFloridaGeorgiaGuamHawaiiIdahoIllinoisIndian Health SvcIndianaIowaKansasKentuckyLong Term CareLouisianaMaineMarshall IslandsMarylandMassachusettsMichiganMinnesotaMississippiMissouriMontanaNebraskaNevadaNew HampshireNew JerseyNew MexicoNew York StateNorth CarolinaNorth DakotaNorthern Mariana IslandsOhioOklahomaOregonPennsylvaniaPuerto RicoRepublic of PalauRhode IslandSouth CarolinaSouth DakotaTennesseeTexasUnited StatesUtahVermontVeterans HealthVirgin IslandsVirginiaWashingtonWest VirginiaWisconsinWyoming,880698304,1084602330,430051392,3247.72,7775.37,366260497,3777.17,9521.0205,3087442,3516771.0,309811,47.752,113464103,1012.18
2021-12-16,AlabamaAlaskaAmerican SamoaArizonaArkansasBureau of PrisonsCaliforniaColoradoConnecticutDelawareDept of DefenseDistrict of ColumbiaFederated States of MicronesiaFloridaGeorgiaGuamHawaiiIdahoIllinoisIndian Health SvcIndianaIowaKansasKentuckyLong Term CareLouisianaMaineMarshall IslandsMarylandMassachusettsMichiganMinnesotaMississippiMissouriMontanaNebraskaNevadaNew HampshireNew JerseyNew MexicoNew York StateNorth CarolinaNorth DakotaNorthern Mariana IslandsOhioOklahomaOregonPennsylvaniaPuerto RicoRepublic of PalauRhode IslandSouth CarolinaSouth DakotaTennesseeTexasUnited StatesUtahVermontVeterans HealthVirgin IslandsVirginiaWashingtonWest VirginiaWisconsinWyoming,902944749,1112112185,439696406,3317.34,7956.67,374888400,3854.65,9741.51,3272061,3539202.0,313592,48.572,118068723,1051.36
2021-12-17,AlabamaAlaskaAmerican SamoaArizonaArkansasBureau of PrisonsCaliforniaColoradoConnecticutDelawareDept of DefenseDistrict of ColumbiaFederated States of MicronesiaFloridaGeorgiaGuamHawaiiIdahoIllinoisIndian Health SvcIndianaIowaKansasKentuckyLong Term CareLouisianaMaineMarshall IslandsMarylandMassachusettsMichiganMinnesotaMississippiMissouriMontanaNebraskaNevadaNew HampshireNew JerseyNew MexicoNew York StateNorth CarolinaNorth DakotaNorthern Mariana IslandsOhioOklahomaOregonPennsylvaniaPuerto RicoRepublic of PalauRhode IslandSouth CarolinaSouth DakotaTennesseeTexasUnited StatesUtahVermontVeterans HealthVirgin IslandsVirginiaWashingtonWest VirginiaWisconsinWyoming,906294428,1120358085,440498959,3322.33,7986.66,375452268,3862.02,9803.35,3349679,3199601.0,306664,48.463,120091147,1069.42
2021-12-18,AlabamaAlaskaAmerican SamoaArizonaArkansasBureau of PrisonsCaliforniaColoradoConnecticutDelawareDept of DefenseDistrict of ColumbiaFederated States of MicronesiaFloridaGeorgiaGuamHawaiiIdahoIllinoisIndian Health SvcIndianaIowaKansasKentuckyLong Term CareLouisianaMaineMarshall IslandsMarylandMassachusettsMichiganMinnesotaMississippiMissouriMontanaNebraskaNevadaNew HampshireNew JerseyNew MexicoNew York StateNorth CarolinaNorth DakotaNorthern Mariana IslandsOhioOklahomaOregonPennsylvaniaPuerto RicoRepublic of PalauRhode IslandSouth CarolinaSouth DakotaTennesseeTexasUnited StatesUtahVermontVeterans HealthVirgin IslandsVirginiaWashingtonWest VirginiaWisconsinWyoming,414312386,510420655,199332758,3201.45,7706.46,171558419,3720.12,9405.52,1448739,3043630.0,285869,47.074,56931886,1041.78
2021-12-19,AlabamaAlaskaAmerican SamoaArizonaArkansasBureau of PrisonsCaliforniaColoradoConnecticutDelawareDept of DefenseDistrict of ColumbiaFederated States of MicronesiaFloridaGeorgiaGuamHawaiiIdahoIllinoisIndian Health SvcIndianaIowaKansasKentuckyLong Term CareLouisianaMaineMarshall IslandsMarylandMassachusettsMichiganMinnesotaMississippiMissouriMontanaNebraskaNevadaNew HampshireNew JerseyNew MexicoNew York StateNorth CarolinaNorth DakotaNorthern Mariana IslandsOhioOklahomaOregonPennsylvaniaPuerto RicoRepublic of PalauRhode IslandSouth CarolinaSouth DakotaTennesseeTexasUnited StatesUtahVermontVeterans HealthVirgin IslandsVirginiaWashingtonWest VirginiaWisconsinWyoming,415527430,509767205,199622384,3204.37,7726.63,171717806,3724.8,9392.97,1215044,3036257.0,289503,47.255,57708988,1054.6
2021-12-20,AlabamaAlaskaAmerican SamoaArizonaArkansasBureau of PrisonsCaliforniaColoradoConnecticutDelawareDept of DefenseDistrict of ColumbiaFederated States of MicronesiaFloridaGeorgiaGuamHawaiiIdahoIllinoisIndian Health SvcIndianaIowaKansasKentuckyLong Term CareLouisianaMaineMarshall IslandsMarylandMassachusettsMichiganMinnesotaMississippiMissouriMontanaNebraskaNevadaNew HampshireNew JerseyNew MexicoNew York StateNorth CarolinaNorth DakotaNorthern Mariana IslandsOhioOklahomaOregonPennsylvaniaPuerto RicoRepublic of PalauRhode IslandSouth CarolinaSouth DakotaTennesseeTexasUnited StatesUtahVermontVeterans HealthVirgin IslandsVirginiaWashingtonWest VirginiaWisconsinWyoming,416391364,509030285,199849575,3206.43,7741.06,171842855,3728.34,9380.4795,863934,3061198.0,289958,47.401,58227361,1063.57
2021-12-21,AlabamaAlaskaAmerican SamoaArizonaArkansasBureau of PrisonsCaliforniaColoradoConnecticutDelawareDept of DefenseDistrict of ColumbiaFederated States of MicronesiaFloridaGeorgiaGuamHawaiiIdahoIllinoisIndian Health SvcIndianaIowaKansasKentuckyLong Term CareLouisianaMaineMarshall IslandsMarylandMassachusettsMichiganMinnesotaMississippiMissouriMontanaNebraskaNevadaNew HampshireNew JerseyNew MexicoNew York StateNorth CarolinaNorth DakotaNorthern Mariana IslandsOhioOklahomaOregonPennsylvaniaPuerto RicoRepublic of PalauRhode IslandSouth CarolinaSouth DakotaTennesseeTexasUnited StatesUtahVermontVeterans HealthVirgin IslandsVirginiaWashingtonWest VirginiaWisconsinWyoming,916565215,1120658365,442695564,3292.6301,7991.66,377164880,3840.6,9697.57,1052998,3092303.0,292008,48.187,126610100,1115.2
2021-12-22,AlabamaAlaskaAmerican SamoaArizonaArkansasBureau of PrisonsCaliforniaColoradoConnecticutDelawareDept of DefenseDistrict of ColumbiaFederated States of MicronesiaFloridaGeorgiaGuamHawaiiIdahoIllinoisIndian Health SvcIndianaIowaKansasKentuckyLong Term CareLouisianaMaineMarshall IslandsMarylandMassachusettsMichiganMinnesotaMississippiMissouriMontanaNebraskaNevadaNew HampshireNew JerseyNew MexicoNew York StateNorth CarolinaNorth DakotaNorthern Mariana IslandsOhioOklahomaOregonPennsylvaniaPuerto RicoRepublic of PalauRhode IslandSouth CarolinaSouth DakotaTennesseeTexasUnited StatesUtahVermontVeterans HealthVirgin IslandsVirginiaWashingtonWest VirginiaWisconsinWyoming,420545470,516772740,201926639,3235.92,7868.51,172779979,3774.6,9553.56,1355280,3042564.0,289602,47.337,59509919,1110.18
2021-12-23,AlabamaAlaskaAmerican SamoaArizonaArkansasBureau of PrisonsCaliforniaColoradoConnecticutDelawareDept of DefenseDistrict of ColumbiaFederated States of MicronesiaFloridaGeorgiaGuamHawaiiIdahoIllinoisIndian Health SvcIndianaIowaKansasKentuckyLong Term CareLouisianaMaineMarshall IslandsMarylandMassachusettsMichiganMinnesotaMississippiMissouriMontanaNebraskaNevadaNew HampshireNew JerseyNew MexicoNew York StateNorth CarolinaNorth DakotaNorthern Mariana IslandsOhioOklahomaOregonPennsylvaniaPuerto RicoRepublic of PalauRhode IslandSouth CarolinaSouth DakotaTennesseeTexasUnited StatesUtahVermontVeterans HealthVirgin IslandsVirginiaWashingtonWest VirginiaWisconsinWyoming,944353495,1157816835,454060157,3462.88,8420.32,386838292,4034.66,10254.43,1570305,2997159.0,285283,50.447,134076107,1199.73
2021-12-24,AlabamaAlaskaAmerican SamoaArizonaArkansasBureau of PrisonsCaliforniaColoradoConnecticutDelawareDept of DefenseDistrict of ColumbiaFederated States of MicronesiaFloridaGeorgiaGuamHawaiiIdahoIllinoisIndian Health SvcIndianaIowaKansasKentuckyLong Term CareLouisianaMaineMarshall IslandsMarylandMassachusettsMichiganMinnesotaMississippiMissouriMontanaNebraskaNevadaNew HampshireNew JerseyNew MexicoNew York StateNorth CarolinaNorth DakotaNorthern Mariana IslandsOhioOklahomaOregonPennsylvaniaPuerto RicoRepublic of PalauRhode IslandSouth CarolinaSouth DakotaTennesseeTexasUnited StatesUtahVermontVeterans HealthVirgin IslandsVirginiaWashingtonWest VirginiaWisconsinWyoming,0,0,0,0.0,0.0,0,0.0,0.0,0,2715852.0,255652,0.0,0,0.0
2021-12-25,AlabamaAlaskaAmerican SamoaArizonaArkansasBureau of PrisonsCaliforniaColoradoConnecticutDelawareDept of DefenseDistrict of ColumbiaFederated States of MicronesiaFloridaGeorgiaGuamHawaiiIdahoIllinoisIndian Health SvcIndianaIowaKansasKentuckyLong Term CareLouisianaMaineMarshall IslandsMarylandMassachusettsMichiganMinnesotaMississippiMissouriMontanaNebraskaNevadaNew HampshireNew JerseyNew MexicoNew York StateNorth CarolinaNorth DakotaNorthern Mariana IslandsOhioOklahomaOregonPennsylvaniaPuerto RicoRepublic of PalauRhode IslandSouth CarolinaSouth DakotaTennesseeTexasUnited StatesUtahVermontVeterans HealthVirgin IslandsVirginiaWashingtonWest VirginiaWisconsinWyoming,0,0,0,0.0,0.0,0,0.0,0.0,0,2510113.0,231099,0.0,0,0.0
2021-12-26,AlabamaAlaskaAmerican SamoaArizonaArkansasBureau of PrisonsCaliforniaColoradoConnecticutDelawareDept of DefenseDistrict of ColumbiaFederated States of MicronesiaFloridaGeorgiaGuamHawaiiIdahoIllinoisIndian Health SvcIndianaIowaKansasKentuckyLong Term CareLouisianaMaineMarshall IslandsMarylandMassachusettsMichiganMinnesotaMississippiMissouriMontanaNebraskaNevadaNew HampshireNew JerseyNew MexicoNew York StateNorth CarolinaNorth DakotaNorthern Mariana IslandsOhioOklahomaOregonPennsylvaniaPuerto RicoRepublic of PalauRhode IslandSouth CarolinaSouth DakotaTennesseeTexasUnited StatesUtahVermontVeterans HealthVirgin IslandsVirginiaWashingtonWest VirginiaWisconsinWyoming,0,0,0,0.0,0.0,0,0.0,0.0,0,2337759.0,214912,0.0,0,0.0
2021-12-27,AlabamaAlaskaAmerican SamoaArizonaArkansasBureau of PrisonsCaliforniaColoradoConnecticutDelawareDept of DefenseDistrict of ColumbiaFederated States of MicronesiaFloridaGeorgiaGuamHawaiiIdahoIllinoisIndian Health SvcIndianaIowaKansasKentuckyLong Term CareLouisianaMaineMarshall IslandsMarylandMassachusettsMichiganMinnesotaMississippiMissouriMontanaNebraskaNevadaNew HampshireNew JerseyNew MexicoNew York StateNorth CarolinaNorth DakotaNorthern Mariana IslandsOhioOklahomaOregonPennsylvaniaPuerto RicoRepublic of PalauRhode IslandSouth CarolinaSouth DakotaTennesseeTexasUnited StatesUtahVermontVeterans HealthVirgin IslandsVirginiaWashingtonWest VirginiaWisconsinWyoming,930560674,1130414170,446566375,3407.1,8311.82,379528099,3974.3901,10050.45,0,2215566.0,206685,49.954998,134538901,1202.89
2021-12-28,AlabamaAlaskaAmerican SamoaArizonaArkansasBureau of PrisonsCaliforniaColoradoConnecticutDelawareDept of DefenseDistrict of ColumbiaFederated States of MicronesiaFloridaGeorgiaGuamHawaiiIdahoIllinoisIndian Health SvcIndianaIowaKansasKentuckyLong Term CareLouisianaMaineMarshall IslandsMarylandMassachusettsMichiganMinnesotaMississippiMissouriMontanaNebraskaNevadaNew HampshireNew JerseyNew MexicoNew York StateNorth CarolinaNorth DakotaNorthern Mariana IslandsOhioOklahomaOregonPennsylvaniaPuerto RicoRepublic of PalauRhode IslandSouth CarolinaSouth DakotaTennesseeTexasUnited StatesUtahVermontVeterans HealthVirgin IslandsVirginiaWashingtonWest VirginiaWisconsinWyoming,933554030,1130416990,447296349,3411.91,8339.02,379962710,3980.74,10051.12,2993356,2285198.0,208546,50.099,136389560,1219.14
2021-12-29,AlabamaAlaskaAmerican SamoaArizonaArkansasBureau of PrisonsCaliforniaColoradoConnecticutDelawareDept of DefenseDistrict of ColumbiaFederated States of MicronesiaFloridaGeorgiaGuamHawaiiIdahoIllinoisIndian Health SvcIndianaIowaKansasKentuckyLong Term CareLouisianaMaineMarshall IslandsMarylandMassachusettsMichiganMinnesotaMississippiMissouriMontanaNebraskaNevadaNew HampshireNew JerseyNew MexicoNew York StateNorth CarolinaNorth DakotaNorthern Mariana IslandsOhioOklahomaOregonPennsylvaniaPuerto RicoRepublic of PalauRhode IslandSouth CarolinaSouth DakotaTennesseeTexasUnited StatesUtahVermontVeterans HealthVirgin IslandsVirginiaWashingtonWest VirginiaWisconsinWyoming,935906341,1139007190,447959339,3415.46,8357.41,380352238,3985.5,10115.48,2352311,2218721.0,193211,49.911,137709566,1229.45
2021-12-30,AlabamaAlaskaAmerican SamoaArizonaArkansasBureau of PrisonsCaliforniaColoradoConnecticutDelawareDept of DefenseDistrict of ColumbiaFederated States of MicronesiaFloridaGeorgiaGuamHawaiiIdahoIllinoisIndian Health SvcIndianaIowaKansasKentuckyLong Term CareLouisianaMaineMarshall IslandsMarylandMassachusettsMichiganMinnesotaMississippiMissouriMontanaNebraskaNevadaNew HampshireNew JerseyNew MexicoNew York StateNorth CarolinaNorth DakotaNorthern Mariana IslandsOhioOklahomaOregonPennsylvaniaPuerto RicoRepublic of PalauRhode IslandSouth CarolinaSouth DakotaTennesseeTexasUnited StatesUtahVermontVeterans HealthVirgin IslandsVirginiaWashingtonWest VirginiaWisconsinWyoming,958338817,1164306675,457787771,3483.27,8538.09,388840876,4063.93,10315.71,2689594,2169710.0,184693,50.834,142447368,1268.8
2021-12-31,AlabamaAlaskaAmerican SamoaArizonaArkansasBureau of PrisonsCaliforniaColoradoConnecticutDelawareDept of DefenseDistrict of ColumbiaFederated States of MicronesiaFloridaGeorgiaGuamHawaiiIdahoIllinoisIndian Health SvcIndianaIowaKansasKentuckyLong Term CareLouisianaMaineMarshall IslandsMarylandMassachusettsMichiganMinnesotaMississippiMissouriMontanaNebraskaNevadaNew HampshireNew JerseyNew MexicoNew York StateNorth CarolinaNorth DakotaNorthern Mariana IslandsOhioOklahomaOregonPennsylvaniaPuerto RicoRepublic of PalauRhode IslandSouth CarolinaSouth DakotaTennesseeTexasUnited StatesUtahVermontVeterans HealthVirgin IslandsVirginiaWashingtonWest VirginiaWisconsinWyoming,0,0,0,0.0,0.0,0,0.0,0.0,0,2221867.0,190857,0.0,0,0.0
2022-01-01,AlabamaAlaskaAmerican SamoaArizonaArkansasBureau of PrisonsCaliforniaColoradoConnecticutDelawareDept of DefenseDistrict of ColumbiaFederated States of MicronesiaFloridaGeorgiaGuamHawaiiIdahoIllinoisIndian Health SvcIndianaIowaKansasKentuckyLong Term CareLouisianaMaineMarshall IslandsMarylandMassachusettsMichiganMinnesotaMississippiMissouriMontanaNebraskaNevadaNew HampshireNew JerseyNew MexicoNew York StateNorth CarolinaNorth DakotaNorthern Mariana IslandsOhioOklahomaOregonPennsylvaniaPuerto RicoRepublic of PalauRhode IslandSouth CarolinaSouth DakotaTennesseeTexasUnited StatesUtahVermontVeterans HealthVirgin IslandsVirginiaWashingtonWest VirginiaWisconsinWyoming,0,0,0,0.0,0.0,0,0.0,0.0,0,2274027.0,197032,0.0,0,0.0
2022-01-02,AlabamaAlaskaAmerican SamoaArizonaArkansasBureau of PrisonsCaliforniaColoradoConnecticutDelawareDept of DefenseDistrict of ColumbiaFederated States of MicronesiaFloridaGeorgiaGuamHawaiiIdahoIllinoisIndian Health SvcIndianaIowaKansasKentuckyLong Term CareLouisianaMaineMarshall IslandsMarylandMassachusettsMichiganMinnesotaMississippiMissouriMontanaNebraskaNevadaNew HampshireNew JerseyNew MexicoNew York StateNorth CarolinaNorth DakotaNorthern Mariana IslandsOhioOklahomaOregonPennsylvaniaPuerto RicoRepublic of PalauRhode IslandSouth CarolinaSouth DakotaTennesseeTexasUnited StatesUtahVermontVeterans HealthVirgin IslandsVirginiaWashingtonWest VirginiaWisconsinWyoming,0,0,0,0.0,0.0,0,0.0,0.0,0,2326189.0,203182,0.0,0,0.0
2022-01-03,AlabamaAlaskaAmerican SamoaArizonaArkansasBureau of PrisonsCaliforniaColoradoConnecticutDelawareDept of DefenseDistrict of ColumbiaFederated States of MicronesiaFloridaGeorgiaGuamHawaiiIdahoIllinoisIndian Health SvcIndianaIowaKansasKentuckyLong Term CareLouisianaMaineMarshall IslandsMarylandMassachusettsMichiganMinnesotaMississippiMissouriMontanaNebraskaNevadaNew HampshireNew JerseyNew MexicoNew York StateNorth CarolinaNorth DakotaNorthern Mariana IslandsOhioOklahomaOregonPennsylvaniaPuerto RicoRepublic of PalauRhode IslandSouth CarolinaSouth DakotaTennesseeTexasUnited StatesUtahVermontVeterans HealthVirgin IslandsVirginiaWashingtonWest VirginiaWisconsinWyoming,0,0,0,0.0,0.0,0,0.0,0.0,0,2378343.0,209352,0.0,0,0.0
2022-01-04,AlabamaAlaskaAmerican SamoaArizonaArkansasBureau of PrisonsCaliforniaColoradoConnecticutDelawareDept of DefenseDistrict of ColumbiaFederated States of MicronesiaFloridaGeorgiaGuamHawaiiIdahoIllinoisIndian Health SvcIndianaIowaKansasKentuckyLong Term CareLouisianaMaineMarshall IslandsMarylandMassachusettsMichiganMinnesotaMississippiMissouriMontanaNebraskaNevadaNew HampshireNew JerseyNew MexicoNew York StateNorth CarolinaNorth DakotaNorthern Mariana IslandsOhioOklahomaOregonPennsylvaniaPuerto RicoRepublic of PalauRhode IslandSouth CarolinaSouth DakotaTennesseeTexasUnited StatesUtahVermontVeterans HealthVirgin IslandsVirginiaWashingtonWest VirginiaWisconsinWyoming,967454178,1162579825,460367085,3499.18,8617.61,390238223,4084.83,10303.96,0,2205531.0,192754,51.34,147668410,1312.17
2022-01-05,AlabamaAlaskaAmerican SamoaArizonaArkansasBureau of PrisonsCaliforniaColoradoConnecticutDelawareDept of DefenseDistrict of ColumbiaFederated States of MicronesiaFloridaGeorgiaGuamHawaiiIdahoIllinoisIndian Health SvcIndianaIowaKansasKentuckyLong Term CareLouisianaMaineMarshall IslandsMarylandMassachusettsMichiganMinnesotaMississippiMissouriMontanaNebraskaNevadaNew HampshireNew JerseyNew MexicoNew York StateNorth CarolinaNorth DakotaNorthern Mariana IslandsOhioOklahomaOregonPennsylvaniaPuerto RicoRepublic of PalauRhode IslandSouth CarolinaSouth DakotaTennesseeTexasUnited StatesUtahVermontVeterans HealthVirgin IslandsVirginiaWashingtonWest VirginiaWisconsinWyoming,969618750,1169570065,460979384,3503.24,8636.75,390629235,4089.77,10359.38,2164572,2173081.0,193331,51.194,148851462,1322.49
2022-01-06,AlabamaAlaskaAmerican SamoaArizonaArkansasBureau of PrisonsCaliforniaColoradoConnecticutDelawareDept of DefenseDistrict of ColumbiaFederated States of MicronesiaFloridaGeorgiaGuamHawaiiIdahoIllinoisIndian Health SvcIndianaIowaKansasKentuckyLong Term CareLouisianaMaineMarshall IslandsMarylandMassachusettsMichiganMinnesotaMississippiMissouriMontanaNebraskaNevadaNew HampshireNew JerseyNew MexicoNew York StateNorth CarolinaNorth DakotaNorthern Mariana IslandsOhioOklahomaOregonPennsylvaniaPuerto RicoRepublic of PalauRhode IslandSouth CarolinaSouth DakotaTennesseeTexasUnited StatesUtahVermontVeterans HealthVirgin IslandsVirginiaWashingtonWest VirginiaWisconsinWyoming,951890546,1173224790,452411446,3442.52,8499.57,382836472,4022.47,10399.56,2340814,2123949.0,188155,49.418,146899179,1308.8201
2022-01-07,AlabamaAlaskaAmerican SamoaArizonaArkansasBureau of PrisonsCaliforniaColoradoConnecticutDelawareDept of DefenseDistrict of ColumbiaFederated States of MicronesiaFloridaGeorgiaGuamHawaiiIdahoIllinoisIndian Health SvcIndianaIowaKansasKentuckyLong Term CareLouisianaMaineMarshall IslandsMarylandMassachusettsMichiganMinnesotaMississippiMissouriMontanaNebraskaNevadaNew HampshireNew JerseyNew MexicoNew York StateNorth CarolinaNorth DakotaNorthern Mariana IslandsOhioOklahomaOregonPennsylvaniaPuerto RicoRepublic of PalauRhode IslandSouth CarolinaSouth DakotaTennesseeTexasUnited StatesUtahVermontVeterans HealthVirgin IslandsVirginiaWashingtonWest VirginiaWisconsinWyoming,974717571,1197178985,462391189,3511.47,8682.58,391426766,4101.41,10588.6,2669464,2251192.0,200177,50.393,151790556,1348.95
2022-01-08,AlabamaAlaskaAmerican SamoaArizonaArkansasBureau of PrisonsCaliforniaColoradoConnecticutDelawareDept of DefenseDistrict of ColumbiaFederated States of MicronesiaFloridaGeorgiaGuamHawaiiIdahoIllinoisIndian Health SvcIndianaIowaKansasKentuckyLong Term CareLouisianaMaineMarshall IslandsMarylandMassachusettsMichiganMinnesotaMississippiMissouriMontanaNebraskaNevadaNew HampshireNew JerseyNew MexicoNew York StateNorth CarolinaNorth DakotaNorthern Mariana IslandsOhioOklahomaOregonPennsylvaniaPuerto RicoRepublic of PalauRhode IslandSouth CarolinaSouth DakotaTennesseeTexasUnited StatesUtahVermontVeterans HealthVirgin IslandsVirginiaWashingtonWest VirginiaWisconsinWyoming,977348853,1210418835,463120775,3515.47,8705.08,391838760,4107.12,10703.22,2631282,2366649.0,209468,49.986,153305643,1361.86
2022-01-09,AlabamaAlaskaAmerican SamoaArizonaArkansasBureau of PrisonsCaliforniaColoradoConnecticutDelawareDept of DefenseDistrict of ColumbiaFederated States of MicronesiaFloridaGeorgiaGuamHawaiiIdahoIllinoisIndian Health SvcIndianaIowaKansasKentuckyLong Term CareLouisianaMaineMarshall IslandsMarylandMassachusettsMichiganMinnesotaMississippiMissouriMontanaNebraskaNevadaNew HampshireNew JerseyNew MexicoNew York StateNorth CarolinaNorth DakotaNorthern Mariana IslandsOhioOklahomaOregonPennsylvaniaPuerto RicoRepublic of PalauRhode IslandSouth CarolinaSouth DakotaTennesseeTexasUnited StatesUtahVermontVeterans HealthVirgin IslandsVirginiaWashingtonWest VirginiaWisconsinWyoming,979706699,1210325455,463775555,3518.12,8722.84,392215580,4111.5,10702.58,2357846,2443046.0,212210,50.086,154653387,1372.79
2022-01-10,AlabamaAlaskaAmerican SamoaArizonaArkansasBureau of PrisonsCaliforniaColoradoConnecticutDelawareDept of DefenseDistrict of ColumbiaFederated States of MicronesiaFloridaGeorgiaGuamHawaiiIdahoIllinoisIndian Health SvcIndianaIowaKansasKentuckyLong Term CareLouisianaMaineMarshall IslandsMarylandMassachusettsMichiganMinnesotaMississippiMissouriMontanaNebraskaNevadaNew HampshireNew JerseyNew MexicoNew York StateNorth CarolinaNorth DakotaNorthern Mariana IslandsOhioOklahomaOregonPennsylvaniaPuerto RicoRepublic of PalauRhode IslandSouth CarolinaSouth DakotaTennesseeTexasUnited StatesUtahVermontVeterans HealthVirgin IslandsVirginiaWashingtonWest VirginiaWisconsinWyoming,981207859,1210295565,464205017,3519.81,8733.76,392456630,4114.58,10702.59,1501160,2397062.0,205096,50.15,155495709,1379.09
2022-01-11,AlabamaAlaskaAmerican SamoaArizonaArkansasBureau of PrisonsCaliforniaColoradoConnecticutDelawareDept of DefenseDistrict of ColumbiaFederated States of MicronesiaFloridaGeorgiaGuamHawaiiIdahoIllinoisIndian Health SvcIndianaIowaKansasKentuckyLong Term CareLouisianaMaineMarshall IslandsMarylandMassachusettsMichiganMinnesotaMississippiMissouriMontanaNebraskaNevadaNew HampshireNew JerseyNew MexicoNew York StateNorth CarolinaNorth DakotaNorthern Mariana IslandsOhioOklahomaOregonPennsylvaniaPuerto RicoRepublic of PalauRhode IslandSouth CarolinaSouth DakotaTennesseeTexasUnited StatesUtahVermontVeterans HealthVirgin IslandsVirginiaWashingtonWest VirginiaWisconsinWyoming,983111158,1214265195,464718268,3523.72,8756.19,392760870,4119.87,10736.46,1903299,2408517.0,214289,50.121002,156597527,1392.4
2022-01-12,AlabamaAlaskaAmerican SamoaArizonaArkansasBureau of PrisonsCaliforniaColoradoConnecticutDelawareDept of DefenseDistrict of ColumbiaFederated States of MicronesiaFloridaGeorgiaGuamHawaiiIdahoIllinoisIndian Health SvcIndianaIowaKansasKentuckyLong Term CareLouisianaMaineMarshall IslandsMarylandMassachusettsMichiganMinnesotaMississippiMissouriMontanaNebraskaNevadaNew HampshireNew JerseyNew MexicoNew York StateNorth CarolinaNorth DakotaNorthern Mariana IslandsOhioOklahomaOregonPennsylvaniaPuerto RicoRepublic of PalauRhode IslandSouth CarolinaSouth DakotaTennesseeTexasUnited StatesUtahVermontVeterans HealthVirgin IslandsVirginiaWashingtonWest VirginiaWisconsinWyoming,965126006,1195118940,456082089,3462.97,8615.5,384953608,4051.83,10586.56,2416599,2450806.0,216547,49.211,154470065,1375.79
2022-01-13,AlabamaAlaskaAmerican SamoaArizonaArkansasBureau of PrisonsCaliforniaColoradoConnecticutDelawareDept of DefenseDistrict of ColumbiaFederated States of MicronesiaFloridaGeorgiaGuamHawaiiIdahoIllinoisIndian Health SvcIndianaIowaKansasKentuckyLong Term CareLouisianaMaineMarshall IslandsMarylandMassachusettsMichiganMinnesotaMississippiMissouriMontanaNebraskaNevadaNew HampshireNew JerseyNew MexicoNew York StateNorth CarolinaNorth DakotaNorthern Mariana IslandsOhioOklahomaOregonPennsylvaniaPuerto RicoRepublic of PalauRhode IslandSouth CarolinaSouth DakotaTennesseeTexasUnited StatesUtahVermontVeterans HealthVirgin IslandsVirginiaWashingtonWest VirginiaWisconsinWyoming,970617381,1201516200,457878699,3541.91,8824.26,386587101,4141.86,10837.939,2855267,2524262.0,218482,50.038,156627867,1420.5
2022-01-14,AlabamaAlaskaAmerican SamoaArizonaArkansasBureau of PrisonsCaliforniaColoradoConnecticutDelawareDept of DefenseDistrict of ColumbiaFederated States of MicronesiaFloridaGeorgiaGuamHawaiiIdahoIllinoisIndian Health SvcIndianaIowaKansasKentuckyLong Term CareLouisianaMaineMarshall IslandsMarylandMassachusettsMichiganMinnesotaMississippiMissouriMontanaNebraskaNevadaNew HampshireNew JerseyNew MexicoNew York StateNorth CarolinaNorth DakotaNorthern Mariana IslandsOhioOklahomaOregonPennsylvaniaPuerto RicoRepublic of PalauRhode IslandSouth CarolinaSouth DakotaTennesseeTexasUnited StatesUtahVermontVeterans HealthVirgin IslandsVirginiaWashingtonWest VirginiaWisconsinWyoming,993730691,1230232385,467880267,3611.76,9013.16,395253962,4222.27,11066.17,2579559,2509051.0,221009,50.878,161707766,1464.09
2022-01-15,AlabamaAlaskaAmerican SamoaArizonaArkansasBureau of PrisonsCaliforniaColoradoConnecticutDelawareDept of DefenseDistrict of ColumbiaFederated States of MicronesiaFloridaGeorgiaGuamHawaiiIdahoIllinoisIndian Health SvcIndianaIowaKansasKentuckyLong Term CareLouisianaMaineMarshall IslandsMarylandMassachusettsMichiganMinnesotaMississippiMissouriMontanaNebraskaNevadaNew HampshireNew JerseyNew MexicoNew York StateNorth CarolinaNorth DakotaNorthern Mariana IslandsOhioOklahomaOregonPennsylvaniaPuerto RicoRepublic of PalauRhode IslandSouth CarolinaSouth DakotaTennesseeTexasUnited StatesUtahVermontVeterans HealthVirgin IslandsVirginiaWashingtonWest VirginiaWisconsinWyoming,996138659,1235382525,468562505,3614.97,9033.9,395634631,4227.9,11103.36,2407968,2474826.0,216966,50.836998,163078037,1476.14
2022-01-16,AlabamaAlaskaAmerican SamoaArizonaArkansasBureau of PrisonsCaliforniaColoradoConnecticutDelawareDept of DefenseDistrict of ColumbiaFederated States of MicronesiaFloridaGeorgiaGuamHawaiiIdahoIllinoisIndian Health SvcIndianaIowaKansasKentuckyLong Term CareLouisianaMaineMarshall IslandsMarylandMassachusettsMichiganMinnesotaMississippiMissouriMontanaNebraskaNevadaNew HampshireNew JerseyNew MexicoNew York StateNorth CarolinaNorth DakotaNorthern Mariana IslandsOhioOklahomaOregonPennsylvaniaPuerto RicoRepublic of PalauRhode IslandSouth CarolinaSouth DakotaTennesseeTexasUnited StatesUtahVermontVeterans HealthVirgin IslandsVirginiaWashingtonWest VirginiaWisconsinWyoming,0,0,0,0.0,0.0,0,0.0,0.0,0,2341424.0,207161,0.0,0,0.0
2022-01-17,AlabamaAlaskaAmerican SamoaArizonaArkansasBureau of PrisonsCaliforniaColoradoConnecticutDelawareDept of DefenseDistrict of ColumbiaFederated States of MicronesiaFloridaGeorgiaGuamHawaiiIdahoIllinoisIndian Health SvcIndianaIowaKansasKentuckyLong Term CareLouisianaMaineMarshall IslandsMarylandMassachusettsMichiganMinnesotaMississippiMissouriMontanaNebraskaNevadaNew HampshireNew JerseyNew MexicoNew York StateNorth CarolinaNorth DakotaNorthern Mariana IslandsOhioOklahomaOregonPennsylvaniaPuerto RicoRepublic of PalauRhode IslandSouth CarolinaSouth DakotaTennesseeTexasUnited StatesUtahVermontVeterans HealthVirgin IslandsVirginiaWashingtonWest VirginiaWisconsinWyoming,0,0,0,0.0,0.0,0,0.0,0.0,0,2330406.0,207176,0.0,0,0.0
2022-01-18,AlabamaAlaskaAmerican SamoaArizonaArkansasBureau of PrisonsCaliforniaColoradoConnecticutDelawareDept of DefenseDistrict of ColumbiaFederated States of MicronesiaFloridaGeorgiaGuamHawaiiIdahoIllinoisIndian Health SvcIndianaIowaKansasKentuckyLong Term CareLouisianaMaineMarshall IslandsMarylandMassachusettsMichiganMinnesotaMississippiMissouriMontanaNebraskaNevadaNew HampshireNew JerseyNew MexicoNew York StateNorth CarolinaNorth DakotaNorthern Mariana IslandsOhioOklahomaOregonPennsylvaniaPuerto RicoRepublic of PalauRhode IslandSouth CarolinaSouth DakotaTennesseeTexasUnited StatesUtahVermontVeterans HealthVirgin IslandsVirginiaWashingtonWest VirginiaWisconsinWyoming,468536585,581129160,219234103,3481.79,8723.18,185847627,4079.91,10693.87,0,2261946.0,190888,49.338,78035897,1437.47
2022-01-19,AlabamaAlaskaAmerican SamoaArizonaArkansasBureau of PrisonsCaliforniaColoradoConnecticutDelawareDept of DefenseDistrict of ColumbiaFederated States of MicronesiaFloridaGeorgiaGuamHawaiiIdahoIllinoisIndian Health SvcIndianaIowaKansasKentuckyLong Term CareLouisianaMaineMarshall IslandsMarylandMassachusettsMichiganMinnesotaMississippiMissouriMontanaNebraskaNevadaNew HampshireNew JerseyNew MexicoNew York StateNorth CarolinaNorth DakotaNorthern Mariana IslandsOhioOklahomaOregonPennsylvaniaPuerto RicoRepublic of PalauRhode IslandSouth CarolinaSouth DakotaTennesseeTexasUnited StatesUtahVermontVeterans HealthVirgin IslandsVirginiaWashingtonWest VirginiaWisconsinWyoming,404995526,504365360,190603249,3165.1,7916.92,160978508,3716.57,9728.6,977776,2166210.0,200449,45.185,65957823,1288.13
2022-01-20,AlabamaAlaskaAmerican SamoaArizonaArkansasBureau of PrisonsCaliforniaColoradoConnecticutDelawareDept of DefenseDistrict of ColumbiaFederated States of MicronesiaFloridaGeorgiaGuamHawaiiIdahoIllinoisIndian Health SvcIndianaIowaKansasKentuckyLong Term CareLouisianaMaineMarshall IslandsMarylandMassachusettsMichiganMinnesotaMississippiMissouriMontanaNebraskaNevadaNew HampshireNew JerseyNew MexicoNew York StateNorth CarolinaNorth DakotaNorthern Mariana IslandsOhioOklahomaOregonPennsylvaniaPuerto RicoRepublic of PalauRhode IslandSouth CarolinaSouth DakotaTennesseeTexasUnited StatesUtahVermontVeterans HealthVirgin IslandsVirginiaWashingtonWest VirginiaWisconsinWyoming,446193330,555205095,209784896,3435.73,8599.33,177180095,4032.36,10555.47,923999,2000136.0,191722,48.472,73252546,1405.04
2022-01-21,AlabamaAlaskaAmerican SamoaArizonaArkansasBureau of PrisonsCaliforniaColoradoConnecticutDelawareDept of DefenseDistrict of ColumbiaFederated States of MicronesiaFloridaGeorgiaGuamHawaiiIdahoIllinoisIndian Health SvcIndianaIowaKansasKentuckyLong Term CareLouisianaMaineMarshall IslandsMarylandMassachusettsMichiganMinnesotaMississippiMissouriMontanaNebraskaNevadaNew HampshireNew JerseyNew MexicoNew York StateNorth CarolinaNorth DakotaNorthern Mariana IslandsOhioOklahomaOregonPennsylvaniaPuerto RicoRepublic of PalauRhode IslandSouth CarolinaSouth DakotaTennesseeTexasUnited StatesUtahVermontVeterans HealthVirgin IslandsVirginiaWashingtonWest VirginiaWisconsinWyoming,467877172,581730010,219458599,3504.78,8782.43,185645222,4111.26,10788.32,849411,1863759.0,180299,49.22,77422389,1445.2
2022-01-22,AlabamaAlaskaAmerican SamoaArizonaArkansasBureau of PrisonsCaliforniaColoradoConnecticutDelawareDept of DefenseDistrict of ColumbiaFederated States of MicronesiaFloridaGeorgiaGuamHawaiiIdahoIllinoisIndian Health SvcIndianaIowaKansasKentuckyLong Term CareLouisianaMaineMarshall IslandsMarylandMassachusettsMichiganMinnesotaMississippiMissouriMontanaNebraskaNevadaNew HampshireNew JerseyNew MexicoNew York StateNorth CarolinaNorth DakotaNorthern Mariana IslandsOhioOklahomaOregonPennsylvaniaPuerto RicoRepublic of PalauRhode IslandSouth CarolinaSouth DakotaTennesseeTexasUnited StatesUtahVermontVeterans HealthVirgin IslandsVirginiaWashingtonWest VirginiaWisconsinWyoming,468751778,584038080,219708728,3507.76,8798.09,185821692,4115.31,10828.17,874606,1758096.0,173610,49.136,77879970,1453.98
2022-01-23,AlabamaAlaskaAmerican SamoaArizonaArkansasBureau of PrisonsCaliforniaColoradoConnecticutDelawareDept of DefenseDistrict of ColumbiaFederated States of MicronesiaFloridaGeorgiaGuamHawaiiIdahoIllinoisIndian Health SvcIndianaIowaKansasKentuckyLong Term CareLouisianaMaineMarshall IslandsMarylandMassachusettsMichiganMinnesotaMississippiMissouriMontanaNebraskaNevadaNew HampshireNew JerseyNew MexicoNew York StateNorth CarolinaNorth DakotaNorthern Mariana IslandsOhioOklahomaOregonPennsylvaniaPuerto RicoRepublic of PalauRhode IslandSouth CarolinaSouth DakotaTennesseeTexasUnited StatesUtahVermontVeterans HealthVirgin IslandsVirginiaWashingtonWest VirginiaWisconsinWyoming,469454624,584109680,219906047,3509.84,8811.24,185951909,4118.55,10836.57,702846,1766127.0,175613,49.156,78262406,1462.0
2022-01-24,AlabamaAlaskaAmerican SamoaArizonaArkansasBureau of PrisonsCaliforniaColoradoConnecticutDelawareDept of DefenseDistrict of ColumbiaFederated States of MicronesiaFloridaGeorgiaGuamHawaiiIdahoIllinoisIndian Health SvcIndianaIowaKansasKentuckyLong Term CareLouisianaMaineMarshall IslandsMarylandMassachusettsMichiganMinnesotaMississippiMissouriMontanaNebraskaNevadaNew HampshireNew JerseyNew MexicoNew York StateNorth CarolinaNorth DakotaNorthern Mariana IslandsOhioOklahomaOregonPennsylvaniaPuerto RicoRepublic of PalauRhode IslandSouth CarolinaSouth DakotaTennesseeTexasUnited StatesUtahVermontVeterans HealthVirgin IslandsVirginiaWashingtonWest VirginiaWisconsinWyoming,469876544,584110480,220039047,3511.15,8820.38,186019462,4121.82,10836.6,421920,1734026.0,171930,49.211,78487747,1466.6
2022-01-25,AlabamaAlaskaAmerican SamoaArizonaArkansasBureau of PrisonsCaliforniaColoradoConnecticutDelawareDept of DefenseDistrict of ColumbiaFederated States of MicronesiaFloridaGeorgiaGuamHawaiiIdahoIllinoisIndian Health SvcIndianaIowaKansasKentuckyLong Term CareLouisianaMaineMarshall IslandsMarylandMassachusettsMichiganMinnesotaMississippiMissouriMontanaNebraskaNevadaNew HampshireNew JerseyNew MexicoNew York StateNorth CarolinaNorth DakotaNorthern Mariana IslandsOhioOklahomaOregonPennsylvaniaPuerto RicoRepublic of PalauRhode IslandSouth CarolinaSouth DakotaTennesseeTexasUnited StatesUtahVermontVeterans HealthVirgin IslandsVirginiaWashingtonWest VirginiaWisconsinWyoming,449778182,560043685,210836641,3452.55,8680.73,177894441,4056.41,10681.63,910261,1775557.0,192866,48.35,75105812,1446.3099
2022-01-26,AlabamaAlaskaAmerican SamoaArizonaArkansasBureau of PrisonsCaliforniaColoradoConnecticutDelawareDept of DefenseDistrict of ColumbiaFederated States of MicronesiaFloridaGeorgiaGuamHawaiiIdahoIllinoisIndian Health SvcIndianaIowaKansasKentuckyLong Term CareLouisianaMaineMarshall IslandsMarylandMassachusettsMichiganMinnesotaMississippiMissouriMontanaNebraskaNevadaNew HampshireNew JerseyNew MexicoNew York StateNorth CarolinaNorth DakotaNorthern Mariana IslandsOhioOklahomaOregonPennsylvaniaPuerto RicoRepublic of PalauRhode IslandSouth CarolinaSouth DakotaTennesseeTexasUnited StatesUtahVermontVeterans HealthVirgin IslandsVirginiaWashingtonWest VirginiaWisconsinWyoming,445648033,555263925,208786168,3394.51,8545.24,176087032,3990.23,10519.71,625316,1725020.0,171540,47.519,74677145,1429.95
2022-01-27,AlabamaAlaskaAmerican SamoaArizonaArkansasBureau of PrisonsCaliforniaColoradoConnecticutDelawareDept of DefenseDistrict of ColumbiaFederated States of MicronesiaFloridaGeorgiaGuamHawaiiIdahoIllinoisIndian Health SvcIndianaIowaKansasKentuckyLong Term CareLouisianaMaineMarshall IslandsMarylandMassachusettsMichiganMinnesotaMississippiMissouriMontanaNebraskaNevadaNew HampshireNew JerseyNew MexicoNew York StateNorth CarolinaNorth DakotaNorthern Mariana IslandsOhioOklahomaOregonPennsylvaniaPuerto RicoRepublic of PalauRhode IslandSouth CarolinaSouth DakotaTennesseeTexasUnited StatesUtahVermontVeterans HealthVirgin IslandsVirginiaWashingtonWest VirginiaWisconsinWyoming,1056290332,1307964585,492120880,3591.3,9047.58,416566306,4219.94,11124.061,748580,1699770.0,172741,50.022,180289331,1521.37
2022-01-28,AlabamaAlaskaAmerican SamoaArizonaArkansasBureau of PrisonsCaliforniaColoradoConnecticutDelawareDept of DefenseDistrict of ColumbiaFederated States of MicronesiaFloridaGeorgiaGuamHawaiiIdahoIllinoisIndian Health SvcIndianaIowaKansasKentuckyLong Term CareLouisianaMaineMarshall IslandsMarylandMassachusettsMichiganMinnesotaMississippiMissouriMontanaNebraskaNevadaNew HampshireNew JerseyNew MexicoNew York StateNorth CarolinaNorth DakotaNorthern Mariana IslandsOhioOklahomaOregonPennsylvaniaPuerto RicoRepublic of PalauRhode IslandSouth CarolinaSouth DakotaTennesseeTexasUnited StatesUtahVermontVeterans HealthVirgin IslandsVirginiaWashingtonWest VirginiaWisconsinWyoming,1079070012,1335870980,502047398,3660.15,9227.49,425279391,4298.78,11390.71,1662602,1682414.0,164300,50.591,185064101,1558.61
2022-01-29,AlabamaAlaskaAmerican SamoaArizonaArkansasBureau of PrisonsCaliforniaColoradoConnecticutDelawareDept of DefenseDistrict of ColumbiaFederated States of MicronesiaFloridaGeorgiaGuamHawaiiIdahoIllinoisIndian Health SvcIndianaIowaKansasKentuckyLong Term CareLouisianaMaineMarshall IslandsMarylandMassachusettsMichiganMinnesotaMississippiMissouriMontanaNebraskaNevadaNew HampshireNew JerseyNew MexicoNew York StateNorth CarolinaNorth DakotaNorthern Mariana IslandsOhioOklahomaOregonPennsylvaniaPuerto RicoRepublic of PalauRhode IslandSouth CarolinaSouth DakotaTennesseeTexasUnited StatesUtahVermontVeterans HealthVirgin IslandsVirginiaWashingtonWest VirginiaWisconsinWyoming,1079676833,1337385455,501990281,3605.25,9096.95,425229200,4234.85,11223.35,1672401,1662676.0,162552,49.789,185756169,1541.69
2022-01-30,AlabamaAlaskaAmerican SamoaArizonaArkansasBureau of PrisonsCaliforniaColoradoConnecticutDelawareDept of DefenseDistrict of ColumbiaFederated States of MicronesiaFloridaGeorgiaGuamHawaiiIdahoIllinoisIndian Health SvcIndianaIowaKansasKentuckyLong Term CareLouisianaMaineMarshall IslandsMarylandMassachusettsMichiganMinnesotaMississippiMissouriMontanaNebraskaNevadaNew HampshireNew JerseyNew MexicoNew York StateNorth CarolinaNorth DakotaNorthern Mariana IslandsOhioOklahomaOregonPennsylvaniaPuerto RicoRepublic of PalauRhode IslandSouth CarolinaSouth DakotaTennesseeTexasUnited StatesUtahVermontVeterans HealthVirgin IslandsVirginiaWashingtonWest VirginiaWisconsinWyoming,1081147462,1337414595,502386117,3607.25,9105.62,425553490,4237.19,11223.53,1470629,1638649.0,155305,49.832,186520103,1546.15
2022-01-31,AlabamaAlaskaAmerican SamoaArizonaArkansasBureau of PrisonsCaliforniaColoradoConnecticutDelawareDept of DefenseDistrict of ColumbiaFederated States of MicronesiaFloridaGeorgiaGuamHawaiiIdahoIllinoisIndian Health SvcIndianaIowaKansasKentuckyLong Term CareLouisianaMaineMarshall IslandsMarylandMassachusettsMichiganMinnesotaMississippiMissouriMontanaNebraskaNevadaNew HampshireNew JerseyNew MexicoNew York StateNorth CarolinaNorth DakotaNorthern Mariana IslandsOhioOklahomaOregonPennsylvaniaPuerto RicoRepublic of PalauRhode IslandSouth CarolinaSouth DakotaTennesseeTexasUnited StatesUtahVermontVeterans HealthVirgin IslandsVirginiaWashingtonWest VirginiaWisconsinWyoming,1060858909,1312139360,493105244,3542.64,8944.49,417400471,4163.62,11024.07,933119,1580979.0,150588,49.022,183053329,1518.22
2022-02-01,AlabamaAlaskaAmerican SamoaArizonaArkansasBureau of PrisonsCaliforniaColoradoConnecticutDelawareDept of DefenseDistrict of ColumbiaFederated States of MicronesiaFloridaGeorgiaGuamHawaiiIdahoIllinoisIndian Health SvcIndianaIowaKansasKentuckyLong Term CareLouisianaMaineMarshall IslandsMarylandMassachusettsMichiganMinnesotaMississippiMissouriMontanaNebraskaNevadaNew HampshireNew JerseyNew MexicoNew York StateNorth CarolinaNorth DakotaNorthern Mariana IslandsOhioOklahomaOregonPennsylvaniaPuerto RicoRepublic of PalauRhode IslandSouth CarolinaSouth DakotaTennesseeTexasUnited StatesUtahVermontVeterans HealthVirgin IslandsVirginiaWashingtonWest VirginiaWisconsinWyoming,1061982461,1313653100,493400628,3545.48,8956.27,417663883,4167.3,11034.14,1123552,1476874.0,129230,49.042,183626970,1523.66
2022-02-02,AlabamaAlaskaAmerican SamoaArizonaArkansasBureau of PrisonsCaliforniaColoradoConnecticutDelawareDept of DefenseDistrict of ColumbiaFederated States of MicronesiaFloridaGeorgiaGuamHawaiiIdahoIllinoisIndian Health SvcIndianaIowaKansasKentuckyLong Term CareLouisianaMaineMarshall IslandsMarylandMassachusettsMichiganMinnesotaMississippiMissouriMontanaNebraskaNevadaNew HampshireNew JerseyNew MexicoNew York StateNorth CarolinaNorth DakotaNorthern Mariana IslandsOhioOklahomaOregonPennsylvaniaPuerto RicoRepublic of PalauRhode IslandSouth CarolinaSouth DakotaTennesseeTexasUnited StatesUtahVermontVeterans HealthVirgin IslandsVirginiaWashingtonWest VirginiaWisconsinWyoming,1063340305,1316044220,493775920,3548.53,8969.17,418001930,4171.08,11061.98,1357844,1445972.0,128069,48.97,184285820,1529.83
2022-02-03,AlabamaAlaskaAmerican SamoaArizonaArkansasBureau of PrisonsCaliforniaColoradoConnecticutDelawareDept of DefenseDistrict of ColumbiaFederated States of MicronesiaFloridaGeorgiaGuamHawaiiIdahoIllinoisIndian Health SvcIndianaIowaKansasKentuckyLong Term CareLouisianaMaineMarshall IslandsMarylandMassachusettsMichiganMinnesotaMississippiMissouriMontanaNebraskaNevadaNew HampshireNew JerseyNew MexicoNew York StateNorth CarolinaNorth DakotaNorthern Mariana IslandsOhioOklahomaOregonPennsylvaniaPuerto RicoRepublic of PalauRhode IslandSouth CarolinaSouth DakotaTennesseeTexasUnited StatesUtahVermontVeterans HealthVirgin IslandsVirginiaWashingtonWest VirginiaWisconsinWyoming,1065909472,1319875485,494685214,3611.43,9128.44,418826186,4243.04,11270.52,1503503,1418270.0,120562,49.731,185182277,1559.98
2022-02-04,AlabamaAlaskaAmerican SamoaArizonaArkansasBureau of PrisonsCaliforniaColoradoConnecticutDelawareDept of DefenseDistrict of ColumbiaFederated States of MicronesiaFloridaGeorgiaGuamHawaiiIdahoIllinoisIndian Health SvcIndianaIowaKansasKentuckyLong Term CareLouisianaMaineMarshall IslandsMarylandMassachusettsMichiganMinnesotaMississippiMissouriMontanaNebraskaNevadaNew HampshireNew JerseyNew MexicoNew York StateNorth CarolinaNorth DakotaNorthern Mariana IslandsOhioOklahomaOregonPennsylvaniaPuerto RicoRepublic of PalauRhode IslandSouth CarolinaSouth DakotaTennesseeTexasUnited StatesUtahVermontVeterans HealthVirgin IslandsVirginiaWashingtonWest VirginiaWisconsinWyoming,1088469206,1346727120,504554896,3680.75,9308.98,427544853,4321.75,11486.26,1232829,1356005.0,118930,50.583,189784359,1597.53
2022-02-05,AlabamaAlaskaAmerican SamoaArizonaArkansasBureau of PrisonsCaliforniaColoradoConnecticutDelawareDept of DefenseDistrict of ColumbiaFederated States of MicronesiaFloridaGeorgiaGuamHawaiiIdahoIllinoisIndian Health SvcIndianaIowaKansasKentuckyLong Term CareLouisianaMaineMarshall IslandsMarylandMassachusettsMichiganMinnesotaMississippiMissouriMontanaNebraskaNevadaNew HampshireNew JerseyNew MexicoNew York StateNorth CarolinaNorth DakotaNorthern Mariana IslandsOhioOklahomaOregonPennsylvaniaPuerto RicoRepublic of PalauRhode IslandSouth CarolinaSouth DakotaTennesseeTexasUnited StatesUtahVermontVeterans HealthVirgin IslandsVirginiaWashingtonWest VirginiaWisconsinWyoming,1068441291,1321659185,495365431,3616.98,9150.16,419481345,4249.04,11288.71,1298990,1305083.0,111106,49.779,186405255,1570.42
2022-02-06,AlabamaAlaskaAmerican SamoaArizonaArkansasBureau of PrisonsCaliforniaColoradoConnecticutDelawareDept of DefenseDistrict of ColumbiaFederated States of MicronesiaFloridaGeorgiaGuamHawaiiIdahoIllinoisIndian Health SvcIndianaIowaKansasKentuckyLong Term CareLouisianaMaineMarshall IslandsMarylandMassachusettsMichiganMinnesotaMississippiMissouriMontanaNebraskaNevadaNew HampshireNew JerseyNew MexicoNew York StateNorth CarolinaNorth DakotaNorthern Mariana IslandsOhioOklahomaOregonPennsylvaniaPuerto RicoRepublic of PalauRhode IslandSouth CarolinaSouth DakotaTennesseeTexasUnited StatesUtahVermontVeterans HealthVirgin IslandsVirginiaWashingtonWest VirginiaWisconsinWyoming,1069502431,1321860285,495676877,3619.06,9159.21,419772210,4251.74,11290.4,1061140,1248997.0,111805,49.834,186876540,1574.8
2022-02-07,AlabamaAlaskaAmerican SamoaArizonaArkansasBureau of PrisonsCaliforniaColoradoConnecticutDelawareDept of DefenseDistrict of ColumbiaFederated States of MicronesiaFloridaGeorgiaGuamHawaiiIdahoIllinoisIndian Health SvcIndianaIowaKansasKentuckyLong Term CareLouisianaMaineMarshall IslandsMarylandMassachusettsMichiganMinnesotaMississippiMissouriMontanaNebraskaNevadaNew HampshireNew JerseyNew MexicoNew York StateNorth CarolinaNorth DakotaNorthern Mariana IslandsOhioOklahomaOregonPennsylvaniaPuerto RicoRepublic of PalauRhode IslandSouth CarolinaSouth DakotaTennesseeTexasUnited StatesUtahVermontVeterans HealthVirgin IslandsVirginiaWashingtonWest VirginiaWisconsinWyoming,1063143463,1312191730,492484189,3565.74,9027.4,417147815,4187.77,11102.62,763377,1224825.0,112287,49.13,186136743,1556.4
2022-02-08,AlabamaAlaskaAmerican SamoaArizonaArkansasBureau of PrisonsCaliforniaColoradoConnecticutDelawareDept of DefenseDistrict of ColumbiaFederated States of MicronesiaFloridaGeorgiaGuamHawaiiIdahoIllinoisIndian Health SvcIndianaIowaKansasKentuckyLong Term CareLouisianaMaineMarshall IslandsMarylandMassachusettsMichiganMinnesotaMississippiMissouriMontanaNebraskaNevadaNew HampshireNew JerseyNew MexicoNew York StateNorth CarolinaNorth DakotaNorthern Mariana IslandsOhioOklahomaOregonPennsylvaniaPuerto RicoRepublic of PalauRhode IslandSouth CarolinaSouth DakotaTennesseeTexasUnited StatesUtahVermontVeterans HealthVirgin IslandsVirginiaWashingtonWest VirginiaWisconsinWyoming,1064119856,1314526050,492742741,3569.65,9038.96,417416712,4190.48,11120.27,976393,1203885.0,111928,49.11,186594446,1561.25
2022-02-09,AlabamaAlaskaAmerican SamoaArizonaArkansasBureau of PrisonsCaliforniaColoradoConnecticutDelawareDept of DefenseDistrict of ColumbiaFederated States of MicronesiaFloridaGeorgiaGuamHawaiiIdahoIllinoisIndian Health SvcIndianaIowaKansasKentuckyLong Term CareLouisianaMaineMarshall IslandsMarylandMassachusettsMichiganMinnesotaMississippiMissouriMontanaNebraskaNevadaNew HampshireNew JerseyNew MexicoNew York StateNorth CarolinaNorth DakotaNorthern Mariana IslandsOhioOklahomaOregonPennsylvaniaPuerto RicoRepublic of PalauRhode IslandSouth CarolinaSouth DakotaTennesseeTexasUnited StatesUtahVermontVeterans HealthVirgin IslandsVirginiaWashingtonWest VirginiaWisconsinWyoming,1072478224,1327749965,496439251,3628.66,9189.78,420620544,4259.6,11336.08,1221898,1184547.0,111057,49.808,188274131,1588.16
2022-02-10,AlabamaAlaskaAmerican SamoaArizonaArkansasBureau of PrisonsCaliforniaColoradoConnecticutDelawareDept of DefenseDistrict of ColumbiaFederated States of MicronesiaFloridaGeorgiaGuamHawaiiIdahoIllinoisIndian Health SvcIndianaIowaKansasKentuckyLong Term CareLouisianaMaineMarshall IslandsMarylandMassachusettsMichiganMinnesotaMississippiMissouriMontanaNebraskaNevadaNew HampshireNew JerseyNew MexicoNew York StateNorth CarolinaNorth DakotaNorthern Mariana IslandsOhioOklahomaOregonPennsylvaniaPuerto RicoRepublic of PalauRhode IslandSouth CarolinaSouth DakotaTennesseeTexasUnited StatesUtahVermontVeterans HealthVirgin IslandsVirginiaWashingtonWest VirginiaWisconsinWyoming,1069492982,1324283110,494681336,3572.64,9052.54,419243504,4190.04,11158.02,1372948,1165633.0,109371,49.024002,188313816,1572.46
2022-02-11,AlabamaAlaskaAmerican SamoaArizonaArkansasBureau of PrisonsCaliforniaColoradoConnecticutDelawareDept of DefenseDistrict of ColumbiaFederated States of MicronesiaFloridaGeorgiaGuamHawaiiIdahoIllinoisIndian Health SvcIndianaIowaKansasKentuckyLong Term CareLouisianaMaineMarshall IslandsMarylandMassachusettsMichiganMinnesotaMississippiMissouriMontanaNebraskaNevadaNew HampshireNew JerseyNew MexicoNew York StateNorth CarolinaNorth DakotaNorthern Mariana IslandsOhioOklahomaOregonPennsylvaniaPuerto RicoRepublic of PalauRhode IslandSouth CarolinaSouth DakotaTennesseeTexasUnited StatesUtahVermontVeterans HealthVirgin IslandsVirginiaWashingtonWest VirginiaWisconsinWyoming,1092007293,1352051545,504492458,3641.74,9230.92,427971729,4267.95,11389.94,1068985,1141970.0,104979,49.765,192916914,1608.74
2022-02-12,AlabamaAlaskaAmerican SamoaArizonaArkansasBureau of PrisonsCaliforniaColoradoConnecticutDelawareDept of DefenseDistrict of ColumbiaFederated States of MicronesiaFloridaGeorgiaGuamHawaiiIdahoIllinoisIndian Health SvcIndianaIowaKansasKentuckyLong Term CareLouisianaMaineMarshall IslandsMarylandMassachusettsMichiganMinnesotaMississippiMissouriMontanaNebraskaNevadaNew HampshireNew JerseyNew MexicoNew York StateNorth CarolinaNorth DakotaNorthern Mariana IslandsOhioOklahomaOregonPennsylvaniaPuerto RicoRepublic of PalauRhode IslandSouth CarolinaSouth DakotaTennesseeTexasUnited StatesUtahVermontVeterans HealthVirgin IslandsVirginiaWashingtonWest VirginiaWisconsinWyoming,1093237794,1353756045,504828015,3644.77,9242.03,428306752,4271.02,11403.24,1230501,1130108.0,107181,49.771,193491195,1613.9
2022-02-13,AlabamaAlaskaAmerican SamoaArizonaArkansasBureau of PrisonsCaliforniaColoradoConnecticutDelawareDept of DefenseDistrict of ColumbiaFederated States of MicronesiaFloridaGeorgiaGuamHawaiiIdahoIllinoisIndian Health SvcIndianaIowaKansasKentuckyLong Term CareLouisianaMaineMarshall IslandsMarylandMassachusettsMichiganMinnesotaMississippiMissouriMontanaNebraskaNevadaNew HampshireNew JerseyNew MexicoNew York StateNorth CarolinaNorth DakotaNorthern Mariana IslandsOhioOklahomaOregonPennsylvaniaPuerto RicoRepublic of PalauRhode IslandSouth CarolinaSouth DakotaTennesseeTexasUnited StatesUtahVermontVeterans HealthVirgin IslandsVirginiaWashingtonWest VirginiaWisconsinWyoming,1092857585,1352143235,504504908,3566.84,9034.4795,428076632,4180.42,11137.77,954932,1112958.0,103612,48.995,193626648,1567.4401
2022-02-14,AlabamaAlaskaAmerican SamoaArizonaArkansasBureau of PrisonsCaliforniaColoradoConnecticutDelawareDept of DefenseDistrict of ColumbiaFederated States of MicronesiaFloridaGeorgiaGuamHawaiiIdahoIllinoisIndian Health SvcIndianaIowaKansasKentuckyLong Term CareLouisianaMaineMarshall IslandsMarylandMassachusettsMichiganMinnesotaMississippiMissouriMontanaNebraskaNevadaNew HampshireNew JerseyNew MexicoNew York StateNorth CarolinaNorth DakotaNorthern Mariana IslandsOhioOklahomaOregonPennsylvaniaPuerto RicoRepublic of PalauRhode IslandSouth CarolinaSouth DakotaTennesseeTexasUnited StatesUtahVermontVeterans HealthVirgin IslandsVirginiaWashingtonWest VirginiaWisconsinWyoming,1093518643,1352143435,504682732,3568.0,9038.59,428260590,4181.63,11137.77,661058,1095691.0,100068,49.017,193931623,1569.24
2022-02-15,AlabamaAlaskaAmerican SamoaArizonaArkansasBureau of PrisonsCaliforniaColoradoConnecticutDelawareDept of DefenseDistrict of ColumbiaFederated States of MicronesiaFloridaGeorgiaGuamHawaiiIdahoIllinoisIndian Health SvcIndianaIowaKansasKentuckyLong Term CareLouisianaMaineMarshall IslandsMarylandMassachusettsMichiganMinnesotaMississippiMissouriMontanaNebraskaNevadaNew HampshireNew JerseyNew MexicoNew York StateNorth CarolinaNorth DakotaNorthern Mariana IslandsOhioOklahomaOregonPennsylvaniaPuerto RicoRepublic of PalauRhode IslandSouth CarolinaSouth DakotaTennesseeTexasUnited StatesUtahVermontVeterans HealthVirgin IslandsVirginiaWashingtonWest VirginiaWisconsinWyoming,1058746029,1307308785,488544200,3450.68,8745.29,414389479,4044.34,10751.5,927129,1093191.0,98526,47.496,188245883,1522.79
2022-02-16,AlabamaAlaskaAmerican SamoaArizonaArkansasBureau of PrisonsCaliforniaColoradoConnecticutDelawareDept of DefenseDistrict of ColumbiaFederated States of MicronesiaFloridaGeorgiaGuamHawaiiIdahoIllinoisIndian Health SvcIndianaIowaKansasKentuckyLong Term CareLouisianaMaineMarshall IslandsMarylandMassachusettsMichiganMinnesotaMississippiMissouriMontanaNebraskaNevadaNew HampshireNew JerseyNew MexicoNew York StateNorth CarolinaNorth DakotaNorthern Mariana IslandsOhioOklahomaOregonPennsylvaniaPuerto RicoRepublic of PalauRhode IslandSouth CarolinaSouth DakotaTennesseeTexasUnited StatesUtahVermontVeterans HealthVirgin IslandsVirginiaWashingtonWest VirginiaWisconsinWyoming,1059512941,1308396745,488743131,3421.81,8684.15,414577914,4010.42,10657.86,819261,1040216.0,90544,46.837,188633848,1521.11
2022-02-17,AlabamaAlaskaAmerican SamoaArizonaArkansasBureau of PrisonsCaliforniaColoradoConnecticutDelawareDept of DefenseDistrict of ColumbiaFederated States of MicronesiaFloridaGeorgiaGuamHawaiiIdahoIllinoisIndian Health SvcIndianaIowaKansasKentuckyLong Term CareLouisianaMaineMarshall IslandsMarylandMassachusettsMichiganMinnesotaMississippiMissouriMontanaNebraskaNevadaNew HampshireNew JerseyNew MexicoNew York StateNorth CarolinaNorth DakotaNorthern Mariana IslandsOhioOklahomaOregonPennsylvaniaPuerto RicoRepublic of PalauRhode IslandSouth CarolinaSouth DakotaTennesseeTexasUnited StatesUtahVermontVeterans HealthVirgin IslandsVirginiaWashingtonWest VirginiaWisconsinWyoming,1075894148,1342007340,495845536,3480.3,8846.61,420856615,4078.29,10946.57,2121175,1151987.0,113753,47.289,191963957,1560.36
2022-02-18,AlabamaAlaskaAmerican SamoaArizonaArkansasBureau of PrisonsCaliforniaColoradoConnecticutDelawareDept of DefenseDistrict of ColumbiaFederated States of MicronesiaFloridaGeorgiaGuamHawaiiIdahoIllinoisIndian Health SvcIndianaIowaKansasKentuckyLong Term CareLouisianaMaineMarshall IslandsMarylandMassachusettsMichiganMinnesotaMississippiMissouriMontanaNebraskaNevadaNew HampshireNew JerseyNew MexicoNew York StateNorth CarolinaNorth DakotaNorthern Mariana IslandsOhioOklahomaOregonPennsylvaniaPuerto RicoRepublic of PalauRhode IslandSouth CarolinaSouth DakotaTennesseeTexasUnited StatesUtahVermontVeterans HealthVirgin IslandsVirginiaWashingtonWest VirginiaWisconsinWyoming,1095797296,1367126045,504481009,3472.31,8827.94,428560608,4067.63,10932.07,986633,1140427.0,116683,47.26,196030297,1555.66
2022-02-19,AlabamaAlaskaAmerican SamoaArizonaArkansasBureau of PrisonsCaliforniaColoradoConnecticutDelawareDept of DefenseDistrict of ColumbiaFederated States of MicronesiaFloridaGeorgiaGuamHawaiiIdahoIllinoisIndian Health SvcIndianaIowaKansasKentuckyLong Term CareLouisianaMaineMarshall IslandsMarylandMassachusettsMichiganMinnesotaMississippiMissouriMontanaNebraskaNevadaNew HampshireNew JerseyNew MexicoNew York StateNorth CarolinaNorth DakotaNorthern Mariana IslandsOhioOklahomaOregonPennsylvaniaPuerto RicoRepublic of PalauRhode IslandSouth CarolinaSouth DakotaTennesseeTexasUnited StatesUtahVermontVeterans HealthVirgin IslandsVirginiaWashingtonWest VirginiaWisconsinWyoming,1082646433,1352333355,498137013,3396.92,8629.27,423510038,3973.37,10707.72,1026551,1113105.0,111405,46.377,193908267,1521.18
2022-02-20,AlabamaAlaskaAmerican SamoaArizonaArkansasBureau of PrisonsCaliforniaColoradoConnecticutDelawareDept of DefenseDistrict of ColumbiaFederated States of MicronesiaFloridaGeorgiaGuamHawaiiIdahoIllinoisIndian Health SvcIndianaIowaKansasKentuckyLong Term CareLouisianaMaineMarshall IslandsMarylandMassachusettsMichiganMinnesotaMississippiMissouriMontanaNebraskaNevadaNew HampshireNew JerseyNew MexicoNew York StateNorth CarolinaNorth DakotaNorthern Mariana IslandsOhioOklahomaOregonPennsylvaniaPuerto RicoRepublic of PalauRhode IslandSouth CarolinaSouth DakotaTennesseeTexasUnited StatesUtahVermontVeterans HealthVirgin IslandsVirginiaWashingtonWest VirginiaWisconsinWyoming,0,0,0,0.0,0.0,0,0.0,0.0,0,1067246.0,108369,0.0,0,0.0
2022-02-21,AlabamaAlaskaAmerican SamoaArizonaArkansasBureau of PrisonsCaliforniaColoradoConnecticutDelawareDept of DefenseDistrict of ColumbiaFederated States of MicronesiaFloridaGeorgiaGuamHawaiiIdahoIllinoisIndian Health SvcIndianaIowaKansasKentuckyLong Term CareLouisianaMaineMarshall IslandsMarylandMassachusettsMichiganMinnesotaMississippiMissouriMontanaNebraskaNevadaNew HampshireNew JerseyNew MexicoNew York StateNorth CarolinaNorth DakotaNorthern Mariana IslandsOhioOklahomaOregonPennsylvaniaPuerto RicoRepublic of PalauRhode IslandSouth CarolinaSouth DakotaTennesseeTexasUnited StatesUtahVermontVeterans HealthVirgin IslandsVirginiaWashingtonWest VirginiaWisconsinWyoming,0,0,0,0.0,0.0,0,0.0,0.0,0,1063364.0,108752,0.0,0,0.0
2022-02-22,AlabamaAlaskaAmerican SamoaArizonaArkansasBureau of PrisonsCaliforniaColoradoConnecticutDelawareDept of DefenseDistrict of ColumbiaFederated States of MicronesiaFloridaGeorgiaGuamHawaiiIdahoIllinoisIndian Health SvcIndianaIowaKansasKentuckyLong Term CareLouisianaMaineMarshall IslandsMarylandMassachusettsMichiganMinnesotaMississippiMissouriMontanaNebraskaNevadaNew HampshireNew JerseyNew MexicoNew York StateNorth CarolinaNorth DakotaNorthern Mariana IslandsOhioOklahomaOregonPennsylvaniaPuerto RicoRepublic of PalauRhode IslandSouth CarolinaSouth DakotaTennesseeTexasUnited StatesUtahVermontVeterans HealthVirgin IslandsVirginiaWashingtonWest VirginiaWisconsinWyoming,1062833772,1327176000,489033260,3333.51,8470.47,415493536,3901.02,10509.35,0,1014281.0,99998,45.578,190613808,1493.4
2022-02-23,AlabamaAlaskaAmerican SamoaArizonaArkansasBureau of PrisonsCaliforniaColoradoConnecticutDelawareDept of DefenseDistrict of ColumbiaFederated States of MicronesiaFloridaGeorgiaGuamHawaiiIdahoIllinoisIndian Health SvcIndianaIowaKansasKentuckyLong Term CareLouisianaMaineMarshall IslandsMarylandMassachusettsMichiganMinnesotaMississippiMissouriMontanaNebraskaNevadaNew HampshireNew JerseyNew MexicoNew York StateNorth CarolinaNorth DakotaNorthern Mariana IslandsOhioOklahomaOregonPennsylvaniaPuerto RicoRepublic of PalauRhode IslandSouth CarolinaSouth DakotaTennesseeTexasUnited StatesUtahVermontVeterans HealthVirgin IslandsVirginiaWashingtonWest VirginiaWisconsinWyoming,1063698670,1328678100,489273476,3336.06,8479.46,415731418,3903.22,10519.24,864898,1017301.0,103850,45.586,191013082,1497.71
2022-02-24,AlabamaAlaskaAmerican SamoaArizonaArkansasBureau of PrisonsCaliforniaColoradoConnecticutDelawareDept of DefenseDistrict of ColumbiaFederated States of MicronesiaFloridaGeorgiaGuamHawaiiIdahoIllinoisIndian Health SvcIndianaIowaKansasKentuckyLong Term CareLouisianaMaineMarshall IslandsMarylandMassachusettsMichiganMinnesotaMississippiMissouriMontanaNebraskaNevadaNew HampshireNew JerseyNew MexicoNew York StateNorth CarolinaNorth DakotaNorthern Mariana IslandsOhioOklahomaOregonPennsylvaniaPuerto RicoRepublic of PalauRhode IslandSouth CarolinaSouth DakotaTennesseeTexasUnited StatesUtahVermontVeterans HealthVirgin IslandsVirginiaWashingtonWest VirginiaWisconsinWyoming,469432724,587572715,216117844,3130.83,7950.54,183797730,3657.66,9875.89,409208,816645.0,76398,43.127,83547839,1401.97
2022-02-25,AlabamaAlaskaAmerican SamoaArizonaArkansasBureau of PrisonsCaliforniaColoradoConnecticutDelawareDept of DefenseDistrict of ColumbiaFederated States of MicronesiaFloridaGeorgiaGuamHawaiiIdahoIllinoisIndian Health SvcIndianaIowaKansasKentuckyLong Term CareLouisianaMaineMarshall IslandsMarylandMassachusettsMichiganMinnesotaMississippiMissouriMontanaNebraskaNevadaNew HampshireNew JerseyNew MexicoNew York StateNorth CarolinaNorth DakotaNorthern Mariana IslandsOhioOklahomaOregonPennsylvaniaPuerto RicoRepublic of PalauRhode IslandSouth CarolinaSouth DakotaTennesseeTexasUnited StatesUtahVermontVeterans HealthVirgin IslandsVirginiaWashingtonWest VirginiaWisconsinWyoming,1105208474,1379204805,507575941,3674.5,9356.6,431576518,4296.55,11599.37,366686,776658.0,69661,49.559,199574396,1674.38
2022-02-26,AlabamaAlaskaAmerican SamoaArizonaArkansasBureau of PrisonsCaliforniaColoradoConnecticutDelawareDept of DefenseDistrict of ColumbiaFederated States of MicronesiaFloridaGeorgiaGuamHawaiiIdahoIllinoisIndian Health SvcIndianaIowaKansasKentuckyLong Term CareLouisianaMaineMarshall IslandsMarylandMassachusettsMichiganMinnesotaMississippiMissouriMontanaNebraskaNevadaNew HampshireNew JerseyNew MexicoNew York StateNorth CarolinaNorth DakotaNorthern Mariana IslandsOhioOklahomaOregonPennsylvaniaPuerto RicoRepublic of PalauRhode IslandSouth CarolinaSouth DakotaTennesseeTexasUnited StatesUtahVermontVeterans HealthVirgin IslandsVirginiaWashingtonWest VirginiaWisconsinWyoming,1018200199,1272399700,468391173,3466.96,8816.68,397628994,4058.19,10922.04,911754,765837.0,71437,47.159,183200147,1563.51
2022-02-27,AlabamaAlaskaAmerican SamoaArizonaArkansasBureau of PrisonsCaliforniaColoradoConnecticutDelawareDept of DefenseDistrict of ColumbiaFederated States of MicronesiaFloridaGeorgiaGuamHawaiiIdahoIllinoisIndian Health SvcIndianaIowaKansasKentuckyLong Term CareLouisianaMaineMarshall IslandsMarylandMassachusettsMichiganMinnesotaMississippiMissouriMontanaNebraskaNevadaNew HampshireNew JerseyNew MexicoNew York StateNorth CarolinaNorth DakotaNorthern Mariana IslandsOhioOklahomaOregonPennsylvaniaPuerto RicoRepublic of PalauRhode IslandSouth CarolinaSouth DakotaTennesseeTexasUnited StatesUtahVermontVeterans HealthVirgin IslandsVirginiaWashingtonWest VirginiaWisconsinWyoming,0,0,0,0.0,0.0,0,0.0,0.0,0,752057.0,75697,0.0,0,0.0
2022-02-28,AlabamaAlaskaAmerican SamoaArizonaArkansasBureau of PrisonsCaliforniaColoradoConnecticutDelawareDept of DefenseDistrict of ColumbiaFederated States of MicronesiaFloridaGeorgiaGuamHawaiiIdahoIllinoisIndian Health SvcIndianaIowaKansasKentuckyLong Term CareLouisianaMaineMarshall IslandsMarylandMassachusettsMichiganMinnesotaMississippiMissouriMontanaNebraskaNevadaNew HampshireNew JerseyNew MexicoNew York StateNorth CarolinaNorth DakotaNorthern Mariana IslandsOhioOklahomaOregonPennsylvaniaPuerto RicoRepublic of PalauRhode IslandSouth CarolinaSouth DakotaTennesseeTexasUnited StatesUtahVermontVeterans HealthVirgin IslandsVirginiaWashingtonWest VirginiaWisconsinWyoming,1019173027,1273215500,468667395,3469.86,8831.11,397890977,4062.21,10927.98,0,738273.0,79960,47.224,183646612,1571.18
2022-03-01,AlabamaAlaskaAmerican SamoaArizonaArkansasBureau of PrisonsCaliforniaColoradoConnecticutDelawareDept of DefenseDistrict of ColumbiaFederated States of MicronesiaFloridaGeorgiaGuamHawaiiIdahoIllinoisIndian Health SvcIndianaIowaKansasKentuckyLong Term CareLouisianaMaineMarshall IslandsMarylandMassachusettsMichiganMinnesotaMississippiMissouriMontanaNebraskaNevadaNew HampshireNew JerseyNew MexicoNew York StateNorth CarolinaNorth DakotaNorthern Mariana IslandsOhioOklahomaOregonPennsylvaniaPuerto RicoRepublic of PalauRhode IslandSouth CarolinaSouth DakotaTennesseeTexasUnited StatesUtahVermontVeterans HealthVirgin IslandsVirginiaWashingtonWest VirginiaWisconsinWyoming,1032478508,1290268310,474302185,3394.7,8651.47,402957930,3982.54,10717.33,570632,736682.0,81192,46.406,186591396,1544.0
2022-03-02,AlabamaAlaskaAmerican SamoaArizonaArkansasBureau of PrisonsCaliforniaColoradoConnecticutDelawareDept of DefenseDistrict of ColumbiaFederated States of MicronesiaFloridaGeorgiaGuamHawaiiIdahoIllinoisIndian Health SvcIndianaIowaKansasKentuckyLong Term CareLouisianaMaineMarshall IslandsMarylandMassachusettsMichiganMinnesotaMississippiMissouriMontanaNebraskaNevadaNew HampshireNew JerseyNew MexicoNew York StateNorth CarolinaNorth DakotaNorthern Mariana IslandsOhioOklahomaOregonPennsylvaniaPuerto RicoRepublic of PalauRhode IslandSouth CarolinaSouth DakotaTennesseeTexasUnited StatesUtahVermontVeterans HealthVirgin IslandsVirginiaWashingtonWest VirginiaWisconsinWyoming,1032862338,1291367990,474403950,3372.36,8591.87,403037856,3956.44,10668.1,720702,719672.0,81254,46.313,186759635,1527.6901
2022-03-03,AlabamaAlaskaAmerican SamoaArizonaArkansasBureau of PrisonsCaliforniaColoradoConnecticutDelawareDept of DefenseDistrict of ColumbiaFederated States of MicronesiaFloridaGeorgiaGuamHawaiiIdahoIllinoisIndian Health SvcIndianaIowaKansasKentuckyLong Term CareLouisianaMaineMarshall IslandsMarylandMassachusettsMichiganMinnesotaMississippiMissouriMontanaNebraskaNevadaNew HampshireNew JerseyNew MexicoNew York StateNorth CarolinaNorth DakotaNorthern Mariana IslandsOhioOklahomaOregonPennsylvaniaPuerto RicoRepublic of PalauRhode IslandSouth CarolinaSouth DakotaTennesseeTexasUnited StatesUtahVermontVeterans HealthVirgin IslandsVirginiaWashingtonWest VirginiaWisconsinWyoming,1083504978,1352707900,497272620,3459.37,8810.74,422581256,4050.57,10925.25,669689,713334.0,75119,47.165,196449256,1567.88
2022-03-04,AlabamaAlaskaAmerican SamoaArizonaArkansasBureau of PrisonsCaliforniaColoradoConnecticutDelawareDept of DefenseDistrict of ColumbiaFederated States of MicronesiaFloridaGeorgiaGuamHawaiiIdahoIllinoisIndian Health SvcIndianaIowaKansasKentuckyLong Term CareLouisianaMaineMarshall IslandsMarylandMassachusettsMichiganMinnesotaMississippiMissouriMontanaNebraskaNevadaNew HampshireNew JerseyNew MexicoNew York StateNorth CarolinaNorth DakotaNorthern Mariana IslandsOhioOklahomaOregonPennsylvaniaPuerto RicoRepublic of PalauRhode IslandSouth CarolinaSouth DakotaTennesseeTexasUnited StatesUtahVermontVeterans HealthVirgin IslandsVirginiaWashingtonWest VirginiaWisconsinWyoming,1106018829,1380865085,507111707,3528.74,8989.02,431331581,4128.19,11172.56,703732,710935.0,74857,47.86,201004203,1604.21
2022-03-05,AlabamaAlaskaAmerican SamoaArizonaArkansasBureau of PrisonsCaliforniaColoradoConnecticutDelawareDept of DefenseDistrict of ColumbiaFederated States of MicronesiaFloridaGeorgiaGuamHawaiiIdahoIllinoisIndian Health SvcIndianaIowaKansasKentuckyLong Term CareLouisianaMaineMarshall IslandsMarylandMassachusettsMichiganMinnesotaMississippiMissouriMontanaNebraskaNevadaNew HampshireNew JerseyNew MexicoNew York StateNorth CarolinaNorth DakotaNorthern Mariana IslandsOhioOklahomaOregonPennsylvaniaPuerto RicoRepublic of PalauRhode IslandSouth CarolinaSouth DakotaTennesseeTexasUnited StatesUtahVermontVeterans HealthVirgin IslandsVirginiaWashingtonWest VirginiaWisconsinWyoming,1084119200,1355002855,497327568,3411.91,8697.63,422647273,3995.66,10812.5,642842,666536.0,73260,46.244,196935557,1552.8
2022-03-06,AlabamaAlaskaAmerican SamoaArizonaArkansasBureau of PrisonsCaliforniaColoradoConnecticutDelawareDept of DefenseDistrict of ColumbiaFederated States of MicronesiaFloridaGeorgiaGuamHawaiiIdahoIllinoisIndian Health SvcIndianaIowaKansasKentuckyLong Term CareLouisianaMaineMarshall IslandsMarylandMassachusettsMichiganMinnesotaMississippiMissouriMontanaNebraskaNevadaNew HampshireNew JerseyNew MexicoNew York StateNorth CarolinaNorth DakotaNorthern Mariana IslandsOhioOklahomaOregonPennsylvaniaPuerto RicoRepublic of PalauRhode IslandSouth CarolinaSouth DakotaTennesseeTexasUnited StatesUtahVermontVeterans HealthVirgin IslandsVirginiaWashingtonWest VirginiaWisconsinWyoming,1084592125,1355028855,497461378,3413.49,8702.63,422779361,3997.37,10812.65,472925,658628.0,70143,46.276,197148274,1554.54
2022-03-07,AlabamaAlaskaAmerican SamoaArizonaArkansasBureau of PrisonsCaliforniaColoradoConnecticutDelawareDept of DefenseDistrict of ColumbiaFederated States of MicronesiaFloridaGeorgiaGuamHawaiiIdahoIllinoisIndian Health SvcIndianaIowaKansasKentuckyLong Term CareLouisianaMaineMarshall IslandsMarylandMassachusettsMichiganMinnesotaMississippiMissouriMontanaNebraskaNevadaNew HampshireNew JerseyNew MexicoNew York StateNorth CarolinaNorth DakotaNorthern Mariana IslandsOhioOklahomaOregonPennsylvaniaPuerto RicoRepublic of PalauRhode IslandSouth CarolinaSouth DakotaTennesseeTexasUnited StatesUtahVermontVeterans HealthVirgin IslandsVirginiaWashingtonWest VirginiaWisconsinWyoming,1085019637,1355036255,497580284,3415.6,8711.21,422888862,3999.03,10817.79,427512,644228.0,72168,46.292,197351468,1559.36
2022-03-08,AlabamaAlaskaAmerican SamoaArizonaArkansasBureau of PrisonsCaliforniaColoradoConnecticutDelawareDept of DefenseDistrict of ColumbiaFederated States of MicronesiaFloridaGeorgiaGuamHawaiiIdahoIllinoisIndian Health SvcIndianaIowaKansasKentuckyLong Term CareLouisianaMaineMarshall IslandsMarylandMassachusettsMichiganMinnesotaMississippiMissouriMontanaNebraskaNevadaNew HampshireNew JerseyNew MexicoNew York StateNorth CarolinaNorth DakotaNorthern Mariana IslandsOhioOklahomaOregonPennsylvaniaPuerto RicoRepublic of PalauRhode IslandSouth CarolinaSouth DakotaTennesseeTexasUnited StatesUtahVermontVeterans HealthVirgin IslandsVirginiaWashingtonWest VirginiaWisconsinWyoming,1085510917,1355893355,497719319,3417.0,8716.13,423019836,4000.29,10824.8,491280,626761.0,71998,46.284,197579240,1561.7
2022-03-09,AlabamaAlaskaAmerican SamoaArizonaArkansasBureau of PrisonsCaliforniaColoradoConnecticutDelawareDept of DefenseDistrict of ColumbiaFederated States of MicronesiaFloridaGeorgiaGuamHawaiiIdahoIllinoisIndian Health SvcIndianaIowaKansasKentuckyLong Term CareLouisianaMaineMarshall IslandsMarylandMassachusettsMichiganMinnesotaMississippiMissouriMontanaNebraskaNevadaNew HampshireNew JerseyNew MexicoNew York StateNorth CarolinaNorth DakotaNorthern Mariana IslandsOhioOklahomaOregonPennsylvaniaPuerto RicoRepublic of PalauRhode IslandSouth CarolinaSouth DakotaTennesseeTexasUnited StatesUtahVermontVeterans HealthVirgin IslandsVirginiaWashingtonWest VirginiaWisconsinWyoming,1041424262,1297521360,477188104,3358.26,8567.69,405690567,3930.68,10626.29,543314,600037.0,66703,45.534,190019878,1537.03
2022-03-10,AlabamaAlaskaAmerican SamoaArizonaArkansasBureau of PrisonsCaliforniaColoradoConnecticutDelawareDept of DefenseDistrict of ColumbiaFederated States of MicronesiaFloridaGeorgiaGuamHawaiiIdahoIllinoisIndian Health SvcIndianaIowaKansasKentuckyLong Term CareLouisianaMaineMarshall IslandsMarylandMassachusettsMichiganMinnesotaMississippiMissouriMontanaNebraskaNevadaNew HampshireNew JerseyNew MexicoNew York StateNorth CarolinaNorth DakotaNorthern Mariana IslandsOhioOklahomaOregonPennsylvaniaPuerto RicoRepublic of PalauRhode IslandSouth CarolinaSouth DakotaTennesseeTexasUnited StatesUtahVermontVeterans HealthVirgin IslandsVirginiaWashingtonWest VirginiaWisconsinWyoming,471471523,587329435,216304897,3217.1,8200.82,184045199,3759.43,10191.21,280871,579446.0,72225,43.863,85424743,1472.11
2022-03-11,AlabamaAlaskaAmerican SamoaArizonaArkansasBureau of PrisonsCaliforniaColoradoConnecticutDelawareDept of DefenseDistrict of ColumbiaFederated States of MicronesiaFloridaGeorgiaGuamHawaiiIdahoIllinoisIndian Health SvcIndianaIowaKansasKentuckyLong Term CareLouisianaMaineMarshall IslandsMarylandMassachusettsMichiganMinnesotaMississippiMissouriMontanaNebraskaNevadaNew HampshireNew JerseyNew MexicoNew York StateNorth CarolinaNorth DakotaNorthern Mariana IslandsOhioOklahomaOregonPennsylvaniaPuerto RicoRepublic of PalauRhode IslandSouth CarolinaSouth DakotaTennesseeTexasUnited StatesUtahVermontVeterans HealthVirgin IslandsVirginiaWashingtonWest VirginiaWisconsinWyoming,1113098224,1390323300,509540735,3648.3,9326.13,433599798,4263.11,11577.1,219251,552197.0,69458,48.73,203586560,1700.03
2022-03-12,AlabamaAlaskaAmerican SamoaArizonaArkansasBureau of PrisonsCaliforniaColoradoConnecticutDelawareDept of DefenseDistrict of ColumbiaFederated States of MicronesiaFloridaGeorgiaGuamHawaiiIdahoIllinoisIndian Health SvcIndianaIowaKansasKentuckyLong Term CareLouisianaMaineMarshall IslandsMarylandMassachusettsMichiganMinnesotaMississippiMissouriMontanaNebraskaNevadaNew HampshireNew JerseyNew MexicoNew York StateNorth CarolinaNorth DakotaNorthern Mariana IslandsOhioOklahomaOregonPennsylvaniaPuerto RicoRepublic of PalauRhode IslandSouth CarolinaSouth DakotaTennesseeTexasUnited StatesUtahVermontVeterans HealthVirgin IslandsVirginiaWashingtonWest VirginiaWisconsinWyoming,1090540832,1362267605,499524461,3502.18,8946.72,424679122,4096.64,11095.29,662053,554899.0,73176,47.159,199306626,1620.81
2022-03-13,AlabamaAlaskaAmerican SamoaArizonaArkansasBureau of PrisonsCaliforniaColoradoConnecticutDelawareDept of DefenseDistrict of ColumbiaFederated States of MicronesiaFloridaGeorgiaGuamHawaiiIdahoIllinoisIndian Health SvcIndianaIowaKansasKentuckyLong Term CareLouisianaMaineMarshall IslandsMarylandMassachusettsMichiganMinnesotaMississippiMissouriMontanaNebraskaNevadaNew HampshireNew JerseyNew MexicoNew York StateNorth CarolinaNorth DakotaNorthern Mariana IslandsOhioOklahomaOregonPennsylvaniaPuerto RicoRepublic of PalauRhode IslandSouth CarolinaSouth DakotaTennesseeTexasUnited StatesUtahVermontVeterans HealthVirgin IslandsVirginiaWashingtonWest VirginiaWisconsinWyoming,1090932389,1362267605,499639320,3502.87,8949.08,424794742,4097.34,11095.29,391557,543234.0,69236,47.167,199474698,1621.83
2022-03-14,AlabamaAlaskaAmerican SamoaArizonaArkansasBureau of PrisonsCaliforniaColoradoConnecticutDelawareDept of DefenseDistrict of ColumbiaFederated States of MicronesiaFloridaGeorgiaGuamHawaiiIdahoIllinoisIndian Health SvcIndianaIowaKansasKentuckyLong Term CareLouisianaMaineMarshall IslandsMarylandMassachusettsMichiganMinnesotaMississippiMissouriMontanaNebraskaNevadaNew HampshireNew JerseyNew MexicoNew York StateNorth CarolinaNorth DakotaNorthern Mariana IslandsOhioOklahomaOregonPennsylvaniaPuerto RicoRepublic of PalauRhode IslandSouth CarolinaSouth DakotaTennesseeTexasUnited StatesUtahVermontVeterans HealthVirgin IslandsVirginiaWashingtonWest VirginiaWisconsinWyoming,1091235746,1363184505,499732875,3503.98,8955.79,424877278,4098.47,11103.54,303357,525456.0,66428,47.164,199605375,1626.35
2022-03-15,AlabamaAlaskaAmerican SamoaArizonaArkansasBureau of PrisonsCaliforniaColoradoConnecticutDelawareDept of DefenseDistrict of ColumbiaFederated States of MicronesiaFloridaGeorgiaGuamHawaiiIdahoIllinoisIndian Health SvcIndianaIowaKansasKentuckyLong Term CareLouisianaMaineMarshall IslandsMarylandMassachusettsMichiganMinnesotaMississippiMissouriMontanaNebraskaNevadaNew HampshireNew JerseyNew MexicoNew York StateNorth CarolinaNorth DakotaNorthern Mariana IslandsOhioOklahomaOregonPennsylvaniaPuerto RicoRepublic of PalauRhode IslandSouth CarolinaSouth DakotaTennesseeTexasUnited StatesUtahVermontVeterans HealthVirgin IslandsVirginiaWashingtonWest VirginiaWisconsinWyoming,1091707477,1363844735,499883403,3421.86,8743.33,425019592,4005.59,10904.36,518523,529305.0,66403,46.108,199788786,1578.01
2022-03-16,AlabamaAlaskaAmerican SamoaArizonaArkansasBureau of PrisonsCaliforniaColoradoConnecticutDelawareDept of DefenseDistrict of ColumbiaFederated States of MicronesiaFloridaGeorgiaGuamHawaiiIdahoIllinoisIndian Health SvcIndianaIowaKansasKentuckyLong Term CareLouisianaMaineMarshall IslandsMarylandMassachusettsMichiganMinnesotaMississippiMissouriMontanaNebraskaNevadaNew HampshireNew JerseyNew MexicoNew York StateNorth CarolinaNorth DakotaNorthern Mariana IslandsOhioOklahomaOregonPennsylvaniaPuerto RicoRepublic of PalauRhode IslandSouth CarolinaSouth DakotaTennesseeTexasUnited StatesUtahVermontVeterans HealthVirgin IslandsVirginiaWashingtonWest VirginiaWisconsinWyoming,1089489283,1361658735,498838777,3427.87,8762.27,424101679,4011.75,10876.56,453558,511964.0,63705,46.317,199412557,1586.12
2022-03-17,AlabamaAlaskaAmerican SamoaArizonaArkansasBureau of PrisonsCaliforniaColoradoConnecticutDelawareDept of DefenseDistrict of ColumbiaFederated States of MicronesiaFloridaGeorgiaGuamHawaiiIdahoIllinoisIndian Health SvcIndianaIowaKansasKentuckyLong Term CareLouisianaMaineMarshall IslandsMarylandMassachusettsMichiganMinnesotaMississippiMissouriMontanaNebraskaNevadaNew HampshireNew JerseyNew MexicoNew York StateNorth CarolinaNorth DakotaNorthern Mariana IslandsOhioOklahomaOregonPennsylvaniaPuerto RicoRepublic of PalauRhode IslandSouth CarolinaSouth DakotaTennesseeTexasUnited StatesUtahVermontVeterans HealthVirgin IslandsVirginiaWashingtonWest VirginiaWisconsinWyoming,1089989783,1362907335,498980549,3429.73,8770.12,424231781,4013.32,10885.32,500500,502216.0,62316,46.322,199649160,1590.59
2022-03-18,AlabamaAlaskaAmerican SamoaArizonaArkansasBureau of PrisonsCaliforniaColoradoConnecticutDelawareDept of DefenseDistrict of ColumbiaFederated States of MicronesiaFloridaGeorgiaGuamHawaiiIdahoIllinoisIndian Health SvcIndianaIowaKansasKentuckyLong Term CareLouisianaMaineMarshall IslandsMarylandMassachusettsMichiganMinnesotaMississippiMissouriMontanaNebraskaNevadaNew HampshireNew JerseyNew MexicoNew York StateNorth CarolinaNorth DakotaNorthern Mariana IslandsOhioOklahomaOregonPennsylvaniaPuerto RicoRepublic of PalauRhode IslandSouth CarolinaSouth DakotaTennesseeTexasUnited StatesUtahVermontVeterans HealthVirgin IslandsVirginiaWashingtonWest VirginiaWisconsinWyoming,1040105168,1304312735,476233386,3427.85,8764.76,404938105,4008.23,10896.31,427062,499302.0,62815,46.259,190358169,1591.92
2022-03-19,AlabamaAlaskaAmerican SamoaArizonaArkansasBureau of PrisonsCaliforniaColoradoConnecticutDelawareDept of DefenseDistrict of ColumbiaFederated States of MicronesiaFloridaGeorgiaGuamHawaiiIdahoIllinoisIndian Health SvcIndianaIowaKansasKentuckyLong Term CareLouisianaMaineMarshall IslandsMarylandMassachusettsMichiganMinnesotaMississippiMissouriMontanaNebraskaNevadaNew HampshireNew JerseyNew MexicoNew York StateNorth CarolinaNorth DakotaNorthern Mariana IslandsOhioOklahomaOregonPennsylvaniaPuerto RicoRepublic of PalauRhode IslandSouth CarolinaSouth DakotaTennesseeTexasUnited StatesUtahVermontVeterans HealthVirgin IslandsVirginiaWashingtonWest VirginiaWisconsinWyoming,445856027,563116705,205079566,3217.6,8219.37,174052522,3759.33,10240.16,184176,459948.0,55389,43.774,80324445,1490.15
2022-03-20,AlabamaAlaskaAmerican SamoaArizonaArkansasBureau of PrisonsCaliforniaColoradoConnecticutDelawareDept of DefenseDistrict of ColumbiaFederated States of MicronesiaFloridaGeorgiaGuamHawaiiIdahoIllinoisIndian Health SvcIndianaIowaKansasKentuckyLong Term CareLouisianaMaineMarshall IslandsMarylandMassachusettsMichiganMinnesotaMississippiMissouriMontanaNebraskaNevadaNew HampshireNew JerseyNew MexicoNew York StateNorth CarolinaNorth DakotaNorthern Mariana IslandsOhioOklahomaOregonPennsylvaniaPuerto RicoRepublic of PalauRhode IslandSouth CarolinaSouth DakotaTennesseeTexasUnited StatesUtahVermontVeterans HealthVirgin IslandsVirginiaWashingtonWest VirginiaWisconsinWyoming,445978057,563117005,205114015,3218.2,8221.33,174084389,3759.9,10240.45,122030,450358.0,55409,43.781,80382038,1491.03
2022-03-21,AlabamaAlaskaAmerican SamoaArizonaArkansasBureau of PrisonsCaliforniaColoradoConnecticutDelawareDept of DefenseDistrict of ColumbiaFederated States of MicronesiaFloridaGeorgiaGuamHawaiiIdahoIllinoisIndian Health SvcIndianaIowaKansasKentuckyLong Term CareLouisianaMaineMarshall IslandsMarylandMassachusettsMichiganMinnesotaMississippiMissouriMontanaNebraskaNevadaNew HampshireNew JerseyNew MexicoNew York StateNorth CarolinaNorth DakotaNorthern Mariana IslandsOhioOklahomaOregonPennsylvaniaPuerto RicoRepublic of PalauRhode IslandSouth CarolinaSouth DakotaTennesseeTexasUnited StatesUtahVermontVeterans HealthVirgin IslandsVirginiaWashingtonWest VirginiaWisconsinWyoming,446075570,563117005,205141137,3219.65,8225.62,174108426,3761.28,10240.45,97513,449871.0,52440,43.81,80429356,1492.54
2022-03-22,AlabamaAlaskaAmerican SamoaArizonaArkansasBureau of PrisonsCaliforniaColoradoConnecticutDelawareDept of DefenseDistrict of ColumbiaFederated States of MicronesiaFloridaGeorgiaGuamHawaiiIdahoIllinoisIndian Health SvcIndianaIowaKansasKentuckyLong Term CareLouisianaMaineMarshall IslandsMarylandMassachusettsMichiganMinnesotaMississippiMissouriMontanaNebraskaNevadaNew HampshireNew JerseyNew MexicoNew York StateNorth CarolinaNorth DakotaNorthern Mariana IslandsOhioOklahomaOregonPennsylvaniaPuerto RicoRepublic of PalauRhode IslandSouth CarolinaSouth DakotaTennesseeTexasUnited StatesUtahVermontVeterans HealthVirgin IslandsVirginiaWashingtonWest VirginiaWisconsinWyoming,1023375806,1282828390,468572545,3523.1,9026.94,398197729,4118.07,11202.88,167178,428587.0,51301,47.147,187590049,1661.51
2022-03-23,AlabamaAlaskaAmerican SamoaArizonaArkansasBureau of PrisonsCaliforniaColoradoConnecticutDelawareDept of DefenseDistrict of ColumbiaFederated States of MicronesiaFloridaGeorgiaGuamHawaiiIdahoIllinoisIndian Health SvcIndianaIowaKansasKentuckyLong Term CareLouisianaMaineMarshall IslandsMarylandMassachusettsMichiganMinnesotaMississippiMissouriMontanaNebraskaNevadaNew HampshireNew JerseyNew MexicoNew York StateNorth CarolinaNorth DakotaNorthern Mariana IslandsOhioOklahomaOregonPennsylvaniaPuerto RicoRepublic of PalauRhode IslandSouth CarolinaSouth DakotaTennesseeTexasUnited StatesUtahVermontVeterans HealthVirgin IslandsVirginiaWashingtonWest VirginiaWisconsinWyoming,1023861746,1284955390,468706506,3524.69,9032.77,398331977,4119.59,11221.57,485940,442293.0,54362,47.099,187815073,1664.24
2022-03-24,AlabamaAlaskaAmerican SamoaArizonaArkansasBureau of PrisonsCaliforniaColoradoConnecticutDelawareDept of DefenseDistrict of ColumbiaFederated States of MicronesiaFloridaGeorgiaGuamHawaiiIdahoIllinoisIndian Health SvcIndianaIowaKansasKentuckyLong Term CareLouisianaMaineMarshall IslandsMarylandMassachusettsMichiganMinnesotaMississippiMissouriMontanaNebraskaNevadaNew HampshireNew JerseyNew MexicoNew York StateNorth CarolinaNorth DakotaNorthern Mariana IslandsOhioOklahomaOregonPennsylvaniaPuerto RicoRepublic of PalauRhode IslandSouth CarolinaSouth DakotaTennesseeTexasUnited StatesUtahVermontVeterans HealthVirgin IslandsVirginiaWashingtonWest VirginiaWisconsinWyoming,1024106030,1285385060,468729792,3526.75,9041.2,398342907,4121.34,11231.1,554377,459088.0,55321,46.184,188030800,1669.11
2022-03-25,AlabamaAlaskaAmerican SamoaArizonaArkansasBureau of PrisonsCaliforniaColoradoConnecticutDelawareDept of DefenseDistrict of ColumbiaFederated States of MicronesiaFloridaGeorgiaGuamHawaiiIdahoIllinoisIndian Health SvcIndianaIowaKansasKentuckyLong Term CareLouisianaMaineMarshall IslandsMarylandMassachusettsMichiganMinnesotaMississippiMissouriMontanaNebraskaNevadaNew HampshireNew JerseyNew MexicoNew York StateNorth CarolinaNorth DakotaNorthern Mariana IslandsOhioOklahomaOregonPennsylvaniaPuerto RicoRepublic of PalauRhode IslandSouth CarolinaSouth DakotaTennesseeTexasUnited StatesUtahVermontVeterans HealthVirgin IslandsVirginiaWashingtonWest VirginiaWisconsinWyoming,1024473542,1286298140,468820484,3527.55,9044.51,398430613,4122.15,11240.76,367512,451144.0,53617,46.158,188225436,1670.81
2022-03-26,AlabamaAlaskaAmerican SamoaArizonaArkansasBureau of PrisonsCaliforniaColoradoConnecticutDelawareDept of DefenseDistrict of ColumbiaFederated States of MicronesiaFloridaGeorgiaGuamHawaiiIdahoIllinoisIndian Health SvcIndianaIowaKansasKentuckyLong Term CareLouisianaMaineMarshall IslandsMarylandMassachusettsMichiganMinnesotaMississippiMissouriMontanaNebraskaNevadaNew HampshireNew JerseyNew MexicoNew York StateNorth CarolinaNorth DakotaNorthern Mariana IslandsOhioOklahomaOregonPennsylvaniaPuerto RicoRepublic of PalauRhode IslandSouth CarolinaSouth DakotaTennesseeTexasUnited StatesUtahVermontVeterans HealthVirgin IslandsVirginiaWashingtonWest VirginiaWisconsinWyoming,1024944843,1287699240,468953200,3528.69,9049.4,398546192,4123.21,11251.92,471301,472460.0,53946,46.139,188455842,1673.52
2022-03-27,AlabamaAlaskaAmerican SamoaArizonaArkansasBureau of PrisonsCaliforniaColoradoConnecticutDelawareDept of DefenseDistrict of ColumbiaFederated States of MicronesiaFloridaGeorgiaGuamHawaiiIdahoIllinoisIndian Health SvcIndianaIowaKansasKentuckyLong Term CareLouisianaMaineMarshall IslandsMarylandMassachusettsMichiganMinnesotaMississippiMissouriMontanaNebraskaNevadaNew HampshireNew JerseyNew MexicoNew York StateNorth CarolinaNorth DakotaNorthern Mariana IslandsOhioOklahomaOregonPennsylvaniaPuerto RicoRepublic of PalauRhode IslandSouth CarolinaSouth DakotaTennesseeTexasUnited StatesUtahVermontVeterans HealthVirgin IslandsVirginiaWashingtonWest VirginiaWisconsinWyoming,1025232520,1287729540,469041367,3529.32,9051.59,398620203,4123.94,11252.3,287677,476420.0,53869,46.147,188588021,1674.38
2022-03-28,AlabamaAlaskaAmerican SamoaArizonaArkansasBureau of PrisonsCaliforniaColoradoConnecticutDelawareDept of DefenseDistrict of ColumbiaFederated States of MicronesiaFloridaGeorgiaGuamHawaiiIdahoIllinoisIndian Health SvcIndianaIowaKansasKentuckyLong Term CareLouisianaMaineMarshall IslandsMarylandMassachusettsMichiganMinnesotaMississippiMissouriMontanaNebraskaNevadaNew HampshireNew JerseyNew MexicoNew York StateNorth CarolinaNorth DakotaNorthern Mariana IslandsOhioOklahomaOregonPennsylvaniaPuerto RicoRepublic of PalauRhode IslandSouth CarolinaSouth DakotaTennesseeTexasUnited StatesUtahVermontVeterans HealthVirgin IslandsVirginiaWashingtonWest VirginiaWisconsinWyoming,1025421524,1287729540,469099040,3530.0,9054.78,398663666,4124.88,11252.3,189004,469783.0,51961,46.167,188678378,1675.95
2022-03-29,AlabamaAlaskaAmerican SamoaArizonaArkansasBureau of PrisonsCaliforniaColoradoConnecticutDelawareDept of DefenseDistrict of ColumbiaFederated States of MicronesiaFloridaGeorgiaGuamHawaiiIdahoIllinoisIndian Health SvcIndianaIowaKansasKentuckyLong Term CareLouisianaMaineMarshall IslandsMarylandMassachusettsMichiganMinnesotaMississippiMissouriMontanaNebraskaNevadaNew HampshireNew JerseyNew MexicoNew York StateNorth CarolinaNorth DakotaNorthern Mariana IslandsOhioOklahomaOregonPennsylvaniaPuerto RicoRepublic of PalauRhode IslandSouth CarolinaSouth DakotaTennesseeTexasUnited StatesUtahVermontVeterans HealthVirgin IslandsVirginiaWashingtonWest VirginiaWisconsinWyoming,1025806247,1288513840,469219252,3531.18,9059.77,398766038,4125.96,11257.68,384723,481157.0,53284,46.167,188846144,1678.77
2022-03-30,AlabamaAlaskaAmerican SamoaArizonaArkansasBureau of PrisonsCaliforniaColoradoConnecticutDelawareDept of DefenseDistrict of ColumbiaFederated States of MicronesiaFloridaGeorgiaGuamHawaiiIdahoIllinoisIndian Health SvcIndianaIowaKansasKentuckyLong Term CareLouisianaMaineMarshall IslandsMarylandMassachusettsMichiganMinnesotaMississippiMissouriMontanaNebraskaNevadaNew HampshireNew JerseyNew MexicoNew York StateNorth CarolinaNorth DakotaNorthern Mariana IslandsOhioOklahomaOregonPennsylvaniaPuerto RicoRepublic of PalauRhode IslandSouth CarolinaSouth DakotaTennesseeTexasUnited StatesUtahVermontVeterans HealthVirgin IslandsVirginiaWashingtonWest VirginiaWisconsinWyoming,1026561029,1289776970,469486760,3532.27,9064.54,399007699,4127.16,11265.7,444426,475224.0,51686,47.072998,189113566,1681.24
2022-03-31,AlabamaAlaskaAmerican SamoaArizonaArkansasBureau of PrisonsCaliforniaColoradoConnecticutDelawareDept of DefenseDistrict of ColumbiaFederated States of MicronesiaFloridaGeorgiaGuamHawaiiIdahoIllinoisIndian Health SvcIndianaIowaKansasKentuckyLong Term CareLouisianaMaineMarshall IslandsMarylandMassachusettsMichiganMinnesotaMississippiMissouriMontanaNebraskaNevadaNew HampshireNew JerseyNew MexicoNew York StateNorth CarolinaNorth DakotaNorthern Mariana IslandsOhioOklahomaOregonPennsylvaniaPuerto RicoRepublic of PalauRhode IslandSouth CarolinaSouth DakotaTennesseeTexasUnited StatesUtahVermontVeterans HealthVirgin IslandsVirginiaWashingtonWest VirginiaWisconsinWyoming,1027179294,1291188770,469654482,3533.37,9068.65,399142852,4128.41,11277.22,618265,484350.0,45414,47.05,189440013,1683.21
2022-04-01,AlabamaAlaskaAmerican SamoaArizonaArkansasBureau of PrisonsCaliforniaColoradoConnecticutDelawareDept of DefenseDistrict of ColumbiaFederated States of MicronesiaFloridaGeorgiaGuamHawaiiIdahoIllinoisIndian Health SvcIndianaIowaKansasKentuckyLong Term CareLouisianaMaineMarshall IslandsMarylandMassachusettsMichiganMinnesotaMississippiMissouriMontanaNebraskaNevadaNew HampshireNew JerseyNew MexicoNew York StateNorth CarolinaNorth DakotaNorthern Mariana IslandsOhioOklahomaOregonPennsylvaniaPuerto RicoRepublic of PalauRhode IslandSouth CarolinaSouth DakotaTennesseeTexasUnited StatesUtahVermontVeterans HealthVirgin IslandsVirginiaWashingtonWest VirginiaWisconsinWyoming,1020512899,1284658650,465616533,3534.85,9075.38,396137045,4129.82,11278.35,665634,528459.0,50347,45.98,189533033,1687.13
2022-04-02,AlabamaAlaskaAmerican SamoaArizonaArkansasBureau of PrisonsCaliforniaColoradoConnecticutDelawareDept of DefenseDistrict of ColumbiaFederated States of MicronesiaFloridaGeorgiaGuamHawaiiIdahoIllinoisIndian Health SvcIndianaIowaKansasKentuckyLong Term CareLouisianaMaineMarshall IslandsMarylandMassachusettsMichiganMinnesotaMississippiMissouriMontanaNebraskaNevadaNew HampshireNew JerseyNew MexicoNew York StateNorth CarolinaNorth DakotaNorthern Mariana IslandsOhioOklahomaOregonPennsylvaniaPuerto RicoRepublic of PalauRhode IslandSouth CarolinaSouth DakotaTennesseeTexasUnited StatesUtahVermontVeterans HealthVirgin IslandsVirginiaWashingtonWest VirginiaWisconsinWyoming,1021384447,1288742850,465744851,3536.54,9085.16,396265304,4132.25,11311.98,871548,587159.0,57372,45.907,190153872,1692.83
2022-04-03,AlabamaAlaskaAmerican SamoaArizonaArkansasBureau of PrisonsCaliforniaColoradoConnecticutDelawareDept of DefenseDistrict of ColumbiaFederated States of MicronesiaFloridaGeorgiaGuamHawaiiIdahoIllinoisIndian Health SvcIndianaIowaKansasKentuckyLong Term CareLouisianaMaineMarshall IslandsMarylandMassachusettsMichiganMinnesotaMississippiMissouriMontanaNebraskaNevadaNew HampshireNew JerseyNew MexicoNew York StateNorth CarolinaNorth DakotaNorthern Mariana IslandsOhioOklahomaOregonPennsylvaniaPuerto RicoRepublic of PalauRhode IslandSouth CarolinaSouth DakotaTennesseeTexasUnited StatesUtahVermontVeterans HealthVirgin IslandsVirginiaWashingtonWest VirginiaWisconsinWyoming,1022067074,1288743660,465826520,3453.41,8871.6,396350420,4038.6301,11108.08,729679,651825.0,61530,44.862,190671351,1645.12
2022-04-04,AlabamaAlaskaAmerican SamoaArizonaArkansasBureau of PrisonsCaliforniaColoradoConnecticutDelawareDept of DefenseDistrict of ColumbiaFederated States of MicronesiaFloridaGeorgiaGuamHawaiiIdahoIllinoisIndian Health SvcIndianaIowaKansasKentuckyLong Term CareLouisianaMaineMarshall IslandsMarylandMassachusettsMichiganMinnesotaMississippiMissouriMontanaNebraskaNevadaNew HampshireNew JerseyNew MexicoNew York StateNorth CarolinaNorth DakotaNorthern Mariana IslandsOhioOklahomaOregonPennsylvaniaPuerto RicoRepublic of PalauRhode IslandSouth CarolinaSouth DakotaTennesseeTexasUnited StatesUtahVermontVeterans HealthVirgin IslandsVirginiaWashingtonWest VirginiaWisconsinWyoming,1022684409,1288743660,465919963,3454.08,8875.96,396437958,4039.4,11108.08,617335,714539.0,63406,44.883,191110399,1648.08
2022-04-05,AlabamaAlaskaAmerican SamoaArizonaArkansasBureau of PrisonsCaliforniaColoradoConnecticutDelawareDept of DefenseDistrict of ColumbiaFederated States of MicronesiaFloridaGeorgiaGuamHawaiiIdahoIllinoisIndian Health SvcIndianaIowaKansasKentuckyLong Term CareLouisianaMaineMarshall IslandsMarylandMassachusettsMichiganMinnesotaMississippiMissouriMontanaNebraskaNevadaNew HampshireNew JerseyNew MexicoNew York StateNorth CarolinaNorth DakotaNorthern Mariana IslandsOhioOklahomaOregonPennsylvaniaPuerto RicoRepublic of PalauRhode IslandSouth CarolinaSouth DakotaTennesseeTexasUnited StatesUtahVermontVeterans HealthVirgin IslandsVirginiaWashingtonWest VirginiaWisconsinWyoming,1023634895,1290121960,466057694,3455.95,8888.16,396578248,4040.86,11120.72,950486,796880.0,73788,44.888,191788351,1657.01
2022-04-06,AlabamaAlaskaAmerican SamoaArizonaArkansasBureau of PrisonsCaliforniaColoradoConnecticutDelawareDept of DefenseDistrict of ColumbiaFederated States of MicronesiaFloridaGeorgiaGuamHawaiiIdahoIllinoisIndian Health SvcIndianaIowaKansasKentuckyLong Term CareLouisianaMaineMarshall IslandsMarylandMassachusettsMichiganMinnesotaMississippiMissouriMontanaNebraskaNevadaNew HampshireNew JerseyNew MexicoNew York StateNorth CarolinaNorth DakotaNorthern Mariana IslandsOhioOklahomaOregonPennsylvaniaPuerto RicoRepublic of PalauRhode IslandSouth CarolinaSouth DakotaTennesseeTexasUnited StatesUtahVermontVeterans HealthVirgin IslandsVirginiaWashingtonWest VirginiaWisconsinWyoming,1024527417,1292616550,466174491,3541.3,9114.83,396740639,4136.81,11350.04,845383,855682.0,78185,45.898,192409378,1713.28
2022-04-07,AlabamaAlaskaAmerican SamoaArizonaArkansasBureau of PrisonsCaliforniaColoradoConnecticutDelawareDept of DefenseDistrict of ColumbiaFederated States of MicronesiaFloridaGeorgiaGuamHawaiiIdahoIllinoisIndian Health SvcIndianaIowaKansasKentuckyLong Term CareLouisianaMaineMarshall IslandsMarylandMassachusettsMichiganMinnesotaMississippiMissouriMontanaNebraskaNevadaNew HampshireNew JerseyNew MexicoNew York StateNorth CarolinaNorth DakotaNorthern Mariana IslandsOhioOklahomaOregonPennsylvaniaPuerto RicoRepublic of PalauRhode IslandSouth CarolinaSouth DakotaTennesseeTexasUnited StatesUtahVermontVeterans HealthVirgin IslandsVirginiaWashingtonWest VirginiaWisconsinWyoming,1025633942,1294735150,466361533,3542.67,9124.16,396911301,4138.17,11369.61,1106525,926959.0,85665,45.867,193164825,1720.04
2022-04-08,AlabamaAlaskaAmerican SamoaArizonaArkansasBureau of PrisonsCaliforniaColoradoConnecticutDelawareDept of DefenseDistrict of ColumbiaFederated States of MicronesiaFloridaGeorgiaGuamHawaiiIdahoIllinoisIndian Health SvcIndianaIowaKansasKentuckyLong Term CareLouisianaMaineMarshall IslandsMarylandMassachusettsMichiganMinnesotaMississippiMissouriMontanaNebraskaNevadaNew HampshireNew JerseyNew MexicoNew York StateNorth CarolinaNorth DakotaNorthern Mariana IslandsOhioOklahomaOregonPennsylvaniaPuerto RicoRepublic of PalauRhode IslandSouth CarolinaSouth DakotaTennesseeTexasUnited StatesUtahVermontVeterans HealthVirgin IslandsVirginiaWashingtonWest VirginiaWisconsinWyoming,1013449772,1280515330,460729727,3388.42,8718.71,392021672,3960.21,10856.57,982343,973929.0,89474,44.275,191137655,1633.85
2022-04-09,AlabamaAlaskaAmerican SamoaArizonaArkansasBureau of PrisonsCaliforniaColoradoConnecticutDelawareDept of DefenseDistrict of ColumbiaFederated States of MicronesiaFloridaGeorgiaGuamHawaiiIdahoIllinoisIndian Health SvcIndianaIowaKansasKentuckyLong Term CareLouisianaMaineMarshall IslandsMarylandMassachusettsMichiganMinnesotaMississippiMissouriMontanaNebraskaNevadaNew HampshireNew JerseyNew MexicoNew York StateNorth CarolinaNorth DakotaNorthern Mariana IslandsOhioOklahomaOregonPennsylvaniaPuerto RicoRepublic of PalauRhode IslandSouth CarolinaSouth DakotaTennesseeTexasUnited StatesUtahVermontVeterans HealthVirgin IslandsVirginiaWashingtonWest VirginiaWisconsinWyoming,1014490856,1280515930,460883403,3389.58,8727.54,392165275,3961.35,10857.15,1041084,999871.0,88794,44.312,191887575,1640.45
2022-04-10,AlabamaAlaskaAmerican SamoaArizonaArkansasBureau of PrisonsCaliforniaColoradoConnecticutDelawareDept of DefenseDistrict of ColumbiaFederated States of MicronesiaFloridaGeorgiaGuamHawaiiIdahoIllinoisIndian Health SvcIndianaIowaKansasKentuckyLong Term CareLouisianaMaineMarshall IslandsMarylandMassachusettsMichiganMinnesotaMississippiMissouriMontanaNebraskaNevadaNew HampshireNew JerseyNew MexicoNew York StateNorth CarolinaNorth DakotaNorthern Mariana IslandsOhioOklahomaOregonPennsylvaniaPuerto RicoRepublic of PalauRhode IslandSouth CarolinaSouth DakotaTennesseeTexasUnited StatesUtahVermontVeterans HealthVirgin IslandsVirginiaWashingtonWest VirginiaWisconsinWyoming,1015234011,1283610730,460989549,3391.22,8734.97,392263298,3963.24,10881.14,743155,1003521.0,92826,44.269,192430240,1644.4
2022-04-11,AlabamaAlaskaAmerican SamoaArizonaArkansasBureau of PrisonsCaliforniaColoradoConnecticutDelawareDept of DefenseDistrict of ColumbiaFederated States of MicronesiaFloridaGeorgiaGuamHawaiiIdahoIllinoisIndian Health SvcIndianaIowaKansasKentuckyLong Term CareLouisianaMaineMarshall IslandsMarylandMassachusettsMichiganMinnesotaMississippiMissouriMontanaNebraskaNevadaNew HampshireNew JerseyNew MexicoNew York StateNorth CarolinaNorth DakotaNorthern Mariana IslandsOhioOklahomaOregonPennsylvaniaPuerto RicoRepublic of PalauRhode IslandSouth CarolinaSouth DakotaTennesseeTexasUnited StatesUtahVermontVeterans HealthVirgin IslandsVirginiaWashingtonWest VirginiaWisconsinWyoming,1013046620,1280292780,459868296,3313.26,8535.04,391284379,3874.49,10634.31,577160,1000180.0,95672,43.466,192214004,1601.38
2022-04-12,AlabamaAlaskaAmerican SamoaArizonaArkansasBureau of PrisonsCaliforniaColoradoConnecticutDelawareDept of DefenseDistrict of ColumbiaFederated States of MicronesiaFloridaGeorgiaGuamHawaiiIdahoIllinoisIndian Health SvcIndianaIowaKansasKentuckyLong Term CareLouisianaMaineMarshall IslandsMarylandMassachusettsMichiganMinnesotaMississippiMissouriMontanaNebraskaNevadaNew HampshireNew JerseyNew MexicoNew York StateNorth CarolinaNorth DakotaNorthern Mariana IslandsOhioOklahomaOregonPennsylvaniaPuerto RicoRepublic of PalauRhode IslandSouth CarolinaSouth DakotaTennesseeTexasUnited StatesUtahVermontVeterans HealthVirgin IslandsVirginiaWashingtonWest VirginiaWisconsinWyoming,1014050797,1281723080,460023761,3314.53,8543.53,391432918,3875.61,10644.2,1004177,1010249.0,91382,43.466,192920459,1607.55
2022-04-13,AlabamaAlaskaAmerican SamoaArizonaArkansasBureau of PrisonsCaliforniaColoradoConnecticutDelawareDept of DefenseDistrict of ColumbiaFederated States of MicronesiaFloridaGeorgiaGuamHawaiiIdahoIllinoisIndian Health SvcIndianaIowaKansasKentuckyLong Term CareLouisianaMaineMarshall IslandsMarylandMassachusettsMichiganMinnesotaMississippiMissouriMontanaNebraskaNevadaNew HampshireNew JerseyNew MexicoNew York StateNorth CarolinaNorth DakotaNorthern Mariana IslandsOhioOklahomaOregonPennsylvaniaPuerto RicoRepublic of PalauRhode IslandSouth CarolinaSouth DakotaTennesseeTexasUnited StatesUtahVermontVeterans HealthVirgin IslandsVirginiaWashingtonWest VirginiaWisconsinWyoming,1015162054,1283469380,460221282,3316.26,8554.0,391594994,3877.64,10656.56,1111257,1050628.0,96373,43.48,193679623,1614.4
2022-04-14,AlabamaAlaskaAmerican SamoaArizonaArkansasBureau of PrisonsCaliforniaColoradoConnecticutDelawareDept of DefenseDistrict of ColumbiaFederated States of MicronesiaFloridaGeorgiaGuamHawaiiIdahoIllinoisIndian Health SvcIndianaIowaKansasKentuckyLong Term CareLouisianaMaineMarshall IslandsMarylandMassachusettsMichiganMinnesotaMississippiMissouriMontanaNebraskaNevadaNew HampshireNew JerseyNew MexicoNew York StateNorth CarolinaNorth DakotaNorthern Mariana IslandsOhioOklahomaOregonPennsylvaniaPuerto RicoRepublic of PalauRhode IslandSouth CarolinaSouth DakotaTennesseeTexasUnited StatesUtahVermontVeterans HealthVirgin IslandsVirginiaWashingtonWest VirginiaWisconsinWyoming,446967864,568922730,203105348,3178.03,8181.47,172514572,3703.99,10195.04,475143,1043529.0,96431,41.86,84736640,1543.09
2022-04-15,AlabamaAlaskaAmerican SamoaArizonaArkansasBureau of PrisonsCaliforniaColoradoConnecticutDelawareDept of DefenseDistrict of ColumbiaFederated States of MicronesiaFloridaGeorgiaGuamHawaiiIdahoIllinoisIndian Health SvcIndianaIowaKansasKentuckyLong Term CareLouisianaMaineMarshall IslandsMarylandMassachusettsMichiganMinnesotaMississippiMissouriMontanaNebraskaNevadaNew HampshireNew JerseyNew MexicoNew York StateNorth CarolinaNorth DakotaNorthern Mariana IslandsOhioOklahomaOregonPennsylvaniaPuerto RicoRepublic of PalauRhode IslandSouth CarolinaSouth DakotaTennesseeTexasUnited StatesUtahVermontVeterans HealthVirgin IslandsVirginiaWashingtonWest VirginiaWisconsinWyoming,1033275996,1309546150,467429476,3553.98,9197.59,397951051,4149.26,11486.49,457695,1049956.0,97882,45.794,198737817,1771.56
2022-04-16,AlabamaAlaskaAmerican SamoaArizonaArkansasBureau of PrisonsCaliforniaColoradoConnecticutDelawareDept of DefenseDistrict of ColumbiaFederated States of MicronesiaFloridaGeorgiaGuamHawaiiIdahoIllinoisIndian Health SvcIndianaIowaKansasKentuckyLong Term CareLouisianaMaineMarshall IslandsMarylandMassachusettsMichiganMinnesotaMississippiMissouriMontanaNebraskaNevadaNew HampshireNew JerseyNew MexicoNew York StateNorth CarolinaNorth DakotaNorthern Mariana IslandsOhioOklahomaOregonPennsylvaniaPuerto RicoRepublic of PalauRhode IslandSouth CarolinaSouth DakotaTennesseeTexasUnited StatesUtahVermontVeterans HealthVirgin IslandsVirginiaWashingtonWest VirginiaWisconsinWyoming,0,0,0,0.0,0.0,0,0.0,0.0,0,1029986.0,94281,0.0,0,0.0
2022-04-17,AlabamaAlaskaAmerican SamoaArizonaArkansasBureau of PrisonsCaliforniaColoradoConnecticutDelawareDept of DefenseDistrict of ColumbiaFederated States of MicronesiaFloridaGeorgiaGuamHawaiiIdahoIllinoisIndian Health SvcIndianaIowaKansasKentuckyLong Term CareLouisianaMaineMarshall IslandsMarylandMassachusettsMichiganMinnesotaMississippiMissouriMontanaNebraskaNevadaNew HampshireNew JerseyNew MexicoNew York StateNorth CarolinaNorth DakotaNorthern Mariana IslandsOhioOklahomaOregonPennsylvaniaPuerto RicoRepublic of PalauRhode IslandSouth CarolinaSouth DakotaTennesseeTexasUnited StatesUtahVermontVeterans HealthVirgin IslandsVirginiaWashingtonWest VirginiaWisconsinWyoming,1035102700,1312286850,467740627,3555.77,9211.13,398217544,4151.11,11517.38,0,1052574.0,92669,45.728,199998865,1781.39
2022-04-18,AlabamaAlaskaAmerican SamoaArizonaArkansasBureau of PrisonsCaliforniaColoradoConnecticutDelawareDept of DefenseDistrict of ColumbiaFederated States of MicronesiaFloridaGeorgiaGuamHawaiiIdahoIllinoisIndian Health SvcIndianaIowaKansasKentuckyLong Term CareLouisianaMaineMarshall IslandsMarylandMassachusettsMichiganMinnesotaMississippiMissouriMontanaNebraskaNevadaNew HampshireNew JerseyNew MexicoNew York StateNorth CarolinaNorth DakotaNorthern Mariana IslandsOhioOklahomaOregonPennsylvaniaPuerto RicoRepublic of PalauRhode IslandSouth CarolinaSouth DakotaTennesseeTexasUnited StatesUtahVermontVeterans HealthVirgin IslandsVirginiaWashingtonWest VirginiaWisconsinWyoming,1035532277,1312286850,467807505,3556.17,9214.59,398271685,4151.71,11517.38,429577,1029086.0,88323,45.746,200309230,1783.89
2022-04-19,AlabamaAlaskaAmerican SamoaArizonaArkansasBureau of PrisonsCaliforniaColoradoConnecticutDelawareDept of DefenseDistrict of ColumbiaFederated States of MicronesiaFloridaGeorgiaGuamHawaiiIdahoIllinoisIndian Health SvcIndianaIowaKansasKentuckyLong Term CareLouisianaMaineMarshall IslandsMarylandMassachusettsMichiganMinnesotaMississippiMissouriMontanaNebraskaNevadaNew HampshireNew JerseyNew MexicoNew York StateNorth CarolinaNorth DakotaNorthern Mariana IslandsOhioOklahomaOregonPennsylvaniaPuerto RicoRepublic of PalauRhode IslandSouth CarolinaSouth DakotaTennesseeTexasUnited StatesUtahVermontVeterans HealthVirgin IslandsVirginiaWashingtonWest VirginiaWisconsinWyoming,1036414190,1312874150,467931034,3557.32,9222.4,398384623,4152.85,11521.83,881913,1009219.0,86177,45.771,200959009,1789.52
2022-04-20,AlabamaAlaskaAmerican SamoaArizonaArkansasBureau of PrisonsCaliforniaColoradoConnecticutDelawareDept of DefenseDistrict of ColumbiaFederated States of MicronesiaFloridaGeorgiaGuamHawaiiIdahoIllinoisIndian Health SvcIndianaIowaKansasKentuckyLong Term CareLouisianaMaineMarshall IslandsMarylandMassachusettsMichiganMinnesotaMississippiMissouriMontanaNebraskaNevadaNew HampshireNew JerseyNew MexicoNew York StateNorth CarolinaNorth DakotaNorthern Mariana IslandsOhioOklahomaOregonPennsylvaniaPuerto RicoRepublic of PalauRhode IslandSouth CarolinaSouth DakotaTennesseeTexasUnited StatesUtahVermontVeterans HealthVirgin IslandsVirginiaWashingtonWest VirginiaWisconsinWyoming,1037073932,1315403050,468029146,3558.1,9228.9,398475832,4153.65,11547.39,659742,942314.0,79310,45.696,201433126,1794.34
2022-04-21,AlabamaAlaskaAmerican SamoaArizonaArkansasBureau of PrisonsCaliforniaColoradoConnecticutDelawareDept of DefenseDistrict of ColumbiaFederated States of MicronesiaFloridaGeorgiaGuamHawaiiIdahoIllinoisIndian Health SvcIndianaIowaKansasKentuckyLong Term CareLouisianaMaineMarshall IslandsMarylandMassachusettsMichiganMinnesotaMississippiMissouriMontanaNebraskaNevadaNew HampshireNew JerseyNew MexicoNew York StateNorth CarolinaNorth DakotaNorthern Mariana IslandsOhioOklahomaOregonPennsylvaniaPuerto RicoRepublic of PalauRhode IslandSouth CarolinaSouth DakotaTennesseeTexasUnited StatesUtahVermontVeterans HealthVirgin IslandsVirginiaWashingtonWest VirginiaWisconsinWyoming,1038323424,1317336650,468238107,3559.99,9239.55,398672320,4155.43,11572.07,1249492,969833.0,81180,45.643,202287272,1801.55
2022-04-22,AlabamaAlaskaAmerican SamoaArizonaArkansasBureau of PrisonsCaliforniaColoradoConnecticutDelawareDept of DefenseDistrict of ColumbiaFederated States of MicronesiaFloridaGeorgiaGuamHawaiiIdahoIllinoisIndian Health SvcIndianaIowaKansasKentuckyLong Term CareLouisianaMaineMarshall IslandsMarylandMassachusettsMichiganMinnesotaMississippiMissouriMontanaNebraskaNevadaNew HampshireNew JerseyNew MexicoNew York StateNorth CarolinaNorth DakotaNorthern Mariana IslandsOhioOklahomaOregonPennsylvaniaPuerto RicoRepublic of PalauRhode IslandSouth CarolinaSouth DakotaTennesseeTexasUnited StatesUtahVermontVeterans HealthVirgin IslandsVirginiaWashingtonWest VirginiaWisconsinWyoming,0,0,0,0.0,0.0,0,0.0,0.0,0,950986.0,78972,0.0,0,0.0
2022-04-23,AlabamaAlaskaAmerican SamoaArizonaArkansasBureau of PrisonsCaliforniaColoradoConnecticutDelawareDept of DefenseDistrict of ColumbiaFederated States of MicronesiaFloridaGeorgiaGuamHawaiiIdahoIllinoisIndian Health SvcIndianaIowaKansasKentuckyLong Term CareLouisianaMaineMarshall IslandsMarylandMassachusettsMichiganMinnesotaMississippiMissouriMontanaNebraskaNevadaNew HampshireNew JerseyNew MexicoNew York StateNorth CarolinaNorth DakotaNorthern Mariana IslandsOhioOklahomaOregonPennsylvaniaPuerto RicoRepublic of PalauRhode IslandSouth CarolinaSouth DakotaTennesseeTexasUnited StatesUtahVermontVeterans HealthVirgin IslandsVirginiaWashingtonWest VirginiaWisconsinWyoming,1040138289,1321702750,468491841,3562.66,9257.35,398902071,4157.92,11612.83,0,950137.0,82003,45.576,203629139,1814.24
2022-04-24,AlabamaAlaskaAmerican SamoaArizonaArkansasBureau of PrisonsCaliforniaColoradoConnecticutDelawareDept of DefenseDistrict of ColumbiaFederated States of MicronesiaFloridaGeorgiaGuamHawaiiIdahoIllinoisIndian Health SvcIndianaIowaKansasKentuckyLong Term CareLouisianaMaineMarshall IslandsMarylandMassachusettsMichiganMinnesotaMississippiMissouriMontanaNebraskaNevadaNew HampshireNew JerseyNew MexicoNew York StateNorth CarolinaNorth DakotaNorthern Mariana IslandsOhioOklahomaOregonPennsylvaniaPuerto RicoRepublic of PalauRhode IslandSouth CarolinaSouth DakotaTennesseeTexasUnited StatesUtahVermontVeterans HealthVirgin IslandsVirginiaWashingtonWest VirginiaWisconsinWyoming,1040839850,1321707450,468602475,3563.3801,9262.4,398997588,4158.84,11612.89,701561,919885.0,79591,45.6,204128520,1817.74
2022-04-25,AlabamaAlaskaAmerican SamoaArizonaArkansasBureau of PrisonsCaliforniaColoradoConnecticutDelawareDept of DefenseDistrict of ColumbiaFederated States of MicronesiaFloridaGeorgiaGuamHawaiiIdahoIllinoisIndian Health SvcIndianaIowaKansasKentuckyLong Term CareLouisianaMaineMarshall IslandsMarylandMassachusettsMichiganMinnesotaMississippiMissouriMontanaNebraskaNevadaNew HampshireNew JerseyNew MexicoNew York StateNorth CarolinaNorth DakotaNorthern Mariana IslandsOhioOklahomaOregonPennsylvaniaPuerto RicoRepublic of PalauRhode IslandSouth CarolinaSouth DakotaTennesseeTexasUnited StatesUtahVermontVeterans HealthVirgin IslandsVirginiaWashingtonWest VirginiaWisconsinWyoming,1041222876,1321758950,468668396,3563.7,9264.86,399050270,4159.2803,11613.26,383026,913235.0,78184,45.61,204394920,1819.47
2022-04-26,AlabamaAlaskaAmerican SamoaArizonaArkansasBureau of PrisonsCaliforniaColoradoConnecticutDelawareDept of DefenseDistrict of ColumbiaFederated States of MicronesiaFloridaGeorgiaGuamHawaiiIdahoIllinoisIndian Health SvcIndianaIowaKansasKentuckyLong Term CareLouisianaMaineMarshall IslandsMarylandMassachusettsMichiganMinnesotaMississippiMissouriMontanaNebraskaNevadaNew HampshireNew JerseyNew MexicoNew York StateNorth CarolinaNorth DakotaNorthern Mariana IslandsOhioOklahomaOregonPennsylvaniaPuerto RicoRepublic of PalauRhode IslandSouth CarolinaSouth DakotaTennesseeTexasUnited StatesUtahVermontVeterans HealthVirgin IslandsVirginiaWashingtonWest VirginiaWisconsinWyoming,1042669973,1323024150,468775038,3565.04,9275.2,399148411,4160.54,11629.01,1447097,993974.0,81794,45.593,205640857,1827.25
2022-04-27,AlabamaAlaskaAmerican SamoaArizonaArkansasBureau of PrisonsCaliforniaColoradoConnecticutDelawareDept of DefenseDistrict of ColumbiaFederated States of MicronesiaFloridaGeorgiaGuamHawaiiIdahoIllinoisIndian Health SvcIndianaIowaKansasKentuckyLong Term CareLouisianaMaineMarshall IslandsMarylandMassachusettsMichiganMinnesotaMississippiMissouriMontanaNebraskaNevadaNew HampshireNew JerseyNew MexicoNew York StateNorth CarolinaNorth DakotaNorthern Mariana IslandsOhioOklahomaOregonPennsylvaniaPuerto RicoRepublic of PalauRhode IslandSouth CarolinaSouth DakotaTennesseeTexasUnited StatesUtahVermontVeterans HealthVirgin IslandsVirginiaWashingtonWest VirginiaWisconsinWyoming,1043884366,1324472820,468894340,3565.85,9283.98,399254593,4161.46,11643.5,1214393,1073210.0,85007,45.575,206635524,1834.25
2022-04-28,AlabamaAlaskaAmerican SamoaArizonaArkansasBureau of PrisonsCaliforniaColoradoConnecticutDelawareDept of DefenseDistrict of ColumbiaFederated States of MicronesiaFloridaGeorgiaGuamHawaiiIdahoIllinoisIndian Health SvcIndianaIowaKansasKentuckyLong Term CareLouisianaMaineMarshall IslandsMarylandMassachusettsMichiganMinnesotaMississippiMissouriMontanaNebraskaNevadaNew HampshireNew JerseyNew MexicoNew York StateNorth CarolinaNorth DakotaNorthern Mariana IslandsOhioOklahomaOregonPennsylvaniaPuerto RicoRepublic of PalauRhode IslandSouth CarolinaSouth DakotaTennesseeTexasUnited StatesUtahVermontVeterans HealthVirgin IslandsVirginiaWashingtonWest VirginiaWisconsinWyoming,0,0,0,0.0,0.0,0,0.0,0.0,0,1027799.0,82867,0.0,0,0.0
2022-04-29,AlabamaAlaskaAmerican SamoaArizonaArkansasBureau of PrisonsCaliforniaColoradoConnecticutDelawareDept of DefenseDistrict of ColumbiaFederated States of MicronesiaFloridaGeorgiaGuamHawaiiIdahoIllinoisIndian Health SvcIndianaIowaKansasKentuckyLong Term CareLouisianaMaineMarshall IslandsMarylandMassachusettsMichiganMinnesotaMississippiMissouriMontanaNebraskaNevadaNew HampshireNew JerseyNew MexicoNew York StateNorth CarolinaNorth DakotaNorthern Mariana IslandsOhioOklahomaOregonPennsylvaniaPuerto RicoRepublic of PalauRhode IslandSouth CarolinaSouth DakotaTennesseeTexasUnited StatesUtahVermontVeterans HealthVirgin IslandsVirginiaWashingtonWest VirginiaWisconsinWyoming,1045747589,1328891520,469157123,3568.21,9302.22,399493091,4164.09,11678.68,0,1031251.0,83187,45.531002,208010873,1847.65
2022-04-30,AlabamaAlaskaAmerican SamoaArizonaArkansasBureau of PrisonsCaliforniaColoradoConnecticutDelawareDept of DefenseDistrict of ColumbiaFederated States of MicronesiaFloridaGeorgiaGuamHawaiiIdahoIllinoisIndian Health SvcIndianaIowaKansasKentuckyLong Term CareLouisianaMaineMarshall IslandsMarylandMassachusettsMichiganMinnesotaMississippiMissouriMontanaNebraskaNevadaNew HampshireNew JerseyNew MexicoNew York StateNorth CarolinaNorth DakotaNorthern Mariana IslandsOhioOklahomaOregonPennsylvaniaPuerto RicoRepublic of PalauRhode IslandSouth CarolinaSouth DakotaTennesseeTexasUnited StatesUtahVermontVeterans HealthVirgin IslandsVirginiaWashingtonWest VirginiaWisconsinWyoming,1046648625,1331125720,469290721,3569.59,9311.4,399612148,4165.9,11697.01,901036,1030338.0,83530,45.509,208665359,1853.73
2022-05-01,AlabamaAlaskaAmerican SamoaArizonaArkansasBureau of PrisonsCaliforniaColoradoConnecticutDelawareDept of DefenseDistrict of ColumbiaFederated States of MicronesiaFloridaGeorgiaGuamHawaiiIdahoIllinoisIndian Health SvcIndianaIowaKansasKentuckyLong Term CareLouisianaMaineMarshall IslandsMarylandMassachusettsMichiganMinnesotaMississippiMissouriMontanaNebraskaNevadaNew HampshireNew JerseyNew MexicoNew York StateNorth CarolinaNorth DakotaNorthern Mariana IslandsOhioOklahomaOregonPennsylvaniaPuerto RicoRepublic of PalauRhode IslandSouth CarolinaSouth DakotaTennesseeTexasUnited StatesUtahVermontVeterans HealthVirgin IslandsVirginiaWashingtonWest VirginiaWisconsinWyoming,1000542630,1269278385,448188957,3508.77,9154.55,381891031,4093.43,11483.97,632361,1021980.0,82579,44.775,200026006,1825.49
2022-05-02,AlabamaAlaskaAmerican SamoaArizonaArkansasBureau of PrisonsCaliforniaColoradoConnecticutDelawareDept of DefenseDistrict of ColumbiaFederated States of MicronesiaFloridaGeorgiaGuamHawaiiIdahoIllinoisIndian Health SvcIndianaIowaKansasKentuckyLong Term CareLouisianaMaineMarshall IslandsMarylandMassachusettsMichiganMinnesotaMississippiMissouriMontanaNebraskaNevadaNew HampshireNew JerseyNew MexicoNew York StateNorth CarolinaNorth DakotaNorthern Mariana IslandsOhioOklahomaOregonPennsylvaniaPuerto RicoRepublic of PalauRhode IslandSouth CarolinaSouth DakotaTennesseeTexasUnited StatesUtahVermontVeterans HealthVirgin IslandsVirginiaWashingtonWest VirginiaWisconsinWyoming,403997709,514242945,181873802,3247.88,8458.82,154372349,3784.47,10588.42,113571,1043411.0,82759,41.673,79725777,1678.35
2022-05-03,AlabamaAlaskaAmerican SamoaArizonaArkansasBureau of PrisonsCaliforniaColoradoConnecticutDelawareDept of DefenseDistrict of ColumbiaFederated States of MicronesiaFloridaGeorgiaGuamHawaiiIdahoIllinoisIndian Health SvcIndianaIowaKansasKentuckyLong Term CareLouisianaMaineMarshall IslandsMarylandMassachusettsMichiganMinnesotaMississippiMissouriMontanaNebraskaNevadaNew HampshireNew JerseyNew MexicoNew York StateNorth CarolinaNorth DakotaNorthern Mariana IslandsOhioOklahomaOregonPennsylvaniaPuerto RicoRepublic of PalauRhode IslandSouth CarolinaSouth DakotaTennesseeTexasUnited StatesUtahVermontVeterans HealthVirgin IslandsVirginiaWashingtonWest VirginiaWisconsinWyoming,404461053,514631445,181934766,3249.4,8470.11,154432875,3786.08,10596.98,463344,962797.0,84864,41.694,80070220,1686.69
2022-05-04,AlabamaAlaskaAmerican SamoaArizonaArkansasBureau of PrisonsCaliforniaColoradoConnecticutDelawareDept of DefenseDistrict of ColumbiaFederated States of MicronesiaFloridaGeorgiaGuamHawaiiIdahoIllinoisIndian Health SvcIndianaIowaKansasKentuckyLong Term CareLouisianaMaineMarshall IslandsMarylandMassachusettsMichiganMinnesotaMississippiMissouriMontanaNebraskaNevadaNew HampshireNew JerseyNew MexicoNew York StateNorth CarolinaNorth DakotaNorthern Mariana IslandsOhioOklahomaOregonPennsylvaniaPuerto RicoRepublic of PalauRhode IslandSouth CarolinaSouth DakotaTennesseeTexasUnited StatesUtahVermontVeterans HealthVirgin IslandsVirginiaWashingtonWest VirginiaWisconsinWyoming,404692124,515195145,181970620,3250.34,8476.67,154467468,3787.02,10608.17,231071,882240.0,82531,41.681,80233334,1691.49
2022-05-05,AlabamaAlaskaAmerican SamoaArizonaArkansasBureau of PrisonsCaliforniaColoradoConnecticutDelawareDept of DefenseDistrict of ColumbiaFederated States of MicronesiaFloridaGeorgiaGuamHawaiiIdahoIllinoisIndian Health SvcIndianaIowaKansasKentuckyLong Term CareLouisianaMaineMarshall IslandsMarylandMassachusettsMichiganMinnesotaMississippiMissouriMontanaNebraskaNevadaNew HampshireNew JerseyNew MexicoNew York StateNorth CarolinaNorth DakotaNorthern Mariana IslandsOhioOklahomaOregonPennsylvaniaPuerto RicoRepublic of PalauRhode IslandSouth CarolinaSouth DakotaTennesseeTexasUnited StatesUtahVermontVeterans HealthVirgin IslandsVirginiaWashingtonWest VirginiaWisconsinWyoming,405073060,515753245,182024037,3251.85,8487.62,154517752,3788.58,10618.84,380936,863491.0,85764,41.695,80512732,1699.26
2022-05-06,AlabamaAlaskaAmerican SamoaArizonaArkansasBureau of PrisonsCaliforniaColoradoConnecticutDelawareDept of DefenseDistrict of ColumbiaFederated States of MicronesiaFloridaGeorgiaGuamHawaiiIdahoIllinoisIndian Health SvcIndianaIowaKansasKentuckyLong Term CareLouisianaMaineMarshall IslandsMarylandMassachusettsMichiganMinnesotaMississippiMissouriMontanaNebraskaNevadaNew HampshireNew JerseyNew MexicoNew York StateNorth CarolinaNorth DakotaNorthern Mariana IslandsOhioOklahomaOregonPennsylvaniaPuerto RicoRepublic of PalauRhode IslandSouth CarolinaSouth DakotaTennesseeTexasUnited StatesUtahVermontVeterans HealthVirgin IslandsVirginiaWashingtonWest VirginiaWisconsinWyoming,405392448,516535845,182072464,3253.22,8496.53,154563455,3790.42,10634.68,319388,835955.0,86273,41.681,80739843,1705.08
2022-05-07,AlabamaAlaskaAmerican SamoaArizonaArkansasBureau of PrisonsCaliforniaColoradoConnecticutDelawareDept of DefenseDistrict of ColumbiaFederated States of MicronesiaFloridaGeorgiaGuamHawaiiIdahoIllinoisIndian Health SvcIndianaIowaKansasKentuckyLong Term CareLouisianaMaineMarshall IslandsMarylandMassachusettsMichiganMinnesotaMississippiMissouriMontanaNebraskaNevadaNew HampshireNew JerseyNew MexicoNew York StateNorth CarolinaNorth DakotaNorthern Mariana IslandsOhioOklahomaOregonPennsylvaniaPuerto RicoRepublic of PalauRhode IslandSouth CarolinaSouth DakotaTennesseeTexasUnited StatesUtahVermontVeterans HealthVirgin IslandsVirginiaWashingtonWest VirginiaWisconsinWyoming,405685216,517021845,182115265,3253.97,8502.75,154604035,3791.36,10643.64,292768,808986.0,82798,41.68,80950966,1709.63
2022-05-08,AlabamaAlaskaAmerican SamoaArizonaArkansasBureau of PrisonsCaliforniaColoradoConnecticutDelawareDept of DefenseDistrict of ColumbiaFederated States of MicronesiaFloridaGeorgiaGuamHawaiiIdahoIllinoisIndian Health SvcIndianaIowaKansasKentuckyLong Term CareLouisianaMaineMarshall IslandsMarylandMassachusettsMichiganMinnesotaMississippiMissouriMontanaNebraskaNevadaNew HampshireNew JerseyNew MexicoNew York StateNorth CarolinaNorth DakotaNorthern Mariana IslandsOhioOklahomaOregonPennsylvaniaPuerto RicoRepublic of PalauRhode IslandSouth CarolinaSouth DakotaTennesseeTexasUnited StatesUtahVermontVeterans HealthVirgin IslandsVirginiaWashingtonWest VirginiaWisconsinWyoming,405836169,517046045,182138705,3254.67,8507.94,154625374,3793.09,10644.13,150953,798604.0,84624,41.708,81057878,1712.42
2022-05-09,AlabamaAlaskaAmerican SamoaArizonaArkansasBureau of PrisonsCaliforniaColoradoConnecticutDelawareDept of DefenseDistrict of ColumbiaFederated States of MicronesiaFloridaGeorgiaGuamHawaiiIdahoIllinoisIndian Health SvcIndianaIowaKansasKentuckyLong Term CareLouisianaMaineMarshall IslandsMarylandMassachusettsMichiganMinnesotaMississippiMissouriMontanaNebraskaNevadaNew HampshireNew JerseyNew MexicoNew York StateNorth CarolinaNorth DakotaNorthern Mariana IslandsOhioOklahomaOregonPennsylvaniaPuerto RicoRepublic of PalauRhode IslandSouth CarolinaSouth DakotaTennesseeTexasUnited StatesUtahVermontVeterans HealthVirgin IslandsVirginiaWashingtonWest VirginiaWisconsinWyoming,405955907,517046645,182156478,3254.99,8510.73,154641787,3793.51,10645.29,119738,799484.0,85678,41.718,81144028,1714.46
2022-05-10,AlabamaAlaskaAmerican SamoaArizonaArkansasBureau of PrisonsCaliforniaColoradoConnecticutDelawareDept of DefenseDistrict of ColumbiaFederated States of MicronesiaFloridaGeorgiaGuamHawaiiIdahoIllinoisIndian Health SvcIndianaIowaKansasKentuckyLong Term CareLouisianaMaineMarshall IslandsMarylandMassachusettsMichiganMinnesotaMississippiMissouriMontanaNebraskaNevadaNew HampshireNew JerseyNew MexicoNew York StateNorth CarolinaNorth DakotaNorthern Mariana IslandsOhioOklahomaOregonPennsylvaniaPuerto RicoRepublic of PalauRhode IslandSouth CarolinaSouth DakotaTennesseeTexasUnited StatesUtahVermontVeterans HealthVirgin IslandsVirginiaWashingtonWest VirginiaWisconsinWyoming,407092638,518472670,182548356,3306.96,8647.24,154991719,3852.7,10824.05,390679,789102.0,80399,42.477,81567740,1744.4401
2022-05-11,AlabamaAlaskaAmerican SamoaArizonaArkansasBureau of PrisonsCaliforniaColoradoConnecticutDelawareDept of DefenseDistrict of ColumbiaFederated States of MicronesiaFloridaGeorgiaGuamHawaiiIdahoIllinoisIndian Health SvcIndianaIowaKansasKentuckyLong Term CareLouisianaMaineMarshall IslandsMarylandMassachusettsMichiganMinnesotaMississippiMissouriMontanaNebraskaNevadaNew HampshireNew JerseyNew MexicoNew York StateNorth CarolinaNorth DakotaNorthern Mariana IslandsOhioOklahomaOregonPennsylvaniaPuerto RicoRepublic of PalauRhode IslandSouth CarolinaSouth DakotaTennesseeTexasUnited StatesUtahVermontVeterans HealthVirgin IslandsVirginiaWashingtonWest VirginiaWisconsinWyoming,0,0,0,0.0,0.0,0,0.0,0.0,0,793953.0,80461,0.0,0,0.0
2022-05-12,AlabamaAlaskaAmerican SamoaArizonaArkansasBureau of PrisonsCaliforniaColoradoConnecticutDelawareDept of DefenseDistrict of ColumbiaFederated States of MicronesiaFloridaGeorgiaGuamHawaiiIdahoIllinoisIndian Health SvcIndianaIowaKansasKentuckyLong Term CareLouisianaMaineMarshall IslandsMarylandMassachusettsMichiganMinnesotaMississippiMissouriMontanaNebraskaNevadaNew HampshireNew JerseyNew MexicoNew York StateNorth CarolinaNorth DakotaNorthern Mariana IslandsOhioOklahomaOregonPennsylvaniaPuerto RicoRepublic of PalauRhode IslandSouth CarolinaSouth DakotaTennesseeTexasUnited StatesUtahVermontVeterans HealthVirgin IslandsVirginiaWashingtonWest VirginiaWisconsinWyoming,1064872412,1347476145,473352558,3510.23,9184.28,404580319,4084.46,11516.1,0,777390.0,74365,44.795002,218062124,1862.63
2022-05-13,AlabamaAlaskaAmerican SamoaArizonaArkansasBureau of PrisonsCaliforniaColoradoConnecticutDelawareDept of DefenseDistrict of ColumbiaFederated States of MicronesiaFloridaGeorgiaGuamHawaiiIdahoIllinoisIndian Health SvcIndianaIowaKansasKentuckyLong Term CareLouisianaMaineMarshall IslandsMarylandMassachusettsMichiganMinnesotaMississippiMissouriMontanaNebraskaNevadaNew HampshireNew JerseyNew MexicoNew York StateNorth CarolinaNorth DakotaNorthern Mariana IslandsOhioOklahomaOregonPennsylvaniaPuerto RicoRepublic of PalauRhode IslandSouth CarolinaSouth DakotaTennesseeTexasUnited StatesUtahVermontVeterans HealthVirgin IslandsVirginiaWashingtonWest VirginiaWisconsinWyoming,1065664815,1349787745,473436106,3511.05,9191.31,404668938,4085.39,11534.4,792403,779610.0,71121,44.768,218684525,1868.04
2022-05-14,AlabamaAlaskaAmerican SamoaArizonaArkansasBureau of PrisonsCaliforniaColoradoConnecticutDelawareDept of DefenseDistrict of ColumbiaFederated States of MicronesiaFloridaGeorgiaGuamHawaiiIdahoIllinoisIndian Health SvcIndianaIowaKansasKentuckyLong Term CareLouisianaMaineMarshall IslandsMarylandMassachusettsMichiganMinnesotaMississippiMissouriMontanaNebraskaNevadaNew HampshireNew JerseyNew MexicoNew York StateNorth CarolinaNorth DakotaNorthern Mariana IslandsOhioOklahomaOregonPennsylvaniaPuerto RicoRepublic of PalauRhode IslandSouth CarolinaSouth DakotaTennesseeTexasUnited StatesUtahVermontVeterans HealthVirgin IslandsVirginiaWashingtonWest VirginiaWisconsinWyoming,1066512259,1351478245,473552772,3511.91,9197.78,404775949,4086.32,11548.74,847444,793492.0,70903,44.743,219312481,1872.77
2022-05-15,AlabamaAlaskaAmerican SamoaArizonaArkansasBureau of PrisonsCaliforniaColoradoConnecticutDelawareDept of DefenseDistrict of ColumbiaFederated States of MicronesiaFloridaGeorgiaGuamHawaiiIdahoIllinoisIndian Health SvcIndianaIowaKansasKentuckyLong Term CareLouisianaMaineMarshall IslandsMarylandMassachusettsMichiganMinnesotaMississippiMissouriMontanaNebraskaNevadaNew HampshireNew JerseyNew MexicoNew York StateNorth CarolinaNorth DakotaNorthern Mariana IslandsOhioOklahomaOregonPennsylvaniaPuerto RicoRepublic of PalauRhode IslandSouth CarolinaSouth DakotaTennesseeTexasUnited StatesUtahVermontVeterans HealthVirgin IslandsVirginiaWashingtonWest VirginiaWisconsinWyoming,1067035052,1351488845,473626024,3512.9,9203.24,404839034,4087.61,11548.82,522793,781250.0,70740,44.775,219700842,1875.96
2022-05-16,AlabamaAlaskaAmerican SamoaArizonaArkansasBureau of PrisonsCaliforniaColoradoConnecticutDelawareDept of DefenseDistrict of ColumbiaFederated States of MicronesiaFloridaGeorgiaGuamHawaiiIdahoIllinoisIndian Health SvcIndianaIowaKansasKentuckyLong Term CareLouisianaMaineMarshall IslandsMarylandMassachusettsMichiganMinnesotaMississippiMissouriMontanaNebraskaNevadaNew HampshireNew JerseyNew MexicoNew York StateNorth CarolinaNorth DakotaNorthern Mariana IslandsOhioOklahomaOregonPennsylvaniaPuerto RicoRepublic of PalauRhode IslandSouth CarolinaSouth DakotaTennesseeTexasUnited StatesUtahVermontVeterans HealthVirgin IslandsVirginiaWashingtonWest VirginiaWisconsinWyoming,1067336920,1351700945,473669337,3513.2,9206.03,404876754,4087.92,11550.04,301868,741912.0,70149,44.785,219922703,1878.1
2022-05-17,AlabamaAlaskaAmerican SamoaArizonaArkansasBureau of PrisonsCaliforniaColoradoConnecticutDelawareDept of DefenseDistrict of ColumbiaFederated States of MicronesiaFloridaGeorgiaGuamHawaiiIdahoIllinoisIndian Health SvcIndianaIowaKansasKentuckyLong Term CareLouisianaMaineMarshall IslandsMarylandMassachusettsMichiganMinnesotaMississippiMissouriMontanaNebraskaNevadaNew HampshireNew JerseyNew MexicoNew York StateNorth CarolinaNorth DakotaNorthern Mariana IslandsOhioOklahomaOregonPennsylvaniaPuerto RicoRepublic of PalauRhode IslandSouth CarolinaSouth DakotaTennesseeTexasUnited StatesUtahVermontVeterans HealthVirgin IslandsVirginiaWashingtonWest VirginiaWisconsinWyoming,1068276891,1352379145,473798111,3514.16,9213.66,404992639,4088.98,11556.02,939971,755029.0,69676,44.8,220622228,1883.72
2022-05-18,AlabamaAlaskaAmerican SamoaArizonaArkansasBureau of PrisonsCaliforniaColoradoConnecticutDelawareDept of DefenseDistrict of ColumbiaFederated States of MicronesiaFloridaGeorgiaGuamHawaiiIdahoIllinoisIndian Health SvcIndianaIowaKansasKentuckyLong Term CareLouisianaMaineMarshall IslandsMarylandMassachusettsMichiganMinnesotaMississippiMissouriMontanaNebraskaNevadaNew HampshireNew JerseyNew MexicoNew York StateNorth CarolinaNorth DakotaNorthern Mariana IslandsOhioOklahomaOregonPennsylvaniaPuerto RicoRepublic of PalauRhode IslandSouth CarolinaSouth DakotaTennesseeTexasUnited StatesUtahVermontVeterans HealthVirgin IslandsVirginiaWashingtonWest VirginiaWisconsinWyoming,1069018292,1353991045,473912262,3515.23,9221.11,405090972,4090.31,11568.15,741401,757723.0,70197,44.786,221156709,1888.82
2022-05-19,AlabamaAlaskaAmerican SamoaArizonaArkansasBureau of PrisonsCaliforniaColoradoConnecticutDelawareDept of DefenseDistrict of ColumbiaFederated States of MicronesiaFloridaGeorgiaGuamHawaiiIdahoIllinoisIndian Health SvcIndianaIowaKansasKentuckyLong Term CareLouisianaMaineMarshall IslandsMarylandMassachusettsMichiganMinnesotaMississippiMissouriMontanaNebraskaNevadaNew HampshireNew JerseyNew MexicoNew York StateNorth CarolinaNorth DakotaNorthern Mariana IslandsOhioOklahomaOregonPennsylvaniaPuerto RicoRepublic of PalauRhode IslandSouth CarolinaSouth DakotaTennesseeTexasUnited StatesUtahVermontVeterans HealthVirgin IslandsVirginiaWashingtonWest VirginiaWisconsinWyoming,484132881,612867400,214849165,3394.91,8912.41,183420337,3951.82,11165.45,367369,758648.0,69692,43.255,99939819,1829.36
2022-05-20,AlabamaAlaskaAmerican SamoaArizonaArkansasBureau of PrisonsCaliforniaColoradoConnecticutDelawareDept of DefenseDistrict of ColumbiaFederated States of MicronesiaFloridaGeorgiaGuamHawaiiIdahoIllinoisIndian Health SvcIndianaIowaKansasKentuckyLong Term CareLouisianaMaineMarshall IslandsMarylandMassachusettsMichiganMinnesotaMississippiMissouriMontanaNebraskaNevadaNew HampshireNew JerseyNew MexicoNew York StateNorth CarolinaNorth DakotaNorthern Mariana IslandsOhioOklahomaOregonPennsylvaniaPuerto RicoRepublic of PalauRhode IslandSouth CarolinaSouth DakotaTennesseeTexasUnited StatesUtahVermontVeterans HealthVirgin IslandsVirginiaWashingtonWest VirginiaWisconsinWyoming,1067955044,1354571755,472931448,3462.29,9094.33,404272165,4030.51,11407.78,343712,746200.0,68597,44.006,221817103,1870.3
2022-05-21,AlabamaAlaskaAmerican SamoaArizonaArkansasBureau of PrisonsCaliforniaColoradoConnecticutDelawareDept of DefenseDistrict of ColumbiaFederated States of MicronesiaFloridaGeorgiaGuamHawaiiIdahoIllinoisIndian Health SvcIndianaIowaKansasKentuckyLong Term CareLouisianaMaineMarshall IslandsMarylandMassachusettsMichiganMinnesotaMississippiMissouriMontanaNebraskaNevadaNew HampshireNew JerseyNew MexicoNew York StateNorth CarolinaNorth DakotaNorthern Mariana IslandsOhioOklahomaOregonPennsylvaniaPuerto RicoRepublic of PalauRhode IslandSouth CarolinaSouth DakotaTennesseeTexasUnited StatesUtahVermontVeterans HealthVirgin IslandsVirginiaWashingtonWest VirginiaWisconsinWyoming,1068875205,1356597755,473056762,3463.31,9102.46,404389339,4031.58,11423.45,920161,756724.0,71040,43.985,222499944,1876.42
2022-05-22,AlabamaAlaskaAmerican SamoaArizonaArkansasBureau of PrisonsCaliforniaColoradoConnecticutDelawareDept of DefenseDistrict of ColumbiaFederated States of MicronesiaFloridaGeorgiaGuamHawaiiIdahoIllinoisIndian Health SvcIndianaIowaKansasKentuckyLong Term CareLouisianaMaineMarshall IslandsMarylandMassachusettsMichiganMinnesotaMississippiMissouriMontanaNebraskaNevadaNew HampshireNew JerseyNew MexicoNew York StateNorth CarolinaNorth DakotaNorthern Mariana IslandsOhioOklahomaOregonPennsylvaniaPuerto RicoRepublic of PalauRhode IslandSouth CarolinaSouth DakotaTennesseeTexasUnited StatesUtahVermontVeterans HealthVirgin IslandsVirginiaWashingtonWest VirginiaWisconsinWyoming,1069384687,1356633355,473130486,3463.77,9105.68,404449862,4032.09,11424.68,509482,754951.0,67984,43.996,222877269,1878.6901
2022-05-23,AlabamaAlaskaAmerican SamoaArizonaArkansasBureau of PrisonsCaliforniaColoradoConnecticutDelawareDept of DefenseDistrict of ColumbiaFederated States of MicronesiaFloridaGeorgiaGuamHawaiiIdahoIllinoisIndian Health SvcIndianaIowaKansasKentuckyLong Term CareLouisianaMaineMarshall IslandsMarylandMassachusettsMichiganMinnesotaMississippiMissouriMontanaNebraskaNevadaNew HampshireNew JerseyNew MexicoNew York StateNorth CarolinaNorth DakotaNorthern Mariana IslandsOhioOklahomaOregonPennsylvaniaPuerto RicoRepublic of PalauRhode IslandSouth CarolinaSouth DakotaTennesseeTexasUnited StatesUtahVermontVeterans HealthVirgin IslandsVirginiaWashingtonWest VirginiaWisconsinWyoming,1069673065,1356633355,473173987,3464.25,9109.01,404484494,4032.77,11424.68,288378,753156.0,68827,44.012,223088318,1880.88
2022-05-24,AlabamaAlaskaAmerican SamoaArizonaArkansasBureau of PrisonsCaliforniaColoradoConnecticutDelawareDept of DefenseDistrict of ColumbiaFederated States of MicronesiaFloridaGeorgiaGuamHawaiiIdahoIllinoisIndian Health SvcIndianaIowaKansasKentuckyLong Term CareLouisianaMaineMarshall IslandsMarylandMassachusettsMichiganMinnesotaMississippiMissouriMontanaNebraskaNevadaNew HampshireNew JerseyNew MexicoNew York StateNorth CarolinaNorth DakotaNorthern Mariana IslandsOhioOklahomaOregonPennsylvaniaPuerto RicoRepublic of PalauRhode IslandSouth CarolinaSouth DakotaTennesseeTexasUnited StatesUtahVermontVeterans HealthVirgin IslandsVirginiaWashingtonWest VirginiaWisconsinWyoming,1069659633,1356860555,472827658,3409.5,8971.47,404185831,3968.2,11250.06,1101430,776408.0,70521,43.221,223687227,1857.93
2022-05-25,AlabamaAlaskaAmerican SamoaArizonaArkansasBureau of PrisonsCaliforniaColoradoConnecticutDelawareDept of DefenseDistrict of ColumbiaFederated States of MicronesiaFloridaGeorgiaGuamHawaiiIdahoIllinoisIndian Health SvcIndianaIowaKansasKentuckyLong Term CareLouisianaMaineMarshall IslandsMarylandMassachusettsMichiganMinnesotaMississippiMissouriMontanaNebraskaNevadaNew HampshireNew JerseyNew MexicoNew York StateNorth CarolinaNorth DakotaNorthern Mariana IslandsOhioOklahomaOregonPennsylvaniaPuerto RicoRepublic of PalauRhode IslandSouth CarolinaSouth DakotaTennesseeTexasUnited StatesUtahVermontVeterans HealthVirgin IslandsVirginiaWashingtonWest VirginiaWisconsinWyoming,1071472929,1359842255,473426037,3465.98,9123.45,404697623,4034.68,11449.58,697655,770345.0,68028,43.987,224430890,1891.67
2022-05-26,AlabamaAlaskaAmerican SamoaArizonaArkansasBureau of PrisonsCaliforniaColoradoConnecticutDelawareDept of DefenseDistrict of ColumbiaFederated States of MicronesiaFloridaGeorgiaGuamHawaiiIdahoIllinoisIndian Health SvcIndianaIowaKansasKentuckyLong Term CareLouisianaMaineMarshall IslandsMarylandMassachusettsMichiganMinnesotaMississippiMissouriMontanaNebraskaNevadaNew HampshireNew JerseyNew MexicoNew York StateNorth CarolinaNorth DakotaNorthern Mariana IslandsOhioOklahomaOregonPennsylvaniaPuerto RicoRepublic of PalauRhode IslandSouth CarolinaSouth DakotaTennesseeTexasUnited StatesUtahVermontVeterans HealthVirgin IslandsVirginiaWashingtonWest VirginiaWisconsinWyoming,1072563646,1362490055,473571342,3466.99,9131.41,404836182,4035.7,11486.3,1090717,822159.0,70058,43.886,225244971,1897.76
2022-05-27,AlabamaAlaskaAmerican SamoaArizonaArkansasBureau of PrisonsCaliforniaColoradoConnecticutDelawareDept of DefenseDistrict of ColumbiaFederated States of MicronesiaFloridaGeorgiaGuamHawaiiIdahoIllinoisIndian Health SvcIndianaIowaKansasKentuckyLong Term CareLouisianaMaineMarshall IslandsMarylandMassachusettsMichiganMinnesotaMississippiMissouriMontanaNebraskaNevadaNew HampshireNew JerseyNew MexicoNew York StateNorth CarolinaNorth DakotaNorthern Mariana IslandsOhioOklahomaOregonPennsylvaniaPuerto RicoRepublic of PalauRhode IslandSouth CarolinaSouth DakotaTennesseeTexasUnited StatesUtahVermontVeterans HealthVirgin IslandsVirginiaWashingtonWest VirginiaWisconsinWyoming,996995860,1272803600,441088088,3395.51,8946.51,376279825,3954.6,11274.62,845416,849334.0,73393,43.017,208631995,1860.13
2022-05-28,AlabamaAlaskaAmerican SamoaArizonaArkansasBureau of PrisonsCaliforniaColoradoConnecticutDelawareDept of DefenseDistrict of ColumbiaFederated States of MicronesiaFloridaGeorgiaGuamHawaiiIdahoIllinoisIndian Health SvcIndianaIowaKansasKentuckyLong Term CareLouisianaMaineMarshall IslandsMarylandMassachusettsMichiganMinnesotaMississippiMissouriMontanaNebraskaNevadaNew HampshireNew JerseyNew MexicoNew York StateNorth CarolinaNorth DakotaNorthern Mariana IslandsOhioOklahomaOregonPennsylvaniaPuerto RicoRepublic of PalauRhode IslandSouth CarolinaSouth DakotaTennesseeTexasUnited StatesUtahVermontVeterans HealthVirgin IslandsVirginiaWashingtonWest VirginiaWisconsinWyoming,0,0,0,0.0,0.0,0,0.0,0.0,0,772317.0,66180,0.0,0,0.0
2022-05-29,AlabamaAlaskaAmerican SamoaArizonaArkansasBureau of PrisonsCaliforniaColoradoConnecticutDelawareDept of DefenseDistrict of ColumbiaFederated States of MicronesiaFloridaGeorgiaGuamHawaiiIdahoIllinoisIndian Health SvcIndianaIowaKansasKentuckyLong Term CareLouisianaMaineMarshall IslandsMarylandMassachusettsMichiganMinnesotaMississippiMissouriMontanaNebraskaNevadaNew HampshireNew JerseyNew MexicoNew York StateNorth CarolinaNorth DakotaNorthern Mariana IslandsOhioOklahomaOregonPennsylvaniaPuerto RicoRepublic of PalauRhode IslandSouth CarolinaSouth DakotaTennesseeTexasUnited StatesUtahVermontVeterans HealthVirgin IslandsVirginiaWashingtonWest VirginiaWisconsinWyoming,0,0,0,0.0,0.0,0,0.0,0.0,0,753968.0,65907,0.0,0,0.0
2022-05-30,AlabamaAlaskaAmerican SamoaArizonaArkansasBureau of PrisonsCaliforniaColoradoConnecticutDelawareDept of DefenseDistrict of ColumbiaFederated States of MicronesiaFloridaGeorgiaGuamHawaiiIdahoIllinoisIndian Health SvcIndianaIowaKansasKentuckyLong Term CareLouisianaMaineMarshall IslandsMarylandMassachusettsMichiganMinnesotaMississippiMissouriMontanaNebraskaNevadaNew HampshireNew JerseyNew MexicoNew York StateNorth CarolinaNorth DakotaNorthern Mariana IslandsOhioOklahomaOregonPennsylvaniaPuerto RicoRepublic of PalauRhode IslandSouth CarolinaSouth DakotaTennesseeTexasUnited StatesUtahVermontVeterans HealthVirgin IslandsVirginiaWashingtonWest VirginiaWisconsinWyoming,0,0,0,0.0,0.0,0,0.0,0.0,0,767209.0,65620,0.0,0,0.0
2022-05-31,AlabamaAlaskaAmerican SamoaArizonaArkansasBureau of PrisonsCaliforniaColoradoConnecticutDelawareDept of DefenseDistrict of ColumbiaFederated States of MicronesiaFloridaGeorgiaGuamHawaiiIdahoIllinoisIndian Health SvcIndianaIowaKansasKentuckyLong Term CareLouisianaMaineMarshall IslandsMarylandMassachusettsMichiganMinnesotaMississippiMissouriMontanaNebraskaNevadaNew HampshireNew JerseyNew MexicoNew York StateNorth CarolinaNorth DakotaNorthern Mariana IslandsOhioOklahomaOregonPennsylvaniaPuerto RicoRepublic of PalauRhode IslandSouth CarolinaSouth DakotaTennesseeTexasUnited StatesUtahVermontVeterans HealthVirgin IslandsVirginiaWashingtonWest VirginiaWisconsinWyoming,998323328,1274623000,441285210,3397.13,8958.33,376445522,3956.47,11290.28,0,664241.0,57451,43.023,209602322,1868.58
2022-06-01,AlabamaAlaskaAmerican SamoaArizonaArkansasBureau of PrisonsCaliforniaColoradoConnecticutDelawareDept of DefenseDistrict of ColumbiaFederated States of MicronesiaFloridaGeorgiaGuamHawaiiIdahoIllinoisIndian Health SvcIndianaIowaKansasKentuckyLong Term CareLouisianaMaineMarshall IslandsMarylandMassachusettsMichiganMinnesotaMississippiMissouriMontanaNebraskaNevadaNew HampshireNew JerseyNew MexicoNew York StateNorth CarolinaNorth DakotaNorthern Mariana IslandsOhioOklahomaOregonPennsylvaniaPuerto RicoRepublic of PalauRhode IslandSouth CarolinaSouth DakotaTennesseeTexasUnited StatesUtahVermontVeterans HealthVirgin IslandsVirginiaWashingtonWest VirginiaWisconsinWyoming,997973751,1273728935,440890904,3335.31,8806.68,376089038,3887.43,11078.81,813452,687811.0,60137,42.3,209965441,1842.01
2022-06-02,AlabamaAlaskaAmerican SamoaArizonaArkansasBureau of PrisonsCaliforniaColoradoConnecticutDelawareDept of DefenseDistrict of ColumbiaFederated States of MicronesiaFloridaGeorgiaGuamHawaiiIdahoIllinoisIndian Health SvcIndianaIowaKansasKentuckyLong Term CareLouisianaMaineMarshall IslandsMarylandMassachusettsMichiganMinnesotaMississippiMissouriMontanaNebraskaNevadaNew HampshireNew JerseyNew MexicoNew York StateNorth CarolinaNorth DakotaNorthern Mariana IslandsOhioOklahomaOregonPennsylvaniaPuerto RicoRepublic of PalauRhode IslandSouth CarolinaSouth DakotaTennesseeTexasUnited StatesUtahVermontVeterans HealthVirgin IslandsVirginiaWashingtonWest VirginiaWisconsinWyoming,469642623,596960680,206805399,3266.16,8632.01,176709598,3802.15,10847.69,287913,627805.0,57347,41.54,99663017,1816.16
2022-06-03,AlabamaAlaskaAmerican SamoaArizonaArkansasBureau of PrisonsCaliforniaColoradoConnecticutDelawareDept of DefenseDistrict of ColumbiaFederated States of MicronesiaFloridaGeorgiaGuamHawaiiIdahoIllinoisIndian Health SvcIndianaIowaKansasKentuckyLong Term CareLouisianaMaineMarshall IslandsMarylandMassachusettsMichiganMinnesotaMississippiMissouriMontanaNebraskaNevadaNew HampshireNew JerseyNew MexicoNew York StateNorth CarolinaNorth DakotaNorthern Mariana IslandsOhioOklahomaOregonPennsylvaniaPuerto RicoRepublic of PalauRhode IslandSouth CarolinaSouth DakotaTennesseeTexasUnited StatesUtahVermontVeterans HealthVirgin IslandsVirginiaWashingtonWest VirginiaWisconsinWyoming,1099005388,1398695635,483264238,3478.59,9194.47,413651388,4048.02,11565.17,301547,590734.0,53589,43.898,233775097,1936.24
2022-06-04,AlabamaAlaskaAmerican SamoaArizonaArkansasBureau of PrisonsCaliforniaColoradoConnecticutDelawareDept of DefenseDistrict of ColumbiaFederated States of MicronesiaFloridaGeorgiaGuamHawaiiIdahoIllinoisIndian Health SvcIndianaIowaKansasKentuckyLong Term CareLouisianaMaineMarshall IslandsMarylandMassachusettsMichiganMinnesotaMississippiMissouriMontanaNebraskaNevadaNew HampshireNew JerseyNew MexicoNew York StateNorth CarolinaNorth DakotaNorthern Mariana IslandsOhioOklahomaOregonPennsylvaniaPuerto RicoRepublic of PalauRhode IslandSouth CarolinaSouth DakotaTennesseeTexasUnited StatesUtahVermontVeterans HealthVirgin IslandsVirginiaWashingtonWest VirginiaWisconsinWyoming,1099760652,1401323435,483384363,3479.47,9201.13,413751320,4048.96,11586.14,755264,642226.0,58727,43.854,234314428,1941.2
2022-06-05,AlabamaAlaskaAmerican SamoaArizonaArkansasBureau of PrisonsCaliforniaColoradoConnecticutDelawareDept of DefenseDistrict of ColumbiaFederated States of MicronesiaFloridaGeorgiaGuamHawaiiIdahoIllinoisIndian Health SvcIndianaIowaKansasKentuckyLong Term CareLouisianaMaineMarshall IslandsMarylandMassachusettsMichiganMinnesotaMississippiMissouriMontanaNebraskaNevadaNew HampshireNew JerseyNew MexicoNew York StateNorth CarolinaNorth DakotaNorthern Mariana IslandsOhioOklahomaOregonPennsylvaniaPuerto RicoRepublic of PalauRhode IslandSouth CarolinaSouth DakotaTennesseeTexasUnited StatesUtahVermontVeterans HealthVirgin IslandsVirginiaWashingtonWest VirginiaWisconsinWyoming,1077139955,1372979790,473784340,3411.01,9022.78,405068312,3973.24,11362.4795,421519,647420.0,59331,43.06,229354381,1902.1
2022-06-06,AlabamaAlaskaAmerican SamoaArizonaArkansasBureau of PrisonsCaliforniaColoradoConnecticutDelawareDept of DefenseDistrict of ColumbiaFederated States of MicronesiaFloridaGeorgiaGuamHawaiiIdahoIllinoisIndian Health SvcIndianaIowaKansasKentuckyLong Term CareLouisianaMaineMarshall IslandsMarylandMassachusettsMichiganMinnesotaMississippiMissouriMontanaNebraskaNevadaNew HampshireNew JerseyNew MexicoNew York StateNorth CarolinaNorth DakotaNorthern Mariana IslandsOhioOklahomaOregonPennsylvaniaPuerto RicoRepublic of PalauRhode IslandSouth CarolinaSouth DakotaTennesseeTexasUnited StatesUtahVermontVeterans HealthVirgin IslandsVirginiaWashingtonWest VirginiaWisconsinWyoming,1077365729,1372979790,473822256,3411.35,9024.95,405096634,3973.65,11362.4795,225774,624641.0,58019,43.071,229514715,1903.49
2022-06-07,AlabamaAlaskaAmerican SamoaArizonaArkansasBureau of PrisonsCaliforniaColoradoConnecticutDelawareDept of DefenseDistrict of ColumbiaFederated States of MicronesiaFloridaGeorgiaGuamHawaiiIdahoIllinoisIndian Health SvcIndianaIowaKansasKentuckyLong Term CareLouisianaMaineMarshall IslandsMarylandMassachusettsMichiganMinnesotaMississippiMissouriMontanaNebraskaNevadaNew HampshireNew JerseyNew MexicoNew York StateNorth CarolinaNorth DakotaNorthern Mariana IslandsOhioOklahomaOregonPennsylvaniaPuerto RicoRepublic of PalauRhode IslandSouth CarolinaSouth DakotaTennesseeTexasUnited StatesUtahVermontVeterans HealthVirgin IslandsVirginiaWashingtonWest VirginiaWisconsinWyoming,473632015,603622740,208885129,3272.65,8660.24,178073316,3815.58,10902.49,321991,656993.0,64534,41.481,100278026,1824.48
2022-06-08,AlabamaAlaskaAmerican SamoaArizonaArkansasBureau of PrisonsCaliforniaColoradoConnecticutDelawareDept of DefenseDistrict of ColumbiaFederated States of MicronesiaFloridaGeorgiaGuamHawaiiIdahoIllinoisIndian Health SvcIndianaIowaKansasKentuckyLong Term CareLouisianaMaineMarshall IslandsMarylandMassachusettsMichiganMinnesotaMississippiMissouriMontanaNebraskaNevadaNew HampshireNew JerseyNew MexicoNew York StateNorth CarolinaNorth DakotaNorthern Mariana IslandsOhioOklahomaOregonPennsylvaniaPuerto RicoRepublic of PalauRhode IslandSouth CarolinaSouth DakotaTennesseeTexasUnited StatesUtahVermontVeterans HealthVirgin IslandsVirginiaWashingtonWest VirginiaWisconsinWyoming,491735103,627949435,216205099,3248.67,8607.23,184831839,3788.11,10925.31,240165,608841.0,59897,41.12,104847248,1820.97
2022-06-09,AlabamaAlaskaAmerican SamoaArizonaArkansasBureau of PrisonsCaliforniaColoradoConnecticutDelawareDept of DefenseDistrict of ColumbiaFederated States of MicronesiaFloridaGeorgiaGuamHawaiiIdahoIllinoisIndian Health SvcIndianaIowaKansasKentuckyLong Term CareLouisianaMaineMarshall IslandsMarylandMassachusettsMichiganMinnesotaMississippiMissouriMontanaNebraskaNevadaNew HampshireNew JerseyNew MexicoNew York StateNorth CarolinaNorth DakotaNorthern Mariana IslandsOhioOklahomaOregonPennsylvaniaPuerto RicoRepublic of PalauRhode IslandSouth CarolinaSouth DakotaTennesseeTexasUnited StatesUtahVermontVeterans HealthVirgin IslandsVirginiaWashingtonWest VirginiaWisconsinWyoming,1088304043,1391339410,477927813,3454.26,9171.86,408819934,4039.74,11663.9,285584,593255.0,59452,43.41,232884460,1943.62
2022-06-10,AlabamaAlaskaAmerican SamoaArizonaArkansasBureau of PrisonsCaliforniaColoradoConnecticutDelawareDept of DefenseDistrict of ColumbiaFederated States of MicronesiaFloridaGeorgiaGuamHawaiiIdahoIllinoisIndian Health SvcIndianaIowaKansasKentuckyLong Term CareLouisianaMaineMarshall IslandsMarylandMassachusettsMichiganMinnesotaMississippiMissouriMontanaNebraskaNevadaNew HampshireNew JerseyNew MexicoNew York StateNorth CarolinaNorth DakotaNorthern Mariana IslandsOhioOklahomaOregonPennsylvaniaPuerto RicoRepublic of PalauRhode IslandSouth CarolinaSouth DakotaTennesseeTexasUnited StatesUtahVermontVeterans HealthVirgin IslandsVirginiaWashingtonWest VirginiaWisconsinWyoming,1112111350,1422199355,487678722,3523.96,9360.34,417638000,4116.83,11907.19,707492,602253.0,59709,44.179,238750044,1990.3
2022-06-11,AlabamaAlaskaAmerican SamoaArizonaArkansasBureau of PrisonsCaliforniaColoradoConnecticutDelawareDept of DefenseDistrict of ColumbiaFederated States of MicronesiaFloridaGeorgiaGuamHawaiiIdahoIllinoisIndian Health SvcIndianaIowaKansasKentuckyLong Term CareLouisianaMaineMarshall IslandsMarylandMassachusettsMichiganMinnesotaMississippiMissouriMontanaNebraskaNevadaNew HampshireNew JerseyNew MexicoNew York StateNorth CarolinaNorth DakotaNorthern Mariana IslandsOhioOklahomaOregonPennsylvaniaPuerto RicoRepublic of PalauRhode IslandSouth CarolinaSouth DakotaTennesseeTexasUnited StatesUtahVermontVeterans HealthVirgin IslandsVirginiaWashingtonWest VirginiaWisconsinWyoming,1095862781,1403141570,480413930,3450.8901,9167.99,411427227,4031.3801,11678.94,659984,588355.0,58328,43.338,235523406,1951.16
2022-06-12,AlabamaAlaskaAmerican SamoaArizonaArkansasBureau of PrisonsCaliforniaColoradoConnecticutDelawareDept of DefenseDistrict of ColumbiaFederated States of MicronesiaFloridaGeorgiaGuamHawaiiIdahoIllinoisIndian Health SvcIndianaIowaKansasKentuckyLong Term CareLouisianaMaineMarshall IslandsMarylandMassachusettsMichiganMinnesotaMississippiMissouriMontanaNebraskaNevadaNew HampshireNew JerseyNew MexicoNew York StateNorth CarolinaNorth DakotaNorthern Mariana IslandsOhioOklahomaOregonPennsylvaniaPuerto RicoRepublic of PalauRhode IslandSouth CarolinaSouth DakotaTennesseeTexasUnited StatesUtahVermontVeterans HealthVirgin IslandsVirginiaWashingtonWest VirginiaWisconsinWyoming,1073103122,1374630925,470805111,3382.22,8987.86,402732989,3955.45,11454.84,363317,579385.0,56619,42.534,230444697,1910.7
2022-06-13,AlabamaAlaskaAmerican SamoaArizonaArkansasBureau of PrisonsCaliforniaColoradoConnecticutDelawareDept of DefenseDistrict of ColumbiaFederated States of MicronesiaFloridaGeorgiaGuamHawaiiIdahoIllinoisIndian Health SvcIndianaIowaKansasKentuckyLong Term CareLouisianaMaineMarshall IslandsMarylandMassachusettsMichiganMinnesotaMississippiMissouriMontanaNebraskaNevadaNew HampshireNew JerseyNew MexicoNew York StateNorth CarolinaNorth DakotaNorthern Mariana IslandsOhioOklahomaOregonPennsylvaniaPuerto RicoRepublic of PalauRhode IslandSouth CarolinaSouth DakotaTennesseeTexasUnited StatesUtahVermontVeterans HealthVirgin IslandsVirginiaWashingtonWest VirginiaWisconsinWyoming,1073281677,1374632025,470833784,3382.68,8990.39,402755557,3955.96,11454.84,178555,571983.0,57095,42.547,230572607,1912.27
2022-06-14,AlabamaAlaskaAmerican SamoaArizonaArkansasBureau of PrisonsCaliforniaColoradoConnecticutDelawareDept of DefenseDistrict of ColumbiaFederated States of MicronesiaFloridaGeorgiaGuamHawaiiIdahoIllinoisIndian Health SvcIndianaIowaKansasKentuckyLong Term CareLouisianaMaineMarshall IslandsMarylandMassachusettsMichiganMinnesotaMississippiMissouriMontanaNebraskaNevadaNew HampshireNew JerseyNew MexicoNew York StateNorth CarolinaNorth DakotaNorthern Mariana IslandsOhioOklahomaOregonPennsylvaniaPuerto RicoRepublic of PalauRhode IslandSouth CarolinaSouth DakotaTennesseeTexasUnited StatesUtahVermontVeterans HealthVirgin IslandsVirginiaWashingtonWest VirginiaWisconsinWyoming,1073830383,1375842925,470915468,3383.44,8995.25,402828821,3956.7,11465.78,548706,562339.0,53165,42.528,230969058,1915.63
2022-06-15,AlabamaAlaskaAmerican SamoaArizonaArkansasBureau of PrisonsCaliforniaColoradoConnecticutDelawareDept of DefenseDistrict of ColumbiaFederated States of MicronesiaFloridaGeorgiaGuamHawaiiIdahoIllinoisIndian Health SvcIndianaIowaKansasKentuckyLong Term CareLouisianaMaineMarshall IslandsMarylandMassachusettsMichiganMinnesotaMississippiMissouriMontanaNebraskaNevadaNew HampshireNew JerseyNew MexicoNew York StateNorth CarolinaNorth DakotaNorthern Mariana IslandsOhioOklahomaOregonPennsylvaniaPuerto RicoRepublic of PalauRhode IslandSouth CarolinaSouth DakotaTennesseeTexasUnited StatesUtahVermontVeterans HealthVirgin IslandsVirginiaWashingtonWest VirginiaWisconsinWyoming,1074909973,1377023825,471098089,3385.29,9004.75,403045471,3958.24,11475.91,1079590,640185.0,60677,42.535,231662629,1921.79
2022-06-16,AlabamaAlaskaAmerican SamoaArizonaArkansasBureau of PrisonsCaliforniaColoradoConnecticutDelawareDept of DefenseDistrict of ColumbiaFederated States of MicronesiaFloridaGeorgiaGuamHawaiiIdahoIllinoisIndian Health SvcIndianaIowaKansasKentuckyLong Term CareLouisianaMaineMarshall IslandsMarylandMassachusettsMichiganMinnesotaMississippiMissouriMontanaNebraskaNevadaNew HampshireNew JerseyNew MexicoNew York StateNorth CarolinaNorth DakotaNorthern Mariana IslandsOhioOklahomaOregonPennsylvaniaPuerto RicoRepublic of PalauRhode IslandSouth CarolinaSouth DakotaTennesseeTexasUnited StatesUtahVermontVeterans HealthVirgin IslandsVirginiaWashingtonWest VirginiaWisconsinWyoming,1075437239,1378283325,471188489,3385.98,9009.36,403119924,3959.08,11485.9795,527266,634037.0,58966,42.522,232028702,1925.01
2022-06-17,AlabamaAlaskaAmerican SamoaArizonaArkansasBureau of PrisonsCaliforniaColoradoConnecticutDelawareDept of DefenseDistrict of ColumbiaFederated States of MicronesiaFloridaGeorgiaGuamHawaiiIdahoIllinoisIndian Health SvcIndianaIowaKansasKentuckyLong Term CareLouisianaMaineMarshall IslandsMarylandMassachusettsMichiganMinnesotaMississippiMissouriMontanaNebraskaNevadaNew HampshireNew JerseyNew MexicoNew York StateNorth CarolinaNorth DakotaNorthern Mariana IslandsOhioOklahomaOregonPennsylvaniaPuerto RicoRepublic of PalauRhode IslandSouth CarolinaSouth DakotaTennesseeTexasUnited StatesUtahVermontVeterans HealthVirgin IslandsVirginiaWashingtonWest VirginiaWisconsinWyoming,0,0,0,0.0,0.0,0,0.0,0.0,0,594229.0,55475,0.0,0,0.0
2022-06-18,AlabamaAlaskaAmerican SamoaArizonaArkansasBureau of PrisonsCaliforniaColoradoConnecticutDelawareDept of DefenseDistrict of ColumbiaFederated States of MicronesiaFloridaGeorgiaGuamHawaiiIdahoIllinoisIndian Health SvcIndianaIowaKansasKentuckyLong Term CareLouisianaMaineMarshall IslandsMarylandMassachusettsMichiganMinnesotaMississippiMissouriMontanaNebraskaNevadaNew HampshireNew JerseyNew MexicoNew York StateNorth CarolinaNorth DakotaNorthern Mariana IslandsOhioOklahomaOregonPennsylvaniaPuerto RicoRepublic of PalauRhode IslandSouth CarolinaSouth DakotaTennesseeTexasUnited StatesUtahVermontVeterans HealthVirgin IslandsVirginiaWashingtonWest VirginiaWisconsinWyoming,0,0,0,0.0,0.0,0,0.0,0.0,0,562130.0,52714,0.0,0,0.0
2022-06-19,AlabamaAlaskaAmerican SamoaArizonaArkansasBureau of PrisonsCaliforniaColoradoConnecticutDelawareDept of DefenseDistrict of ColumbiaFederated States of MicronesiaFloridaGeorgiaGuamHawaiiIdahoIllinoisIndian Health SvcIndianaIowaKansasKentuckyLong Term CareLouisianaMaineMarshall IslandsMarylandMassachusettsMichiganMinnesotaMississippiMissouriMontanaNebraskaNevadaNew HampshireNew JerseyNew MexicoNew York StateNorth CarolinaNorth DakotaNorthern Mariana IslandsOhioOklahomaOregonPennsylvaniaPuerto RicoRepublic of PalauRhode IslandSouth CarolinaSouth DakotaTennesseeTexasUnited StatesUtahVermontVeterans HealthVirgin IslandsVirginiaWashingtonWest VirginiaWisconsinWyoming,0,0,0,0.0,0.0,0,0.0,0.0,0,571401.0,54763,0.0,0,0.0
2022-06-20,AlabamaAlaskaAmerican SamoaArizonaArkansasBureau of PrisonsCaliforniaColoradoConnecticutDelawareDept of DefenseDistrict of ColumbiaFederated States of MicronesiaFloridaGeorgiaGuamHawaiiIdahoIllinoisIndian Health SvcIndianaIowaKansasKentuckyLong Term CareLouisianaMaineMarshall IslandsMarylandMassachusettsMichiganMinnesotaMississippiMissouriMontanaNebraskaNevadaNew HampshireNew JerseyNew MexicoNew York StateNorth CarolinaNorth DakotaNorthern Mariana IslandsOhioOklahomaOregonPennsylvaniaPuerto RicoRepublic of PalauRhode IslandSouth CarolinaSouth DakotaTennesseeTexasUnited StatesUtahVermontVeterans HealthVirgin IslandsVirginiaWashingtonWest VirginiaWisconsinWyoming,0,0,0,0.0,0.0,0,0.0,0.0,0,607069.0,56520,0.0,0,0.0
2022-06-21,AlabamaAlaskaAmerican SamoaArizonaArkansasBureau of PrisonsCaliforniaColoradoConnecticutDelawareDept of DefenseDistrict of ColumbiaFederated States of MicronesiaFloridaGeorgiaGuamHawaiiIdahoIllinoisIndian Health SvcIndianaIowaKansasKentuckyLong Term CareLouisianaMaineMarshall IslandsMarylandMassachusettsMichiganMinnesotaMississippiMissouriMontanaNebraskaNevadaNew HampshireNew JerseyNew MexicoNew York StateNorth CarolinaNorth DakotaNorthern Mariana IslandsOhioOklahomaOregonPennsylvaniaPuerto RicoRepublic of PalauRhode IslandSouth CarolinaSouth DakotaTennesseeTexasUnited StatesUtahVermontVeterans HealthVirgin IslandsVirginiaWashingtonWest VirginiaWisconsinWyoming,0,0,0,0.0,0.0,0,0.0,0.0,0,589855.0,54879,0.0,0,0.0
2022-06-22,AlabamaAlaskaAmerican SamoaArizonaArkansasBureau of PrisonsCaliforniaColoradoConnecticutDelawareDept of DefenseDistrict of ColumbiaFederated States of MicronesiaFloridaGeorgiaGuamHawaiiIdahoIllinoisIndian Health SvcIndianaIowaKansasKentuckyLong Term CareLouisianaMaineMarshall IslandsMarylandMassachusettsMichiganMinnesotaMississippiMissouriMontanaNebraskaNevadaNew HampshireNew JerseyNew MexicoNew York StateNorth CarolinaNorth DakotaNorthern Mariana IslandsOhioOklahomaOregonPennsylvaniaPuerto RicoRepublic of PalauRhode IslandSouth CarolinaSouth DakotaTennesseeTexasUnited StatesUtahVermontVeterans HealthVirgin IslandsVirginiaWashingtonWest VirginiaWisconsinWyoming,980611436,1263416100,430101125,3076.48,8178.16,367265626,3587.85,10435.12,0,496804.0,46690,38.575,211565985,1751.57
2022-06-23,AlabamaAlaskaAmerican SamoaArizonaArkansasBureau of PrisonsCaliforniaColoradoConnecticutDelawareDept of DefenseDistrict of ColumbiaFederated States of MicronesiaFloridaGeorgiaGuamHawaiiIdahoIllinoisIndian Health SvcIndianaIowaKansasKentuckyLong Term CareLouisianaMaineMarshall IslandsMarylandMassachusettsMichiganMinnesotaMississippiMissouriMontanaNebraskaNevadaNew HampshireNew JerseyNew MexicoNew York StateNorth CarolinaNorth DakotaNorthern Mariana IslandsOhioOklahomaOregonPennsylvaniaPuerto RicoRepublic of PalauRhode IslandSouth CarolinaSouth DakotaTennesseeTexasUnited StatesUtahVermontVeterans HealthVirgin IslandsVirginiaWashingtonWest VirginiaWisconsinWyoming,0,0,0,0.0,0.0,0,0.0,0.0,0,494929.0,45105,0.0,0,0.0
2022-06-24,AlabamaAlaskaAmerican SamoaArizonaArkansasBureau of PrisonsCaliforniaColoradoConnecticutDelawareDept of DefenseDistrict of ColumbiaFederated States of MicronesiaFloridaGeorgiaGuamHawaiiIdahoIllinoisIndian Health SvcIndianaIowaKansasKentuckyLong Term CareLouisianaMaineMarshall IslandsMarylandMassachusettsMichiganMinnesotaMississippiMissouriMontanaNebraskaNevadaNew HampshireNew JerseyNew MexicoNew York StateNorth CarolinaNorth DakotaNorthern Mariana IslandsOhioOklahomaOregonPennsylvaniaPuerto RicoRepublic of PalauRhode IslandSouth CarolinaSouth DakotaTennesseeTexasUnited StatesUtahVermontVeterans HealthVirgin IslandsVirginiaWashingtonWest VirginiaWisconsinWyoming,0,0,0,0.0,0.0,0,0.0,0.0,0,507201.0,44771,0.0,0,0.0
2022-06-25,AlabamaAlaskaAmerican SamoaArizonaArkansasBureau of PrisonsCaliforniaColoradoConnecticutDelawareDept of DefenseDistrict of ColumbiaFederated States of MicronesiaFloridaGeorgiaGuamHawaiiIdahoIllinoisIndian Health SvcIndianaIowaKansasKentuckyLong Term CareLouisianaMaineMarshall IslandsMarylandMassachusettsMichiganMinnesotaMississippiMissouriMontanaNebraskaNevadaNew HampshireNew JerseyNew MexicoNew York StateNorth CarolinaNorth DakotaNorthern Mariana IslandsOhioOklahomaOregonPennsylvaniaPuerto RicoRepublic of PalauRhode IslandSouth CarolinaSouth DakotaTennesseeTexasUnited StatesUtahVermontVeterans HealthVirgin IslandsVirginiaWashingtonWest VirginiaWisconsinWyoming,0,0,0,0.0,0.0,0,0.0,0.0,0,519474.0,44469,0.0,0,0.0
2022-06-26,AlabamaAlaskaAmerican SamoaArizonaArkansasBureau of PrisonsCaliforniaColoradoConnecticutDelawareDept of DefenseDistrict of ColumbiaFederated States of MicronesiaFloridaGeorgiaGuamHawaiiIdahoIllinoisIndian Health SvcIndianaIowaKansasKentuckyLong Term CareLouisianaMaineMarshall IslandsMarylandMassachusettsMichiganMinnesotaMississippiMissouriMontanaNebraskaNevadaNew HampshireNew JerseyNew MexicoNew York StateNorth CarolinaNorth DakotaNorthern Mariana IslandsOhioOklahomaOregonPennsylvaniaPuerto RicoRepublic of PalauRhode IslandSouth CarolinaSouth DakotaTennesseeTexasUnited StatesUtahVermontVeterans HealthVirgin IslandsVirginiaWashingtonWest VirginiaWisconsinWyoming,0,0,0,0.0,0.0,0,0.0,0.0,0,531751.0,44111,0.0,0,0.0
2022-06-27,AlabamaAlaskaAmerican SamoaArizonaArkansasBureau of PrisonsCaliforniaColoradoConnecticutDelawareDept of DefenseDistrict of ColumbiaFederated States of MicronesiaFloridaGeorgiaGuamHawaiiIdahoIllinoisIndian Health SvcIndianaIowaKansasKentuckyLong Term CareLouisianaMaineMarshall IslandsMarylandMassachusettsMichiganMinnesotaMississippiMissouriMontanaNebraskaNevadaNew HampshireNew JerseyNew MexicoNew York StateNorth CarolinaNorth DakotaNorthern Mariana IslandsOhioOklahomaOregonPennsylvaniaPuerto RicoRepublic of PalauRhode IslandSouth CarolinaSouth DakotaTennesseeTexasUnited StatesUtahVermontVeterans HealthVirgin IslandsVirginiaWashingtonWest VirginiaWisconsinWyoming,0,0,0,0.0,0.0,0,0.0,0.0,0,544029.0,43814,0.0,0,0.0
2022-06-28,AlabamaAlaskaAmerican SamoaArizonaArkansasBureau of PrisonsCaliforniaColoradoConnecticutDelawareDept of DefenseDistrict of ColumbiaFederated States of MicronesiaFloridaGeorgiaGuamHawaiiIdahoIllinoisIndian Health SvcIndianaIowaKansasKentuckyLong Term CareLouisianaMaineMarshall IslandsMarylandMassachusettsMichiganMinnesotaMississippiMissouriMontanaNebraskaNevadaNew HampshireNew JerseyNew MexicoNew York StateNorth CarolinaNorth DakotaNorthern Mariana IslandsOhioOklahomaOregonPennsylvaniaPuerto RicoRepublic of PalauRhode IslandSouth CarolinaSouth DakotaTennesseeTexasUnited StatesUtahVermontVeterans HealthVirgin IslandsVirginiaWashingtonWest VirginiaWisconsinWyoming,0,0,0,0.0,0.0,0,0.0,0.0,0,556297.0,43466,0.0,0,0.0
2022-06-29,AlabamaAlaskaAmerican SamoaArizonaArkansasBureau of PrisonsCaliforniaColoradoConnecticutDelawareDept of DefenseDistrict of ColumbiaFederated States of MicronesiaFloridaGeorgiaGuamHawaiiIdahoIllinoisIndian Health SvcIndianaIowaKansasKentuckyLong Term CareLouisianaMaineMarshall IslandsMarylandMassachusettsMichiganMinnesotaMississippiMissouriMontanaNebraskaNevadaNew HampshireNew JerseyNew MexicoNew York StateNorth CarolinaNorth DakotaNorthern Mariana IslandsOhioOklahomaOregonPennsylvaniaPuerto RicoRepublic of PalauRhode IslandSouth CarolinaSouth DakotaTennesseeTexasUnited StatesUtahVermontVeterans HealthVirgin IslandsVirginiaWashingtonWest VirginiaWisconsinWyoming,1141330991,1471577135,498630066,3690.54,9847.17,426037544,4306.24,12624.23,0,568576.0,43173,46.66,249340581,2134.78
2022-06-30,AlabamaAlaskaAmerican SamoaArizonaArkansasBureau of PrisonsCaliforniaColoradoConnecticutDelawareDept of DefenseDistrict of ColumbiaFederated States of MicronesiaFloridaGeorgiaGuamHawaiiIdahoIllinoisIndian Health SvcIndianaIowaKansasKentuckyLong Term CareLouisianaMaineMarshall IslandsMarylandMassachusettsMichiganMinnesotaMississippiMissouriMontanaNebraskaNevadaNew HampshireNew JerseyNew MexicoNew York StateNorth CarolinaNorth DakotaNorthern Mariana IslandsOhioOklahomaOregonPennsylvaniaPuerto RicoRepublic of PalauRhode IslandSouth CarolinaSouth DakotaTennesseeTexasUnited StatesUtahVermontVeterans HealthVirgin IslandsVirginiaWashingtonWest VirginiaWisconsinWyoming,0,0,0,0.0,0.0,0,0.0,0.0,0,546680.0,43096,0.0,0,0.0
2022-07-01,AlabamaAlaskaAmerican SamoaArizonaArkansasBureau of PrisonsCaliforniaColoradoConnecticutDelawareDept of DefenseDistrict of ColumbiaFederated States of MicronesiaFloridaGeorgiaGuamHawaiiIdahoIllinoisIndian Health SvcIndianaIowaKansasKentuckyLong Term CareLouisianaMaineMarshall IslandsMarylandMassachusettsMichiganMinnesotaMississippiMissouriMontanaNebraskaNevadaNew HampshireNew JerseyNew MexicoNew York StateNorth CarolinaNorth DakotaNorthern Mariana IslandsOhioOklahomaOregonPennsylvaniaPuerto RicoRepublic of PalauRhode IslandSouth CarolinaSouth DakotaTennesseeTexasUnited StatesUtahVermontVeterans HealthVirgin IslandsVirginiaWashingtonWest VirginiaWisconsinWyoming,0,0,0,0.0,0.0,0,0.0,0.0,0,524785.0,43016,0.0,0,0.0
2022-07-02,AlabamaAlaskaAmerican SamoaArizonaArkansasBureau of PrisonsCaliforniaColoradoConnecticutDelawareDept of DefenseDistrict of ColumbiaFederated States of MicronesiaFloridaGeorgiaGuamHawaiiIdahoIllinoisIndian Health SvcIndianaIowaKansasKentuckyLong Term CareLouisianaMaineMarshall IslandsMarylandMassachusettsMichiganMinnesotaMississippiMissouriMontanaNebraskaNevadaNew HampshireNew JerseyNew MexicoNew York StateNorth CarolinaNorth DakotaNorthern Mariana IslandsOhioOklahomaOregonPennsylvaniaPuerto RicoRepublic of PalauRhode IslandSouth CarolinaSouth DakotaTennesseeTexasUnited StatesUtahVermontVeterans HealthVirgin IslandsVirginiaWashingtonWest VirginiaWisconsinWyoming,0,0,0,0.0,0.0,0,0.0,0.0,0,502892.0,42962,0.0,0,0.0
2022-07-03,AlabamaAlaskaAmerican SamoaArizonaArkansasBureau of PrisonsCaliforniaColoradoConnecticutDelawareDept of DefenseDistrict of ColumbiaFederated States of MicronesiaFloridaGeorgiaGuamHawaiiIdahoIllinoisIndian Health SvcIndianaIowaKansasKentuckyLong Term CareLouisianaMaineMarshall IslandsMarylandMassachusettsMichiganMinnesotaMississippiMissouriMontanaNebraskaNevadaNew HampshireNew JerseyNew MexicoNew York StateNorth CarolinaNorth DakotaNorthern Mariana IslandsOhioOklahomaOregonPennsylvaniaPuerto RicoRepublic of PalauRhode IslandSouth CarolinaSouth DakotaTennesseeTexasUnited StatesUtahVermontVeterans HealthVirgin IslandsVirginiaWashingtonWest VirginiaWisconsinWyoming,0,0,0,0.0,0.0,0,0.0,0.0,0,480993.0,42876,0.0,0,0.0
2022-07-04,AlabamaAlaskaAmerican SamoaArizonaArkansasBureau of PrisonsCaliforniaColoradoConnecticutDelawareDept of DefenseDistrict of ColumbiaFederated States of MicronesiaFloridaGeorgiaGuamHawaiiIdahoIllinoisIndian Health SvcIndianaIowaKansasKentuckyLong Term CareLouisianaMaineMarshall IslandsMarylandMassachusettsMichiganMinnesotaMississippiMissouriMontanaNebraskaNevadaNew HampshireNew JerseyNew MexicoNew York StateNorth CarolinaNorth DakotaNorthern Mariana IslandsOhioOklahomaOregonPennsylvaniaPuerto RicoRepublic of PalauRhode IslandSouth CarolinaSouth DakotaTennesseeTexasUnited StatesUtahVermontVeterans HealthVirgin IslandsVirginiaWashingtonWest VirginiaWisconsinWyoming,0,0,0,0.0,0.0,0,0.0,0.0,0,459096.0,42801,0.0,0,0.0
2022-07-05,AlabamaAlaskaAmerican SamoaArizonaArkansasBureau of PrisonsCaliforniaColoradoConnecticutDelawareDept of DefenseDistrict of ColumbiaFederated States of MicronesiaFloridaGeorgiaGuamHawaiiIdahoIllinoisIndian Health SvcIndianaIowaKansasKentuckyLong Term CareLouisianaMaineMarshall IslandsMarylandMassachusettsMichiganMinnesotaMississippiMissouriMontanaNebraskaNevadaNew HampshireNew JerseyNew MexicoNew York StateNorth CarolinaNorth DakotaNorthern Mariana IslandsOhioOklahomaOregonPennsylvaniaPuerto RicoRepublic of PalauRhode IslandSouth CarolinaSouth DakotaTennesseeTexasUnited StatesUtahVermontVeterans HealthVirgin IslandsVirginiaWashingtonWest VirginiaWisconsinWyoming,0,0,0,0.0,0.0,0,0.0,0.0,0,437205.0,42738,0.0,0,0.0
2022-07-06,AlabamaAlaskaAmerican SamoaArizonaArkansasBureau of PrisonsCaliforniaColoradoConnecticutDelawareDept of DefenseDistrict of ColumbiaFederated States of MicronesiaFloridaGeorgiaGuamHawaiiIdahoIllinoisIndian Health SvcIndianaIowaKansasKentuckyLong Term CareLouisianaMaineMarshall IslandsMarylandMassachusettsMichiganMinnesotaMississippiMissouriMontanaNebraskaNevadaNew HampshireNew JerseyNew MexicoNew York StateNorth CarolinaNorth DakotaNorthern Mariana IslandsOhioOklahomaOregonPennsylvaniaPuerto RicoRepublic of PalauRhode IslandSouth CarolinaSouth DakotaTennesseeTexasUnited StatesUtahVermontVeterans HealthVirgin IslandsVirginiaWashingtonWest VirginiaWisconsinWyoming,1149397020,1485792785,501670053,3759.3,10040.95,428468803,4385.77,12899.89,0,415304.0,42643,47.363,252121039,2185.79
2022-07-07,AlabamaAlaskaAmerican SamoaArizonaArkansasBureau of PrisonsCaliforniaColoradoConnecticutDelawareDept of DefenseDistrict of ColumbiaFederated States of MicronesiaFloridaGeorgiaGuamHawaiiIdahoIllinoisIndian Health SvcIndianaIowaKansasKentuckyLong Term CareLouisianaMaineMarshall IslandsMarylandMassachusettsMichiganMinnesotaMississippiMissouriMontanaNebraskaNevadaNew HampshireNew JerseyNew MexicoNew York StateNorth CarolinaNorth DakotaNorthern Mariana IslandsOhioOklahomaOregonPennsylvaniaPuerto RicoRepublic of PalauRhode IslandSouth CarolinaSouth DakotaTennesseeTexasUnited StatesUtahVermontVeterans HealthVirgin IslandsVirginiaWashingtonWest VirginiaWisconsinWyoming,0,0,0,0.0,0.0,0,0.0,0.0,0,423627.0,43550,0.0,0,0.0
2022-07-08,AlabamaAlaskaAmerican SamoaArizonaArkansasBureau of PrisonsCaliforniaColoradoConnecticutDelawareDept of DefenseDistrict of ColumbiaFederated States of MicronesiaFloridaGeorgiaGuamHawaiiIdahoIllinoisIndian Health SvcIndianaIowaKansasKentuckyLong Term CareLouisianaMaineMarshall IslandsMarylandMassachusettsMichiganMinnesotaMississippiMissouriMontanaNebraskaNevadaNew HampshireNew JerseyNew MexicoNew York StateNorth CarolinaNorth DakotaNorthern Mariana IslandsOhioOklahomaOregonPennsylvaniaPuerto RicoRepublic of PalauRhode IslandSouth CarolinaSouth DakotaTennesseeTexasUnited StatesUtahVermontVeterans HealthVirgin IslandsVirginiaWashingtonWest VirginiaWisconsinWyoming,0,0,0,0.0,0.0,0,0.0,0.0,0,431948.0,44379,0.0,0,0.0
2022-07-09,AlabamaAlaskaAmerican SamoaArizonaArkansasBureau of PrisonsCaliforniaColoradoConnecticutDelawareDept of DefenseDistrict of ColumbiaFederated States of MicronesiaFloridaGeorgiaGuamHawaiiIdahoIllinoisIndian Health SvcIndianaIowaKansasKentuckyLong Term CareLouisianaMaineMarshall IslandsMarylandMassachusettsMichiganMinnesotaMississippiMissouriMontanaNebraskaNevadaNew HampshireNew JerseyNew MexicoNew York StateNorth CarolinaNorth DakotaNorthern Mariana IslandsOhioOklahomaOregonPennsylvaniaPuerto RicoRepublic of PalauRhode IslandSouth CarolinaSouth DakotaTennesseeTexasUnited StatesUtahVermontVeterans HealthVirgin IslandsVirginiaWashingtonWest VirginiaWisconsinWyoming,0,0,0,0.0,0.0,0,0.0,0.0,0,440268.0,45257,0.0,0,0.0
2022-07-10,AlabamaAlaskaAmerican SamoaArizonaArkansasBureau of PrisonsCaliforniaColoradoConnecticutDelawareDept of DefenseDistrict of ColumbiaFederated States of MicronesiaFloridaGeorgiaGuamHawaiiIdahoIllinoisIndian Health SvcIndianaIowaKansasKentuckyLong Term CareLouisianaMaineMarshall IslandsMarylandMassachusettsMichiganMinnesotaMississippiMissouriMontanaNebraskaNevadaNew HampshireNew JerseyNew MexicoNew York StateNorth CarolinaNorth DakotaNorthern Mariana IslandsOhioOklahomaOregonPennsylvaniaPuerto RicoRepublic of PalauRhode IslandSouth CarolinaSouth DakotaTennesseeTexasUnited StatesUtahVermontVeterans HealthVirgin IslandsVirginiaWashingtonWest VirginiaWisconsinWyoming,0,0,0,0.0,0.0,0,0.0,0.0,0,448590.0,46171,0.0,0,0.0
2022-07-11,AlabamaAlaskaAmerican SamoaArizonaArkansasBureau of PrisonsCaliforniaColoradoConnecticutDelawareDept of DefenseDistrict of ColumbiaFederated States of MicronesiaFloridaGeorgiaGuamHawaiiIdahoIllinoisIndian Health SvcIndianaIowaKansasKentuckyLong Term CareLouisianaMaineMarshall IslandsMarylandMassachusettsMichiganMinnesotaMississippiMissouriMontanaNebraskaNevadaNew HampshireNew JerseyNew MexicoNew York StateNorth CarolinaNorth DakotaNorthern Mariana IslandsOhioOklahomaOregonPennsylvaniaPuerto RicoRepublic of PalauRhode IslandSouth CarolinaSouth DakotaTennesseeTexasUnited StatesUtahVermontVeterans HealthVirgin IslandsVirginiaWashingtonWest VirginiaWisconsinWyoming,0,0,0,0.0,0.0,0,0.0,0.0,0,456908.0,47046,0.0,0,0.0
2022-07-12,AlabamaAlaskaAmerican SamoaArizonaArkansasBureau of PrisonsCaliforniaColoradoConnecticutDelawareDept of DefenseDistrict of ColumbiaFederated States of MicronesiaFloridaGeorgiaGuamHawaiiIdahoIllinoisIndian Health SvcIndianaIowaKansasKentuckyLong Term CareLouisianaMaineMarshall IslandsMarylandMassachusettsMichiganMinnesotaMississippiMissouriMontanaNebraskaNevadaNew HampshireNew JerseyNew MexicoNew York StateNorth CarolinaNorth DakotaNorthern Mariana IslandsOhioOklahomaOregonPennsylvaniaPuerto RicoRepublic of PalauRhode IslandSouth CarolinaSouth DakotaTennesseeTexasUnited StatesUtahVermontVeterans HealthVirgin IslandsVirginiaWashingtonWest VirginiaWisconsinWyoming,0,0,0,0.0,0.0,0,0.0,0.0,0,465230.0,47935,0.0,0,0.0
2022-07-13,AlabamaAlaskaAmerican SamoaArizonaArkansasBureau of PrisonsCaliforniaColoradoConnecticutDelawareDept of DefenseDistrict of ColumbiaFederated States of MicronesiaFloridaGeorgiaGuamHawaiiIdahoIllinoisIndian Health SvcIndianaIowaKansasKentuckyLong Term CareLouisianaMaineMarshall IslandsMarylandMassachusettsMichiganMinnesotaMississippiMissouriMontanaNebraskaNevadaNew HampshireNew JerseyNew MexicoNew York StateNorth CarolinaNorth DakotaNorthern Mariana IslandsOhioOklahomaOregonPennsylvaniaPuerto RicoRepublic of PalauRhode IslandSouth CarolinaSouth DakotaTennesseeTexasUnited StatesUtahVermontVeterans HealthVirgin IslandsVirginiaWashingtonWest VirginiaWisconsinWyoming,1152537773,1495851445,502436204,3764.11,10072.66,428913699,4393.1,12984.95,0,473550.0,48783,47.213,254068532,2205.64
2022-07-14,AlabamaAlaskaAmerican SamoaArizonaArkansasBureau of PrisonsCaliforniaColoradoConnecticutDelawareDept of DefenseDistrict of ColumbiaFederated States of MicronesiaFloridaGeorgiaGuamHawaiiIdahoIllinoisIndian Health SvcIndianaIowaKansasKentuckyLong Term CareLouisianaMaineMarshall IslandsMarylandMassachusettsMichiganMinnesotaMississippiMissouriMontanaNebraskaNevadaNew HampshireNew JerseyNew MexicoNew York StateNorth CarolinaNorth DakotaNorthern Mariana IslandsOhioOklahomaOregonPennsylvaniaPuerto RicoRepublic of PalauRhode IslandSouth CarolinaSouth DakotaTennesseeTexasUnited StatesUtahVermontVeterans HealthVirgin IslandsVirginiaWashingtonWest VirginiaWisconsinWyoming,0,0,0,0.0,0.0,0,0.0,0.0,0,495802.0,49686,0.0,0,0.0
2022-07-15,AlabamaAlaskaAmerican SamoaArizonaArkansasBureau of PrisonsCaliforniaColoradoConnecticutDelawareDept of DefenseDistrict of ColumbiaFederated States of MicronesiaFloridaGeorgiaGuamHawaiiIdahoIllinoisIndian Health SvcIndianaIowaKansasKentuckyLong Term CareLouisianaMaineMarshall IslandsMarylandMassachusettsMichiganMinnesotaMississippiMissouriMontanaNebraskaNevadaNew HampshireNew JerseyNew MexicoNew York StateNorth CarolinaNorth DakotaNorthern Mariana IslandsOhioOklahomaOregonPennsylvaniaPuerto RicoRepublic of PalauRhode IslandSouth CarolinaSouth DakotaTennesseeTexasUnited StatesUtahVermontVeterans HealthVirgin IslandsVirginiaWashingtonWest VirginiaWisconsinWyoming,0,0,0,0.0,0.0,0,0.0,0.0,0,518054.0,50572,0.0,0,0.0
2022-07-16,AlabamaAlaskaAmerican SamoaArizonaArkansasBureau of PrisonsCaliforniaColoradoConnecticutDelawareDept of DefenseDistrict of ColumbiaFederated States of MicronesiaFloridaGeorgiaGuamHawaiiIdahoIllinoisIndian Health SvcIndianaIowaKansasKentuckyLong Term CareLouisianaMaineMarshall IslandsMarylandMassachusettsMichiganMinnesotaMississippiMissouriMontanaNebraskaNevadaNew HampshireNew JerseyNew MexicoNew York StateNorth CarolinaNorth DakotaNorthern Mariana IslandsOhioOklahomaOregonPennsylvaniaPuerto RicoRepublic of PalauRhode IslandSouth CarolinaSouth DakotaTennesseeTexasUnited StatesUtahVermontVeterans HealthVirgin IslandsVirginiaWashingtonWest VirginiaWisconsinWyoming,0,0,0,0.0,0.0,0,0.0,0.0,0,540301.0,51461,0.0,0,0.0
2022-07-17,AlabamaAlaskaAmerican SamoaArizonaArkansasBureau of PrisonsCaliforniaColoradoConnecticutDelawareDept of DefenseDistrict of ColumbiaFederated States of MicronesiaFloridaGeorgiaGuamHawaiiIdahoIllinoisIndian Health SvcIndianaIowaKansasKentuckyLong Term CareLouisianaMaineMarshall IslandsMarylandMassachusettsMichiganMinnesotaMississippiMissouriMontanaNebraskaNevadaNew HampshireNew JerseyNew MexicoNew York StateNorth CarolinaNorth DakotaNorthern Mariana IslandsOhioOklahomaOregonPennsylvaniaPuerto RicoRepublic of PalauRhode IslandSouth CarolinaSouth DakotaTennesseeTexasUnited StatesUtahVermontVeterans HealthVirgin IslandsVirginiaWashingtonWest VirginiaWisconsinWyoming,0,0,0,0.0,0.0,0,0.0,0.0,0,562555.0,52363,0.0,0,0.0
2022-07-18,AlabamaAlaskaAmerican SamoaArizonaArkansasBureau of PrisonsCaliforniaColoradoConnecticutDelawareDept of DefenseDistrict of ColumbiaFederated States of MicronesiaFloridaGeorgiaGuamHawaiiIdahoIllinoisIndian Health SvcIndianaIowaKansasKentuckyLong Term CareLouisianaMaineMarshall IslandsMarylandMassachusettsMichiganMinnesotaMississippiMissouriMontanaNebraskaNevadaNew HampshireNew JerseyNew MexicoNew York StateNorth CarolinaNorth DakotaNorthern Mariana IslandsOhioOklahomaOregonPennsylvaniaPuerto RicoRepublic of PalauRhode IslandSouth CarolinaSouth DakotaTennesseeTexasUnited StatesUtahVermontVeterans HealthVirgin IslandsVirginiaWashingtonWest VirginiaWisconsinWyoming,0,0,0,0.0,0.0,0,0.0,0.0,0,584802.0,53259,0.0,0,0.0
2022-07-19,AlabamaAlaskaAmerican SamoaArizonaArkansasBureau of PrisonsCaliforniaColoradoConnecticutDelawareDept of DefenseDistrict of ColumbiaFederated States of MicronesiaFloridaGeorgiaGuamHawaiiIdahoIllinoisIndian Health SvcIndianaIowaKansasKentuckyLong Term CareLouisianaMaineMarshall IslandsMarylandMassachusettsMichiganMinnesotaMississippiMissouriMontanaNebraskaNevadaNew HampshireNew JerseyNew MexicoNew York StateNorth CarolinaNorth DakotaNorthern Mariana IslandsOhioOklahomaOregonPennsylvaniaPuerto RicoRepublic of PalauRhode IslandSouth CarolinaSouth DakotaTennesseeTexasUnited StatesUtahVermontVeterans HealthVirgin IslandsVirginiaWashingtonWest VirginiaWisconsinWyoming,0,0,0,0.0,0.0,0,0.0,0.0,0,607056.0,54161,0.0,0,0.0
2022-07-20,AlabamaAlaskaAmerican SamoaArizonaArkansasBureau of PrisonsCaliforniaColoradoConnecticutDelawareDept of DefenseDistrict of ColumbiaFederated States of MicronesiaFloridaGeorgiaGuamHawaiiIdahoIllinoisIndian Health SvcIndianaIowaKansasKentuckyLong Term CareLouisianaMaineMarshall IslandsMarylandMassachusettsMichiganMinnesotaMississippiMissouriMontanaNebraskaNevadaNew HampshireNew JerseyNew MexicoNew York StateNorth CarolinaNorth DakotaNorthern Mariana IslandsOhioOklahomaOregonPennsylvaniaPuerto RicoRepublic of PalauRhode IslandSouth CarolinaSouth DakotaTennesseeTexasUnited StatesUtahVermontVeterans HealthVirgin IslandsVirginiaWashingtonWest VirginiaWisconsinWyoming,1156768785,1504483645,503352474,3768.81,10108.74,429434422,4400.85,13061.11,0,629304.0,55075,47.114998,256881607,2229.48
2022-07-21,AlabamaAlaskaAmerican SamoaArizonaArkansasBureau of PrisonsCaliforniaColoradoConnecticutDelawareDept of DefenseDistrict of ColumbiaFederated States of MicronesiaFloridaGeorgiaGuamHawaiiIdahoIllinoisIndian Health SvcIndianaIowaKansasKentuckyLong Term CareLouisianaMaineMarshall IslandsMarylandMassachusettsMichiganMinnesotaMississippiMissouriMontanaNebraskaNevadaNew HampshireNew JerseyNew MexicoNew York StateNorth CarolinaNorth DakotaNorthern Mariana IslandsOhioOklahomaOregonPennsylvaniaPuerto RicoRepublic of PalauRhode IslandSouth CarolinaSouth DakotaTennesseeTexasUnited StatesUtahVermontVeterans HealthVirgin IslandsVirginiaWashingtonWest VirginiaWisconsinWyoming,0,0,0,0.0,0.0,0,0.0,0.0,0,612172.0,56119,0.0,0,0.0
2022-07-22,AlabamaAlaskaAmerican SamoaArizonaArkansasBureau of PrisonsCaliforniaColoradoConnecticutDelawareDept of DefenseDistrict of ColumbiaFederated States of MicronesiaFloridaGeorgiaGuamHawaiiIdahoIllinoisIndian Health SvcIndianaIowaKansasKentuckyLong Term CareLouisianaMaineMarshall IslandsMarylandMassachusettsMichiganMinnesotaMississippiMissouriMontanaNebraskaNevadaNew HampshireNew JerseyNew MexicoNew York StateNorth CarolinaNorth DakotaNorthern Mariana IslandsOhioOklahomaOregonPennsylvaniaPuerto RicoRepublic of PalauRhode IslandSouth CarolinaSouth DakotaTennesseeTexasUnited StatesUtahVermontVeterans HealthVirgin IslandsVirginiaWashingtonWest VirginiaWisconsinWyoming,0,0,0,0.0,0.0,0,0.0,0.0,0,595042.0,57180,0.0,0,0.0
2022-07-23,AlabamaAlaskaAmerican SamoaArizonaArkansasBureau of PrisonsCaliforniaColoradoConnecticutDelawareDept of DefenseDistrict of ColumbiaFederated States of MicronesiaFloridaGeorgiaGuamHawaiiIdahoIllinoisIndian Health SvcIndianaIowaKansasKentuckyLong Term CareLouisianaMaineMarshall IslandsMarylandMassachusettsMichiganMinnesotaMississippiMissouriMontanaNebraskaNevadaNew HampshireNew JerseyNew MexicoNew York StateNorth CarolinaNorth DakotaNorthern Mariana IslandsOhioOklahomaOregonPennsylvaniaPuerto RicoRepublic of PalauRhode IslandSouth CarolinaSouth DakotaTennesseeTexasUnited StatesUtahVermontVeterans HealthVirgin IslandsVirginiaWashingtonWest VirginiaWisconsinWyoming,0,0,0,0.0,0.0,0,0.0,0.0,0,577918.0,58236,0.0,0,0.0
2022-07-24,AlabamaAlaskaAmerican SamoaArizonaArkansasBureau of PrisonsCaliforniaColoradoConnecticutDelawareDept of DefenseDistrict of ColumbiaFederated States of MicronesiaFloridaGeorgiaGuamHawaiiIdahoIllinoisIndian Health SvcIndianaIowaKansasKentuckyLong Term CareLouisianaMaineMarshall IslandsMarylandMassachusettsMichiganMinnesotaMississippiMissouriMontanaNebraskaNevadaNew HampshireNew JerseyNew MexicoNew York StateNorth CarolinaNorth DakotaNorthern Mariana IslandsOhioOklahomaOregonPennsylvaniaPuerto RicoRepublic of PalauRhode IslandSouth CarolinaSouth DakotaTennesseeTexasUnited StatesUtahVermontVeterans HealthVirgin IslandsVirginiaWashingtonWest VirginiaWisconsinWyoming,0,0,0,0.0,0.0,0,0.0,0.0,0,560786.0,59302,0.0,0,0.0
2022-07-25,AlabamaAlaskaAmerican SamoaArizonaArkansasBureau of PrisonsCaliforniaColoradoConnecticutDelawareDept of DefenseDistrict of ColumbiaFederated States of MicronesiaFloridaGeorgiaGuamHawaiiIdahoIllinoisIndian Health SvcIndianaIowaKansasKentuckyLong Term CareLouisianaMaineMarshall IslandsMarylandMassachusettsMichiganMinnesotaMississippiMissouriMontanaNebraskaNevadaNew HampshireNew JerseyNew MexicoNew York StateNorth CarolinaNorth DakotaNorthern Mariana IslandsOhioOklahomaOregonPennsylvaniaPuerto RicoRepublic of PalauRhode IslandSouth CarolinaSouth DakotaTennesseeTexasUnited StatesUtahVermontVeterans HealthVirgin IslandsVirginiaWashingtonWest VirginiaWisconsinWyoming,0,0,0,0.0,0.0,0,0.0,0.0,0,543653.0,60346,0.0,0,0.0
2022-07-26,AlabamaAlaskaAmerican SamoaArizonaArkansasBureau of PrisonsCaliforniaColoradoConnecticutDelawareDept of DefenseDistrict of ColumbiaFederated States of MicronesiaFloridaGeorgiaGuamHawaiiIdahoIllinoisIndian Health SvcIndianaIowaKansasKentuckyLong Term CareLouisianaMaineMarshall IslandsMarylandMassachusettsMichiganMinnesotaMississippiMissouriMontanaNebraskaNevadaNew HampshireNew JerseyNew MexicoNew York StateNorth CarolinaNorth DakotaNorthern Mariana IslandsOhioOklahomaOregonPennsylvaniaPuerto RicoRepublic of PalauRhode IslandSouth CarolinaSouth DakotaTennesseeTexasUnited StatesUtahVermontVeterans HealthVirgin IslandsVirginiaWashingtonWest VirginiaWisconsinWyoming,0,0,0,0.0,0.0,0,0.0,0.0,0,526523.0,61408,0.0,0,0.0
2022-07-27,AlabamaAlaskaAmerican SamoaArizonaArkansasBureau of PrisonsCaliforniaColoradoConnecticutDelawareDept of DefenseDistrict of ColumbiaFederated States of MicronesiaFloridaGeorgiaGuamHawaiiIdahoIllinoisIndian Health SvcIndianaIowaKansasKentuckyLong Term CareLouisianaMaineMarshall IslandsMarylandMassachusettsMichiganMinnesotaMississippiMissouriMontanaNebraskaNevadaNew HampshireNew JerseyNew MexicoNew York StateNorth CarolinaNorth DakotaNorthern Mariana IslandsOhioOklahomaOregonPennsylvaniaPuerto RicoRepublic of PalauRhode IslandSouth CarolinaSouth DakotaTennesseeTexasUnited StatesUtahVermontVeterans HealthVirgin IslandsVirginiaWashingtonWest VirginiaWisconsinWyoming,556522897,724320695,242218468,3656.08,9835.28,206461956,4271.68,12726.36,0,509389.0,62459,45.535,123641920,2188.39
2022-07-28,AlabamaAlaskaAmerican SamoaArizonaArkansasBureau of PrisonsCaliforniaColoradoConnecticutDelawareDept of DefenseDistrict of ColumbiaFederated States of MicronesiaFloridaGeorgiaGuamHawaiiIdahoIllinoisIndian Health SvcIndianaIowaKansasKentuckyLong Term CareLouisianaMaineMarshall IslandsMarylandMassachusettsMichiganMinnesotaMississippiMissouriMontanaNebraskaNevadaNew HampshireNew JerseyNew MexicoNew York StateNorth CarolinaNorth DakotaNorthern Mariana IslandsOhioOklahomaOregonPennsylvaniaPuerto RicoRepublic of PalauRhode IslandSouth CarolinaSouth DakotaTennesseeTexasUnited StatesUtahVermontVeterans HealthVirgin IslandsVirginiaWashingtonWest VirginiaWisconsinWyoming,0,0,0,0.0,0.0,0,0.0,0.0,0,503324.0,61282,0.0,0,0.0
2022-07-29,AlabamaAlaskaAmerican SamoaArizonaArkansasBureau of PrisonsCaliforniaColoradoConnecticutDelawareDept of DefenseDistrict of ColumbiaFederated States of MicronesiaFloridaGeorgiaGuamHawaiiIdahoIllinoisIndian Health SvcIndianaIowaKansasKentuckyLong Term CareLouisianaMaineMarshall IslandsMarylandMassachusettsMichiganMinnesotaMississippiMissouriMontanaNebraskaNevadaNew HampshireNew JerseyNew MexicoNew York StateNorth CarolinaNorth DakotaNorthern Mariana IslandsOhioOklahomaOregonPennsylvaniaPuerto RicoRepublic of PalauRhode IslandSouth CarolinaSouth DakotaTennesseeTexasUnited StatesUtahVermontVeterans HealthVirgin IslandsVirginiaWashingtonWest VirginiaWisconsinWyoming,0,0,0,0.0,0.0,0,0.0,0.0,0,497252.0,60092,0.0,0,0.0
2022-07-30,AlabamaAlaskaAmerican SamoaArizonaArkansasBureau of PrisonsCaliforniaColoradoConnecticutDelawareDept of DefenseDistrict of ColumbiaFederated States of MicronesiaFloridaGeorgiaGuamHawaiiIdahoIllinoisIndian Health SvcIndianaIowaKansasKentuckyLong Term CareLouisianaMaineMarshall IslandsMarylandMassachusettsMichiganMinnesotaMississippiMissouriMontanaNebraskaNevadaNew HampshireNew JerseyNew MexicoNew York StateNorth CarolinaNorth DakotaNorthern Mariana IslandsOhioOklahomaOregonPennsylvaniaPuerto RicoRepublic of PalauRhode IslandSouth CarolinaSouth DakotaTennesseeTexasUnited StatesUtahVermontVeterans HealthVirgin IslandsVirginiaWashingtonWest VirginiaWisconsinWyoming,0,0,0,0.0,0.0,0,0.0,0.0,0,491185.0,58954,0.0,0,0.0
2022-07-31,AlabamaAlaskaAmerican SamoaArizonaArkansasBureau of PrisonsCaliforniaColoradoConnecticutDelawareDept of DefenseDistrict of ColumbiaFederated States of MicronesiaFloridaGeorgiaGuamHawaiiIdahoIllinoisIndian Health SvcIndianaIowaKansasKentuckyLong Term CareLouisianaMaineMarshall IslandsMarylandMassachusettsMichiganMinnesotaMississippiMissouriMontanaNebraskaNevadaNew HampshireNew JerseyNew MexicoNew York StateNorth CarolinaNorth DakotaNorthern Mariana IslandsOhioOklahomaOregonPennsylvaniaPuerto RicoRepublic of PalauRhode IslandSouth CarolinaSouth DakotaTennesseeTexasUnited StatesUtahVermontVeterans HealthVirgin IslandsVirginiaWashingtonWest VirginiaWisconsinWyoming,0,0,0,0.0,0.0,0,0.0,0.0,0,485113.0,57755,0.0,0,0.0
2022-08-01,AlabamaAlaskaAmerican SamoaArizonaArkansasBureau of PrisonsCaliforniaColoradoConnecticutDelawareDept of DefenseDistrict of ColumbiaFederated States of MicronesiaFloridaGeorgiaGuamHawaiiIdahoIllinoisIndian Health SvcIndianaIowaKansasKentuckyLong Term CareLouisianaMaineMarshall IslandsMarylandMassachusettsMichiganMinnesotaMississippiMissouriMontanaNebraskaNevadaNew HampshireNew JerseyNew MexicoNew York StateNorth CarolinaNorth DakotaNorthern Mariana IslandsOhioOklahomaOregonPennsylvaniaPuerto RicoRepublic of PalauRhode IslandSouth CarolinaSouth DakotaTennesseeTexasUnited StatesUtahVermontVeterans HealthVirgin IslandsVirginiaWashingtonWest VirginiaWisconsinWyoming,0,0,0,0.0,0.0,0,0.0,0.0,0,479048.0,56567,0.0,0,0.0
2022-08-02,AlabamaAlaskaAmerican SamoaArizonaArkansasBureau of PrisonsCaliforniaColoradoConnecticutDelawareDept of DefenseDistrict of ColumbiaFederated States of MicronesiaFloridaGeorgiaGuamHawaiiIdahoIllinoisIndian Health SvcIndianaIowaKansasKentuckyLong Term CareLouisianaMaineMarshall IslandsMarylandMassachusettsMichiganMinnesotaMississippiMissouriMontanaNebraskaNevadaNew HampshireNew JerseyNew MexicoNew York StateNorth CarolinaNorth DakotaNorthern Mariana IslandsOhioOklahomaOregonPennsylvaniaPuerto RicoRepublic of PalauRhode IslandSouth CarolinaSouth DakotaTennesseeTexasUnited StatesUtahVermontVeterans HealthVirgin IslandsVirginiaWashingtonWest VirginiaWisconsinWyoming,0,0,0,0.0,0.0,0,0.0,0.0,0,472978.0,55433,0.0,0,0.0
2022-08-03,AlabamaAlaskaAmerican SamoaArizonaArkansasBureau of PrisonsCaliforniaColoradoConnecticutDelawareDept of DefenseDistrict of ColumbiaFederated States of MicronesiaFloridaGeorgiaGuamHawaiiIdahoIllinoisIndian Health SvcIndianaIowaKansasKentuckyLong Term CareLouisianaMaineMarshall IslandsMarylandMassachusettsMichiganMinnesotaMississippiMissouriMontanaNebraskaNevadaNew HampshireNew JerseyNew MexicoNew York StateNorth CarolinaNorth DakotaNorthern Mariana IslandsOhioOklahomaOregonPennsylvaniaPuerto RicoRepublic of PalauRhode IslandSouth CarolinaSouth DakotaTennesseeTexasUnited StatesUtahVermontVeterans HealthVirgin IslandsVirginiaWashingtonWest VirginiaWisconsinWyoming,1213574876,1594777470,527014794,3895.71,10493.93,448808812,4552.2,13676.96,0,466906.0,54267,48.292,272064691,2345.94
2022-08-04,AlabamaAlaskaAmerican SamoaArizonaArkansasBureau of PrisonsCaliforniaColoradoConnecticutDelawareDept of DefenseDistrict of ColumbiaFederated States of MicronesiaFloridaGeorgiaGuamHawaiiIdahoIllinoisIndian Health SvcIndianaIowaKansasKentuckyLong Term CareLouisianaMaineMarshall IslandsMarylandMassachusettsMichiganMinnesotaMississippiMissouriMontanaNebraskaNevadaNew HampshireNew JerseyNew MexicoNew York StateNorth CarolinaNorth DakotaNorthern Mariana IslandsOhioOklahomaOregonPennsylvaniaPuerto RicoRepublic of PalauRhode IslandSouth CarolinaSouth DakotaTennesseeTexasUnited StatesUtahVermontVeterans HealthVirgin IslandsVirginiaWashingtonWest VirginiaWisconsinWyoming,0,0,0,0.0,0.0,0,0.0,0.0,0,481289.0,53877,0.0,0,0.0
2022-08-05,AlabamaAlaskaAmerican SamoaArizonaArkansasBureau of PrisonsCaliforniaColoradoConnecticutDelawareDept of DefenseDistrict of ColumbiaFederated States of MicronesiaFloridaGeorgiaGuamHawaiiIdahoIllinoisIndian Health SvcIndianaIowaKansasKentuckyLong Term CareLouisianaMaineMarshall IslandsMarylandMassachusettsMichiganMinnesotaMississippiMissouriMontanaNebraskaNevadaNew HampshireNew JerseyNew MexicoNew York StateNorth CarolinaNorth DakotaNorthern Mariana IslandsOhioOklahomaOregonPennsylvaniaPuerto RicoRepublic of PalauRhode IslandSouth CarolinaSouth DakotaTennesseeTexasUnited StatesUtahVermontVeterans HealthVirgin IslandsVirginiaWashingtonWest VirginiaWisconsinWyoming,0,0,0,0.0,0.0,0,0.0,0.0,0,495679.0,53559,0.0,0,0.0
2022-08-06,AlabamaAlaskaAmerican SamoaArizonaArkansasBureau of PrisonsCaliforniaColoradoConnecticutDelawareDept of DefenseDistrict of ColumbiaFederated States of MicronesiaFloridaGeorgiaGuamHawaiiIdahoIllinoisIndian Health SvcIndianaIowaKansasKentuckyLong Term CareLouisianaMaineMarshall IslandsMarylandMassachusettsMichiganMinnesotaMississippiMissouriMontanaNebraskaNevadaNew HampshireNew JerseyNew MexicoNew York StateNorth CarolinaNorth DakotaNorthern Mariana IslandsOhioOklahomaOregonPennsylvaniaPuerto RicoRepublic of PalauRhode IslandSouth CarolinaSouth DakotaTennesseeTexasUnited StatesUtahVermontVeterans HealthVirgin IslandsVirginiaWashingtonWest VirginiaWisconsinWyoming,0,0,0,0.0,0.0,0,0.0,0.0,0,510059.0,53173,0.0,0,0.0
2022-08-07,AlabamaAlaskaAmerican SamoaArizonaArkansasBureau of PrisonsCaliforniaColoradoConnecticutDelawareDept of DefenseDistrict of ColumbiaFederated States of MicronesiaFloridaGeorgiaGuamHawaiiIdahoIllinoisIndian Health SvcIndianaIowaKansasKentuckyLong Term CareLouisianaMaineMarshall IslandsMarylandMassachusettsMichiganMinnesotaMississippiMissouriMontanaNebraskaNevadaNew HampshireNew JerseyNew MexicoNew York StateNorth CarolinaNorth DakotaNorthern Mariana IslandsOhioOklahomaOregonPennsylvaniaPuerto RicoRepublic of PalauRhode IslandSouth CarolinaSouth DakotaTennesseeTexasUnited StatesUtahVermontVeterans HealthVirgin IslandsVirginiaWashingtonWest VirginiaWisconsinWyoming,0,0,0,0.0,0.0,0,0.0,0.0,0,524437.0,52785,0.0,0,0.0
2022-08-08,AlabamaAlaskaAmerican SamoaArizonaArkansasBureau of PrisonsCaliforniaColoradoConnecticutDelawareDept of DefenseDistrict of ColumbiaFederated States of MicronesiaFloridaGeorgiaGuamHawaiiIdahoIllinoisIndian Health SvcIndianaIowaKansasKentuckyLong Term CareLouisianaMaineMarshall IslandsMarylandMassachusettsMichiganMinnesotaMississippiMissouriMontanaNebraskaNevadaNew HampshireNew JerseyNew MexicoNew York StateNorth CarolinaNorth DakotaNorthern Mariana IslandsOhioOklahomaOregonPennsylvaniaPuerto RicoRepublic of PalauRhode IslandSouth CarolinaSouth DakotaTennesseeTexasUnited StatesUtahVermontVeterans HealthVirgin IslandsVirginiaWashingtonWest VirginiaWisconsinWyoming,0,0,0,0.0,0.0,0,0.0,0.0,0,538822.0,52409,0.0,0,0.0
2022-08-09,AlabamaAlaskaAmerican SamoaArizonaArkansasBureau of PrisonsCaliforniaColoradoConnecticutDelawareDept of DefenseDistrict of ColumbiaFederated States of MicronesiaFloridaGeorgiaGuamHawaiiIdahoIllinoisIndian Health SvcIndianaIowaKansasKentuckyLong Term CareLouisianaMaineMarshall IslandsMarylandMassachusettsMichiganMinnesotaMississippiMissouriMontanaNebraskaNevadaNew HampshireNew JerseyNew MexicoNew York StateNorth CarolinaNorth DakotaNorthern Mariana IslandsOhioOklahomaOregonPennsylvaniaPuerto RicoRepublic of PalauRhode IslandSouth CarolinaSouth DakotaTennesseeTexasUnited StatesUtahVermontVeterans HealthVirgin IslandsVirginiaWashingtonWest VirginiaWisconsinWyoming,0,0,0,0.0,0.0,0,0.0,0.0,0,553213.0,52095,0.0,0,0.0
2022-08-10,AlabamaAlaskaAmerican SamoaArizonaArkansasBureau of PrisonsCaliforniaColoradoConnecticutDelawareDept of DefenseDistrict of ColumbiaFederated States of MicronesiaFloridaGeorgiaGuamHawaiiIdahoIllinoisIndian Health SvcIndianaIowaKansasKentuckyLong Term CareLouisianaMaineMarshall IslandsMarylandMassachusettsMichiganMinnesotaMississippiMissouriMontanaNebraskaNevadaNew HampshireNew JerseyNew MexicoNew York StateNorth CarolinaNorth DakotaNorthern Mariana IslandsOhioOklahomaOregonPennsylvaniaPuerto RicoRepublic of PalauRhode IslandSouth CarolinaSouth DakotaTennesseeTexasUnited StatesUtahVermontVeterans HealthVirgin IslandsVirginiaWashingtonWest VirginiaWisconsinWyoming,1217455148,1605232970,527808446,3903.36,10528.33,449749365,4560.69,13776.05,0,567595.0,51735,48.148,274232366,2364.39
2022-08-11,AlabamaAlaskaAmerican SamoaArizonaArkansasBureau of PrisonsCaliforniaColoradoConnecticutDelawareDept of DefenseDistrict of ColumbiaFederated States of MicronesiaFloridaGeorgiaGuamHawaiiIdahoIllinoisIndian Health SvcIndianaIowaKansasKentuckyLong Term CareLouisianaMaineMarshall IslandsMarylandMassachusettsMichiganMinnesotaMississippiMissouriMontanaNebraskaNevadaNew HampshireNew JerseyNew MexicoNew York StateNorth CarolinaNorth DakotaNorthern Mariana IslandsOhioOklahomaOregonPennsylvaniaPuerto RicoRepublic of PalauRhode IslandSouth CarolinaSouth DakotaTennesseeTexasUnited StatesUtahVermontVeterans HealthVirgin IslandsVirginiaWashingtonWest VirginiaWisconsinWyoming,0,0,0,0.0,0.0,0,0.0,0.0,0,546402.0,49834,0.0,0,0.0
2022-08-12,AlabamaAlaskaAmerican SamoaArizonaArkansasBureau of PrisonsCaliforniaColoradoConnecticutDelawareDept of DefenseDistrict of ColumbiaFederated States of MicronesiaFloridaGeorgiaGuamHawaiiIdahoIllinoisIndian Health SvcIndianaIowaKansasKentuckyLong Term CareLouisianaMaineMarshall IslandsMarylandMassachusettsMichiganMinnesotaMississippiMissouriMontanaNebraskaNevadaNew HampshireNew JerseyNew MexicoNew York StateNorth CarolinaNorth DakotaNorthern Mariana IslandsOhioOklahomaOregonPennsylvaniaPuerto RicoRepublic of PalauRhode IslandSouth CarolinaSouth DakotaTennesseeTexasUnited StatesUtahVermontVeterans HealthVirgin IslandsVirginiaWashingtonWest VirginiaWisconsinWyoming,0,0,0,0.0,0.0,0,0.0,0.0,0,525225.0,47964,0.0,0,0.0
2022-08-13,AlabamaAlaskaAmerican SamoaArizonaArkansasBureau of PrisonsCaliforniaColoradoConnecticutDelawareDept of DefenseDistrict of ColumbiaFederated States of MicronesiaFloridaGeorgiaGuamHawaiiIdahoIllinoisIndian Health SvcIndianaIowaKansasKentuckyLong Term CareLouisianaMaineMarshall IslandsMarylandMassachusettsMichiganMinnesotaMississippiMissouriMontanaNebraskaNevadaNew HampshireNew JerseyNew MexicoNew York StateNorth CarolinaNorth DakotaNorthern Mariana IslandsOhioOklahomaOregonPennsylvaniaPuerto RicoRepublic of PalauRhode IslandSouth CarolinaSouth DakotaTennesseeTexasUnited StatesUtahVermontVeterans HealthVirgin IslandsVirginiaWashingtonWest VirginiaWisconsinWyoming,0,0,0,0.0,0.0,0,0.0,0.0,0,504046.0,46137,0.0,0,0.0
2022-08-14,AlabamaAlaskaAmerican SamoaArizonaArkansasBureau of PrisonsCaliforniaColoradoConnecticutDelawareDept of DefenseDistrict of ColumbiaFederated States of MicronesiaFloridaGeorgiaGuamHawaiiIdahoIllinoisIndian Health SvcIndianaIowaKansasKentuckyLong Term CareLouisianaMaineMarshall IslandsMarylandMassachusettsMichiganMinnesotaMississippiMissouriMontanaNebraskaNevadaNew HampshireNew JerseyNew MexicoNew York StateNorth CarolinaNorth DakotaNorthern Mariana IslandsOhioOklahomaOregonPennsylvaniaPuerto RicoRepublic of PalauRhode IslandSouth CarolinaSouth DakotaTennesseeTexasUnited StatesUtahVermontVeterans HealthVirgin IslandsVirginiaWashingtonWest VirginiaWisconsinWyoming,0,0,0,0.0,0.0,0,0.0,0.0,0,482859.0,44246,0.0,0,0.0
2022-08-15,AlabamaAlaskaAmerican SamoaArizonaArkansasBureau of PrisonsCaliforniaColoradoConnecticutDelawareDept of DefenseDistrict of ColumbiaFederated States of MicronesiaFloridaGeorgiaGuamHawaiiIdahoIllinoisIndian Health SvcIndianaIowaKansasKentuckyLong Term CareLouisianaMaineMarshall IslandsMarylandMassachusettsMichiganMinnesotaMississippiMissouriMontanaNebraskaNevadaNew HampshireNew JerseyNew MexicoNew York StateNorth CarolinaNorth DakotaNorthern Mariana IslandsOhioOklahomaOregonPennsylvaniaPuerto RicoRepublic of PalauRhode IslandSouth CarolinaSouth DakotaTennesseeTexasUnited StatesUtahVermontVeterans HealthVirgin IslandsVirginiaWashingtonWest VirginiaWisconsinWyoming,0,0,0,0.0,0.0,0,0.0,0.0,0,461676.0,42363,0.0,0,0.0
2022-08-16,AlabamaAlaskaAmerican SamoaArizonaArkansasBureau of PrisonsCaliforniaColoradoConnecticutDelawareDept of DefenseDistrict of ColumbiaFederated States of MicronesiaFloridaGeorgiaGuamHawaiiIdahoIllinoisIndian Health SvcIndianaIowaKansasKentuckyLong Term CareLouisianaMaineMarshall IslandsMarylandMassachusettsMichiganMinnesotaMississippiMissouriMontanaNebraskaNevadaNew HampshireNew JerseyNew MexicoNew York StateNorth CarolinaNorth DakotaNorthern Mariana IslandsOhioOklahomaOregonPennsylvaniaPuerto RicoRepublic of PalauRhode IslandSouth CarolinaSouth DakotaTennesseeTexasUnited StatesUtahVermontVeterans HealthVirgin IslandsVirginiaWashingtonWest VirginiaWisconsinWyoming,0,0,0,0.0,0.0,0,0.0,0.0,0,440495.0,40489,0.0,0,0.0
2022-08-17,AlabamaAlaskaAmerican SamoaArizonaArkansasBureau of PrisonsCaliforniaColoradoConnecticutDelawareDept of DefenseDistrict of ColumbiaFederated States of MicronesiaFloridaGeorgiaGuamHawaiiIdahoIllinoisIndian Health SvcIndianaIowaKansasKentuckyLong Term CareLouisianaMaineMarshall IslandsMarylandMassachusettsMichiganMinnesotaMississippiMissouriMontanaNebraskaNevadaNew HampshireNew JerseyNew MexicoNew York StateNorth CarolinaNorth DakotaNorthern Mariana IslandsOhioOklahomaOregonPennsylvaniaPuerto RicoRepublic of PalauRhode IslandSouth CarolinaSouth DakotaTennesseeTexasUnited StatesUtahVermontVeterans HealthVirgin IslandsVirginiaWashingtonWest VirginiaWisconsinWyoming,1220297477,1612870270,528497753,3907.61,10553.54,450208895,4566.9,13860.0,0,419309.0,38619,47.976,275941810,2379.31
2022-08-18,AlabamaAlaskaAmerican SamoaArizonaArkansasBureau of PrisonsCaliforniaColoradoConnecticutDelawareDept of DefenseDistrict of ColumbiaFederated States of MicronesiaFloridaGeorgiaGuamHawaiiIdahoIllinoisIndian Health SvcIndianaIowaKansasKentuckyLong Term CareLouisianaMaineMarshall IslandsMarylandMassachusettsMichiganMinnesotaMississippiMissouriMontanaNebraskaNevadaNew HampshireNew JerseyNew MexicoNew York StateNorth CarolinaNorth DakotaNorthern Mariana IslandsOhioOklahomaOregonPennsylvaniaPuerto RicoRepublic of PalauRhode IslandSouth CarolinaSouth DakotaTennesseeTexasUnited StatesUtahVermontVeterans HealthVirgin IslandsVirginiaWashingtonWest VirginiaWisconsinWyoming,0,0,0,0.0,0.0,0,0.0,0.0,0,416684.0,39663,0.0,0,0.0
2022-08-19,AlabamaAlaskaAmerican SamoaArizonaArkansasBureau of PrisonsCaliforniaColoradoConnecticutDelawareDept of DefenseDistrict of ColumbiaFederated States of MicronesiaFloridaGeorgiaGuamHawaiiIdahoIllinoisIndian Health SvcIndianaIowaKansasKentuckyLong Term CareLouisianaMaineMarshall IslandsMarylandMassachusettsMichiganMinnesotaMississippiMissouriMontanaNebraskaNevadaNew HampshireNew JerseyNew MexicoNew York StateNorth CarolinaNorth DakotaNorthern Mariana IslandsOhioOklahomaOregonPennsylvaniaPuerto RicoRepublic of PalauRhode IslandSouth CarolinaSouth DakotaTennesseeTexasUnited StatesUtahVermontVeterans HealthVirgin IslandsVirginiaWashingtonWest VirginiaWisconsinWyoming,0,0,0,0.0,0.0,0,0.0,0.0,0,414059.0,40709,0.0,0,0.0
2022-08-20,AlabamaAlaskaAmerican SamoaArizonaArkansasBureau of PrisonsCaliforniaColoradoConnecticutDelawareDept of DefenseDistrict of ColumbiaFederated States of MicronesiaFloridaGeorgiaGuamHawaiiIdahoIllinoisIndian Health SvcIndianaIowaKansasKentuckyLong Term CareLouisianaMaineMarshall IslandsMarylandMassachusettsMichiganMinnesotaMississippiMissouriMontanaNebraskaNevadaNew HampshireNew JerseyNew MexicoNew York StateNorth CarolinaNorth DakotaNorthern Mariana IslandsOhioOklahomaOregonPennsylvaniaPuerto RicoRepublic of PalauRhode IslandSouth CarolinaSouth DakotaTennesseeTexasUnited StatesUtahVermontVeterans HealthVirgin IslandsVirginiaWashingtonWest VirginiaWisconsinWyoming,0,0,0,0.0,0.0,0,0.0,0.0,0,411426.0,41767,0.0,0,0.0
2022-08-21,AlabamaAlaskaAmerican SamoaArizonaArkansasBureau of PrisonsCaliforniaColoradoConnecticutDelawareDept of DefenseDistrict of ColumbiaFederated States of MicronesiaFloridaGeorgiaGuamHawaiiIdahoIllinoisIndian Health SvcIndianaIowaKansasKentuckyLong Term CareLouisianaMaineMarshall IslandsMarylandMassachusettsMichiganMinnesotaMississippiMissouriMontanaNebraskaNevadaNew HampshireNew JerseyNew MexicoNew York StateNorth CarolinaNorth DakotaNorthern Mariana IslandsOhioOklahomaOregonPennsylvaniaPuerto RicoRepublic of PalauRhode IslandSouth CarolinaSouth DakotaTennesseeTexasUnited StatesUtahVermontVeterans HealthVirgin IslandsVirginiaWashingtonWest VirginiaWisconsinWyoming,0,0,0,0.0,0.0,0,0.0,0.0,0,408795.0,42831,0.0,0,0.0
2022-08-22,AlabamaAlaskaAmerican SamoaArizonaArkansasBureau of PrisonsCaliforniaColoradoConnecticutDelawareDept of DefenseDistrict of ColumbiaFederated States of MicronesiaFloridaGeorgiaGuamHawaiiIdahoIllinoisIndian Health SvcIndianaIowaKansasKentuckyLong Term CareLouisianaMaineMarshall IslandsMarylandMassachusettsMichiganMinnesotaMississippiMissouriMontanaNebraskaNevadaNew HampshireNew JerseyNew MexicoNew York StateNorth CarolinaNorth DakotaNorthern Mariana IslandsOhioOklahomaOregonPennsylvaniaPuerto RicoRepublic of PalauRhode IslandSouth CarolinaSouth DakotaTennesseeTexasUnited StatesUtahVermontVeterans HealthVirgin IslandsVirginiaWashingtonWest VirginiaWisconsinWyoming,0,0,0,0.0,0.0,0,0.0,0.0,0,406169.0,43891,0.0,0,0.0
2022-08-23,AlabamaAlaskaAmerican SamoaArizonaArkansasBureau of PrisonsCaliforniaColoradoConnecticutDelawareDept of DefenseDistrict of ColumbiaFederated States of MicronesiaFloridaGeorgiaGuamHawaiiIdahoIllinoisIndian Health SvcIndianaIowaKansasKentuckyLong Term CareLouisianaMaineMarshall IslandsMarylandMassachusettsMichiganMinnesotaMississippiMissouriMontanaNebraskaNevadaNew HampshireNew JerseyNew MexicoNew York StateNorth CarolinaNorth DakotaNorthern Mariana IslandsOhioOklahomaOregonPennsylvaniaPuerto RicoRepublic of PalauRhode IslandSouth CarolinaSouth DakotaTennesseeTexasUnited StatesUtahVermontVeterans HealthVirgin IslandsVirginiaWashingtonWest VirginiaWisconsinWyoming,0,0,0,0.0,0.0,0,0.0,0.0,0,403540.0,44944,0.0,0,0.0
2022-08-24,AlabamaAlaskaAmerican SamoaArizonaArkansasBureau of PrisonsCaliforniaColoradoConnecticutDelawareDept of DefenseDistrict of ColumbiaFederated States of MicronesiaFloridaGeorgiaGuamHawaiiIdahoIllinoisIndian Health SvcIndianaIowaKansasKentuckyLong Term CareLouisianaMaineMarshall IslandsMarylandMassachusettsMichiganMinnesotaMississippiMissouriMontanaNebraskaNevadaNew HampshireNew JerseyNew MexicoNew York StateNorth CarolinaNorth DakotaNorthern Mariana IslandsOhioOklahomaOregonPennsylvaniaPuerto RicoRepublic of PalauRhode IslandSouth CarolinaSouth DakotaTennesseeTexasUnited StatesUtahVermontVeterans HealthVirgin IslandsVirginiaWashingtonWest VirginiaWisconsinWyoming,1223010993,1620021170,529146629,3913.22,10583.97,450674675,4574.37,13935.2705,0,400908.0,45964,47.861,277556482,2396.69
2022-08-25,AlabamaAlaskaAmerican SamoaArizonaArkansasBureau of PrisonsCaliforniaColoradoConnecticutDelawareDept of DefenseDistrict of ColumbiaFederated States of MicronesiaFloridaGeorgiaGuamHawaiiIdahoIllinoisIndian Health SvcIndianaIowaKansasKentuckyLong Term CareLouisianaMaineMarshall IslandsMarylandMassachusettsMichiganMinnesotaMississippiMissouriMontanaNebraskaNevadaNew HampshireNew JerseyNew MexicoNew York StateNorth CarolinaNorth DakotaNorthern Mariana IslandsOhioOklahomaOregonPennsylvaniaPuerto RicoRepublic of PalauRhode IslandSouth CarolinaSouth DakotaTennesseeTexasUnited StatesUtahVermontVeterans HealthVirgin IslandsVirginiaWashingtonWest VirginiaWisconsinWyoming,0,0,0,0.0,0.0,0,0.0,0.0,0,394821.0,45208,0.0,0,0.0
2022-08-26,AlabamaAlaskaAmerican SamoaArizonaArkansasBureau of PrisonsCaliforniaColoradoConnecticutDelawareDept of DefenseDistrict of ColumbiaFederated States of MicronesiaFloridaGeorgiaGuamHawaiiIdahoIllinoisIndian Health SvcIndianaIowaKansasKentuckyLong Term CareLouisianaMaineMarshall IslandsMarylandMassachusettsMichiganMinnesotaMississippiMissouriMontanaNebraskaNevadaNew HampshireNew JerseyNew MexicoNew York StateNorth CarolinaNorth DakotaNorthern Mariana IslandsOhioOklahomaOregonPennsylvaniaPuerto RicoRepublic of PalauRhode IslandSouth CarolinaSouth DakotaTennesseeTexasUnited StatesUtahVermontVeterans HealthVirgin IslandsVirginiaWashingtonWest VirginiaWisconsinWyoming,0,0,0,0.0,0.0,0,0.0,0.0,0,388731.0,44487,0.0,0,0.0
2022-08-27,AlabamaAlaskaAmerican SamoaArizonaArkansasBureau of PrisonsCaliforniaColoradoConnecticutDelawareDept of DefenseDistrict of ColumbiaFederated States of MicronesiaFloridaGeorgiaGuamHawaiiIdahoIllinoisIndian Health SvcIndianaIowaKansasKentuckyLong Term CareLouisianaMaineMarshall IslandsMarylandMassachusettsMichiganMinnesotaMississippiMissouriMontanaNebraskaNevadaNew HampshireNew JerseyNew MexicoNew York StateNorth CarolinaNorth DakotaNorthern Mariana IslandsOhioOklahomaOregonPennsylvaniaPuerto RicoRepublic of PalauRhode IslandSouth CarolinaSouth DakotaTennesseeTexasUnited StatesUtahVermontVeterans HealthVirgin IslandsVirginiaWashingtonWest VirginiaWisconsinWyoming,0,0,0,0.0,0.0,0,0.0,0.0,0,382640.0,43723,0.0,0,0.0
2022-08-28,AlabamaAlaskaAmerican SamoaArizonaArkansasBureau of PrisonsCaliforniaColoradoConnecticutDelawareDept of DefenseDistrict of ColumbiaFederated States of MicronesiaFloridaGeorgiaGuamHawaiiIdahoIllinoisIndian Health SvcIndianaIowaKansasKentuckyLong Term CareLouisianaMaineMarshall IslandsMarylandMassachusettsMichiganMinnesotaMississippiMissouriMontanaNebraskaNevadaNew HampshireNew JerseyNew MexicoNew York StateNorth CarolinaNorth DakotaNorthern Mariana IslandsOhioOklahomaOregonPennsylvaniaPuerto RicoRepublic of PalauRhode IslandSouth CarolinaSouth DakotaTennesseeTexasUnited StatesUtahVermontVeterans HealthVirgin IslandsVirginiaWashingtonWest VirginiaWisconsinWyoming,0,0,0,0.0,0.0,0,0.0,0.0,0,376552.0,42986,0.0,0,0.0
2022-08-29,AlabamaAlaskaAmerican SamoaArizonaArkansasBureau of PrisonsCaliforniaColoradoConnecticutDelawareDept of DefenseDistrict of ColumbiaFederated States of MicronesiaFloridaGeorgiaGuamHawaiiIdahoIllinoisIndian Health SvcIndianaIowaKansasKentuckyLong Term CareLouisianaMaineMarshall IslandsMarylandMassachusettsMichiganMinnesotaMississippiMissouriMontanaNebraskaNevadaNew HampshireNew JerseyNew MexicoNew York StateNorth CarolinaNorth DakotaNorthern Mariana IslandsOhioOklahomaOregonPennsylvaniaPuerto RicoRepublic of PalauRhode IslandSouth CarolinaSouth DakotaTennesseeTexasUnited StatesUtahVermontVeterans HealthVirgin IslandsVirginiaWashingtonWest VirginiaWisconsinWyoming,0,0,0,0.0,0.0,0,0.0,0.0,0,370462.0,42233,0.0,0,0.0
2022-08-30,AlabamaAlaskaAmerican SamoaArizonaArkansasBureau of PrisonsCaliforniaColoradoConnecticutDelawareDept of DefenseDistrict of ColumbiaFederated States of MicronesiaFloridaGeorgiaGuamHawaiiIdahoIllinoisIndian Health SvcIndianaIowaKansasKentuckyLong Term CareLouisianaMaineMarshall IslandsMarylandMassachusettsMichiganMinnesotaMississippiMissouriMontanaNebraskaNevadaNew HampshireNew JerseyNew MexicoNew York StateNorth CarolinaNorth DakotaNorthern Mariana IslandsOhioOklahomaOregonPennsylvaniaPuerto RicoRepublic of PalauRhode IslandSouth CarolinaSouth DakotaTennesseeTexasUnited StatesUtahVermontVeterans HealthVirgin IslandsVirginiaWashingtonWest VirginiaWisconsinWyoming,0,0,0,0.0,0.0,0,0.0,0.0,0,364373.0,41463,0.0,0,0.0
2022-08-31,AlabamaAlaskaAmerican SamoaArizonaArkansasBureau of PrisonsCaliforniaColoradoConnecticutDelawareDept of DefenseDistrict of ColumbiaFederated States of MicronesiaFloridaGeorgiaGuamHawaiiIdahoIllinoisIndian Health SvcIndianaIowaKansasKentuckyLong Term CareLouisianaMaineMarshall IslandsMarylandMassachusettsMichiganMinnesotaMississippiMissouriMontanaNebraskaNevadaNew HampshireNew JerseyNew MexicoNew York StateNorth CarolinaNorth DakotaNorthern Mariana IslandsOhioOklahomaOregonPennsylvaniaPuerto RicoRepublic of PalauRhode IslandSouth CarolinaSouth DakotaTennesseeTexasUnited StatesUtahVermontVeterans HealthVirgin IslandsVirginiaWashingtonWest VirginiaWisconsinWyoming,1145367287,1526057285,496456754,3844.57,10408.03,422030534,4497.19,13742.4,0,358280.0,40738,46.982,259161268,2361.53
2022-09-01,AlabamaAlaskaAmerican SamoaArizonaArkansasBureau of PrisonsCaliforniaColoradoConnecticutDelawareDept of DefenseDistrict of ColumbiaFederated States of MicronesiaFloridaGeorgiaGuamHawaiiIdahoIllinoisIndian Health SvcIndianaIowaKansasKentuckyLong Term CareLouisianaMaineMarshall IslandsMarylandMassachusettsMichiganMinnesotaMississippiMissouriMontanaNebraskaNevadaNew HampshireNew JerseyNew MexicoNew York StateNorth CarolinaNorth DakotaNorthern Mariana IslandsOhioOklahomaOregonPennsylvaniaPuerto RicoRepublic of PalauRhode IslandSouth CarolinaSouth DakotaTennesseeTexasUnited StatesUtahVermontVeterans HealthVirgin IslandsVirginiaWashingtonWest VirginiaWisconsinWyoming,0,0,0,0.0,0.0,0,0.0,0.0,0,343383.0,38652,0.0,0,0.0
2022-09-02,AlabamaAlaskaAmerican SamoaArizonaArkansasBureau of PrisonsCaliforniaColoradoConnecticutDelawareDept of DefenseDistrict of ColumbiaFederated States of MicronesiaFloridaGeorgiaGuamHawaiiIdahoIllinoisIndian Health SvcIndianaIowaKansasKentuckyLong Term CareLouisianaMaineMarshall IslandsMarylandMassachusettsMichiganMinnesotaMississippiMissouriMontanaNebraskaNevadaNew HampshireNew JerseyNew MexicoNew York StateNorth CarolinaNorth DakotaNorthern Mariana IslandsOhioOklahomaOregonPennsylvaniaPuerto RicoRepublic of PalauRhode IslandSouth CarolinaSouth DakotaTennesseeTexasUnited StatesUtahVermontVeterans HealthVirgin IslandsVirginiaWashingtonWest VirginiaWisconsinWyoming,0,0,0,0.0,0.0,0,0.0,0.0,0,328479.0,36601,0.0,0,0.0
2022-09-03,AlabamaAlaskaAmerican SamoaArizonaArkansasBureau of PrisonsCaliforniaColoradoConnecticutDelawareDept of DefenseDistrict of ColumbiaFederated States of MicronesiaFloridaGeorgiaGuamHawaiiIdahoIllinoisIndian Health SvcIndianaIowaKansasKentuckyLong Term CareLouisianaMaineMarshall IslandsMarylandMassachusettsMichiganMinnesotaMississippiMissouriMontanaNebraskaNevadaNew HampshireNew JerseyNew MexicoNew York StateNorth CarolinaNorth DakotaNorthern Mariana IslandsOhioOklahomaOregonPennsylvaniaPuerto RicoRepublic of PalauRhode IslandSouth CarolinaSouth DakotaTennesseeTexasUnited StatesUtahVermontVeterans HealthVirgin IslandsVirginiaWashingtonWest VirginiaWisconsinWyoming,0,0,0,0.0,0.0,0,0.0,0.0,0,313581.0,34522,0.0,0,0.0
2022-09-04,AlabamaAlaskaAmerican SamoaArizonaArkansasBureau of PrisonsCaliforniaColoradoConnecticutDelawareDept of DefenseDistrict of ColumbiaFederated States of MicronesiaFloridaGeorgiaGuamHawaiiIdahoIllinoisIndian Health SvcIndianaIowaKansasKentuckyLong Term CareLouisianaMaineMarshall IslandsMarylandMassachusettsMichiganMinnesotaMississippiMissouriMontanaNebraskaNevadaNew HampshireNew JerseyNew MexicoNew York StateNorth CarolinaNorth DakotaNorthern Mariana IslandsOhioOklahomaOregonPennsylvaniaPuerto RicoRepublic of PalauRhode IslandSouth CarolinaSouth DakotaTennesseeTexasUnited StatesUtahVermontVeterans HealthVirgin IslandsVirginiaWashingtonWest VirginiaWisconsinWyoming,0,0,0,0.0,0.0,0,0.0,0.0,0,298681.0,32418,0.0,0,0.0
2022-09-05,AlabamaAlaskaAmerican SamoaArizonaArkansasBureau of PrisonsCaliforniaColoradoConnecticutDelawareDept of DefenseDistrict of ColumbiaFederated States of MicronesiaFloridaGeorgiaGuamHawaiiIdahoIllinoisIndian Health SvcIndianaIowaKansasKentuckyLong Term CareLouisianaMaineMarshall IslandsMarylandMassachusettsMichiganMinnesotaMississippiMissouriMontanaNebraskaNevadaNew HampshireNew JerseyNew MexicoNew York StateNorth CarolinaNorth DakotaNorthern Mariana IslandsOhioOklahomaOregonPennsylvaniaPuerto RicoRepublic of PalauRhode IslandSouth CarolinaSouth DakotaTennesseeTexasUnited StatesUtahVermontVeterans HealthVirgin IslandsVirginiaWashingtonWest VirginiaWisconsinWyoming,0,0,0,0.0,0.0,0,0.0,0.0,0,283774.0,30322,0.0,0,0.0
2022-09-06,AlabamaAlaskaAmerican SamoaArizonaArkansasBureau of PrisonsCaliforniaColoradoConnecticutDelawareDept of DefenseDistrict of ColumbiaFederated States of MicronesiaFloridaGeorgiaGuamHawaiiIdahoIllinoisIndian Health SvcIndianaIowaKansasKentuckyLong Term CareLouisianaMaineMarshall IslandsMarylandMassachusettsMichiganMinnesotaMississippiMissouriMontanaNebraskaNevadaNew HampshireNew JerseyNew MexicoNew York StateNorth CarolinaNorth DakotaNorthern Mariana IslandsOhioOklahomaOregonPennsylvaniaPuerto RicoRepublic of PalauRhode IslandSouth CarolinaSouth DakotaTennesseeTexasUnited StatesUtahVermontVeterans HealthVirgin IslandsVirginiaWashingtonWest VirginiaWisconsinWyoming,0,0,0,0.0,0.0,0,0.0,0.0,0,268876.0,28285,0.0,0,0.0
2022-09-07,AlabamaAlaskaAmerican SamoaArizonaArkansasBureau of PrisonsCaliforniaColoradoConnecticutDelawareDept of DefenseDistrict of ColumbiaFederated States of MicronesiaFloridaGeorgiaGuamHawaiiIdahoIllinoisIndian Health SvcIndianaIowaKansasKentuckyLong Term CareLouisianaMaineMarshall IslandsMarylandMassachusettsMichiganMinnesotaMississippiMissouriMontanaNebraskaNevadaNew HampshireNew JerseyNew MexicoNew York StateNorth CarolinaNorth DakotaNorthern Mariana IslandsOhioOklahomaOregonPennsylvaniaPuerto RicoRepublic of PalauRhode IslandSouth CarolinaSouth DakotaTennesseeTexasUnited StatesUtahVermontVeterans HealthVirgin IslandsVirginiaWashingtonWest VirginiaWisconsinWyoming,1146650269,1540317405,496831826,3848.15,10423.56,422523527,4501.86,13876.52,0,253974.0,26185,46.624,259590265,2368.89
2022-09-08,AlabamaAlaskaAmerican SamoaArizonaArkansasBureau of PrisonsCaliforniaColoradoConnecticutDelawareDept of DefenseDistrict of ColumbiaFederated States of MicronesiaFloridaGeorgiaGuamHawaiiIdahoIllinoisIndian Health SvcIndianaIowaKansasKentuckyLong Term CareLouisianaMaineMarshall IslandsMarylandMassachusettsMichiganMinnesotaMississippiMissouriMontanaNebraskaNevadaNew HampshireNew JerseyNew MexicoNew York StateNorth CarolinaNorth DakotaNorthern Mariana IslandsOhioOklahomaOregonPennsylvaniaPuerto RicoRepublic of PalauRhode IslandSouth CarolinaSouth DakotaTennesseeTexasUnited StatesUtahVermontVeterans HealthVirgin IslandsVirginiaWashingtonWest VirginiaWisconsinWyoming,0,0,0,0.0,0.0,0,0.0,0.0,0,306315.0,30162,0.0,0,0.0
2022-09-09,AlabamaAlaskaAmerican SamoaArizonaArkansasBureau of PrisonsCaliforniaColoradoConnecticutDelawareDept of DefenseDistrict of ColumbiaFederated States of MicronesiaFloridaGeorgiaGuamHawaiiIdahoIllinoisIndian Health SvcIndianaIowaKansasKentuckyLong Term CareLouisianaMaineMarshall IslandsMarylandMassachusettsMichiganMinnesotaMississippiMissouriMontanaNebraskaNevadaNew HampshireNew JerseyNew MexicoNew York StateNorth CarolinaNorth DakotaNorthern Mariana IslandsOhioOklahomaOregonPennsylvaniaPuerto RicoRepublic of PalauRhode IslandSouth CarolinaSouth DakotaTennesseeTexasUnited StatesUtahVermontVeterans HealthVirgin IslandsVirginiaWashingtonWest VirginiaWisconsinWyoming,0,0,0,0.0,0.0,0,0.0,0.0,0,358662.0,34177,0.0,0,0.0
2022-09-10,AlabamaAlaskaAmerican SamoaArizonaArkansasBureau of PrisonsCaliforniaColoradoConnecticutDelawareDept of DefenseDistrict of ColumbiaFederated States of MicronesiaFloridaGeorgiaGuamHawaiiIdahoIllinoisIndian Health SvcIndianaIowaKansasKentuckyLong Term CareLouisianaMaineMarshall IslandsMarylandMassachusettsMichiganMinnesotaMississippiMissouriMontanaNebraskaNevadaNew HampshireNew JerseyNew MexicoNew York StateNorth CarolinaNorth DakotaNorthern Mariana IslandsOhioOklahomaOregonPennsylvaniaPuerto RicoRepublic of PalauRhode IslandSouth CarolinaSouth DakotaTennesseeTexasUnited StatesUtahVermontVeterans HealthVirgin IslandsVirginiaWashingtonWest VirginiaWisconsinWyoming,0,0,0,0.0,0.0,0,0.0,0.0,0,411002.0,38145,0.0,0,0.0
2022-09-11,AlabamaAlaskaAmerican SamoaArizonaArkansasBureau of PrisonsCaliforniaColoradoConnecticutDelawareDept of DefenseDistrict of ColumbiaFederated States of MicronesiaFloridaGeorgiaGuamHawaiiIdahoIllinoisIndian Health SvcIndianaIowaKansasKentuckyLong Term CareLouisianaMaineMarshall IslandsMarylandMassachusettsMichiganMinnesotaMississippiMissouriMontanaNebraskaNevadaNew HampshireNew JerseyNew MexicoNew York StateNorth CarolinaNorth DakotaNorthern Mariana IslandsOhioOklahomaOregonPennsylvaniaPuerto RicoRepublic of PalauRhode IslandSouth CarolinaSouth DakotaTennesseeTexasUnited StatesUtahVermontVeterans HealthVirgin IslandsVirginiaWashingtonWest VirginiaWisconsinWyoming,0,0,0,0.0,0.0,0,0.0,0.0,0,463357.0,42139,0.0,0,0.0
2022-09-12,AlabamaAlaskaAmerican SamoaArizonaArkansasBureau of PrisonsCaliforniaColoradoConnecticutDelawareDept of DefenseDistrict of ColumbiaFederated States of MicronesiaFloridaGeorgiaGuamHawaiiIdahoIllinoisIndian Health SvcIndianaIowaKansasKentuckyLong Term CareLouisianaMaineMarshall IslandsMarylandMassachusettsMichiganMinnesotaMississippiMissouriMontanaNebraskaNevadaNew HampshireNew JerseyNew MexicoNew York StateNorth CarolinaNorth DakotaNorthern Mariana IslandsOhioOklahomaOregonPennsylvaniaPuerto RicoRepublic of PalauRhode IslandSouth CarolinaSouth DakotaTennesseeTexasUnited StatesUtahVermontVeterans HealthVirgin IslandsVirginiaWashingtonWest VirginiaWisconsinWyoming,0,0,0,0.0,0.0,0,0.0,0.0,0,515692.0,46109,0.0,0,0.0
2022-09-13,AlabamaAlaskaAmerican SamoaArizonaArkansasBureau of PrisonsCaliforniaColoradoConnecticutDelawareDept of DefenseDistrict of ColumbiaFederated States of MicronesiaFloridaGeorgiaGuamHawaiiIdahoIllinoisIndian Health SvcIndianaIowaKansasKentuckyLong Term CareLouisianaMaineMarshall IslandsMarylandMassachusettsMichiganMinnesotaMississippiMissouriMontanaNebraskaNevadaNew HampshireNew JerseyNew MexicoNew York StateNorth CarolinaNorth DakotaNorthern Mariana IslandsOhioOklahomaOregonPennsylvaniaPuerto RicoRepublic of PalauRhode IslandSouth CarolinaSouth DakotaTennesseeTexasUnited StatesUtahVermontVeterans HealthVirgin IslandsVirginiaWashingtonWest VirginiaWisconsinWyoming,0,0,0,0.0,0.0,0,0.0,0.0,0,568036.0,50104,0.0,0,0.0
2022-09-14,AlabamaAlaskaAmerican SamoaArizonaArkansasBureau of PrisonsCaliforniaColoradoConnecticutDelawareDept of DefenseDistrict of ColumbiaFederated States of MicronesiaFloridaGeorgiaGuamHawaiiIdahoIllinoisIndian Health SvcIndianaIowaKansasKentuckyLong Term CareLouisianaMaineMarshall IslandsMarylandMassachusettsMichiganMinnesotaMississippiMissouriMontanaNebraskaNevadaNew HampshireNew JerseyNew MexicoNew York StateNorth CarolinaNorth DakotaNorthern Mariana IslandsOhioOklahomaOregonPennsylvaniaPuerto RicoRepublic of PalauRhode IslandSouth CarolinaSouth DakotaTennesseeTexasUnited StatesUtahVermontVeterans HealthVirgin IslandsVirginiaWashingtonWest VirginiaWisconsinWyoming,1150498130,1572230405,497420399,3853.27,10458.6,423024256,4508.47,14140.88,0,620384.0,54108,45.931,262359298,2392.32
2022-09-15,AlabamaAlaskaAmerican SamoaArizonaArkansasBureau of PrisonsCaliforniaColoradoConnecticutDelawareDept of DefenseDistrict of ColumbiaFederated States of MicronesiaFloridaGeorgiaGuamHawaiiIdahoIllinoisIndian Health SvcIndianaIowaKansasKentuckyLong Term CareLouisianaMaineMarshall IslandsMarylandMassachusettsMichiganMinnesotaMississippiMissouriMontanaNebraskaNevadaNew HampshireNew JerseyNew MexicoNew York StateNorth CarolinaNorth DakotaNorthern Mariana IslandsOhioOklahomaOregonPennsylvaniaPuerto RicoRepublic of PalauRhode IslandSouth CarolinaSouth DakotaTennesseeTexasUnited StatesUtahVermontVeterans HealthVirgin IslandsVirginiaWashingtonWest VirginiaWisconsinWyoming,0,0,0,0.0,0.0,0,0.0,0.0,0,669997.0,58833,0.0,0,0.0
2022-09-16,AlabamaAlaskaAmerican SamoaArizonaArkansasBureau of PrisonsCaliforniaColoradoConnecticutDelawareDept of DefenseDistrict of ColumbiaFederated States of MicronesiaFloridaGeorgiaGuamHawaiiIdahoIllinoisIndian Health SvcIndianaIowaKansasKentuckyLong Term CareLouisianaMaineMarshall IslandsMarylandMassachusettsMichiganMinnesotaMississippiMissouriMontanaNebraskaNevadaNew HampshireNew JerseyNew MexicoNew York StateNorth CarolinaNorth DakotaNorthern Mariana IslandsOhioOklahomaOregonPennsylvaniaPuerto RicoRepublic of PalauRhode IslandSouth CarolinaSouth DakotaTennesseeTexasUnited StatesUtahVermontVeterans HealthVirgin IslandsVirginiaWashingtonWest VirginiaWisconsinWyoming,0,0,0,0.0,0.0,0,0.0,0.0,0,719615.0,63612,0.0,0,0.0
2022-09-17,AlabamaAlaskaAmerican SamoaArizonaArkansasBureau of PrisonsCaliforniaColoradoConnecticutDelawareDept of DefenseDistrict of ColumbiaFederated States of MicronesiaFloridaGeorgiaGuamHawaiiIdahoIllinoisIndian Health SvcIndianaIowaKansasKentuckyLong Term CareLouisianaMaineMarshall IslandsMarylandMassachusettsMichiganMinnesotaMississippiMissouriMontanaNebraskaNevadaNew HampshireNew JerseyNew MexicoNew York StateNorth CarolinaNorth DakotaNorthern Mariana IslandsOhioOklahomaOregonPennsylvaniaPuerto RicoRepublic of PalauRhode IslandSouth CarolinaSouth DakotaTennesseeTexasUnited StatesUtahVermontVeterans HealthVirgin IslandsVirginiaWashingtonWest VirginiaWisconsinWyoming,0,0,0,0.0,0.0,0,0.0,0.0,0,769228.0,68373,0.0,0,0.0
2022-09-18,AlabamaAlaskaAmerican SamoaArizonaArkansasBureau of PrisonsCaliforniaColoradoConnecticutDelawareDept of DefenseDistrict of ColumbiaFederated States of MicronesiaFloridaGeorgiaGuamHawaiiIdahoIllinoisIndian Health SvcIndianaIowaKansasKentuckyLong Term CareLouisianaMaineMarshall IslandsMarylandMassachusettsMichiganMinnesotaMississippiMissouriMontanaNebraskaNevadaNew HampshireNew JerseyNew MexicoNew York StateNorth CarolinaNorth DakotaNorthern Mariana IslandsOhioOklahomaOregonPennsylvaniaPuerto RicoRepublic of PalauRhode IslandSouth CarolinaSouth DakotaTennesseeTexasUnited StatesUtahVermontVeterans HealthVirgin IslandsVirginiaWashingtonWest VirginiaWisconsinWyoming,0,0,0,0.0,0.0,0,0.0,0.0,0,818840.0,73111,0.0,0,0.0
2022-09-19,AlabamaAlaskaAmerican SamoaArizonaArkansasBureau of PrisonsCaliforniaColoradoConnecticutDelawareDept of DefenseDistrict of ColumbiaFederated States of MicronesiaFloridaGeorgiaGuamHawaiiIdahoIllinoisIndian Health SvcIndianaIowaKansasKentuckyLong Term CareLouisianaMaineMarshall IslandsMarylandMassachusettsMichiganMinnesotaMississippiMissouriMontanaNebraskaNevadaNew HampshireNew JerseyNew MexicoNew York StateNorth CarolinaNorth DakotaNorthern Mariana IslandsOhioOklahomaOregonPennsylvaniaPuerto RicoRepublic of PalauRhode IslandSouth CarolinaSouth DakotaTennesseeTexasUnited StatesUtahVermontVeterans HealthVirgin IslandsVirginiaWashingtonWest VirginiaWisconsinWyoming,0,0,0,0.0,0.0,0,0.0,0.0,0,868456.0,77890,0.0,0,0.0
2022-09-20,AlabamaAlaskaAmerican SamoaArizonaArkansasBureau of PrisonsCaliforniaColoradoConnecticutDelawareDept of DefenseDistrict of ColumbiaFederated States of MicronesiaFloridaGeorgiaGuamHawaiiIdahoIllinoisIndian Health SvcIndianaIowaKansasKentuckyLong Term CareLouisianaMaineMarshall IslandsMarylandMassachusettsMichiganMinnesotaMississippiMissouriMontanaNebraskaNevadaNew HampshireNew JerseyNew MexicoNew York StateNorth CarolinaNorth DakotaNorthern Mariana IslandsOhioOklahomaOregonPennsylvaniaPuerto RicoRepublic of PalauRhode IslandSouth CarolinaSouth DakotaTennesseeTexasUnited StatesUtahVermontVeterans HealthVirgin IslandsVirginiaWashingtonWest VirginiaWisconsinWyoming,0,0,0,0.0,0.0,0,0.0,0.0,0,918071.0,82634,0.0,0,0.0
2022-09-21,AlabamaAlaskaAmerican SamoaArizonaArkansasBureau of PrisonsCaliforniaColoradoConnecticutDelawareDept of DefenseDistrict of ColumbiaFederated States of MicronesiaFloridaGeorgiaGuamHawaiiIdahoIllinoisIndian Health SvcIndianaIowaKansasKentuckyLong Term CareLouisianaMaineMarshall IslandsMarylandMassachusettsMichiganMinnesotaMississippiMissouriMontanaNebraskaNevadaNew HampshireNew JerseyNew MexicoNew York StateNorth CarolinaNorth DakotaNorthern Mariana IslandsOhioOklahomaOregonPennsylvaniaPuerto RicoRepublic of PalauRhode IslandSouth CarolinaSouth DakotaTennesseeTexasUnited StatesUtahVermontVeterans HealthVirgin IslandsVirginiaWashingtonWest VirginiaWisconsinWyoming,1150066618,1580673905,495191997,3714.33,10103.09,421240031,4342.31,13749.91,0,967688.0,87405,44.171,265718803,2328.6301
2022-09-22,AlabamaAlaskaAmerican SamoaArizonaArkansasBureau of PrisonsCaliforniaColoradoConnecticutDelawareDept of DefenseDistrict of ColumbiaFederated States of MicronesiaFloridaGeorgiaGuamHawaiiIdahoIllinoisIndian Health SvcIndianaIowaKansasKentuckyLong Term CareLouisianaMaineMarshall IslandsMarylandMassachusettsMichiganMinnesotaMississippiMissouriMontanaNebraskaNevadaNew HampshireNew JerseyNew MexicoNew York StateNorth CarolinaNorth DakotaNorthern Mariana IslandsOhioOklahomaOregonPennsylvaniaPuerto RicoRepublic of PalauRhode IslandSouth CarolinaSouth DakotaTennesseeTexasUnited StatesUtahVermontVeterans HealthVirgin IslandsVirginiaWashingtonWest VirginiaWisconsinWyoming,0,0,0,0.0,0.0,0,0.0,0.0,0,979964.0,89966,0.0,0,0.0
2022-09-23,AlabamaAlaskaAmerican SamoaArizonaArkansasBureau of PrisonsCaliforniaColoradoConnecticutDelawareDept of DefenseDistrict of ColumbiaFederated States of MicronesiaFloridaGeorgiaGuamHawaiiIdahoIllinoisIndian Health SvcIndianaIowaKansasKentuckyLong Term CareLouisianaMaineMarshall IslandsMarylandMassachusettsMichiganMinnesotaMississippiMissouriMontanaNebraskaNevadaNew HampshireNew JerseyNew MexicoNew York StateNorth CarolinaNorth DakotaNorthern Mariana IslandsOhioOklahomaOregonPennsylvaniaPuerto RicoRepublic of PalauRhode IslandSouth CarolinaSouth DakotaTennesseeTexasUnited StatesUtahVermontVeterans HealthVirgin IslandsVirginiaWashingtonWest VirginiaWisconsinWyoming,0,0,0,0.0,0.0,0,0.0,0.0,0,992241.0,92504,0.0,0,0.0
2022-09-24,AlabamaAlaskaAmerican SamoaArizonaArkansasBureau of PrisonsCaliforniaColoradoConnecticutDelawareDept of DefenseDistrict of ColumbiaFederated States of MicronesiaFloridaGeorgiaGuamHawaiiIdahoIllinoisIndian Health SvcIndianaIowaKansasKentuckyLong Term CareLouisianaMaineMarshall IslandsMarylandMassachusettsMichiganMinnesotaMississippiMissouriMontanaNebraskaNevadaNew HampshireNew JerseyNew MexicoNew York StateNorth CarolinaNorth DakotaNorthern Mariana IslandsOhioOklahomaOregonPennsylvaniaPuerto RicoRepublic of PalauRhode IslandSouth CarolinaSouth DakotaTennesseeTexasUnited StatesUtahVermontVeterans HealthVirgin IslandsVirginiaWashingtonWest VirginiaWisconsinWyoming,0,0,0,0.0,0.0,0,0.0,0.0,0,1004519.0,95075,0.0,0,0.0
2022-09-25,AlabamaAlaskaAmerican SamoaArizonaArkansasBureau of PrisonsCaliforniaColoradoConnecticutDelawareDept of DefenseDistrict of ColumbiaFederated States of MicronesiaFloridaGeorgiaGuamHawaiiIdahoIllinoisIndian Health SvcIndianaIowaKansasKentuckyLong Term CareLouisianaMaineMarshall IslandsMarylandMassachusettsMichiganMinnesotaMississippiMissouriMontanaNebraskaNevadaNew HampshireNew JerseyNew MexicoNew York StateNorth CarolinaNorth DakotaNorthern Mariana IslandsOhioOklahomaOregonPennsylvaniaPuerto RicoRepublic of PalauRhode IslandSouth CarolinaSouth DakotaTennesseeTexasUnited StatesUtahVermontVeterans HealthVirgin IslandsVirginiaWashingtonWest VirginiaWisconsinWyoming,0,0,0,0.0,0.0,0,0.0,0.0,0,1016797.0,97577,0.0,0,0.0
2022-09-26,AlabamaAlaskaAmerican SamoaArizonaArkansasBureau of PrisonsCaliforniaColoradoConnecticutDelawareDept of DefenseDistrict of ColumbiaFederated States of MicronesiaFloridaGeorgiaGuamHawaiiIdahoIllinoisIndian Health SvcIndianaIowaKansasKentuckyLong Term CareLouisianaMaineMarshall IslandsMarylandMassachusettsMichiganMinnesotaMississippiMissouriMontanaNebraskaNevadaNew HampshireNew JerseyNew MexicoNew York StateNorth CarolinaNorth DakotaNorthern Mariana IslandsOhioOklahomaOregonPennsylvaniaPuerto RicoRepublic of PalauRhode IslandSouth CarolinaSouth DakotaTennesseeTexasUnited StatesUtahVermontVeterans HealthVirgin IslandsVirginiaWashingtonWest VirginiaWisconsinWyoming,0,0,0,0.0,0.0,0,0.0,0.0,0,1029071.0,100137,0.0,0,0.0
2022-09-27,AlabamaAlaskaAmerican SamoaArizonaArkansasBureau of PrisonsCaliforniaColoradoConnecticutDelawareDept of DefenseDistrict of ColumbiaFederated States of MicronesiaFloridaGeorgiaGuamHawaiiIdahoIllinoisIndian Health SvcIndianaIowaKansasKentuckyLong Term CareLouisianaMaineMarshall IslandsMarylandMassachusettsMichiganMinnesotaMississippiMissouriMontanaNebraskaNevadaNew HampshireNew JerseyNew MexicoNew York StateNorth CarolinaNorth DakotaNorthern Mariana IslandsOhioOklahomaOregonPennsylvaniaPuerto RicoRepublic of PalauRhode IslandSouth CarolinaSouth DakotaTennesseeTexasUnited StatesUtahVermontVeterans HealthVirgin IslandsVirginiaWashingtonWest VirginiaWisconsinWyoming,0,0,0,0.0,0.0,0,0.0,0.0,0,1041347.0,102694,0.0,0,0.0
2022-09-28,AlabamaAlaskaAmerican SamoaArizonaArkansasBureau of PrisonsCaliforniaColoradoConnecticutDelawareDept of DefenseDistrict of ColumbiaFederated States of MicronesiaFloridaGeorgiaGuamHawaiiIdahoIllinoisIndian Health SvcIndianaIowaKansasKentuckyLong Term CareLouisianaMaineMarshall IslandsMarylandMassachusettsMichiganMinnesotaMississippiMissouriMontanaNebraskaNevadaNew HampshireNew JerseyNew MexicoNew York StateNorth CarolinaNorth DakotaNorthern Mariana IslandsOhioOklahomaOregonPennsylvaniaPuerto RicoRepublic of PalauRhode IslandSouth CarolinaSouth DakotaTennesseeTexasUnited StatesUtahVermontVeterans HealthVirgin IslandsVirginiaWashingtonWest VirginiaWisconsinWyoming,1145142095,1581347540,490465882,3817.81,10459.12,417347245,4464.22,14347.89,0,1053630.0,105243,44.627,269214168,2469.77
2022-09-29,AlabamaAlaskaAmerican SamoaArizonaArkansasBureau of PrisonsCaliforniaColoradoConnecticutDelawareDept of DefenseDistrict of ColumbiaFederated States of MicronesiaFloridaGeorgiaGuamHawaiiIdahoIllinoisIndian Health SvcIndianaIowaKansasKentuckyLong Term CareLouisianaMaineMarshall IslandsMarylandMassachusettsMichiganMinnesotaMississippiMissouriMontanaNebraskaNevadaNew HampshireNew JerseyNew MexicoNew York StateNorth CarolinaNorth DakotaNorthern Mariana IslandsOhioOklahomaOregonPennsylvaniaPuerto RicoRepublic of PalauRhode IslandSouth CarolinaSouth DakotaTennesseeTexasUnited StatesUtahVermontVeterans HealthVirgin IslandsVirginiaWashingtonWest VirginiaWisconsinWyoming,0,0,0,0.0,0.0,0,0.0,0.0,0,1082863.0,106828,0.0,0,0.0
2022-09-30,AlabamaAlaskaAmerican SamoaArizonaArkansasBureau of PrisonsCaliforniaColoradoConnecticutDelawareDept of DefenseDistrict of ColumbiaFederated States of MicronesiaFloridaGeorgiaGuamHawaiiIdahoIllinoisIndian Health SvcIndianaIowaKansasKentuckyLong Term CareLouisianaMaineMarshall IslandsMarylandMassachusettsMichiganMinnesotaMississippiMissouriMontanaNebraskaNevadaNew HampshireNew JerseyNew MexicoNew York StateNorth CarolinaNorth DakotaNorthern Mariana IslandsOhioOklahomaOregonPennsylvaniaPuerto RicoRepublic of PalauRhode IslandSouth CarolinaSouth DakotaTennesseeTexasUnited StatesUtahVermontVeterans HealthVirgin IslandsVirginiaWashingtonWest VirginiaWisconsinWyoming,0,0,0,0.0,0.0,0,0.0,0.0,0,1112097.0,108444,0.0,0,0.0
2022-10-01,AlabamaAlaskaAmerican SamoaArizonaArkansasBureau of PrisonsCaliforniaColoradoConnecticutDelawareDept of DefenseDistrict of ColumbiaFederated States of MicronesiaFloridaGeorgiaGuamHawaiiIdahoIllinoisIndian Health SvcIndianaIowaKansasKentuckyLong Term CareLouisianaMaineMarshall IslandsMarylandMassachusettsMichiganMinnesotaMississippiMissouriMontanaNebraskaNevadaNew HampshireNew JerseyNew MexicoNew York StateNorth CarolinaNorth DakotaNorthern Mariana IslandsOhioOklahomaOregonPennsylvaniaPuerto RicoRepublic of PalauRhode IslandSouth CarolinaSouth DakotaTennesseeTexasUnited StatesUtahVermontVeterans HealthVirgin IslandsVirginiaWashingtonWest VirginiaWisconsinWyoming,0,0,0,0.0,0.0,0,0.0,0.0,0,1141335.0,110041,0.0,0,0.0
2022-10-02,AlabamaAlaskaAmerican SamoaArizonaArkansasBureau of PrisonsCaliforniaColoradoConnecticutDelawareDept of DefenseDistrict of ColumbiaFederated States of MicronesiaFloridaGeorgiaGuamHawaiiIdahoIllinoisIndian Health SvcIndianaIowaKansasKentuckyLong Term CareLouisianaMaineMarshall IslandsMarylandMassachusettsMichiganMinnesotaMississippiMissouriMontanaNebraskaNevadaNew HampshireNew JerseyNew MexicoNew York StateNorth CarolinaNorth DakotaNorthern Mariana IslandsOhioOklahomaOregonPennsylvaniaPuerto RicoRepublic of PalauRhode IslandSouth CarolinaSouth DakotaTennesseeTexasUnited StatesUtahVermontVeterans HealthVirgin IslandsVirginiaWashingtonWest VirginiaWisconsinWyoming,0,0,0,0.0,0.0,0,0.0,0.0,0,1170569.0,111605,0.0,0,0.0
2022-10-03,AlabamaAlaskaAmerican SamoaArizonaArkansasBureau of PrisonsCaliforniaColoradoConnecticutDelawareDept of DefenseDistrict of ColumbiaFederated States of MicronesiaFloridaGeorgiaGuamHawaiiIdahoIllinoisIndian Health SvcIndianaIowaKansasKentuckyLong Term CareLouisianaMaineMarshall IslandsMarylandMassachusettsMichiganMinnesotaMississippiMissouriMontanaNebraskaNevadaNew HampshireNew JerseyNew MexicoNew York StateNorth CarolinaNorth DakotaNorthern Mariana IslandsOhioOklahomaOregonPennsylvaniaPuerto RicoRepublic of PalauRhode IslandSouth CarolinaSouth DakotaTennesseeTexasUnited StatesUtahVermontVeterans HealthVirgin IslandsVirginiaWashingtonWest VirginiaWisconsinWyoming,0,0,0,0.0,0.0,0,0.0,0.0,0,1199803.0,113203,0.0,0,0.0
2022-10-04,AlabamaAlaskaAmerican SamoaArizonaArkansasBureau of PrisonsCaliforniaColoradoConnecticutDelawareDept of DefenseDistrict of ColumbiaFederated States of MicronesiaFloridaGeorgiaGuamHawaiiIdahoIllinoisIndian Health SvcIndianaIowaKansasKentuckyLong Term CareLouisianaMaineMarshall IslandsMarylandMassachusettsMichiganMinnesotaMississippiMissouriMontanaNebraskaNevadaNew HampshireNew JerseyNew MexicoNew York StateNorth CarolinaNorth DakotaNorthern Mariana IslandsOhioOklahomaOregonPennsylvaniaPuerto RicoRepublic of PalauRhode IslandSouth CarolinaSouth DakotaTennesseeTexasUnited StatesUtahVermontVeterans HealthVirgin IslandsVirginiaWashingtonWest VirginiaWisconsinWyoming,0,0,0,0.0,0.0,0,0.0,0.0,0,1229040.0,114769,0.0,0,0.0
2022-10-05,AlabamaAlaskaAmerican SamoaArizonaArkansasBureau of PrisonsCaliforniaColoradoConnecticutDelawareDept of DefenseDistrict of ColumbiaFederated States of MicronesiaFloridaGeorgiaGuamHawaiiIdahoIllinoisIndian Health SvcIndianaIowaKansasKentuckyLong Term CareLouisianaMaineMarshall IslandsMarylandMassachusettsMichiganMinnesotaMississippiMissouriMontanaNebraskaNevadaNew HampshireNew JerseyNew MexicoNew York StateNorth CarolinaNorth DakotaNorthern Mariana IslandsOhioOklahomaOregonPennsylvaniaPuerto RicoRepublic of PalauRhode IslandSouth CarolinaSouth DakotaTennesseeTexasUnited StatesUtahVermontVeterans HealthVirgin IslandsVirginiaWashingtonWest VirginiaWisconsinWyoming,1169225224,1623707785,498384473,3794.65,10446.31,424503299,4442.95,14477.18,0,1258275.0,116411,44.199,278548807,2503.13
2022-10-06,AlabamaAlaskaAmerican SamoaArizonaArkansasBureau of PrisonsCaliforniaColoradoConnecticutDelawareDept of DefenseDistrict of ColumbiaFederated States of MicronesiaFloridaGeorgiaGuamHawaiiIdahoIllinoisIndian Health SvcIndianaIowaKansasKentuckyLong Term CareLouisianaMaineMarshall IslandsMarylandMassachusettsMichiganMinnesotaMississippiMissouriMontanaNebraskaNevadaNew HampshireNew JerseyNew MexicoNew York StateNorth CarolinaNorth DakotaNorthern Mariana IslandsOhioOklahomaOregonPennsylvaniaPuerto RicoRepublic of PalauRhode IslandSouth CarolinaSouth DakotaTennesseeTexasUnited StatesUtahVermontVeterans HealthVirgin IslandsVirginiaWashingtonWest VirginiaWisconsinWyoming,0,0,0,0.0,0.0,0,0.0,0.0,0,1240183.0,116653,0.0,0,0.0
2022-10-07,AlabamaAlaskaAmerican SamoaArizonaArkansasBureau of PrisonsCaliforniaColoradoConnecticutDelawareDept of DefenseDistrict of ColumbiaFederated States of MicronesiaFloridaGeorgiaGuamHawaiiIdahoIllinoisIndian Health SvcIndianaIowaKansasKentuckyLong Term CareLouisianaMaineMarshall IslandsMarylandMassachusettsMichiganMinnesotaMississippiMissouriMontanaNebraskaNevadaNew HampshireNew JerseyNew MexicoNew York StateNorth CarolinaNorth DakotaNorthern Mariana IslandsOhioOklahomaOregonPennsylvaniaPuerto RicoRepublic of PalauRhode IslandSouth CarolinaSouth DakotaTennesseeTexasUnited StatesUtahVermontVeterans HealthVirgin IslandsVirginiaWashingtonWest VirginiaWisconsinWyoming,0,0,0,0.0,0.0,0,0.0,0.0,0,1222084.0,116952,0.0,0,0.0
2022-10-08,AlabamaAlaskaAmerican SamoaArizonaArkansasBureau of PrisonsCaliforniaColoradoConnecticutDelawareDept of DefenseDistrict of ColumbiaFederated States of MicronesiaFloridaGeorgiaGuamHawaiiIdahoIllinoisIndian Health SvcIndianaIowaKansasKentuckyLong Term CareLouisianaMaineMarshall IslandsMarylandMassachusettsMichiganMinnesotaMississippiMissouriMontanaNebraskaNevadaNew HampshireNew JerseyNew MexicoNew York StateNorth CarolinaNorth DakotaNorthern Mariana IslandsOhioOklahomaOregonPennsylvaniaPuerto RicoRepublic of PalauRhode IslandSouth CarolinaSouth DakotaTennesseeTexasUnited StatesUtahVermontVeterans HealthVirgin IslandsVirginiaWashingtonWest VirginiaWisconsinWyoming,0,0,0,0.0,0.0,0,0.0,0.0,0,1203985.0,117185,0.0,0,0.0
2022-10-09,AlabamaAlaskaAmerican SamoaArizonaArkansasBureau of PrisonsCaliforniaColoradoConnecticutDelawareDept of DefenseDistrict of ColumbiaFederated States of MicronesiaFloridaGeorgiaGuamHawaiiIdahoIllinoisIndian Health SvcIndianaIowaKansasKentuckyLong Term CareLouisianaMaineMarshall IslandsMarylandMassachusettsMichiganMinnesotaMississippiMissouriMontanaNebraskaNevadaNew HampshireNew JerseyNew MexicoNew York StateNorth CarolinaNorth DakotaNorthern Mariana IslandsOhioOklahomaOregonPennsylvaniaPuerto RicoRepublic of PalauRhode IslandSouth CarolinaSouth DakotaTennesseeTexasUnited StatesUtahVermontVeterans HealthVirgin IslandsVirginiaWashingtonWest VirginiaWisconsinWyoming,0,0,0,0.0,0.0,0,0.0,0.0,0,1185889.0,117467,0.0,0,0.0
2022-10-10,AlabamaAlaskaAmerican SamoaArizonaArkansasBureau of PrisonsCaliforniaColoradoConnecticutDelawareDept of DefenseDistrict of ColumbiaFederated States of MicronesiaFloridaGeorgiaGuamHawaiiIdahoIllinoisIndian Health SvcIndianaIowaKansasKentuckyLong Term CareLouisianaMaineMarshall IslandsMarylandMassachusettsMichiganMinnesotaMississippiMissouriMontanaNebraskaNevadaNew HampshireNew JerseyNew MexicoNew York StateNorth CarolinaNorth DakotaNorthern Mariana IslandsOhioOklahomaOregonPennsylvaniaPuerto RicoRepublic of PalauRhode IslandSouth CarolinaSouth DakotaTennesseeTexasUnited StatesUtahVermontVeterans HealthVirgin IslandsVirginiaWashingtonWest VirginiaWisconsinWyoming,0,0,0,0.0,0.0,0,0.0,0.0,0,1167792.0,117750,0.0,0,0.0
2022-10-11,AlabamaAlaskaAmerican SamoaArizonaArkansasBureau of PrisonsCaliforniaColoradoConnecticutDelawareDept of DefenseDistrict of ColumbiaFederated States of MicronesiaFloridaGeorgiaGuamHawaiiIdahoIllinoisIndian Health SvcIndianaIowaKansasKentuckyLong Term CareLouisianaMaineMarshall IslandsMarylandMassachusettsMichiganMinnesotaMississippiMissouriMontanaNebraskaNevadaNew HampshireNew JerseyNew MexicoNew York StateNorth CarolinaNorth DakotaNorthern Mariana IslandsOhioOklahomaOregonPennsylvaniaPuerto RicoRepublic of PalauRhode IslandSouth CarolinaSouth DakotaTennesseeTexasUnited StatesUtahVermontVeterans HealthVirgin IslandsVirginiaWashingtonWest VirginiaWisconsinWyoming,0,0,0,0.0,0.0,0,0.0,0.0,0,1149695.0,117996,0.0,0,0.0
2022-10-12,AlabamaAlaskaAmerican SamoaArizonaArkansasBureau of PrisonsCaliforniaColoradoConnecticutDelawareDept of DefenseDistrict of ColumbiaFederated States of MicronesiaFloridaGeorgiaGuamHawaiiIdahoIllinoisIndian Health SvcIndianaIowaKansasKentuckyLong Term CareLouisianaMaineMarshall IslandsMarylandMassachusettsMichiganMinnesotaMississippiMissouriMontanaNebraskaNevadaNew HampshireNew JerseyNew MexicoNew York StateNorth CarolinaNorth DakotaNorthern Mariana IslandsOhioOklahomaOregonPennsylvaniaPuerto RicoRepublic of PalauRhode IslandSouth CarolinaSouth DakotaTennesseeTexasUnited StatesUtahVermontVeterans HealthVirgin IslandsVirginiaWashingtonWest VirginiaWisconsinWyoming,1163214753,1622333045,493787191,3738.44,10341.74,420510046,4376.0,14385.97,0,1131597.0,118282,43.324,280789686,2517.14
2022-10-13,AlabamaAlaskaAmerican SamoaArizonaArkansasBureau of PrisonsCaliforniaColoradoConnecticutDelawareDept of DefenseDistrict of ColumbiaFederated States of MicronesiaFloridaGeorgiaGuamHawaiiIdahoIllinoisIndian Health SvcIndianaIowaKansasKentuckyLong Term CareLouisianaMaineMarshall IslandsMarylandMassachusettsMichiganMinnesotaMississippiMissouriMontanaNebraskaNevadaNew HampshireNew JerseyNew MexicoNew York StateNorth CarolinaNorth DakotaNorthern Mariana IslandsOhioOklahomaOregonPennsylvaniaPuerto RicoRepublic of PalauRhode IslandSouth CarolinaSouth DakotaTennesseeTexasUnited StatesUtahVermontVeterans HealthVirgin IslandsVirginiaWashingtonWest VirginiaWisconsinWyoming,0,0,0,0.0,0.0,0,0.0,0.0,0,1164094.0,118226,0.0,0,0.0
2022-10-14,AlabamaAlaskaAmerican SamoaArizonaArkansasBureau of PrisonsCaliforniaColoradoConnecticutDelawareDept of DefenseDistrict of ColumbiaFederated States of MicronesiaFloridaGeorgiaGuamHawaiiIdahoIllinoisIndian Health SvcIndianaIowaKansasKentuckyLong Term CareLouisianaMaineMarshall IslandsMarylandMassachusettsMichiganMinnesotaMississippiMissouriMontanaNebraskaNevadaNew HampshireNew JerseyNew MexicoNew York StateNorth CarolinaNorth DakotaNorthern Mariana IslandsOhioOklahomaOregonPennsylvaniaPuerto RicoRepublic of PalauRhode IslandSouth CarolinaSouth DakotaTennesseeTexasUnited StatesUtahVermontVeterans HealthVirgin IslandsVirginiaWashingtonWest VirginiaWisconsinWyoming,0,0,0,0.0,0.0,0,0.0,0.0,0,1196591.0,118237,0.0,0,0.0
2022-10-15,AlabamaAlaskaAmerican SamoaArizonaArkansasBureau of PrisonsCaliforniaColoradoConnecticutDelawareDept of DefenseDistrict of ColumbiaFederated States of MicronesiaFloridaGeorgiaGuamHawaiiIdahoIllinoisIndian Health SvcIndianaIowaKansasKentuckyLong Term CareLouisianaMaineMarshall IslandsMarylandMassachusettsMichiganMinnesotaMississippiMissouriMontanaNebraskaNevadaNew HampshireNew JerseyNew MexicoNew York StateNorth CarolinaNorth DakotaNorthern Mariana IslandsOhioOklahomaOregonPennsylvaniaPuerto RicoRepublic of PalauRhode IslandSouth CarolinaSouth DakotaTennesseeTexasUnited StatesUtahVermontVeterans HealthVirgin IslandsVirginiaWashingtonWest VirginiaWisconsinWyoming,0,0,0,0.0,0.0,0,0.0,0.0,0,1229082.0,118176,0.0,0,0.0
2022-10-16,AlabamaAlaskaAmerican SamoaArizonaArkansasBureau of PrisonsCaliforniaColoradoConnecticutDelawareDept of DefenseDistrict of ColumbiaFederated States of MicronesiaFloridaGeorgiaGuamHawaiiIdahoIllinoisIndian Health SvcIndianaIowaKansasKentuckyLong Term CareLouisianaMaineMarshall IslandsMarylandMassachusettsMichiganMinnesotaMississippiMissouriMontanaNebraskaNevadaNew HampshireNew JerseyNew MexicoNew York StateNorth CarolinaNorth DakotaNorthern Mariana IslandsOhioOklahomaOregonPennsylvaniaPuerto RicoRepublic of PalauRhode IslandSouth CarolinaSouth DakotaTennesseeTexasUnited StatesUtahVermontVeterans HealthVirgin IslandsVirginiaWashingtonWest VirginiaWisconsinWyoming,0,0,0,0.0,0.0,0,0.0,0.0,0,1261581.0,118145,0.0,0,0.0
2022-10-17,AlabamaAlaskaAmerican SamoaArizonaArkansasBureau of PrisonsCaliforniaColoradoConnecticutDelawareDept of DefenseDistrict of ColumbiaFederated States of MicronesiaFloridaGeorgiaGuamHawaiiIdahoIllinoisIndian Health SvcIndianaIowaKansasKentuckyLong Term CareLouisianaMaineMarshall IslandsMarylandMassachusettsMichiganMinnesotaMississippiMissouriMontanaNebraskaNevadaNew HampshireNew JerseyNew MexicoNew York StateNorth CarolinaNorth DakotaNorthern Mariana IslandsOhioOklahomaOregonPennsylvaniaPuerto RicoRepublic of PalauRhode IslandSouth CarolinaSouth DakotaTennesseeTexasUnited StatesUtahVermontVeterans HealthVirgin IslandsVirginiaWashingtonWest VirginiaWisconsinWyoming,0,0,0,0.0,0.0,0,0.0,0.0,0,1294073.0,118139,0.0,0,0.0
2022-10-18,AlabamaAlaskaAmerican SamoaArizonaArkansasBureau of PrisonsCaliforniaColoradoConnecticutDelawareDept of DefenseDistrict of ColumbiaFederated States of MicronesiaFloridaGeorgiaGuamHawaiiIdahoIllinoisIndian Health SvcIndianaIowaKansasKentuckyLong Term CareLouisianaMaineMarshall IslandsMarylandMassachusettsMichiganMinnesotaMississippiMissouriMontanaNebraskaNevadaNew HampshireNew JerseyNew MexicoNew York StateNorth CarolinaNorth DakotaNorthern Mariana IslandsOhioOklahomaOregonPennsylvaniaPuerto RicoRepublic of PalauRhode IslandSouth CarolinaSouth DakotaTennesseeTexasUnited StatesUtahVermontVeterans HealthVirgin IslandsVirginiaWashingtonWest VirginiaWisconsinWyoming,0,0,0,0.0,0.0,0,0.0,0.0,0,1326568.0,118098,0.0,0,0.0
2022-10-19,AlabamaAlaskaAmerican SamoaArizonaArkansasBureau of PrisonsCaliforniaColoradoConnecticutDelawareDept of DefenseDistrict of ColumbiaFederated States of MicronesiaFloridaGeorgiaGuamHawaiiIdahoIllinoisIndian Health SvcIndianaIowaKansasKentuckyLong Term CareLouisianaMaineMarshall IslandsMarylandMassachusettsMichiganMinnesotaMississippiMissouriMontanaNebraskaNevadaNew HampshireNew JerseyNew MexicoNew York StateNorth CarolinaNorth DakotaNorthern Mariana IslandsOhioOklahomaOregonPennsylvaniaPuerto RicoRepublic of PalauRhode IslandSouth CarolinaSouth DakotaTennesseeTexasUnited StatesUtahVermontVeterans HealthVirgin IslandsVirginiaWashingtonWest VirginiaWisconsinWyoming,1172081744,1642734345,494661785,3744.6301,10419.68,421217416,4384.22,14573.47,0,1359066.0,118091,43.097,288074713,2580.58
2022-10-20,AlabamaAlaskaAmerican SamoaArizonaArkansasBureau of PrisonsCaliforniaColoradoConnecticutDelawareDept of DefenseDistrict of ColumbiaFederated States of MicronesiaFloridaGeorgiaGuamHawaiiIdahoIllinoisIndian Health SvcIndianaIowaKansasKentuckyLong Term CareLouisianaMaineMarshall IslandsMarylandMassachusettsMichiganMinnesotaMississippiMissouriMontanaNebraskaNevadaNew HampshireNew JerseyNew MexicoNew York StateNorth CarolinaNorth DakotaNorthern Mariana IslandsOhioOklahomaOregonPennsylvaniaPuerto RicoRepublic of PalauRhode IslandSouth CarolinaSouth DakotaTennesseeTexasUnited StatesUtahVermontVeterans HealthVirgin IslandsVirginiaWashingtonWest VirginiaWisconsinWyoming,0,0,0,0.0,0.0,0,0.0,0.0,0,1339186.0,118786,0.0,0,0.0
2022-10-21,AlabamaAlaskaAmerican SamoaArizonaArkansasBureau of PrisonsCaliforniaColoradoConnecticutDelawareDept of DefenseDistrict of ColumbiaFederated States of MicronesiaFloridaGeorgiaGuamHawaiiIdahoIllinoisIndian Health SvcIndianaIowaKansasKentuckyLong Term CareLouisianaMaineMarshall IslandsMarylandMassachusettsMichiganMinnesotaMississippiMissouriMontanaNebraskaNevadaNew HampshireNew JerseyNew MexicoNew York StateNorth CarolinaNorth DakotaNorthern Mariana IslandsOhioOklahomaOregonPennsylvaniaPuerto RicoRepublic of PalauRhode IslandSouth CarolinaSouth DakotaTennesseeTexasUnited StatesUtahVermontVeterans HealthVirgin IslandsVirginiaWashingtonWest VirginiaWisconsinWyoming,0,0,0,0.0,0.0,0,0.0,0.0,0,1319310.0,119465,0.0,0,0.0
2022-10-22,AlabamaAlaskaAmerican SamoaArizonaArkansasBureau of PrisonsCaliforniaColoradoConnecticutDelawareDept of DefenseDistrict of ColumbiaFederated States of MicronesiaFloridaGeorgiaGuamHawaiiIdahoIllinoisIndian Health SvcIndianaIowaKansasKentuckyLong Term CareLouisianaMaineMarshall IslandsMarylandMassachusettsMichiganMinnesotaMississippiMissouriMontanaNebraskaNevadaNew HampshireNew JerseyNew MexicoNew York StateNorth CarolinaNorth DakotaNorthern Mariana IslandsOhioOklahomaOregonPennsylvaniaPuerto RicoRepublic of PalauRhode IslandSouth CarolinaSouth DakotaTennesseeTexasUnited StatesUtahVermontVeterans HealthVirgin IslandsVirginiaWashingtonWest VirginiaWisconsinWyoming,0,0,0,0.0,0.0,0,0.0,0.0,0,1299429.0,120135,0.0,0,0.0
2022-10-23,AlabamaAlaskaAmerican SamoaArizonaArkansasBureau of PrisonsCaliforniaColoradoConnecticutDelawareDept of DefenseDistrict of ColumbiaFederated States of MicronesiaFloridaGeorgiaGuamHawaiiIdahoIllinoisIndian Health SvcIndianaIowaKansasKentuckyLong Term CareLouisianaMaineMarshall IslandsMarylandMassachusettsMichiganMinnesotaMississippiMissouriMontanaNebraskaNevadaNew HampshireNew JerseyNew MexicoNew York StateNorth CarolinaNorth DakotaNorthern Mariana IslandsOhioOklahomaOregonPennsylvaniaPuerto RicoRepublic of PalauRhode IslandSouth CarolinaSouth DakotaTennesseeTexasUnited StatesUtahVermontVeterans HealthVirgin IslandsVirginiaWashingtonWest VirginiaWisconsinWyoming,0,0,0,0.0,0.0,0,0.0,0.0,0,1279550.0,120822,0.0,0,0.0
2022-10-24,AlabamaAlaskaAmerican SamoaArizonaArkansasBureau of PrisonsCaliforniaColoradoConnecticutDelawareDept of DefenseDistrict of ColumbiaFederated States of MicronesiaFloridaGeorgiaGuamHawaiiIdahoIllinoisIndian Health SvcIndianaIowaKansasKentuckyLong Term CareLouisianaMaineMarshall IslandsMarylandMassachusettsMichiganMinnesotaMississippiMissouriMontanaNebraskaNevadaNew HampshireNew JerseyNew MexicoNew York StateNorth CarolinaNorth DakotaNorthern Mariana IslandsOhioOklahomaOregonPennsylvaniaPuerto RicoRepublic of PalauRhode IslandSouth CarolinaSouth DakotaTennesseeTexasUnited StatesUtahVermontVeterans HealthVirgin IslandsVirginiaWashingtonWest VirginiaWisconsinWyoming,0,0,0,0.0,0.0,0,0.0,0.0,0,1259673.0,121495,0.0,0,0.0
2022-10-25,AlabamaAlaskaAmerican SamoaArizonaArkansasBureau of PrisonsCaliforniaColoradoConnecticutDelawareDept of DefenseDistrict of ColumbiaFederated States of MicronesiaFloridaGeorgiaGuamHawaiiIdahoIllinoisIndian Health SvcIndianaIowaKansasKentuckyLong Term CareLouisianaMaineMarshall IslandsMarylandMassachusettsMichiganMinnesotaMississippiMissouriMontanaNebraskaNevadaNew HampshireNew JerseyNew MexicoNew York StateNorth CarolinaNorth DakotaNorthern Mariana IslandsOhioOklahomaOregonPennsylvaniaPuerto RicoRepublic of PalauRhode IslandSouth CarolinaSouth DakotaTennesseeTexasUnited StatesUtahVermontVeterans HealthVirgin IslandsVirginiaWashingtonWest VirginiaWisconsinWyoming,0,0,0,0.0,0.0,0,0.0,0.0,0,1239790.0,122167,0.0,0,0.0
2022-10-26,AlabamaAlaskaAmerican SamoaArizonaArkansasBureau of PrisonsCaliforniaColoradoConnecticutDelawareDept of DefenseDistrict of ColumbiaFederated States of MicronesiaFloridaGeorgiaGuamHawaiiIdahoIllinoisIndian Health SvcIndianaIowaKansasKentuckyLong Term CareLouisianaMaineMarshall IslandsMarylandMassachusettsMichiganMinnesotaMississippiMissouriMontanaNebraskaNevadaNew HampshireNew JerseyNew MexicoNew York StateNorth CarolinaNorth DakotaNorthern Mariana IslandsOhioOklahomaOregonPennsylvaniaPuerto RicoRepublic of PalauRhode IslandSouth CarolinaSouth DakotaTennesseeTexasUnited StatesUtahVermontVeterans HealthVirgin IslandsVirginiaWashingtonWest VirginiaWisconsinWyoming,1179831670,1657464975,495479139,3621.97,10147.88,421838948,4243.22,14300.75,0,1219912.0,122844,41.348,294380416,2557.7
2022-10-27,AlabamaAlaskaAmerican SamoaArizonaArkansasBureau of PrisonsCaliforniaColoradoConnecticutDelawareDept of DefenseDistrict of ColumbiaFederated States of MicronesiaFloridaGeorgiaGuamHawaiiIdahoIllinoisIndian Health SvcIndianaIowaKansasKentuckyLong Term CareLouisianaMaineMarshall IslandsMarylandMassachusettsMichiganMinnesotaMississippiMissouriMontanaNebraskaNevadaNew HampshireNew JerseyNew MexicoNew York StateNorth CarolinaNorth DakotaNorthern Mariana IslandsOhioOklahomaOregonPennsylvaniaPuerto RicoRepublic of PalauRhode IslandSouth CarolinaSouth DakotaTennesseeTexasUnited StatesUtahVermontVeterans HealthVirgin IslandsVirginiaWashingtonWest VirginiaWisconsinWyoming,0,0,0,0.0,0.0,0,0.0,0.0,0,1218122.0,122073,0.0,0,0.0
2022-10-28,AlabamaAlaskaAmerican SamoaArizonaArkansasBureau of PrisonsCaliforniaColoradoConnecticutDelawareDept of DefenseDistrict of ColumbiaFederated States of MicronesiaFloridaGeorgiaGuamHawaiiIdahoIllinoisIndian Health SvcIndianaIowaKansasKentuckyLong Term CareLouisianaMaineMarshall IslandsMarylandMassachusettsMichiganMinnesotaMississippiMissouriMontanaNebraskaNevadaNew HampshireNew JerseyNew MexicoNew York StateNorth CarolinaNorth DakotaNorthern Mariana IslandsOhioOklahomaOregonPennsylvaniaPuerto RicoRepublic of PalauRhode IslandSouth CarolinaSouth DakotaTennesseeTexasUnited StatesUtahVermontVeterans HealthVirgin IslandsVirginiaWashingtonWest VirginiaWisconsinWyoming,0,0,0,0.0,0.0,0,0.0,0.0,0,1216330.0,121303,0.0,0,0.0
2022-10-29,AlabamaAlaskaAmerican SamoaArizonaArkansasBureau of PrisonsCaliforniaColoradoConnecticutDelawareDept of DefenseDistrict of ColumbiaFederated States of MicronesiaFloridaGeorgiaGuamHawaiiIdahoIllinoisIndian Health SvcIndianaIowaKansasKentuckyLong Term CareLouisianaMaineMarshall IslandsMarylandMassachusettsMichiganMinnesotaMississippiMissouriMontanaNebraskaNevadaNew HampshireNew JerseyNew MexicoNew York StateNorth CarolinaNorth DakotaNorthern Mariana IslandsOhioOklahomaOregonPennsylvaniaPuerto RicoRepublic of PalauRhode IslandSouth CarolinaSouth DakotaTennesseeTexasUnited StatesUtahVermontVeterans HealthVirgin IslandsVirginiaWashingtonWest VirginiaWisconsinWyoming,0,0,0,0.0,0.0,0,0.0,0.0,0,1214536.0,120528,0.0,0,0.0
2022-10-30,AlabamaAlaskaAmerican SamoaArizonaArkansasBureau of PrisonsCaliforniaColoradoConnecticutDelawareDept of DefenseDistrict of ColumbiaFederated States of MicronesiaFloridaGeorgiaGuamHawaiiIdahoIllinoisIndian Health SvcIndianaIowaKansasKentuckyLong Term CareLouisianaMaineMarshall IslandsMarylandMassachusettsMichiganMinnesotaMississippiMissouriMontanaNebraskaNevadaNew HampshireNew JerseyNew MexicoNew York StateNorth CarolinaNorth DakotaNorthern Mariana IslandsOhioOklahomaOregonPennsylvaniaPuerto RicoRepublic of PalauRhode IslandSouth CarolinaSouth DakotaTennesseeTexasUnited StatesUtahVermontVeterans HealthVirgin IslandsVirginiaWashingtonWest VirginiaWisconsinWyoming,0,0,0,0.0,0.0,0,0.0,0.0,0,1212746.0,119736,0.0,0,0.0
2022-10-31,AlabamaAlaskaAmerican SamoaArizonaArkansasBureau of PrisonsCaliforniaColoradoConnecticutDelawareDept of DefenseDistrict of ColumbiaFederated States of MicronesiaFloridaGeorgiaGuamHawaiiIdahoIllinoisIndian Health SvcIndianaIowaKansasKentuckyLong Term CareLouisianaMaineMarshall IslandsMarylandMassachusettsMichiganMinnesotaMississippiMissouriMontanaNebraskaNevadaNew HampshireNew JerseyNew MexicoNew York StateNorth CarolinaNorth DakotaNorthern Mariana IslandsOhioOklahomaOregonPennsylvaniaPuerto RicoRepublic of PalauRhode IslandSouth CarolinaSouth DakotaTennesseeTexasUnited StatesUtahVermontVeterans HealthVirgin IslandsVirginiaWashingtonWest VirginiaWisconsinWyoming,0,0,0,0.0,0.0,0,0.0,0.0,0,1210955.0,118968,0.0,0,0.0
2022-11-01,AlabamaAlaskaAmerican SamoaArizonaArkansasBureau of PrisonsCaliforniaColoradoConnecticutDelawareDept of DefenseDistrict of ColumbiaFederated States of MicronesiaFloridaGeorgiaGuamHawaiiIdahoIllinoisIndian Health SvcIndianaIowaKansasKentuckyLong Term CareLouisianaMaineMarshall IslandsMarylandMassachusettsMichiganMinnesotaMississippiMissouriMontanaNebraskaNevadaNew HampshireNew JerseyNew MexicoNew York StateNorth CarolinaNorth DakotaNorthern Mariana IslandsOhioOklahomaOregonPennsylvaniaPuerto RicoRepublic of PalauRhode IslandSouth CarolinaSouth DakotaTennesseeTexasUnited StatesUtahVermontVeterans HealthVirgin IslandsVirginiaWashingtonWest VirginiaWisconsinWyoming,0,0,0,0.0,0.0,0,0.0,0.0,0,1209161.0,118196,0.0,0,0.0
2022-11-02,AlabamaAlaskaAmerican SamoaArizonaArkansasBureau of PrisonsCaliforniaColoradoConnecticutDelawareDept of DefenseDistrict of ColumbiaFederated States of MicronesiaFloridaGeorgiaGuamHawaiiIdahoIllinoisIndian Health SvcIndianaIowaKansasKentuckyLong Term CareLouisianaMaineMarshall IslandsMarylandMassachusettsMichiganMinnesotaMississippiMissouriMontanaNebraskaNevadaNew HampshireNew JerseyNew MexicoNew York StateNorth CarolinaNorth DakotaNorthern Mariana IslandsOhioOklahomaOregonPennsylvaniaPuerto RicoRepublic of PalauRhode IslandSouth CarolinaSouth DakotaTennesseeTexasUnited StatesUtahVermontVeterans HealthVirgin IslandsVirginiaWashingtonWest VirginiaWisconsinWyoming,1201734707,1741860095,501901665,3913.72,11010.16,427468735,4576.48,15741.71,0,1207375.0,117428,43.693,304576251,2815.65
2022-11-03,AlabamaAlaskaAmerican SamoaArizonaArkansasBureau of PrisonsCaliforniaColoradoConnecticutDelawareDept of DefenseDistrict of ColumbiaFederated States of MicronesiaFloridaGeorgiaGuamHawaiiIdahoIllinoisIndian Health SvcIndianaIowaKansasKentuckyLong Term CareLouisianaMaineMarshall IslandsMarylandMassachusettsMichiganMinnesotaMississippiMissouriMontanaNebraskaNevadaNew HampshireNew JerseyNew MexicoNew York StateNorth CarolinaNorth DakotaNorthern Mariana IslandsOhioOklahomaOregonPennsylvaniaPuerto RicoRepublic of PalauRhode IslandSouth CarolinaSouth DakotaTennesseeTexasUnited StatesUtahVermontVeterans HealthVirgin IslandsVirginiaWashingtonWest VirginiaWisconsinWyoming,0,0,0,0.0,0.0,0,0.0,0.0,0,1249680.0,114971,0.0,0,0.0
2022-11-04,AlabamaAlaskaAmerican SamoaArizonaArkansasBureau of PrisonsCaliforniaColoradoConnecticutDelawareDept of DefenseDistrict of ColumbiaFederated States of MicronesiaFloridaGeorgiaGuamHawaiiIdahoIllinoisIndian Health SvcIndianaIowaKansasKentuckyLong Term CareLouisianaMaineMarshall IslandsMarylandMassachusettsMichiganMinnesotaMississippiMissouriMontanaNebraskaNevadaNew HampshireNew JerseyNew MexicoNew York StateNorth CarolinaNorth DakotaNorthern Mariana IslandsOhioOklahomaOregonPennsylvaniaPuerto RicoRepublic of PalauRhode IslandSouth CarolinaSouth DakotaTennesseeTexasUnited StatesUtahVermontVeterans HealthVirgin IslandsVirginiaWashingtonWest VirginiaWisconsinWyoming,0,0,0,0.0,0.0,0,0.0,0.0,0,1291993.0,112514,0.0,0,0.0
2022-11-05,AlabamaAlaskaAmerican SamoaArizonaArkansasBureau of PrisonsCaliforniaColoradoConnecticutDelawareDept of DefenseDistrict of ColumbiaFederated States of MicronesiaFloridaGeorgiaGuamHawaiiIdahoIllinoisIndian Health SvcIndianaIowaKansasKentuckyLong Term CareLouisianaMaineMarshall IslandsMarylandMassachusettsMichiganMinnesotaMississippiMissouriMontanaNebraskaNevadaNew HampshireNew JerseyNew MexicoNew York StateNorth CarolinaNorth DakotaNorthern Mariana IslandsOhioOklahomaOregonPennsylvaniaPuerto RicoRepublic of PalauRhode IslandSouth CarolinaSouth DakotaTennesseeTexasUnited StatesUtahVermontVeterans HealthVirgin IslandsVirginiaWashingtonWest VirginiaWisconsinWyoming,0,0,0,0.0,0.0,0,0.0,0.0,0,1334301.0,110055,0.0,0,0.0
2022-11-06,AlabamaAlaskaAmerican SamoaArizonaArkansasBureau of PrisonsCaliforniaColoradoConnecticutDelawareDept of DefenseDistrict of ColumbiaFederated States of MicronesiaFloridaGeorgiaGuamHawaiiIdahoIllinoisIndian Health SvcIndianaIowaKansasKentuckyLong Term CareLouisianaMaineMarshall IslandsMarylandMassachusettsMichiganMinnesotaMississippiMissouriMontanaNebraskaNevadaNew HampshireNew JerseyNew MexicoNew York StateNorth CarolinaNorth DakotaNorthern Mariana IslandsOhioOklahomaOregonPennsylvaniaPuerto RicoRepublic of PalauRhode IslandSouth CarolinaSouth DakotaTennesseeTexasUnited StatesUtahVermontVeterans HealthVirgin IslandsVirginiaWashingtonWest VirginiaWisconsinWyoming,0,0,0,0.0,0.0,0,0.0,0.0,0,1376610.0,107655,0.0,0,0.0
2022-11-07,AlabamaAlaskaAmerican SamoaArizonaArkansasBureau of PrisonsCaliforniaColoradoConnecticutDelawareDept of DefenseDistrict of ColumbiaFederated States of MicronesiaFloridaGeorgiaGuamHawaiiIdahoIllinoisIndian Health SvcIndianaIowaKansasKentuckyLong Term CareLouisianaMaineMarshall IslandsMarylandMassachusettsMichiganMinnesotaMississippiMissouriMontanaNebraskaNevadaNew HampshireNew JerseyNew MexicoNew York StateNorth CarolinaNorth DakotaNorthern Mariana IslandsOhioOklahomaOregonPennsylvaniaPuerto RicoRepublic of PalauRhode IslandSouth CarolinaSouth DakotaTennesseeTexasUnited StatesUtahVermontVeterans HealthVirgin IslandsVirginiaWashingtonWest VirginiaWisconsinWyoming,0,0,0,0.0,0.0,0,0.0,0.0,0,1418917.0,105172,0.0,0,0.0
2022-11-08,AlabamaAlaskaAmerican SamoaArizonaArkansasBureau of PrisonsCaliforniaColoradoConnecticutDelawareDept of DefenseDistrict of ColumbiaFederated States of MicronesiaFloridaGeorgiaGuamHawaiiIdahoIllinoisIndian Health SvcIndianaIowaKansasKentuckyLong Term CareLouisianaMaineMarshall IslandsMarylandMassachusettsMichiganMinnesotaMississippiMissouriMontanaNebraskaNevadaNew HampshireNew JerseyNew MexicoNew York StateNorth CarolinaNorth DakotaNorthern Mariana IslandsOhioOklahomaOregonPennsylvaniaPuerto RicoRepublic of PalauRhode IslandSouth CarolinaSouth DakotaTennesseeTexasUnited StatesUtahVermontVeterans HealthVirgin IslandsVirginiaWashingtonWest VirginiaWisconsinWyoming,0,0,0,0.0,0.0,0,0.0,0.0,0,1461229.0,102715,0.0,0,0.0
2022-11-09,AlabamaAlaskaAmerican SamoaArizonaArkansasBureau of PrisonsCaliforniaColoradoConnecticutDelawareDept of DefenseDistrict of ColumbiaFederated States of MicronesiaFloridaGeorgiaGuamHawaiiIdahoIllinoisIndian Health SvcIndianaIowaKansasKentuckyLong Term CareLouisianaMaineMarshall IslandsMarylandMassachusettsMichiganMinnesotaMississippiMissouriMontanaNebraskaNevadaNew HampshireNew JerseyNew MexicoNew York StateNorth CarolinaNorth DakotaNorthern Mariana IslandsOhioOklahomaOregonPennsylvaniaPuerto RicoRepublic of PalauRhode IslandSouth CarolinaSouth DakotaTennesseeTexasUnited StatesUtahVermontVeterans HealthVirgin IslandsVirginiaWashingtonWest VirginiaWisconsinWyoming,1193065059,1675198375,493613074,3853.49,10899.4,421340363,4495.47,15223.14,0,1503537.0,100240,43.852,309833012,2841.39
2022-11-10,AlabamaAlaskaAmerican SamoaArizonaArkansasBureau of PrisonsCaliforniaColoradoConnecticutDelawareDept of DefenseDistrict of ColumbiaFederated States of MicronesiaFloridaGeorgiaGuamHawaiiIdahoIllinoisIndian Health SvcIndianaIowaKansasKentuckyLong Term CareLouisianaMaineMarshall IslandsMarylandMassachusettsMichiganMinnesotaMississippiMissouriMontanaNebraskaNevadaNew HampshireNew JerseyNew MexicoNew York StateNorth CarolinaNorth DakotaNorthern Mariana IslandsOhioOklahomaOregonPennsylvaniaPuerto RicoRepublic of PalauRhode IslandSouth CarolinaSouth DakotaTennesseeTexasUnited StatesUtahVermontVeterans HealthVirgin IslandsVirginiaWashingtonWest VirginiaWisconsinWyoming,0,0,0,0.0,0.0,0,0.0,0.0,0,1423864.0,98766,0.0,0,0.0
2022-11-11,AlabamaAlaskaAmerican SamoaArizonaArkansasBureau of PrisonsCaliforniaColoradoConnecticutDelawareDept of DefenseDistrict of ColumbiaFederated States of MicronesiaFloridaGeorgiaGuamHawaiiIdahoIllinoisIndian Health SvcIndianaIowaKansasKentuckyLong Term CareLouisianaMaineMarshall IslandsMarylandMassachusettsMichiganMinnesotaMississippiMissouriMontanaNebraskaNevadaNew HampshireNew JerseyNew MexicoNew York StateNorth CarolinaNorth DakotaNorthern Mariana IslandsOhioOklahomaOregonPennsylvaniaPuerto RicoRepublic of PalauRhode IslandSouth CarolinaSouth DakotaTennesseeTexasUnited StatesUtahVermontVeterans HealthVirgin IslandsVirginiaWashingtonWest VirginiaWisconsinWyoming,0,0,0,0.0,0.0,0,0.0,0.0,0,1344185.0,97210,0.0,0,0.0
2022-11-12,AlabamaAlaskaAmerican SamoaArizonaArkansasBureau of PrisonsCaliforniaColoradoConnecticutDelawareDept of DefenseDistrict of ColumbiaFederated States of MicronesiaFloridaGeorgiaGuamHawaiiIdahoIllinoisIndian Health SvcIndianaIowaKansasKentuckyLong Term CareLouisianaMaineMarshall IslandsMarylandMassachusettsMichiganMinnesotaMississippiMissouriMontanaNebraskaNevadaNew HampshireNew JerseyNew MexicoNew York StateNorth CarolinaNorth DakotaNorthern Mariana IslandsOhioOklahomaOregonPennsylvaniaPuerto RicoRepublic of PalauRhode IslandSouth CarolinaSouth DakotaTennesseeTexasUnited StatesUtahVermontVeterans HealthVirgin IslandsVirginiaWashingtonWest VirginiaWisconsinWyoming,0,0,0,0.0,0.0,0,0.0,0.0,0,1264512.0,95732,0.0,0,0.0
2022-11-13,AlabamaAlaskaAmerican SamoaArizonaArkansasBureau of PrisonsCaliforniaColoradoConnecticutDelawareDept of DefenseDistrict of ColumbiaFederated States of MicronesiaFloridaGeorgiaGuamHawaiiIdahoIllinoisIndian Health SvcIndianaIowaKansasKentuckyLong Term CareLouisianaMaineMarshall IslandsMarylandMassachusettsMichiganMinnesotaMississippiMissouriMontanaNebraskaNevadaNew HampshireNew JerseyNew MexicoNew York StateNorth CarolinaNorth DakotaNorthern Mariana IslandsOhioOklahomaOregonPennsylvaniaPuerto RicoRepublic of PalauRhode IslandSouth CarolinaSouth DakotaTennesseeTexasUnited StatesUtahVermontVeterans HealthVirgin IslandsVirginiaWashingtonWest VirginiaWisconsinWyoming,0,0,0,0.0,0.0,0,0.0,0.0,0,1184829.0,94174,0.0,0,0.0
2022-11-14,AlabamaAlaskaAmerican SamoaArizonaArkansasBureau of PrisonsCaliforniaColoradoConnecticutDelawareDept of DefenseDistrict of ColumbiaFederated States of MicronesiaFloridaGeorgiaGuamHawaiiIdahoIllinoisIndian Health SvcIndianaIowaKansasKentuckyLong Term CareLouisianaMaineMarshall IslandsMarylandMassachusettsMichiganMinnesotaMississippiMissouriMontanaNebraskaNevadaNew HampshireNew JerseyNew MexicoNew York StateNorth CarolinaNorth DakotaNorthern Mariana IslandsOhioOklahomaOregonPennsylvaniaPuerto RicoRepublic of PalauRhode IslandSouth CarolinaSouth DakotaTennesseeTexasUnited StatesUtahVermontVeterans HealthVirgin IslandsVirginiaWashingtonWest VirginiaWisconsinWyoming,0,0,0,0.0,0.0,0,0.0,0.0,0,1105155.0,92694,0.0,0,0.0
2022-11-15,AlabamaAlaskaAmerican SamoaArizonaArkansasBureau of PrisonsCaliforniaColoradoConnecticutDelawareDept of DefenseDistrict of ColumbiaFederated States of MicronesiaFloridaGeorgiaGuamHawaiiIdahoIllinoisIndian Health SvcIndianaIowaKansasKentuckyLong Term CareLouisianaMaineMarshall IslandsMarylandMassachusettsMichiganMinnesotaMississippiMissouriMontanaNebraskaNevadaNew HampshireNew JerseyNew MexicoNew York StateNorth CarolinaNorth DakotaNorthern Mariana IslandsOhioOklahomaOregonPennsylvaniaPuerto RicoRepublic of PalauRhode IslandSouth CarolinaSouth DakotaTennesseeTexasUnited StatesUtahVermontVeterans HealthVirgin IslandsVirginiaWashingtonWest VirginiaWisconsinWyoming,0,0,0,0.0,0.0,0,0.0,0.0,0,1025480.0,91140,0.0,0,0.0
2022-11-16,AlabamaAlaskaAmerican SamoaArizonaArkansasBureau of PrisonsCaliforniaColoradoConnecticutDelawareDept of DefenseDistrict of ColumbiaFederated States of MicronesiaFloridaGeorgiaGuamHawaiiIdahoIllinoisIndian Health SvcIndianaIowaKansasKentuckyLong Term CareLouisianaMaineMarshall IslandsMarylandMassachusettsMichiganMinnesotaMississippiMissouriMontanaNebraskaNevadaNew HampshireNew JerseyNew MexicoNew York StateNorth CarolinaNorth DakotaNorthern Mariana IslandsOhioOklahomaOregonPennsylvaniaPuerto RicoRepublic of PalauRhode IslandSouth CarolinaSouth DakotaTennesseeTexasUnited StatesUtahVermontVeterans HealthVirgin IslandsVirginiaWashingtonWest VirginiaWisconsinWyoming,523910309,740157005,216953717,3719.09,10559.95,184835225,4342.99,14777.21,0,945799.0,89658,42.347,136116123,2778.78
2022-11-17,AlabamaAlaskaAmerican SamoaArizonaArkansasBureau of PrisonsCaliforniaColoradoConnecticutDelawareDept of DefenseDistrict of ColumbiaFederated States of MicronesiaFloridaGeorgiaGuamHawaiiIdahoIllinoisIndian Health SvcIndianaIowaKansasKentuckyLong Term CareLouisianaMaineMarshall IslandsMarylandMassachusettsMichiganMinnesotaMississippiMissouriMontanaNebraskaNevadaNew HampshireNew JerseyNew MexicoNew York StateNorth CarolinaNorth DakotaNorthern Mariana IslandsOhioOklahomaOregonPennsylvaniaPuerto RicoRepublic of PalauRhode IslandSouth CarolinaSouth DakotaTennesseeTexasUnited StatesUtahVermontVeterans HealthVirgin IslandsVirginiaWashingtonWest VirginiaWisconsinWyoming,0,0,0,0.0,0.0,0,0.0,0.0,0,935777.0,89354,0.0,0,0.0
2022-11-18,AlabamaAlaskaAmerican SamoaArizonaArkansasBureau of PrisonsCaliforniaColoradoConnecticutDelawareDept of DefenseDistrict of ColumbiaFederated States of MicronesiaFloridaGeorgiaGuamHawaiiIdahoIllinoisIndian Health SvcIndianaIowaKansasKentuckyLong Term CareLouisianaMaineMarshall IslandsMarylandMassachusettsMichiganMinnesotaMississippiMissouriMontanaNebraskaNevadaNew HampshireNew JerseyNew MexicoNew York StateNorth CarolinaNorth DakotaNorthern Mariana IslandsOhioOklahomaOregonPennsylvaniaPuerto RicoRepublic of PalauRhode IslandSouth CarolinaSouth DakotaTennesseeTexasUnited StatesUtahVermontVeterans HealthVirgin IslandsVirginiaWashingtonWest VirginiaWisconsinWyoming,0,0,0,0.0,0.0,0,0.0,0.0,0,925751.0,89065,0.0,0,0.0
2022-11-19,AlabamaAlaskaAmerican SamoaArizonaArkansasBureau of PrisonsCaliforniaColoradoConnecticutDelawareDept of DefenseDistrict of ColumbiaFederated States of MicronesiaFloridaGeorgiaGuamHawaiiIdahoIllinoisIndian Health SvcIndianaIowaKansasKentuckyLong Term CareLouisianaMaineMarshall IslandsMarylandMassachusettsMichiganMinnesotaMississippiMissouriMontanaNebraskaNevadaNew HampshireNew JerseyNew MexicoNew York StateNorth CarolinaNorth DakotaNorthern Mariana IslandsOhioOklahomaOregonPennsylvaniaPuerto RicoRepublic of PalauRhode IslandSouth CarolinaSouth DakotaTennesseeTexasUnited StatesUtahVermontVeterans HealthVirgin IslandsVirginiaWashingtonWest VirginiaWisconsinWyoming,0,0,0,0.0,0.0,0,0.0,0.0,0,915730.0,88804,0.0,0,0.0
2022-11-20,AlabamaAlaskaAmerican SamoaArizonaArkansasBureau of PrisonsCaliforniaColoradoConnecticutDelawareDept of DefenseDistrict of ColumbiaFederated States of MicronesiaFloridaGeorgiaGuamHawaiiIdahoIllinoisIndian Health SvcIndianaIowaKansasKentuckyLong Term CareLouisianaMaineMarshall IslandsMarylandMassachusettsMichiganMinnesotaMississippiMissouriMontanaNebraskaNevadaNew HampshireNew JerseyNew MexicoNew York StateNorth CarolinaNorth DakotaNorthern Mariana IslandsOhioOklahomaOregonPennsylvaniaPuerto RicoRepublic of PalauRhode IslandSouth CarolinaSouth DakotaTennesseeTexasUnited StatesUtahVermontVeterans HealthVirgin IslandsVirginiaWashingtonWest VirginiaWisconsinWyoming,0,0,0,0.0,0.0,0,0.0,0.0,0,905708.0,88505,0.0,0,0.0
2022-11-21,AlabamaAlaskaAmerican SamoaArizonaArkansasBureau of PrisonsCaliforniaColoradoConnecticutDelawareDept of DefenseDistrict of ColumbiaFederated States of MicronesiaFloridaGeorgiaGuamHawaiiIdahoIllinoisIndian Health SvcIndianaIowaKansasKentuckyLong Term CareLouisianaMaineMarshall IslandsMarylandMassachusettsMichiganMinnesotaMississippiMissouriMontanaNebraskaNevadaNew HampshireNew JerseyNew MexicoNew York StateNorth CarolinaNorth DakotaNorthern Mariana IslandsOhioOklahomaOregonPennsylvaniaPuerto RicoRepublic of PalauRhode IslandSouth CarolinaSouth DakotaTennesseeTexasUnited StatesUtahVermontVeterans HealthVirgin IslandsVirginiaWashingtonWest VirginiaWisconsinWyoming,0,0,0,0.0,0.0,0,0.0,0.0,0,895682.0,88219,0.0,0,0.0
2022-11-22,AlabamaAlaskaAmerican SamoaArizonaArkansasBureau of PrisonsCaliforniaColoradoConnecticutDelawareDept of DefenseDistrict of ColumbiaFederated States of MicronesiaFloridaGeorgiaGuamHawaiiIdahoIllinoisIndian Health SvcIndianaIowaKansasKentuckyLong Term CareLouisianaMaineMarshall IslandsMarylandMassachusettsMichiganMinnesotaMississippiMissouriMontanaNebraskaNevadaNew HampshireNew JerseyNew MexicoNew York StateNorth CarolinaNorth DakotaNorthern Mariana IslandsOhioOklahomaOregonPennsylvaniaPuerto RicoRepublic of PalauRhode IslandSouth CarolinaSouth DakotaTennesseeTexasUnited StatesUtahVermontVeterans HealthVirgin IslandsVirginiaWashingtonWest VirginiaWisconsinWyoming,0,0,0,0.0,0.0,0,0.0,0.0,0,885660.0,87965,0.0,0,0.0
2022-11-23,AlabamaAlaskaAmerican SamoaArizonaArkansasBureau of PrisonsCaliforniaColoradoConnecticutDelawareDept of DefenseDistrict of ColumbiaFederated States of MicronesiaFloridaGeorgiaGuamHawaiiIdahoIllinoisIndian Health SvcIndianaIowaKansasKentuckyLong Term CareLouisianaMaineMarshall IslandsMarylandMassachusettsMichiganMinnesotaMississippiMissouriMontanaNebraskaNevadaNew HampshireNew JerseyNew MexicoNew York StateNorth CarolinaNorth DakotaNorthern Mariana IslandsOhioOklahomaOregonPennsylvaniaPuerto RicoRepublic of PalauRhode IslandSouth CarolinaSouth DakotaTennesseeTexasUnited StatesUtahVermontVeterans HealthVirgin IslandsVirginiaWashingtonWest VirginiaWisconsinWyoming,552376918,781790430,227231966,3794.69,10820.9,194027407,4428.87,15184.59,0,875639.0,87637,42.943,145739000,2883.23
2022-11-24,AlabamaAlaskaAmerican SamoaArizonaArkansasBureau of PrisonsCaliforniaColoradoConnecticutDelawareDept of DefenseDistrict of ColumbiaFederated States of MicronesiaFloridaGeorgiaGuamHawaiiIdahoIllinoisIndian Health SvcIndianaIowaKansasKentuckyLong Term CareLouisianaMaineMarshall IslandsMarylandMassachusettsMichiganMinnesotaMississippiMissouriMontanaNebraskaNevadaNew HampshireNew JerseyNew MexicoNew York StateNorth CarolinaNorth DakotaNorthern Mariana IslandsOhioOklahomaOregonPennsylvaniaPuerto RicoRepublic of PalauRhode IslandSouth CarolinaSouth DakotaTennesseeTexasUnited StatesUtahVermontVeterans HealthVirgin IslandsVirginiaWashingtonWest VirginiaWisconsinWyoming,0,0,0,0.0,0.0,0,0.0,0.0,0,853160.0,82158,0.0,0,0.0
2022-11-25,AlabamaAlaskaAmerican SamoaArizonaArkansasBureau of PrisonsCaliforniaColoradoConnecticutDelawareDept of DefenseDistrict of ColumbiaFederated States of MicronesiaFloridaGeorgiaGuamHawaiiIdahoIllinoisIndian Health SvcIndianaIowaKansasKentuckyLong Term CareLouisianaMaineMarshall IslandsMarylandMassachusettsMichiganMinnesotaMississippiMissouriMontanaNebraskaNevadaNew HampshireNew JerseyNew MexicoNew York StateNorth CarolinaNorth DakotaNorthern Mariana IslandsOhioOklahomaOregonPennsylvaniaPuerto RicoRepublic of PalauRhode IslandSouth CarolinaSouth DakotaTennesseeTexasUnited StatesUtahVermontVeterans HealthVirgin IslandsVirginiaWashingtonWest VirginiaWisconsinWyoming,0,0,0,0.0,0.0,0,0.0,0.0,0,830693.0,76733,0.0,0,0.0
2022-11-26,AlabamaAlaskaAmerican SamoaArizonaArkansasBureau of PrisonsCaliforniaColoradoConnecticutDelawareDept of DefenseDistrict of ColumbiaFederated States of MicronesiaFloridaGeorgiaGuamHawaiiIdahoIllinoisIndian Health SvcIndianaIowaKansasKentuckyLong Term CareLouisianaMaineMarshall IslandsMarylandMassachusettsMichiganMinnesotaMississippiMissouriMontanaNebraskaNevadaNew HampshireNew JerseyNew MexicoNew York StateNorth CarolinaNorth DakotaNorthern Mariana IslandsOhioOklahomaOregonPennsylvaniaPuerto RicoRepublic of PalauRhode IslandSouth CarolinaSouth DakotaTennesseeTexasUnited StatesUtahVermontVeterans HealthVirgin IslandsVirginiaWashingtonWest VirginiaWisconsinWyoming,0,0,0,0.0,0.0,0,0.0,0.0,0,808210.0,71193,0.0,0,0.0
2022-11-27,AlabamaAlaskaAmerican SamoaArizonaArkansasBureau of PrisonsCaliforniaColoradoConnecticutDelawareDept of DefenseDistrict of ColumbiaFederated States of MicronesiaFloridaGeorgiaGuamHawaiiIdahoIllinoisIndian Health SvcIndianaIowaKansasKentuckyLong Term CareLouisianaMaineMarshall IslandsMarylandMassachusettsMichiganMinnesotaMississippiMissouriMontanaNebraskaNevadaNew HampshireNew JerseyNew MexicoNew York StateNorth CarolinaNorth DakotaNorthern Mariana IslandsOhioOklahomaOregonPennsylvaniaPuerto RicoRepublic of PalauRhode IslandSouth CarolinaSouth DakotaTennesseeTexasUnited StatesUtahVermontVeterans HealthVirgin IslandsVirginiaWashingtonWest VirginiaWisconsinWyoming,0,0,0,0.0,0.0,0,0.0,0.0,0,785738.0,65727,0.0,0,0.0
2022-11-28,AlabamaAlaskaAmerican SamoaArizonaArkansasBureau of PrisonsCaliforniaColoradoConnecticutDelawareDept of DefenseDistrict of ColumbiaFederated States of MicronesiaFloridaGeorgiaGuamHawaiiIdahoIllinoisIndian Health SvcIndianaIowaKansasKentuckyLong Term CareLouisianaMaineMarshall IslandsMarylandMassachusettsMichiganMinnesotaMississippiMissouriMontanaNebraskaNevadaNew HampshireNew JerseyNew MexicoNew York StateNorth CarolinaNorth DakotaNorthern Mariana IslandsOhioOklahomaOregonPennsylvaniaPuerto RicoRepublic of PalauRhode IslandSouth CarolinaSouth DakotaTennesseeTexasUnited StatesUtahVermontVeterans HealthVirgin IslandsVirginiaWashingtonWest VirginiaWisconsinWyoming,0,0,0,0.0,0.0,0,0.0,0.0,0,763264.0,60231,0.0,0,0.0
2022-11-29,AlabamaAlaskaAmerican SamoaArizonaArkansasBureau of PrisonsCaliforniaColoradoConnecticutDelawareDept of DefenseDistrict of ColumbiaFederated States of MicronesiaFloridaGeorgiaGuamHawaiiIdahoIllinoisIndian Health SvcIndianaIowaKansasKentuckyLong Term CareLouisianaMaineMarshall IslandsMarylandMassachusettsMichiganMinnesotaMississippiMissouriMontanaNebraskaNevadaNew HampshireNew JerseyNew MexicoNew York StateNorth CarolinaNorth DakotaNorthern Mariana IslandsOhioOklahomaOregonPennsylvaniaPuerto RicoRepublic of PalauRhode IslandSouth CarolinaSouth DakotaTennesseeTexasUnited StatesUtahVermontVeterans HealthVirgin IslandsVirginiaWashingtonWest VirginiaWisconsinWyoming,0,0,0,0.0,0.0,0,0.0,0.0,0,740790.0,54753,0.0,0,0.0
2022-11-30,AlabamaAlaskaAmerican SamoaArizonaArkansasBureau of PrisonsCaliforniaColoradoConnecticutDelawareDept of DefenseDistrict of ColumbiaFederated States of MicronesiaFloridaGeorgiaGuamHawaiiIdahoIllinoisIndian Health SvcIndianaIowaKansasKentuckyLong Term CareLouisianaMaineMarshall IslandsMarylandMassachusettsMichiganMinnesotaMississippiMissouriMontanaNebraskaNevadaNew HampshireNew JerseyNew MexicoNew York StateNorth CarolinaNorth DakotaNorthern Mariana IslandsOhioOklahomaOregonPennsylvaniaPuerto RicoRepublic of PalauRhode IslandSouth CarolinaSouth DakotaTennesseeTexasUnited StatesUtahVermontVeterans HealthVirgin IslandsVirginiaWashingtonWest VirginiaWisconsinWyoming,1268478728,1782885835,517979023,3869.56,11059.24,442869371,4518.38,15506.72,0,718318.0,49287,43.688,340824561,2962.73
2022-12-01,AlabamaAlaskaAmerican SamoaArizonaArkansasBureau of PrisonsCaliforniaColoradoConnecticutDelawareDept of DefenseDistrict of ColumbiaFederated States of MicronesiaFloridaGeorgiaGuamHawaiiIdahoIllinoisIndian Health SvcIndianaIowaKansasKentuckyLong Term CareLouisianaMaineMarshall IslandsMarylandMassachusettsMichiganMinnesotaMississippiMissouriMontanaNebraskaNevadaNew HampshireNew JerseyNew MexicoNew York StateNorth CarolinaNorth DakotaNorthern Mariana IslandsOhioOklahomaOregonPennsylvaniaPuerto RicoRepublic of PalauRhode IslandSouth CarolinaSouth DakotaTennesseeTexasUnited StatesUtahVermontVeterans HealthVirgin IslandsVirginiaWashingtonWest VirginiaWisconsinWyoming,0,0,0,0.0,0.0,0,0.0,0.0,0,726778.0,53316,0.0,0,0.0
2022-12-02,AlabamaAlaskaAmerican SamoaArizonaArkansasBureau of PrisonsCaliforniaColoradoConnecticutDelawareDept of DefenseDistrict of ColumbiaFederated States of MicronesiaFloridaGeorgiaGuamHawaiiIdahoIllinoisIndian Health SvcIndianaIowaKansasKentuckyLong Term CareLouisianaMaineMarshall IslandsMarylandMassachusettsMichiganMinnesotaMississippiMissouriMontanaNebraskaNevadaNew HampshireNew JerseyNew MexicoNew York StateNorth CarolinaNorth DakotaNorthern Mariana IslandsOhioOklahomaOregonPennsylvaniaPuerto RicoRepublic of PalauRhode IslandSouth CarolinaSouth DakotaTennesseeTexasUnited StatesUtahVermontVeterans HealthVirgin IslandsVirginiaWashingtonWest VirginiaWisconsinWyoming,0,0,0,0.0,0.0,0,0.0,0.0,0,735240.0,57408,0.0,0,0.0
2022-12-03,AlabamaAlaskaAmerican SamoaArizonaArkansasBureau of PrisonsCaliforniaColoradoConnecticutDelawareDept of DefenseDistrict of ColumbiaFederated States of MicronesiaFloridaGeorgiaGuamHawaiiIdahoIllinoisIndian Health SvcIndianaIowaKansasKentuckyLong Term CareLouisianaMaineMarshall IslandsMarylandMassachusettsMichiganMinnesotaMississippiMissouriMontanaNebraskaNevadaNew HampshireNew JerseyNew MexicoNew York StateNorth CarolinaNorth DakotaNorthern Mariana IslandsOhioOklahomaOregonPennsylvaniaPuerto RicoRepublic of PalauRhode IslandSouth CarolinaSouth DakotaTennesseeTexasUnited StatesUtahVermontVeterans HealthVirgin IslandsVirginiaWashingtonWest VirginiaWisconsinWyoming,0,0,0,0.0,0.0,0,0.0,0.0,0,743699.0,61458,0.0,0,0.0
2022-12-04,AlabamaAlaskaAmerican SamoaArizonaArkansasBureau of PrisonsCaliforniaColoradoConnecticutDelawareDept of DefenseDistrict of ColumbiaFederated States of MicronesiaFloridaGeorgiaGuamHawaiiIdahoIllinoisIndian Health SvcIndianaIowaKansasKentuckyLong Term CareLouisianaMaineMarshall IslandsMarylandMassachusettsMichiganMinnesotaMississippiMissouriMontanaNebraskaNevadaNew HampshireNew JerseyNew MexicoNew York StateNorth CarolinaNorth DakotaNorthern Mariana IslandsOhioOklahomaOregonPennsylvaniaPuerto RicoRepublic of PalauRhode IslandSouth CarolinaSouth DakotaTennesseeTexasUnited StatesUtahVermontVeterans HealthVirgin IslandsVirginiaWashingtonWest VirginiaWisconsinWyoming,0,0,0,0.0,0.0,0,0.0,0.0,0,752159.0,65520,0.0,0,0.0
2022-12-05,AlabamaAlaskaAmerican SamoaArizonaArkansasBureau of PrisonsCaliforniaColoradoConnecticutDelawareDept of DefenseDistrict of ColumbiaFederated States of MicronesiaFloridaGeorgiaGuamHawaiiIdahoIllinoisIndian Health SvcIndianaIowaKansasKentuckyLong Term CareLouisianaMaineMarshall IslandsMarylandMassachusettsMichiganMinnesotaMississippiMissouriMontanaNebraskaNevadaNew HampshireNew JerseyNew MexicoNew York StateNorth CarolinaNorth DakotaNorthern Mariana IslandsOhioOklahomaOregonPennsylvaniaPuerto RicoRepublic of PalauRhode IslandSouth CarolinaSouth DakotaTennesseeTexasUnited StatesUtahVermontVeterans HealthVirgin IslandsVirginiaWashingtonWest VirginiaWisconsinWyoming,0,0,0,0.0,0.0,0,0.0,0.0,0,760620.0,69574,0.0,0,0.0
2022-12-06,AlabamaAlaskaAmerican SamoaArizonaArkansasBureau of PrisonsCaliforniaColoradoConnecticutDelawareDept of DefenseDistrict of ColumbiaFederated States of MicronesiaFloridaGeorgiaGuamHawaiiIdahoIllinoisIndian Health SvcIndianaIowaKansasKentuckyLong Term CareLouisianaMaineMarshall IslandsMarylandMassachusettsMichiganMinnesotaMississippiMissouriMontanaNebraskaNevadaNew HampshireNew JerseyNew MexicoNew York StateNorth CarolinaNorth DakotaNorthern Mariana IslandsOhioOklahomaOregonPennsylvaniaPuerto RicoRepublic of PalauRhode IslandSouth CarolinaSouth DakotaTennesseeTexasUnited StatesUtahVermontVeterans HealthVirgin IslandsVirginiaWashingtonWest VirginiaWisconsinWyoming,0,0,0,0.0,0.0,0,0.0,0.0,0,769084.0,73636,0.0,0,0.0
2022-12-07,AlabamaAlaskaAmerican SamoaArizonaArkansasBureau of PrisonsCaliforniaColoradoConnecticutDelawareDept of DefenseDistrict of ColumbiaFederated States of MicronesiaFloridaGeorgiaGuamHawaiiIdahoIllinoisIndian Health SvcIndianaIowaKansasKentuckyLong Term CareLouisianaMaineMarshall IslandsMarylandMassachusettsMichiganMinnesotaMississippiMissouriMontanaNebraskaNevadaNew HampshireNew JerseyNew MexicoNew York StateNorth CarolinaNorth DakotaNorthern Mariana IslandsOhioOklahomaOregonPennsylvaniaPuerto RicoRepublic of PalauRhode IslandSouth CarolinaSouth DakotaTennesseeTexasUnited StatesUtahVermontVeterans HealthVirgin IslandsVirginiaWashingtonWest VirginiaWisconsinWyoming,1299819219,1828500820,528570884,3945.67,11317.04,452316856,4603.6,15881.49,0,777542.0,77725,44.359,352752405,3064.12
2022-12-08,AlabamaAlaskaAmerican SamoaArizonaArkansasBureau of PrisonsCaliforniaColoradoConnecticutDelawareDept of DefenseDistrict of ColumbiaFederated States of MicronesiaFloridaGeorgiaGuamHawaiiIdahoIllinoisIndian Health SvcIndianaIowaKansasKentuckyLong Term CareLouisianaMaineMarshall IslandsMarylandMassachusettsMichiganMinnesotaMississippiMissouriMontanaNebraskaNevadaNew HampshireNew JerseyNew MexicoNew York StateNorth CarolinaNorth DakotaNorthern Mariana IslandsOhioOklahomaOregonPennsylvaniaPuerto RicoRepublic of PalauRhode IslandSouth CarolinaSouth DakotaTennesseeTexasUnited StatesUtahVermontVeterans HealthVirgin IslandsVirginiaWashingtonWest VirginiaWisconsinWyoming,0,0,0,0.0,0.0,0,0.0,0.0,0,770046.0,77021,0.0,0,0.0
2022-12-09,AlabamaAlaskaAmerican SamoaArizonaArkansasBureau of PrisonsCaliforniaColoradoConnecticutDelawareDept of DefenseDistrict of ColumbiaFederated States of MicronesiaFloridaGeorgiaGuamHawaiiIdahoIllinoisIndian Health SvcIndianaIowaKansasKentuckyLong Term CareLouisianaMaineMarshall IslandsMarylandMassachusettsMichiganMinnesotaMississippiMissouriMontanaNebraskaNevadaNew HampshireNew JerseyNew MexicoNew York StateNorth CarolinaNorth DakotaNorthern Mariana IslandsOhioOklahomaOregonPennsylvaniaPuerto RicoRepublic of PalauRhode IslandSouth CarolinaSouth DakotaTennesseeTexasUnited StatesUtahVermontVeterans HealthVirgin IslandsVirginiaWashingtonWest VirginiaWisconsinWyoming,0,0,0,0.0,0.0,0,0.0,0.0,0,762546.0,76404,0.0,0,0.0
2022-12-10,AlabamaAlaskaAmerican SamoaArizonaArkansasBureau of PrisonsCaliforniaColoradoConnecticutDelawareDept of DefenseDistrict of ColumbiaFederated States of MicronesiaFloridaGeorgiaGuamHawaiiIdahoIllinoisIndian Health SvcIndianaIowaKansasKentuckyLong Term CareLouisianaMaineMarshall IslandsMarylandMassachusettsMichiganMinnesotaMississippiMissouriMontanaNebraskaNevadaNew HampshireNew JerseyNew MexicoNew York StateNorth CarolinaNorth DakotaNorthern Mariana IslandsOhioOklahomaOregonPennsylvaniaPuerto RicoRepublic of PalauRhode IslandSouth CarolinaSouth DakotaTennesseeTexasUnited StatesUtahVermontVeterans HealthVirgin IslandsVirginiaWashingtonWest VirginiaWisconsinWyoming,0,0,0,0.0,0.0,0,0.0,0.0,0,755048.0,75721,0.0,0,0.0
2022-12-11,AlabamaAlaskaAmerican SamoaArizonaArkansasBureau of PrisonsCaliforniaColoradoConnecticutDelawareDept of DefenseDistrict of ColumbiaFederated States of MicronesiaFloridaGeorgiaGuamHawaiiIdahoIllinoisIndian Health SvcIndianaIowaKansasKentuckyLong Term CareLouisianaMaineMarshall IslandsMarylandMassachusettsMichiganMinnesotaMississippiMissouriMontanaNebraskaNevadaNew HampshireNew JerseyNew MexicoNew York StateNorth CarolinaNorth DakotaNorthern Mariana IslandsOhioOklahomaOregonPennsylvaniaPuerto RicoRepublic of PalauRhode IslandSouth CarolinaSouth DakotaTennesseeTexasUnited StatesUtahVermontVeterans HealthVirgin IslandsVirginiaWashingtonWest VirginiaWisconsinWyoming,0,0,0,0.0,0.0,0,0.0,0.0,0,747555.0,75113,0.0,0,0.0
2022-12-12,AlabamaAlaskaAmerican SamoaArizonaArkansasBureau of PrisonsCaliforniaColoradoConnecticutDelawareDept of DefenseDistrict of ColumbiaFederated States of MicronesiaFloridaGeorgiaGuamHawaiiIdahoIllinoisIndian Health SvcIndianaIowaKansasKentuckyLong Term CareLouisianaMaineMarshall IslandsMarylandMassachusettsMichiganMinnesotaMississippiMissouriMontanaNebraskaNevadaNew HampshireNew JerseyNew MexicoNew York StateNorth CarolinaNorth DakotaNorthern Mariana IslandsOhioOklahomaOregonPennsylvaniaPuerto RicoRepublic of PalauRhode IslandSouth CarolinaSouth DakotaTennesseeTexasUnited StatesUtahVermontVeterans HealthVirgin IslandsVirginiaWashingtonWest VirginiaWisconsinWyoming,0,0,0,0.0,0.0,0,0.0,0.0,0,740052.0,74431,0.0,0,0.0
2022-12-13,AlabamaAlaskaAmerican SamoaArizonaArkansasBureau of PrisonsCaliforniaColoradoConnecticutDelawareDept of DefenseDistrict of ColumbiaFederated States of MicronesiaFloridaGeorgiaGuamHawaiiIdahoIllinoisIndian Health SvcIndianaIowaKansasKentuckyLong Term CareLouisianaMaineMarshall IslandsMarylandMassachusettsMichiganMinnesotaMississippiMissouriMontanaNebraskaNevadaNew HampshireNew JerseyNew MexicoNew York StateNorth CarolinaNorth DakotaNorthern Mariana IslandsOhioOklahomaOregonPennsylvaniaPuerto RicoRepublic of PalauRhode IslandSouth CarolinaSouth DakotaTennesseeTexasUnited StatesUtahVermontVeterans HealthVirgin IslandsVirginiaWashingtonWest VirginiaWisconsinWyoming,0,0,0,0.0,0.0,0,0.0,0.0,0,732563.0,73814,0.0,0,0.0
2022-12-14,AlabamaAlaskaAmerican SamoaArizonaArkansasBureau of PrisonsCaliforniaColoradoConnecticutDelawareDept of DefenseDistrict of ColumbiaFederated States of MicronesiaFloridaGeorgiaGuamHawaiiIdahoIllinoisIndian Health SvcIndianaIowaKansasKentuckyLong Term CareLouisianaMaineMarshall IslandsMarylandMassachusettsMichiganMinnesotaMississippiMissouriMontanaNebraskaNevadaNew HampshireNew JerseyNew MexicoNew York StateNorth CarolinaNorth DakotaNorthern Mariana IslandsOhioOklahomaOregonPennsylvaniaPuerto RicoRepublic of PalauRhode IslandSouth CarolinaSouth DakotaTennesseeTexasUnited StatesUtahVermontVeterans HealthVirgin IslandsVirginiaWashingtonWest VirginiaWisconsinWyoming,1310225655,1845911980,531482326,4013.55,11543.71,454711075,4686.45,16208.78,0,725062.0,73132,45.043,358027021,3145.72
2022-12-15,AlabamaAlaskaAmerican SamoaArizonaArkansasBureau of PrisonsCaliforniaColoradoConnecticutDelawareDept of DefenseDistrict of ColumbiaFederated States of MicronesiaFloridaGeorgiaGuamHawaiiIdahoIllinoisIndian Health SvcIndianaIowaKansasKentuckyLong Term CareLouisianaMaineMarshall IslandsMarylandMassachusettsMichiganMinnesotaMississippiMissouriMontanaNebraskaNevadaNew HampshireNew JerseyNew MexicoNew York StateNorth CarolinaNorth DakotaNorthern Mariana IslandsOhioOklahomaOregonPennsylvaniaPuerto RicoRepublic of PalauRhode IslandSouth CarolinaSouth DakotaTennesseeTexasUnited StatesUtahVermontVeterans HealthVirgin IslandsVirginiaWashingtonWest VirginiaWisconsinWyoming,0,0,0,0.0,0.0,0,0.0,0.0,0,694554.0,70046,0.0,0,0.0
2022-12-16,AlabamaAlaskaAmerican SamoaArizonaArkansasBureau of PrisonsCaliforniaColoradoConnecticutDelawareDept of DefenseDistrict of ColumbiaFederated States of MicronesiaFloridaGeorgiaGuamHawaiiIdahoIllinoisIndian Health SvcIndianaIowaKansasKentuckyLong Term CareLouisianaMaineMarshall IslandsMarylandMassachusettsMichiganMinnesotaMississippiMissouriMontanaNebraskaNevadaNew HampshireNew JerseyNew MexicoNew York StateNorth CarolinaNorth DakotaNorthern Mariana IslandsOhioOklahomaOregonPennsylvaniaPuerto RicoRepublic of PalauRhode IslandSouth CarolinaSouth DakotaTennesseeTexasUnited StatesUtahVermontVeterans HealthVirgin IslandsVirginiaWashingtonWest VirginiaWisconsinWyoming,0,0,0,0.0,0.0,0,0.0,0.0,0,664038.0,66917,0.0,0,0.0
2022-12-17,AlabamaAlaskaAmerican SamoaArizonaArkansasBureau of PrisonsCaliforniaColoradoConnecticutDelawareDept of DefenseDistrict of ColumbiaFederated States of MicronesiaFloridaGeorgiaGuamHawaiiIdahoIllinoisIndian Health SvcIndianaIowaKansasKentuckyLong Term CareLouisianaMaineMarshall IslandsMarylandMassachusettsMichiganMinnesotaMississippiMissouriMontanaNebraskaNevadaNew HampshireNew JerseyNew MexicoNew York StateNorth CarolinaNorth DakotaNorthern Mariana IslandsOhioOklahomaOregonPennsylvaniaPuerto RicoRepublic of PalauRhode IslandSouth CarolinaSouth DakotaTennesseeTexasUnited StatesUtahVermontVeterans HealthVirgin IslandsVirginiaWashingtonWest VirginiaWisconsinWyoming,0,0,0,0.0,0.0,0,0.0,0.0,0,633529.0,63781,0.0,0,0.0
2022-12-18,AlabamaAlaskaAmerican SamoaArizonaArkansasBureau of PrisonsCaliforniaColoradoConnecticutDelawareDept of DefenseDistrict of ColumbiaFederated States of MicronesiaFloridaGeorgiaGuamHawaiiIdahoIllinoisIndian Health SvcIndianaIowaKansasKentuckyLong Term CareLouisianaMaineMarshall IslandsMarylandMassachusettsMichiganMinnesotaMississippiMissouriMontanaNebraskaNevadaNew HampshireNew JerseyNew MexicoNew York StateNorth CarolinaNorth DakotaNorthern Mariana IslandsOhioOklahomaOregonPennsylvaniaPuerto RicoRepublic of PalauRhode IslandSouth CarolinaSouth DakotaTennesseeTexasUnited StatesUtahVermontVeterans HealthVirgin IslandsVirginiaWashingtonWest VirginiaWisconsinWyoming,0,0,0,0.0,0.0,0,0.0,0.0,0,603014.0,60655,0.0,0,0.0
2022-12-19,AlabamaAlaskaAmerican SamoaArizonaArkansasBureau of PrisonsCaliforniaColoradoConnecticutDelawareDept of DefenseDistrict of ColumbiaFederated States of MicronesiaFloridaGeorgiaGuamHawaiiIdahoIllinoisIndian Health SvcIndianaIowaKansasKentuckyLong Term CareLouisianaMaineMarshall IslandsMarylandMassachusettsMichiganMinnesotaMississippiMissouriMontanaNebraskaNevadaNew HampshireNew JerseyNew MexicoNew York StateNorth CarolinaNorth DakotaNorthern Mariana IslandsOhioOklahomaOregonPennsylvaniaPuerto RicoRepublic of PalauRhode IslandSouth CarolinaSouth DakotaTennesseeTexasUnited StatesUtahVermontVeterans HealthVirgin IslandsVirginiaWashingtonWest VirginiaWisconsinWyoming,0,0,0,0.0,0.0,0,0.0,0.0,0,572503.0,57553,0.0,0,0.0
2022-12-20,AlabamaAlaskaAmerican SamoaArizonaArkansasBureau of PrisonsCaliforniaColoradoConnecticutDelawareDept of DefenseDistrict of ColumbiaFederated States of MicronesiaFloridaGeorgiaGuamHawaiiIdahoIllinoisIndian Health SvcIndianaIowaKansasKentuckyLong Term CareLouisianaMaineMarshall IslandsMarylandMassachusettsMichiganMinnesotaMississippiMissouriMontanaNebraskaNevadaNew HampshireNew JerseyNew MexicoNew York StateNorth CarolinaNorth DakotaNorthern Mariana IslandsOhioOklahomaOregonPennsylvaniaPuerto RicoRepublic of PalauRhode IslandSouth CarolinaSouth DakotaTennesseeTexasUnited StatesUtahVermontVeterans HealthVirgin IslandsVirginiaWashingtonWest VirginiaWisconsinWyoming,0,0,0,0.0,0.0,0,0.0,0.0,0,541994.0,54436,0.0,0,0.0
2022-12-21,AlabamaAlaskaAmerican SamoaArizonaArkansasBureau of PrisonsCaliforniaColoradoConnecticutDelawareDept of DefenseDistrict of ColumbiaFederated States of MicronesiaFloridaGeorgiaGuamHawaiiIdahoIllinoisIndian Health SvcIndianaIowaKansasKentuckyLong Term CareLouisianaMaineMarshall IslandsMarylandMassachusettsMichiganMinnesotaMississippiMissouriMontanaNebraskaNevadaNew HampshireNew JerseyNew MexicoNew York StateNorth CarolinaNorth DakotaNorthern Mariana IslandsOhioOklahomaOregonPennsylvaniaPuerto RicoRepublic of PalauRhode IslandSouth CarolinaSouth DakotaTennesseeTexasUnited StatesUtahVermontVeterans HealthVirgin IslandsVirginiaWashingtonWest VirginiaWisconsinWyoming,1287409039,1821156215,521950454,3945.71,11370.95,446026160,4612.42,16027.67,0,511479.0,51297,44.169,352800493,3109.82
2022-12-22,AlabamaAlaskaAmerican SamoaArizonaArkansasBureau of PrisonsCaliforniaColoradoConnecticutDelawareDept of DefenseDistrict of ColumbiaFederated States of MicronesiaFloridaGeorgiaGuamHawaiiIdahoIllinoisIndian Health SvcIndianaIowaKansasKentuckyLong Term CareLouisianaMaineMarshall IslandsMarylandMassachusettsMichiganMinnesotaMississippiMissouriMontanaNebraskaNevadaNew HampshireNew JerseyNew MexicoNew York StateNorth CarolinaNorth DakotaNorthern Mariana IslandsOhioOklahomaOregonPennsylvaniaPuerto RicoRepublic of PalauRhode IslandSouth CarolinaSouth DakotaTennesseeTexasUnited StatesUtahVermontVeterans HealthVirgin IslandsVirginiaWashingtonWest VirginiaWisconsinWyoming,0,0,0,0.0,0.0,0,0.0,0.0,0,509103.0,49208,0.0,0,0.0
2022-12-23,AlabamaAlaskaAmerican SamoaArizonaArkansasBureau of PrisonsCaliforniaColoradoConnecticutDelawareDept of DefenseDistrict of ColumbiaFederated States of MicronesiaFloridaGeorgiaGuamHawaiiIdahoIllinoisIndian Health SvcIndianaIowaKansasKentuckyLong Term CareLouisianaMaineMarshall IslandsMarylandMassachusettsMichiganMinnesotaMississippiMissouriMontanaNebraskaNevadaNew HampshireNew JerseyNew MexicoNew York StateNorth CarolinaNorth DakotaNorthern Mariana IslandsOhioOklahomaOregonPennsylvaniaPuerto RicoRepublic of PalauRhode IslandSouth CarolinaSouth DakotaTennesseeTexasUnited StatesUtahVermontVeterans HealthVirgin IslandsVirginiaWashingtonWest VirginiaWisconsinWyoming,0,0,0,0.0,0.0,0,0.0,0.0,0,506731.0,47171,0.0,0,0.0
2022-12-24,AlabamaAlaskaAmerican SamoaArizonaArkansasBureau of PrisonsCaliforniaColoradoConnecticutDelawareDept of DefenseDistrict of ColumbiaFederated States of MicronesiaFloridaGeorgiaGuamHawaiiIdahoIllinoisIndian Health SvcIndianaIowaKansasKentuckyLong Term CareLouisianaMaineMarshall IslandsMarylandMassachusettsMichiganMinnesotaMississippiMissouriMontanaNebraskaNevadaNew HampshireNew JerseyNew MexicoNew York StateNorth CarolinaNorth DakotaNorthern Mariana IslandsOhioOklahomaOregonPennsylvaniaPuerto RicoRepublic of PalauRhode IslandSouth CarolinaSouth DakotaTennesseeTexasUnited StatesUtahVermontVeterans HealthVirgin IslandsVirginiaWashingtonWest VirginiaWisconsinWyoming,0,0,0,0.0,0.0,0,0.0,0.0,0,504356.0,45107,0.0,0,0.0
2022-12-25,AlabamaAlaskaAmerican SamoaArizonaArkansasBureau of PrisonsCaliforniaColoradoConnecticutDelawareDept of DefenseDistrict of ColumbiaFederated States of MicronesiaFloridaGeorgiaGuamHawaiiIdahoIllinoisIndian Health SvcIndianaIowaKansasKentuckyLong Term CareLouisianaMaineMarshall IslandsMarylandMassachusettsMichiganMinnesotaMississippiMissouriMontanaNebraskaNevadaNew HampshireNew JerseyNew MexicoNew York StateNorth CarolinaNorth DakotaNorthern Mariana IslandsOhioOklahomaOregonPennsylvaniaPuerto RicoRepublic of PalauRhode IslandSouth CarolinaSouth DakotaTennesseeTexasUnited StatesUtahVermontVeterans HealthVirgin IslandsVirginiaWashingtonWest VirginiaWisconsinWyoming,0,0,0,0.0,0.0,0,0.0,0.0,0,501980.0,43032,0.0,0,0.0
2022-12-26,AlabamaAlaskaAmerican SamoaArizonaArkansasBureau of PrisonsCaliforniaColoradoConnecticutDelawareDept of DefenseDistrict of ColumbiaFederated States of MicronesiaFloridaGeorgiaGuamHawaiiIdahoIllinoisIndian Health SvcIndianaIowaKansasKentuckyLong Term CareLouisianaMaineMarshall IslandsMarylandMassachusettsMichiganMinnesotaMississippiMissouriMontanaNebraskaNevadaNew HampshireNew JerseyNew MexicoNew York StateNorth CarolinaNorth DakotaNorthern Mariana IslandsOhioOklahomaOregonPennsylvaniaPuerto RicoRepublic of PalauRhode IslandSouth CarolinaSouth DakotaTennesseeTexasUnited StatesUtahVermontVeterans HealthVirgin IslandsVirginiaWashingtonWest VirginiaWisconsinWyoming,0,0,0,0.0,0.0,0,0.0,0.0,0,499610.0,40950,0.0,0,0.0
2022-12-27,AlabamaAlaskaAmerican SamoaArizonaArkansasBureau of PrisonsCaliforniaColoradoConnecticutDelawareDept of DefenseDistrict of ColumbiaFederated States of MicronesiaFloridaGeorgiaGuamHawaiiIdahoIllinoisIndian Health SvcIndianaIowaKansasKentuckyLong Term CareLouisianaMaineMarshall IslandsMarylandMassachusettsMichiganMinnesotaMississippiMissouriMontanaNebraskaNevadaNew HampshireNew JerseyNew MexicoNew York StateNorth CarolinaNorth DakotaNorthern Mariana IslandsOhioOklahomaOregonPennsylvaniaPuerto RicoRepublic of PalauRhode IslandSouth CarolinaSouth DakotaTennesseeTexasUnited StatesUtahVermontVeterans HealthVirgin IslandsVirginiaWashingtonWest VirginiaWisconsinWyoming,0,0,0,0.0,0.0,0,0.0,0.0,0,497236.0,38891,0.0,0,0.0
2022-12-28,AlabamaAlaskaAmerican SamoaArizonaArkansasBureau of PrisonsCaliforniaColoradoConnecticutDelawareDept of DefenseDistrict of ColumbiaFederated States of MicronesiaFloridaGeorgiaGuamHawaiiIdahoIllinoisIndian Health SvcIndianaIowaKansasKentuckyLong Term CareLouisianaMaineMarshall IslandsMarylandMassachusettsMichiganMinnesotaMississippiMissouriMontanaNebraskaNevadaNew HampshireNew JerseyNew MexicoNew York StateNorth CarolinaNorth DakotaNorthern Mariana IslandsOhioOklahomaOregonPennsylvaniaPuerto RicoRepublic of PalauRhode IslandSouth CarolinaSouth DakotaTennesseeTexasUnited StatesUtahVermontVeterans HealthVirgin IslandsVirginiaWashingtonWest VirginiaWisconsinWyoming,1290707695,1824695015,522380814,3948.34,11395.0205,446310479,4615.9897,16057.7,0,494866.0,36854,44.187,355384470,3127.75
2022-12-29,AlabamaAlaskaAmerican SamoaArizonaArkansasBureau of PrisonsCaliforniaColoradoConnecticutDelawareDept of DefenseDistrict of ColumbiaFederated States of MicronesiaFloridaGeorgiaGuamHawaiiIdahoIllinoisIndian Health SvcIndianaIowaKansasKentuckyLong Term CareLouisianaMaineMarshall IslandsMarylandMassachusettsMichiganMinnesotaMississippiMissouriMontanaNebraskaNevadaNew HampshireNew JerseyNew MexicoNew York StateNorth CarolinaNorth DakotaNorthern Mariana IslandsOhioOklahomaOregonPennsylvaniaPuerto RicoRepublic of PalauRhode IslandSouth CarolinaSouth DakotaTennesseeTexasUnited StatesUtahVermontVeterans HealthVirgin IslandsVirginiaWashingtonWest VirginiaWisconsinWyoming,0,0,0,0.0,0.0,0,0.0,0.0,0,477945.0,37232,0.0,0,0.0
2022-12-30,AlabamaAlaskaAmerican SamoaArizonaArkansasBureau of PrisonsCaliforniaColoradoConnecticutDelawareDept of DefenseDistrict of ColumbiaFederated States of MicronesiaFloridaGeorgiaGuamHawaiiIdahoIllinoisIndian Health SvcIndianaIowaKansasKentuckyLong Term CareLouisianaMaineMarshall IslandsMarylandMassachusettsMichiganMinnesotaMississippiMissouriMontanaNebraskaNevadaNew HampshireNew JerseyNew MexicoNew York StateNorth CarolinaNorth DakotaNorthern Mariana IslandsOhioOklahomaOregonPennsylvaniaPuerto RicoRepublic of PalauRhode IslandSouth CarolinaSouth DakotaTennesseeTexasUnited StatesUtahVermontVeterans HealthVirgin IslandsVirginiaWashingtonWest VirginiaWisconsinWyoming,0,0,0,0.0,0.0,0,0.0,0.0,0,461030.0,37576,0.0,0,0.0
2022-12-31,AlabamaAlaskaAmerican SamoaArizonaArkansasBureau of PrisonsCaliforniaColoradoConnecticutDelawareDept of DefenseDistrict of ColumbiaFederated States of MicronesiaFloridaGeorgiaGuamHawaiiIdahoIllinoisIndian Health SvcIndianaIowaKansasKentuckyLong Term CareLouisianaMaineMarshall IslandsMarylandMassachusettsMichiganMinnesotaMississippiMissouriMontanaNebraskaNevadaNew HampshireNew JerseyNew MexicoNew York StateNorth CarolinaNorth DakotaNorthern Mariana IslandsOhioOklahomaOregonPennsylvaniaPuerto RicoRepublic of PalauRhode IslandSouth CarolinaSouth DakotaTennesseeTexasUnited StatesUtahVermontVeterans HealthVirgin IslandsVirginiaWashingtonWest VirginiaWisconsinWyoming,0,0,0,0.0,0.0,0,0.0,0.0,0,444111.0,37981,0.0,0,0.0
2023-01-01,AlabamaAlaskaAmerican SamoaArizonaArkansasBureau of PrisonsCaliforniaColoradoConnecticutDelawareDept of DefenseDistrict of ColumbiaFederated States of MicronesiaFloridaGeorgiaGuamHawaiiIdahoIllinoisIndian Health SvcIndianaIowaKansasKentuckyLong Term CareLouisianaMaineMarshall IslandsMarylandMassachusettsMichiganMinnesotaMississippiMissouriMontanaNebraskaNevadaNew HampshireNew JerseyNew MexicoNew York StateNorth CarolinaNorth DakotaNorthern Mariana IslandsOhioOklahomaOregonPennsylvaniaPuerto RicoRepublic of PalauRhode IslandSouth CarolinaSouth DakotaTennesseeTexasUnited StatesUtahVermontVeterans HealthVirgin IslandsVirginiaWashingtonWest VirginiaWisconsinWyoming,0,0,0,0.0,0.0,0,0.0,0.0,0,427198.0,38325,0.0,0,0.0
2023-01-02,AlabamaAlaskaAmerican SamoaArizonaArkansasBureau of PrisonsCaliforniaColoradoConnecticutDelawareDept of DefenseDistrict of ColumbiaFederated States of MicronesiaFloridaGeorgiaGuamHawaiiIdahoIllinoisIndian Health SvcIndianaIowaKansasKentuckyLong Term CareLouisianaMaineMarshall IslandsMarylandMassachusettsMichiganMinnesotaMississippiMissouriMontanaNebraskaNevadaNew HampshireNew JerseyNew MexicoNew York StateNorth CarolinaNorth DakotaNorthern Mariana IslandsOhioOklahomaOregonPennsylvaniaPuerto RicoRepublic of PalauRhode IslandSouth CarolinaSouth DakotaTennesseeTexasUnited StatesUtahVermontVeterans HealthVirgin IslandsVirginiaWashingtonWest VirginiaWisconsinWyoming,0,0,0,0.0,0.0,0,0.0,0.0,0,410276.0,38699,0.0,0,0.0
2023-01-03,AlabamaAlaskaAmerican SamoaArizonaArkansasBureau of PrisonsCaliforniaColoradoConnecticutDelawareDept of DefenseDistrict of ColumbiaFederated States of MicronesiaFloridaGeorgiaGuamHawaiiIdahoIllinoisIndian Health SvcIndianaIowaKansasKentuckyLong Term CareLouisianaMaineMarshall IslandsMarylandMassachusettsMichiganMinnesotaMississippiMissouriMontanaNebraskaNevadaNew HampshireNew JerseyNew MexicoNew York StateNorth CarolinaNorth DakotaNorthern Mariana IslandsOhioOklahomaOregonPennsylvaniaPuerto RicoRepublic of PalauRhode IslandSouth CarolinaSouth DakotaTennesseeTexasUnited StatesUtahVermontVeterans HealthVirgin IslandsVirginiaWashingtonWest VirginiaWisconsinWyoming,0,0,0,0.0,0.0,0,0.0,0.0,0,393353.0,39064,0.0,0,0.0
2023-01-04,AlabamaAlaskaAmerican SamoaArizonaArkansasBureau of PrisonsCaliforniaColoradoConnecticutDelawareDept of DefenseDistrict of ColumbiaFederated States of MicronesiaFloridaGeorgiaGuamHawaiiIdahoIllinoisIndian Health SvcIndianaIowaKansasKentuckyLong Term CareLouisianaMaineMarshall IslandsMarylandMassachusettsMichiganMinnesotaMississippiMissouriMontanaNebraskaNevadaNew HampshireNew JerseyNew MexicoNew York StateNorth CarolinaNorth DakotaNorthern Mariana IslandsOhioOklahomaOregonPennsylvaniaPuerto RicoRepublic of PalauRhode IslandSouth CarolinaSouth DakotaTennesseeTexasUnited StatesUtahVermontVeterans HealthVirgin IslandsVirginiaWashingtonWest VirginiaWisconsinWyoming,1319568693,1867639470,532736428,4021.93,11629.23,455545885,4698.61,16395.32,0,376441.0,39440,44.886,365281147,3210.67
2023-01-05,AlabamaAlaskaAmerican SamoaArizonaArkansasBureau of PrisonsCaliforniaColoradoConnecticutDelawareDept of DefenseDistrict of ColumbiaFederated States of MicronesiaFloridaGeorgiaGuamHawaiiIdahoIllinoisIndian Health SvcIndianaIowaKansasKentuckyLong Term CareLouisianaMaineMarshall IslandsMarylandMassachusettsMichiganMinnesotaMississippiMissouriMontanaNebraskaNevadaNew HampshireNew JerseyNew MexicoNew York StateNorth CarolinaNorth DakotaNorthern Mariana IslandsOhioOklahomaOregonPennsylvaniaPuerto RicoRepublic of PalauRhode IslandSouth CarolinaSouth DakotaTennesseeTexasUnited StatesUtahVermontVeterans HealthVirgin IslandsVirginiaWashingtonWest VirginiaWisconsinWyoming,0,0,0,0.0,0.0,0,0.0,0.0,0,386904.0,42180,0.0,0,0.0
2023-01-06,AlabamaAlaskaAmerican SamoaArizonaArkansasBureau of PrisonsCaliforniaColoradoConnecticutDelawareDept of DefenseDistrict of ColumbiaFederated States of MicronesiaFloridaGeorgiaGuamHawaiiIdahoIllinoisIndian Health SvcIndianaIowaKansasKentuckyLong Term CareLouisianaMaineMarshall IslandsMarylandMassachusettsMichiganMinnesotaMississippiMissouriMontanaNebraskaNevadaNew HampshireNew JerseyNew MexicoNew York StateNorth CarolinaNorth DakotaNorthern Mariana IslandsOhioOklahomaOregonPennsylvaniaPuerto RicoRepublic of PalauRhode IslandSouth CarolinaSouth DakotaTennesseeTexasUnited StatesUtahVermontVeterans HealthVirgin IslandsVirginiaWashingtonWest VirginiaWisconsinWyoming,0,0,0,0.0,0.0,0,0.0,0.0,0,397361.0,44985,0.0,0,0.0
2023-01-07,AlabamaAlaskaAmerican SamoaArizonaArkansasBureau of PrisonsCaliforniaColoradoConnecticutDelawareDept of DefenseDistrict of ColumbiaFederated States of MicronesiaFloridaGeorgiaGuamHawaiiIdahoIllinoisIndian Health SvcIndianaIowaKansasKentuckyLong Term CareLouisianaMaineMarshall IslandsMarylandMassachusettsMichiganMinnesotaMississippiMissouriMontanaNebraskaNevadaNew HampshireNew JerseyNew MexicoNew York StateNorth CarolinaNorth DakotaNorthern Mariana IslandsOhioOklahomaOregonPennsylvaniaPuerto RicoRepublic of PalauRhode IslandSouth CarolinaSouth DakotaTennesseeTexasUnited StatesUtahVermontVeterans HealthVirgin IslandsVirginiaWashingtonWest VirginiaWisconsinWyoming,0,0,0,0.0,0.0,0,0.0,0.0,0,407822.0,47743,0.0,0,0.0
2023-01-08,AlabamaAlaskaAmerican SamoaArizonaArkansasBureau of PrisonsCaliforniaColoradoConnecticutDelawareDept of DefenseDistrict of ColumbiaFederated States of MicronesiaFloridaGeorgiaGuamHawaiiIdahoIllinoisIndian Health SvcIndianaIowaKansasKentuckyLong Term CareLouisianaMaineMarshall IslandsMarylandMassachusettsMichiganMinnesotaMississippiMissouriMontanaNebraskaNevadaNew HampshireNew JerseyNew MexicoNew York StateNorth CarolinaNorth DakotaNorthern Mariana IslandsOhioOklahomaOregonPennsylvaniaPuerto RicoRepublic of PalauRhode IslandSouth CarolinaSouth DakotaTennesseeTexasUnited StatesUtahVermontVeterans HealthVirgin IslandsVirginiaWashingtonWest VirginiaWisconsinWyoming,0,0,0,0.0,0.0,0,0.0,0.0,0,418281.0,50504,0.0,0,0.0
2023-01-09,AlabamaAlaskaAmerican SamoaArizonaArkansasBureau of PrisonsCaliforniaColoradoConnecticutDelawareDept of DefenseDistrict of ColumbiaFederated States of MicronesiaFloridaGeorgiaGuamHawaiiIdahoIllinoisIndian Health SvcIndianaIowaKansasKentuckyLong Term CareLouisianaMaineMarshall IslandsMarylandMassachusettsMichiganMinnesotaMississippiMissouriMontanaNebraskaNevadaNew HampshireNew JerseyNew MexicoNew York StateNorth CarolinaNorth DakotaNorthern Mariana IslandsOhioOklahomaOregonPennsylvaniaPuerto RicoRepublic of PalauRhode IslandSouth CarolinaSouth DakotaTennesseeTexasUnited StatesUtahVermontVeterans HealthVirgin IslandsVirginiaWashingtonWest VirginiaWisconsinWyoming,0,0,0,0.0,0.0,0,0.0,0.0,0,428745.0,53326,0.0,0,0.0
2023-01-10,AlabamaAlaskaAmerican SamoaArizonaArkansasBureau of PrisonsCaliforniaColoradoConnecticutDelawareDept of DefenseDistrict of ColumbiaFederated States of MicronesiaFloridaGeorgiaGuamHawaiiIdahoIllinoisIndian Health SvcIndianaIowaKansasKentuckyLong Term CareLouisianaMaineMarshall IslandsMarylandMassachusettsMichiganMinnesotaMississippiMissouriMontanaNebraskaNevadaNew HampshireNew JerseyNew MexicoNew York StateNorth CarolinaNorth DakotaNorthern Mariana IslandsOhioOklahomaOregonPennsylvaniaPuerto RicoRepublic of PalauRhode IslandSouth CarolinaSouth DakotaTennesseeTexasUnited StatesUtahVermontVeterans HealthVirgin IslandsVirginiaWashingtonWest VirginiaWisconsinWyoming,0,0,0,0.0,0.0,0,0.0,0.0,0,439203.0,56073,0.0,0,0.0
2023-01-11,AlabamaAlaskaAmerican SamoaArizonaArkansasBureau of PrisonsCaliforniaColoradoConnecticutDelawareDept of DefenseDistrict of ColumbiaFederated States of MicronesiaFloridaGeorgiaGuamHawaiiIdahoIllinoisIndian Health SvcIndianaIowaKansasKentuckyLong Term CareLouisianaMaineMarshall IslandsMarylandMassachusettsMichiganMinnesotaMississippiMissouriMontanaNebraskaNevadaNew HampshireNew JerseyNew MexicoNew York StateNorth CarolinaNorth DakotaNorthern Mariana IslandsOhioOklahomaOregonPennsylvaniaPuerto RicoRepublic of PalauRhode IslandSouth CarolinaSouth DakotaTennesseeTexasUnited StatesUtahVermontVeterans HealthVirgin IslandsVirginiaWashingtonWest VirginiaWisconsinWyoming,1303504008,1848652605,525721572,3955.97,11469.94,449364938,4623.0103,16239.09,0,449658.0,58822,43.918,361915133,3185.72
2023-01-12,AlabamaAlaskaAmerican SamoaArizonaArkansasBureau of PrisonsCaliforniaColoradoConnecticutDelawareDept of DefenseDistrict of ColumbiaFederated States of MicronesiaFloridaGeorgiaGuamHawaiiIdahoIllinoisIndian Health SvcIndianaIowaKansasKentuckyLong Term CareLouisianaMaineMarshall IslandsMarylandMassachusettsMichiganMinnesotaMississippiMissouriMontanaNebraskaNevadaNew HampshireNew JerseyNew MexicoNew York StateNorth CarolinaNorth DakotaNorthern Mariana IslandsOhioOklahomaOregonPennsylvaniaPuerto RicoRepublic of PalauRhode IslandSouth CarolinaSouth DakotaTennesseeTexasUnited StatesUtahVermontVeterans HealthVirgin IslandsVirginiaWashingtonWest VirginiaWisconsinWyoming,0,0,0,0.0,0.0,0,0.0,0.0,0,440711.0,55878,0.0,0,0.0
2023-01-13,AlabamaAlaskaAmerican SamoaArizonaArkansasBureau of PrisonsCaliforniaColoradoConnecticutDelawareDept of DefenseDistrict of ColumbiaFederated States of MicronesiaFloridaGeorgiaGuamHawaiiIdahoIllinoisIndian Health SvcIndianaIowaKansasKentuckyLong Term CareLouisianaMaineMarshall IslandsMarylandMassachusettsMichiganMinnesotaMississippiMissouriMontanaNebraskaNevadaNew HampshireNew JerseyNew MexicoNew York StateNorth CarolinaNorth DakotaNorthern Mariana IslandsOhioOklahomaOregonPennsylvaniaPuerto RicoRepublic of PalauRhode IslandSouth CarolinaSouth DakotaTennesseeTexasUnited StatesUtahVermontVeterans HealthVirgin IslandsVirginiaWashingtonWest VirginiaWisconsinWyoming,0,0,0,0.0,0.0,0,0.0,0.0,0,431758.0,52954,0.0,0,0.0
2023-01-14,AlabamaAlaskaAmerican SamoaArizonaArkansasBureau of PrisonsCaliforniaColoradoConnecticutDelawareDept of DefenseDistrict of ColumbiaFederated States of MicronesiaFloridaGeorgiaGuamHawaiiIdahoIllinoisIndian Health SvcIndianaIowaKansasKentuckyLong Term CareLouisianaMaineMarshall IslandsMarylandMassachusettsMichiganMinnesotaMississippiMissouriMontanaNebraskaNevadaNew HampshireNew JerseyNew MexicoNew York StateNorth CarolinaNorth DakotaNorthern Mariana IslandsOhioOklahomaOregonPennsylvaniaPuerto RicoRepublic of PalauRhode IslandSouth CarolinaSouth DakotaTennesseeTexasUnited StatesUtahVermontVeterans HealthVirgin IslandsVirginiaWashingtonWest VirginiaWisconsinWyoming,0,0,0,0.0,0.0,0,0.0,0.0,0,422800.0,49988,0.0,0,0.0
2023-01-15,AlabamaAlaskaAmerican SamoaArizonaArkansasBureau of PrisonsCaliforniaColoradoConnecticutDelawareDept of DefenseDistrict of ColumbiaFederated States of MicronesiaFloridaGeorgiaGuamHawaiiIdahoIllinoisIndian Health SvcIndianaIowaKansasKentuckyLong Term CareLouisianaMaineMarshall IslandsMarylandMassachusettsMichiganMinnesotaMississippiMissouriMontanaNebraskaNevadaNew HampshireNew JerseyNew MexicoNew York StateNorth CarolinaNorth DakotaNorthern Mariana IslandsOhioOklahomaOregonPennsylvaniaPuerto RicoRepublic of PalauRhode IslandSouth CarolinaSouth DakotaTennesseeTexasUnited StatesUtahVermontVeterans HealthVirgin IslandsVirginiaWashingtonWest VirginiaWisconsinWyoming,0,0,0,0.0,0.0,0,0.0,0.0,0,413855.0,47050,0.0,0,0.0
2023-01-16,AlabamaAlaskaAmerican SamoaArizonaArkansasBureau of PrisonsCaliforniaColoradoConnecticutDelawareDept of DefenseDistrict of ColumbiaFederated States of MicronesiaFloridaGeorgiaGuamHawaiiIdahoIllinoisIndian Health SvcIndianaIowaKansasKentuckyLong Term CareLouisianaMaineMarshall IslandsMarylandMassachusettsMichiganMinnesotaMississippiMissouriMontanaNebraskaNevadaNew HampshireNew JerseyNew MexicoNew York StateNorth CarolinaNorth DakotaNorthern Mariana IslandsOhioOklahomaOregonPennsylvaniaPuerto RicoRepublic of PalauRhode IslandSouth CarolinaSouth DakotaTennesseeTexasUnited StatesUtahVermontVeterans HealthVirgin IslandsVirginiaWashingtonWest VirginiaWisconsinWyoming,0,0,0,0.0,0.0,0,0.0,0.0,0,404898.0,44126,0.0,0,0.0
2023-01-17,AlabamaAlaskaAmerican SamoaArizonaArkansasBureau of PrisonsCaliforniaColoradoConnecticutDelawareDept of DefenseDistrict of ColumbiaFederated States of MicronesiaFloridaGeorgiaGuamHawaiiIdahoIllinoisIndian Health SvcIndianaIowaKansasKentuckyLong Term CareLouisianaMaineMarshall IslandsMarylandMassachusettsMichiganMinnesotaMississippiMissouriMontanaNebraskaNevadaNew HampshireNew JerseyNew MexicoNew York StateNorth CarolinaNorth DakotaNorthern Mariana IslandsOhioOklahomaOregonPennsylvaniaPuerto RicoRepublic of PalauRhode IslandSouth CarolinaSouth DakotaTennesseeTexasUnited StatesUtahVermontVeterans HealthVirgin IslandsVirginiaWashingtonWest VirginiaWisconsinWyoming,0,0,0,0.0,0.0,0,0.0,0.0,0,395952.0,41183,0.0,0,0.0
2023-01-18,AlabamaAlaskaAmerican SamoaArizonaArkansasBureau of PrisonsCaliforniaColoradoConnecticutDelawareDept of DefenseDistrict of ColumbiaFederated States of MicronesiaFloridaGeorgiaGuamHawaiiIdahoIllinoisIndian Health SvcIndianaIowaKansasKentuckyLong Term CareLouisianaMaineMarshall IslandsMarylandMassachusettsMichiganMinnesotaMississippiMissouriMontanaNebraskaNevadaNew HampshireNew JerseyNew MexicoNew York StateNorth CarolinaNorth DakotaNorthern Mariana IslandsOhioOklahomaOregonPennsylvaniaPuerto RicoRepublic of PalauRhode IslandSouth CarolinaSouth DakotaTennesseeTexasUnited StatesUtahVermontVeterans HealthVirgin IslandsVirginiaWashingtonWest VirginiaWisconsinWyoming,1306476080,1855298865,526290599,4044.18,11728.67,449803945,4721.16,16512.75,0,386995.0,38241,44.923,363890592,3264.84
2023-01-19,AlabamaAlaskaAmerican SamoaArizonaArkansasBureau of PrisonsCaliforniaColoradoConnecticutDelawareDept of DefenseDistrict of ColumbiaFederated States of MicronesiaFloridaGeorgiaGuamHawaiiIdahoIllinoisIndian Health SvcIndianaIowaKansasKentuckyLong Term CareLouisianaMaineMarshall IslandsMarylandMassachusettsMichiganMinnesotaMississippiMissouriMontanaNebraskaNevadaNew HampshireNew JerseyNew MexicoNew York StateNorth CarolinaNorth DakotaNorthern Mariana IslandsOhioOklahomaOregonPennsylvaniaPuerto RicoRepublic of PalauRhode IslandSouth CarolinaSouth DakotaTennesseeTexasUnited StatesUtahVermontVeterans HealthVirgin IslandsVirginiaWashingtonWest VirginiaWisconsinWyoming,0,0,0,0.0,0.0,0,0.0,0.0,0,374762.0,36347,0.0,0,0.0
2023-01-20,AlabamaAlaskaAmerican SamoaArizonaArkansasBureau of PrisonsCaliforniaColoradoConnecticutDelawareDept of DefenseDistrict of ColumbiaFederated States of MicronesiaFloridaGeorgiaGuamHawaiiIdahoIllinoisIndian Health SvcIndianaIowaKansasKentuckyLong Term CareLouisianaMaineMarshall IslandsMarylandMassachusettsMichiganMinnesotaMississippiMissouriMontanaNebraskaNevadaNew HampshireNew JerseyNew MexicoNew York StateNorth CarolinaNorth DakotaNorthern Mariana IslandsOhioOklahomaOregonPennsylvaniaPuerto RicoRepublic of PalauRhode IslandSouth CarolinaSouth DakotaTennesseeTexasUnited StatesUtahVermontVeterans HealthVirgin IslandsVirginiaWashingtonWest VirginiaWisconsinWyoming,0,0,0,0.0,0.0,0,0.0,0.0,0,362531.0,34458,0.0,0,0.0
2023-01-21,AlabamaAlaskaAmerican SamoaArizonaArkansasBureau of PrisonsCaliforniaColoradoConnecticutDelawareDept of DefenseDistrict of ColumbiaFederated States of MicronesiaFloridaGeorgiaGuamHawaiiIdahoIllinoisIndian Health SvcIndianaIowaKansasKentuckyLong Term CareLouisianaMaineMarshall IslandsMarylandMassachusettsMichiganMinnesotaMississippiMissouriMontanaNebraskaNevadaNew HampshireNew JerseyNew MexicoNew York StateNorth CarolinaNorth DakotaNorthern Mariana IslandsOhioOklahomaOregonPennsylvaniaPuerto RicoRepublic of PalauRhode IslandSouth CarolinaSouth DakotaTennesseeTexasUnited StatesUtahVermontVeterans HealthVirgin IslandsVirginiaWashingtonWest VirginiaWisconsinWyoming,0,0,0,0.0,0.0,0,0.0,0.0,0,350299.0,32520,0.0,0,0.0
2023-01-22,AlabamaAlaskaAmerican SamoaArizonaArkansasBureau of PrisonsCaliforniaColoradoConnecticutDelawareDept of DefenseDistrict of ColumbiaFederated States of MicronesiaFloridaGeorgiaGuamHawaiiIdahoIllinoisIndian Health SvcIndianaIowaKansasKentuckyLong Term CareLouisianaMaineMarshall IslandsMarylandMassachusettsMichiganMinnesotaMississippiMissouriMontanaNebraskaNevadaNew HampshireNew JerseyNew MexicoNew York StateNorth CarolinaNorth DakotaNorthern Mariana IslandsOhioOklahomaOregonPennsylvaniaPuerto RicoRepublic of PalauRhode IslandSouth CarolinaSouth DakotaTennesseeTexasUnited StatesUtahVermontVeterans HealthVirgin IslandsVirginiaWashingtonWest VirginiaWisconsinWyoming,0,0,0,0.0,0.0,0,0.0,0.0,0,338065.0,30631,0.0,0,0.0
2023-01-23,AlabamaAlaskaAmerican SamoaArizonaArkansasBureau of PrisonsCaliforniaColoradoConnecticutDelawareDept of DefenseDistrict of ColumbiaFederated States of MicronesiaFloridaGeorgiaGuamHawaiiIdahoIllinoisIndian Health SvcIndianaIowaKansasKentuckyLong Term CareLouisianaMaineMarshall IslandsMarylandMassachusettsMichiganMinnesotaMississippiMissouriMontanaNebraskaNevadaNew HampshireNew JerseyNew MexicoNew York StateNorth CarolinaNorth DakotaNorthern Mariana IslandsOhioOklahomaOregonPennsylvaniaPuerto RicoRepublic of PalauRhode IslandSouth CarolinaSouth DakotaTennesseeTexasUnited StatesUtahVermontVeterans HealthVirgin IslandsVirginiaWashingtonWest VirginiaWisconsinWyoming,0,0,0,0.0,0.0,0,0.0,0.0,0,325832.0,28734,0.0,0,0.0
2023-01-24,AlabamaAlaskaAmerican SamoaArizonaArkansasBureau of PrisonsCaliforniaColoradoConnecticutDelawareDept of DefenseDistrict of ColumbiaFederated States of MicronesiaFloridaGeorgiaGuamHawaiiIdahoIllinoisIndian Health SvcIndianaIowaKansasKentuckyLong Term CareLouisianaMaineMarshall IslandsMarylandMassachusettsMichiganMinnesotaMississippiMissouriMontanaNebraskaNevadaNew HampshireNew JerseyNew MexicoNew York StateNorth CarolinaNorth DakotaNorthern Mariana IslandsOhioOklahomaOregonPennsylvaniaPuerto RicoRepublic of PalauRhode IslandSouth CarolinaSouth DakotaTennesseeTexasUnited StatesUtahVermontVeterans HealthVirgin IslandsVirginiaWashingtonWest VirginiaWisconsinWyoming,0,0,0,0.0,0.0,0,0.0,0.0,0,313604.0,26819,0.0,0,0.0
2023-01-25,AlabamaAlaskaAmerican SamoaArizonaArkansasBureau of PrisonsCaliforniaColoradoConnecticutDelawareDept of DefenseDistrict of ColumbiaFederated States of MicronesiaFloridaGeorgiaGuamHawaiiIdahoIllinoisIndian Health SvcIndianaIowaKansasKentuckyLong Term CareLouisianaMaineMarshall IslandsMarylandMassachusettsMichiganMinnesotaMississippiMissouriMontanaNebraskaNevadaNew HampshireNew JerseyNew MexicoNew York StateNorth CarolinaNorth DakotaNorthern Mariana IslandsOhioOklahomaOregonPennsylvaniaPuerto RicoRepublic of PalauRhode IslandSouth CarolinaSouth DakotaTennesseeTexasUnited StatesUtahVermontVeterans HealthVirgin IslandsVirginiaWashingtonWest VirginiaWisconsinWyoming,1334990231,1898959990,536622623,4117.18,11954.86,459038306,4802.81,16863.92,0,301373.0,24886,45.547,373465057,3341.31
2023-01-26,AlabamaAlaskaAmerican SamoaArizonaArkansasBureau of PrisonsCaliforniaColoradoConnecticutDelawareDept of DefenseDistrict of ColumbiaFederated States of MicronesiaFloridaGeorgiaGuamHawaiiIdahoIllinoisIndian Health SvcIndianaIowaKansasKentuckyLong Term CareLouisianaMaineMarshall IslandsMarylandMassachusettsMichiganMinnesotaMississippiMissouriMontanaNebraskaNevadaNew HampshireNew JerseyNew MexicoNew York StateNorth CarolinaNorth DakotaNorthern Mariana IslandsOhioOklahomaOregonPennsylvaniaPuerto RicoRepublic of PalauRhode IslandSouth CarolinaSouth DakotaTennesseeTexasUnited StatesUtahVermontVeterans HealthVirgin IslandsVirginiaWashingtonWest VirginiaWisconsinWyoming,0,0,0,0.0,0.0,0,0.0,0.0,0,292178.0,25017,0.0,0,0.0
2023-01-27,AlabamaAlaskaAmerican SamoaArizonaArkansasBureau of PrisonsCaliforniaColoradoConnecticutDelawareDept of DefenseDistrict of ColumbiaFederated States of MicronesiaFloridaGeorgiaGuamHawaiiIdahoIllinoisIndian Health SvcIndianaIowaKansasKentuckyLong Term CareLouisianaMaineMarshall IslandsMarylandMassachusettsMichiganMinnesotaMississippiMissouriMontanaNebraskaNevadaNew HampshireNew JerseyNew MexicoNew York StateNorth CarolinaNorth DakotaNorthern Mariana IslandsOhioOklahomaOregonPennsylvaniaPuerto RicoRepublic of PalauRhode IslandSouth CarolinaSouth DakotaTennesseeTexasUnited StatesUtahVermontVeterans HealthVirgin IslandsVirginiaWashingtonWest VirginiaWisconsinWyoming,0,0,0,0.0,0.0,0,0.0,0.0,0,282974.0,25113,0.0,0,0.0
2023-01-28,AlabamaAlaskaAmerican SamoaArizonaArkansasBureau of PrisonsCaliforniaColoradoConnecticutDelawareDept of DefenseDistrict of ColumbiaFederated States of MicronesiaFloridaGeorgiaGuamHawaiiIdahoIllinoisIndian Health SvcIndianaIowaKansasKentuckyLong Term CareLouisianaMaineMarshall IslandsMarylandMassachusettsMichiganMinnesotaMississippiMissouriMontanaNebraskaNevadaNew HampshireNew JerseyNew MexicoNew York StateNorth CarolinaNorth DakotaNorthern Mariana IslandsOhioOklahomaOregonPennsylvaniaPuerto RicoRepublic of PalauRhode IslandSouth CarolinaSouth DakotaTennesseeTexasUnited StatesUtahVermontVeterans HealthVirgin IslandsVirginiaWashingtonWest VirginiaWisconsinWyoming,0,0,0,0.0,0.0,0,0.0,0.0,0,273776.0,25221,0.0,0,0.0
2023-01-29,AlabamaAlaskaAmerican SamoaArizonaArkansasBureau of PrisonsCaliforniaColoradoConnecticutDelawareDept of DefenseDistrict of ColumbiaFederated States of MicronesiaFloridaGeorgiaGuamHawaiiIdahoIllinoisIndian Health SvcIndianaIowaKansasKentuckyLong Term CareLouisianaMaineMarshall IslandsMarylandMassachusettsMichiganMinnesotaMississippiMissouriMontanaNebraskaNevadaNew HampshireNew JerseyNew MexicoNew York StateNorth CarolinaNorth DakotaNorthern Mariana IslandsOhioOklahomaOregonPennsylvaniaPuerto RicoRepublic of PalauRhode IslandSouth CarolinaSouth DakotaTennesseeTexasUnited StatesUtahVermontVeterans HealthVirgin IslandsVirginiaWashingtonWest VirginiaWisconsinWyoming,0,0,0,0.0,0.0,0,0.0,0.0,0,264579.0,25391,0.0,0,0.0
2023-01-30,AlabamaAlaskaAmerican SamoaArizonaArkansasBureau of PrisonsCaliforniaColoradoConnecticutDelawareDept of DefenseDistrict of ColumbiaFederated States of MicronesiaFloridaGeorgiaGuamHawaiiIdahoIllinoisIndian Health SvcIndianaIowaKansasKentuckyLong Term CareLouisianaMaineMarshall IslandsMarylandMassachusettsMichiganMinnesotaMississippiMissouriMontanaNebraskaNevadaNew HampshireNew JerseyNew MexicoNew York StateNorth CarolinaNorth DakotaNorthern Mariana IslandsOhioOklahomaOregonPennsylvaniaPuerto RicoRepublic of PalauRhode IslandSouth CarolinaSouth DakotaTennesseeTexasUnited StatesUtahVermontVeterans HealthVirgin IslandsVirginiaWashingtonWest VirginiaWisconsinWyoming,0,0,0,0.0,0.0,0,0.0,0.0,0,255375.0,25499,0.0,0,0.0
2023-01-31,AlabamaAlaskaAmerican SamoaArizonaArkansasBureau of PrisonsCaliforniaColoradoConnecticutDelawareDept of DefenseDistrict of ColumbiaFederated States of MicronesiaFloridaGeorgiaGuamHawaiiIdahoIllinoisIndian Health SvcIndianaIowaKansasKentuckyLong Term CareLouisianaMaineMarshall IslandsMarylandMassachusettsMichiganMinnesotaMississippiMissouriMontanaNebraskaNevadaNew HampshireNew JerseyNew MexicoNew York StateNorth CarolinaNorth DakotaNorthern Mariana IslandsOhioOklahomaOregonPennsylvaniaPuerto RicoRepublic of PalauRhode IslandSouth CarolinaSouth DakotaTennesseeTexasUnited StatesUtahVermontVeterans HealthVirgin IslandsVirginiaWashingtonWest VirginiaWisconsinWyoming,0,0,0,0.0,0.0,0,0.0,0.0,0,246176.0,25607,0.0,0,0.0
2023-02-01,AlabamaAlaskaAmerican SamoaArizonaArkansasBureau of PrisonsCaliforniaColoradoConnecticutDelawareDept of DefenseDistrict of ColumbiaFederated States of MicronesiaFloridaGeorgiaGuamHawaiiIdahoIllinoisIndian Health SvcIndianaIowaKansasKentuckyLong Term CareLouisianaMaineMarshall IslandsMarylandMassachusettsMichiganMinnesotaMississippiMissouriMontanaNebraskaNevadaNew HampshireNew JerseyNew MexicoNew York StateNorth CarolinaNorth DakotaNorthern Mariana IslandsOhioOklahomaOregonPennsylvaniaPuerto RicoRepublic of PalauRhode IslandSouth CarolinaSouth DakotaTennesseeTexasUnited StatesUtahVermontVeterans HealthVirgin IslandsVirginiaWashingtonWest VirginiaWisconsinWyoming,1336567574,1903515760,536894524,4119.49,11972.56,459236997,4805.61,16906.47,0,236979.0,25732,45.511,374571808,3353.81
2023-02-02,AlabamaAlaskaAmerican SamoaArizonaArkansasBureau of PrisonsCaliforniaColoradoConnecticutDelawareDept of DefenseDistrict of ColumbiaFederated States of MicronesiaFloridaGeorgiaGuamHawaiiIdahoIllinoisIndian Health SvcIndianaIowaKansasKentuckyLong Term CareLouisianaMaineMarshall IslandsMarylandMassachusettsMichiganMinnesotaMississippiMissouriMontanaNebraskaNevadaNew HampshireNew JerseyNew MexicoNew York StateNorth CarolinaNorth DakotaNorthern Mariana IslandsOhioOklahomaOregonPennsylvaniaPuerto RicoRepublic of PalauRhode IslandSouth CarolinaSouth DakotaTennesseeTexasUnited StatesUtahVermontVeterans HealthVirgin IslandsVirginiaWashingtonWest VirginiaWisconsinWyoming,0,0,0,0.0,0.0,0,0.0,0.0,0,233001.0,25302,0.0,0,0.0
2023-02-03,AlabamaAlaskaAmerican SamoaArizonaArkansasBureau of PrisonsCaliforniaColoradoConnecticutDelawareDept of DefenseDistrict of ColumbiaFederated States of MicronesiaFloridaGeorgiaGuamHawaiiIdahoIllinoisIndian Health SvcIndianaIowaKansasKentuckyLong Term CareLouisianaMaineMarshall IslandsMarylandMassachusettsMichiganMinnesotaMississippiMissouriMontanaNebraskaNevadaNew HampshireNew JerseyNew MexicoNew York StateNorth CarolinaNorth DakotaNorthern Mariana IslandsOhioOklahomaOregonPennsylvaniaPuerto RicoRepublic of PalauRhode IslandSouth CarolinaSouth DakotaTennesseeTexasUnited StatesUtahVermontVeterans HealthVirgin IslandsVirginiaWashingtonWest VirginiaWisconsinWyoming,0,0,0,0.0,0.0,0,0.0,0.0,0,229027.0,24959,0.0,0,0.0
2023-02-04,AlabamaAlaskaAmerican SamoaArizonaArkansasBureau of PrisonsCaliforniaColoradoConnecticutDelawareDept of DefenseDistrict of ColumbiaFederated States of MicronesiaFloridaGeorgiaGuamHawaiiIdahoIllinoisIndian Health SvcIndianaIowaKansasKentuckyLong Term CareLouisianaMaineMarshall IslandsMarylandMassachusettsMichiganMinnesotaMississippiMissouriMontanaNebraskaNevadaNew HampshireNew JerseyNew MexicoNew York StateNorth CarolinaNorth DakotaNorthern Mariana IslandsOhioOklahomaOregonPennsylvaniaPuerto RicoRepublic of PalauRhode IslandSouth CarolinaSouth DakotaTennesseeTexasUnited StatesUtahVermontVeterans HealthVirgin IslandsVirginiaWashingtonWest VirginiaWisconsinWyoming,0,0,0,0.0,0.0,0,0.0,0.0,0,225057.0,24537,0.0,0,0.0
2023-02-05,AlabamaAlaskaAmerican SamoaArizonaArkansasBureau of PrisonsCaliforniaColoradoConnecticutDelawareDept of DefenseDistrict of ColumbiaFederated States of MicronesiaFloridaGeorgiaGuamHawaiiIdahoIllinoisIndian Health SvcIndianaIowaKansasKentuckyLong Term CareLouisianaMaineMarshall IslandsMarylandMassachusettsMichiganMinnesotaMississippiMissouriMontanaNebraskaNevadaNew HampshireNew JerseyNew MexicoNew York StateNorth CarolinaNorth DakotaNorthern Mariana IslandsOhioOklahomaOregonPennsylvaniaPuerto RicoRepublic of PalauRhode IslandSouth CarolinaSouth DakotaTennesseeTexasUnited StatesUtahVermontVeterans HealthVirgin IslandsVirginiaWashingtonWest VirginiaWisconsinWyoming,0,0,0,0.0,0.0,0,0.0,0.0,0,221080.0,24171,0.0,0,0.0
2023-02-06,AlabamaAlaskaAmerican SamoaArizonaArkansasBureau of PrisonsCaliforniaColoradoConnecticutDelawareDept of DefenseDistrict of ColumbiaFederated States of MicronesiaFloridaGeorgiaGuamHawaiiIdahoIllinoisIndian Health SvcIndianaIowaKansasKentuckyLong Term CareLouisianaMaineMarshall IslandsMarylandMassachusettsMichiganMinnesotaMississippiMissouriMontanaNebraskaNevadaNew HampshireNew JerseyNew MexicoNew York StateNorth CarolinaNorth DakotaNorthern Mariana IslandsOhioOklahomaOregonPennsylvaniaPuerto RicoRepublic of PalauRhode IslandSouth CarolinaSouth DakotaTennesseeTexasUnited StatesUtahVermontVeterans HealthVirgin IslandsVirginiaWashingtonWest VirginiaWisconsinWyoming,0,0,0,0.0,0.0,0,0.0,0.0,0,217105.0,23782,0.0,0,0.0
2023-02-07,AlabamaAlaskaAmerican SamoaArizonaArkansasBureau of PrisonsCaliforniaColoradoConnecticutDelawareDept of DefenseDistrict of ColumbiaFederated States of MicronesiaFloridaGeorgiaGuamHawaiiIdahoIllinoisIndian Health SvcIndianaIowaKansasKentuckyLong Term CareLouisianaMaineMarshall IslandsMarylandMassachusettsMichiganMinnesotaMississippiMissouriMontanaNebraskaNevadaNew HampshireNew JerseyNew MexicoNew York StateNorth CarolinaNorth DakotaNorthern Mariana IslandsOhioOklahomaOregonPennsylvaniaPuerto RicoRepublic of PalauRhode IslandSouth CarolinaSouth DakotaTennesseeTexasUnited StatesUtahVermontVeterans HealthVirgin IslandsVirginiaWashingtonWest VirginiaWisconsinWyoming,0,0,0,0.0,0.0,0,0.0,0.0,0,213139.0,23416,0.0,0,0.0
2023-02-08,AlabamaAlaskaAmerican SamoaArizonaArkansasBureau of PrisonsCaliforniaColoradoConnecticutDelawareDept of DefenseDistrict of ColumbiaFederated States of MicronesiaFloridaGeorgiaGuamHawaiiIdahoIllinoisIndian Health SvcIndianaIowaKansasKentuckyLong Term CareLouisianaMaineMarshall IslandsMarylandMassachusettsMichiganMinnesotaMississippiMissouriMontanaNebraskaNevadaNew HampshireNew JerseyNew MexicoNew York StateNorth CarolinaNorth DakotaNorthern Mariana IslandsOhioOklahomaOregonPennsylvaniaPuerto RicoRepublic of PalauRhode IslandSouth CarolinaSouth DakotaTennesseeTexasUnited StatesUtahVermontVeterans HealthVirgin IslandsVirginiaWashingtonWest VirginiaWisconsinWyoming,1311345860,1871188925,527151951,4050.54,11778.39,450407067,4729.3,16664.73,0,209163.0,23007,44.723,367295898,3300.13
2023-02-09,AlabamaAlaskaAmerican SamoaArizonaArkansasBureau of PrisonsCaliforniaColoradoConnecticutDelawareDept of DefenseDistrict of ColumbiaFederated States of MicronesiaFloridaGeorgiaGuamHawaiiIdahoIllinoisIndian Health SvcIndianaIowaKansasKentuckyLong Term CareLouisianaMaineMarshall IslandsMarylandMassachusettsMichiganMinnesotaMississippiMissouriMontanaNebraskaNevadaNew HampshireNew JerseyNew MexicoNew York StateNorth CarolinaNorth DakotaNorthern Mariana IslandsOhioOklahomaOregonPennsylvaniaPuerto RicoRepublic of PalauRhode IslandSouth CarolinaSouth DakotaTennesseeTexasUnited StatesUtahVermontVeterans HealthVirgin IslandsVirginiaWashingtonWest VirginiaWisconsinWyoming,0,0,0,0.0,0.0,0,0.0,0.0,0,208446.0,22321,0.0,0,0.0
2023-02-10,AlabamaAlaskaAmerican SamoaArizonaArkansasBureau of PrisonsCaliforniaColoradoConnecticutDelawareDept of DefenseDistrict of ColumbiaFederated States of MicronesiaFloridaGeorgiaGuamHawaiiIdahoIllinoisIndian Health SvcIndianaIowaKansasKentuckyLong Term CareLouisianaMaineMarshall IslandsMarylandMassachusettsMichiganMinnesotaMississippiMissouriMontanaNebraskaNevadaNew HampshireNew JerseyNew MexicoNew York StateNorth CarolinaNorth DakotaNorthern Mariana IslandsOhioOklahomaOregonPennsylvaniaPuerto RicoRepublic of PalauRhode IslandSouth CarolinaSouth DakotaTennesseeTexasUnited StatesUtahVermontVeterans HealthVirgin IslandsVirginiaWashingtonWest VirginiaWisconsinWyoming,0,0,0,0.0,0.0,0,0.0,0.0,0,207727.0,21586,0.0,0,0.0
2023-02-11,AlabamaAlaskaAmerican SamoaArizonaArkansasBureau of PrisonsCaliforniaColoradoConnecticutDelawareDept of DefenseDistrict of ColumbiaFederated States of MicronesiaFloridaGeorgiaGuamHawaiiIdahoIllinoisIndian Health SvcIndianaIowaKansasKentuckyLong Term CareLouisianaMaineMarshall IslandsMarylandMassachusettsMichiganMinnesotaMississippiMissouriMontanaNebraskaNevadaNew HampshireNew JerseyNew MexicoNew York StateNorth CarolinaNorth DakotaNorthern Mariana IslandsOhioOklahomaOregonPennsylvaniaPuerto RicoRepublic of PalauRhode IslandSouth CarolinaSouth DakotaTennesseeTexasUnited StatesUtahVermontVeterans HealthVirgin IslandsVirginiaWashingtonWest VirginiaWisconsinWyoming,0,0,0,0.0,0.0,0,0.0,0.0,0,207010.0,20855,0.0,0,0.0
2023-02-12,AlabamaAlaskaAmerican SamoaArizonaArkansasBureau of PrisonsCaliforniaColoradoConnecticutDelawareDept of DefenseDistrict of ColumbiaFederated States of MicronesiaFloridaGeorgiaGuamHawaiiIdahoIllinoisIndian Health SvcIndianaIowaKansasKentuckyLong Term CareLouisianaMaineMarshall IslandsMarylandMassachusettsMichiganMinnesotaMississippiMissouriMontanaNebraskaNevadaNew HampshireNew JerseyNew MexicoNew York StateNorth CarolinaNorth DakotaNorthern Mariana IslandsOhioOklahomaOregonPennsylvaniaPuerto RicoRepublic of PalauRhode IslandSouth CarolinaSouth DakotaTennesseeTexasUnited StatesUtahVermontVeterans HealthVirgin IslandsVirginiaWashingtonWest VirginiaWisconsinWyoming,0,0,0,0.0,0.0,0,0.0,0.0,0,206291.0,20126,0.0,0,0.0
2023-02-13,AlabamaAlaskaAmerican SamoaArizonaArkansasBureau of PrisonsCaliforniaColoradoConnecticutDelawareDept of DefenseDistrict of ColumbiaFederated States of MicronesiaFloridaGeorgiaGuamHawaiiIdahoIllinoisIndian Health SvcIndianaIowaKansasKentuckyLong Term CareLouisianaMaineMarshall IslandsMarylandMassachusettsMichiganMinnesotaMississippiMissouriMontanaNebraskaNevadaNew HampshireNew JerseyNew MexicoNew York StateNorth CarolinaNorth DakotaNorthern Mariana IslandsOhioOklahomaOregonPennsylvaniaPuerto RicoRepublic of PalauRhode IslandSouth CarolinaSouth DakotaTennesseeTexasUnited StatesUtahVermontVeterans HealthVirgin IslandsVirginiaWashingtonWest VirginiaWisconsinWyoming,0,0,0,0.0,0.0,0,0.0,0.0,0,205574.0,19378,0.0,0,0.0
2023-02-14,AlabamaAlaskaAmerican SamoaArizonaArkansasBureau of PrisonsCaliforniaColoradoConnecticutDelawareDept of DefenseDistrict of ColumbiaFederated States of MicronesiaFloridaGeorgiaGuamHawaiiIdahoIllinoisIndian Health SvcIndianaIowaKansasKentuckyLong Term CareLouisianaMaineMarshall IslandsMarylandMassachusettsMichiganMinnesotaMississippiMissouriMontanaNebraskaNevadaNew HampshireNew JerseyNew MexicoNew York StateNorth CarolinaNorth DakotaNorthern Mariana IslandsOhioOklahomaOregonPennsylvaniaPuerto RicoRepublic of PalauRhode IslandSouth CarolinaSouth DakotaTennesseeTexasUnited StatesUtahVermontVeterans HealthVirgin IslandsVirginiaWashingtonWest VirginiaWisconsinWyoming,0,0,0,0.0,0.0,0,0.0,0.0,0,204858.0,18657,0.0,0,0.0
2023-02-15,AlabamaAlaskaAmerican SamoaArizonaArkansasBureau of PrisonsCaliforniaColoradoConnecticutDelawareDept of DefenseDistrict of ColumbiaFederated States of MicronesiaFloridaGeorgiaGuamHawaiiIdahoIllinoisIndian Health SvcIndianaIowaKansasKentuckyLong Term CareLouisianaMaineMarshall IslandsMarylandMassachusettsMichiganMinnesotaMississippiMissouriMontanaNebraskaNevadaNew HampshireNew JerseyNew MexicoNew York StateNorth CarolinaNorth DakotaNorthern Mariana IslandsOhioOklahomaOregonPennsylvaniaPuerto RicoRepublic of PalauRhode IslandSouth CarolinaSouth DakotaTennesseeTexasUnited StatesUtahVermontVeterans HealthVirgin IslandsVirginiaWashingtonWest VirginiaWisconsinWyoming,1312671327,1876102755,527395098,4052.18,11790.47,450588405,4731.41,16709.69,0,204140.0,17920,44.653,368196880,3308.4
2023-02-16,AlabamaAlaskaAmerican SamoaArizonaArkansasBureau of PrisonsCaliforniaColoradoConnecticutDelawareDept of DefenseDistrict of ColumbiaFederated States of MicronesiaFloridaGeorgiaGuamHawaiiIdahoIllinoisIndian Health SvcIndianaIowaKansasKentuckyLong Term CareLouisianaMaineMarshall IslandsMarylandMassachusettsMichiganMinnesotaMississippiMissouriMontanaNebraskaNevadaNew HampshireNew JerseyNew MexicoNew York StateNorth CarolinaNorth DakotaNorthern Mariana IslandsOhioOklahomaOregonPennsylvaniaPuerto RicoRepublic of PalauRhode IslandSouth CarolinaSouth DakotaTennesseeTexasUnited StatesUtahVermontVeterans HealthVirgin IslandsVirginiaWashingtonWest VirginiaWisconsinWyoming,0,0,0,0.0,0.0,0,0.0,0.0,0,200842.0,18031,0.0,0,0.0
2023-02-17,AlabamaAlaskaAmerican SamoaArizonaArkansasBureau of PrisonsCaliforniaColoradoConnecticutDelawareDept of DefenseDistrict of ColumbiaFederated States of MicronesiaFloridaGeorgiaGuamHawaiiIdahoIllinoisIndian Health SvcIndianaIowaKansasKentuckyLong Term CareLouisianaMaineMarshall IslandsMarylandMassachusettsMichiganMinnesotaMississippiMissouriMontanaNebraskaNevadaNew HampshireNew JerseyNew MexicoNew York StateNorth CarolinaNorth DakotaNorthern Mariana IslandsOhioOklahomaOregonPennsylvaniaPuerto RicoRepublic of PalauRhode IslandSouth CarolinaSouth DakotaTennesseeTexasUnited StatesUtahVermontVeterans HealthVirgin IslandsVirginiaWashingtonWest VirginiaWisconsinWyoming,0,0,0,0.0,0.0,0,0.0,0.0,0,197537.0,18116,0.0,0,0.0
2023-02-18,AlabamaAlaskaAmerican SamoaArizonaArkansasBureau of PrisonsCaliforniaColoradoConnecticutDelawareDept of DefenseDistrict of ColumbiaFederated States of MicronesiaFloridaGeorgiaGuamHawaiiIdahoIllinoisIndian Health SvcIndianaIowaKansasKentuckyLong Term CareLouisianaMaineMarshall IslandsMarylandMassachusettsMichiganMinnesotaMississippiMissouriMontanaNebraskaNevadaNew HampshireNew JerseyNew MexicoNew York StateNorth CarolinaNorth DakotaNorthern Mariana IslandsOhioOklahomaOregonPennsylvaniaPuerto RicoRepublic of PalauRhode IslandSouth CarolinaSouth DakotaTennesseeTexasUnited StatesUtahVermontVeterans HealthVirgin IslandsVirginiaWashingtonWest VirginiaWisconsinWyoming,0,0,0,0.0,0.0,0,0.0,0.0,0,194248.0,18264,0.0,0,0.0
2023-02-19,AlabamaAlaskaAmerican SamoaArizonaArkansasBureau of PrisonsCaliforniaColoradoConnecticutDelawareDept of DefenseDistrict of ColumbiaFederated States of MicronesiaFloridaGeorgiaGuamHawaiiIdahoIllinoisIndian Health SvcIndianaIowaKansasKentuckyLong Term CareLouisianaMaineMarshall IslandsMarylandMassachusettsMichiganMinnesotaMississippiMissouriMontanaNebraskaNevadaNew HampshireNew JerseyNew MexicoNew York StateNorth CarolinaNorth DakotaNorthern Mariana IslandsOhioOklahomaOregonPennsylvaniaPuerto RicoRepublic of PalauRhode IslandSouth CarolinaSouth DakotaTennesseeTexasUnited StatesUtahVermontVeterans HealthVirgin IslandsVirginiaWashingtonWest VirginiaWisconsinWyoming,0,0,0,0.0,0.0,0,0.0,0.0,0,190942.0,18359,0.0,0,0.0
2023-02-20,AlabamaAlaskaAmerican SamoaArizonaArkansasBureau of PrisonsCaliforniaColoradoConnecticutDelawareDept of DefenseDistrict of ColumbiaFederated States of MicronesiaFloridaGeorgiaGuamHawaiiIdahoIllinoisIndian Health SvcIndianaIowaKansasKentuckyLong Term CareLouisianaMaineMarshall IslandsMarylandMassachusettsMichiganMinnesotaMississippiMissouriMontanaNebraskaNevadaNew HampshireNew JerseyNew MexicoNew York StateNorth CarolinaNorth DakotaNorthern Mariana IslandsOhioOklahomaOregonPennsylvaniaPuerto RicoRepublic of PalauRhode IslandSouth CarolinaSouth DakotaTennesseeTexasUnited StatesUtahVermontVeterans HealthVirgin IslandsVirginiaWashingtonWest VirginiaWisconsinWyoming,0,0,0,0.0,0.0,0,0.0,0.0,0,187644.0,18472,0.0,0,0.0
2023-02-21,AlabamaAlaskaAmerican SamoaArizonaArkansasBureau of PrisonsCaliforniaColoradoConnecticutDelawareDept of DefenseDistrict of ColumbiaFederated States of MicronesiaFloridaGeorgiaGuamHawaiiIdahoIllinoisIndian Health SvcIndianaIowaKansasKentuckyLong Term CareLouisianaMaineMarshall IslandsMarylandMassachusettsMichiganMinnesotaMississippiMissouriMontanaNebraskaNevadaNew HampshireNew JerseyNew MexicoNew York StateNorth CarolinaNorth DakotaNorthern Mariana IslandsOhioOklahomaOregonPennsylvaniaPuerto RicoRepublic of PalauRhode IslandSouth CarolinaSouth DakotaTennesseeTexasUnited StatesUtahVermontVeterans HealthVirgin IslandsVirginiaWashingtonWest VirginiaWisconsinWyoming,0,0,0,0.0,0.0,0,0.0,0.0,0,184344.0,18570,0.0,0,0.0
2023-02-22,AlabamaAlaskaAmerican SamoaArizonaArkansasBureau of PrisonsCaliforniaColoradoConnecticutDelawareDept of DefenseDistrict of ColumbiaFederated States of MicronesiaFloridaGeorgiaGuamHawaiiIdahoIllinoisIndian Health SvcIndianaIowaKansasKentuckyLong Term CareLouisianaMaineMarshall IslandsMarylandMassachusettsMichiganMinnesotaMississippiMissouriMontanaNebraskaNevadaNew HampshireNew JerseyNew MexicoNew York StateNorth CarolinaNorth DakotaNorthern Mariana IslandsOhioOklahomaOregonPennsylvaniaPuerto RicoRepublic of PalauRhode IslandSouth CarolinaSouth DakotaTennesseeTexasUnited StatesUtahVermontVeterans HealthVirgin IslandsVirginiaWashingtonWest VirginiaWisconsinWyoming,1313835162,1879975145,527646134,4053.8599,11803.13,450747334,4733.98,16744.66,0,181050.0,18692,44.608,368950750,3316.76
2023-02-23,AlabamaAlaskaAmerican SamoaArizonaArkansasBureau of PrisonsCaliforniaColoradoConnecticutDelawareDept of DefenseDistrict of ColumbiaFederated States of MicronesiaFloridaGeorgiaGuamHawaiiIdahoIllinoisIndian Health SvcIndianaIowaKansasKentuckyLong Term CareLouisianaMaineMarshall IslandsMarylandMassachusettsMichiganMinnesotaMississippiMissouriMontanaNebraskaNevadaNew HampshireNew JerseyNew MexicoNew York StateNorth CarolinaNorth DakotaNorthern Mariana IslandsOhioOklahomaOregonPennsylvaniaPuerto RicoRepublic of PalauRhode IslandSouth CarolinaSouth DakotaTennesseeTexasUnited StatesUtahVermontVeterans HealthVirgin IslandsVirginiaWashingtonWest VirginiaWisconsinWyoming,0,0,0,0.0,0.0,0,0.0,0.0,0,177091.0,17739,0.0,0,0.0
2023-02-24,AlabamaAlaskaAmerican SamoaArizonaArkansasBureau of PrisonsCaliforniaColoradoConnecticutDelawareDept of DefenseDistrict of ColumbiaFederated States of MicronesiaFloridaGeorgiaGuamHawaiiIdahoIllinoisIndian Health SvcIndianaIowaKansasKentuckyLong Term CareLouisianaMaineMarshall IslandsMarylandMassachusettsMichiganMinnesotaMississippiMissouriMontanaNebraskaNevadaNew HampshireNew JerseyNew MexicoNew York StateNorth CarolinaNorth DakotaNorthern Mariana IslandsOhioOklahomaOregonPennsylvaniaPuerto RicoRepublic of PalauRhode IslandSouth CarolinaSouth DakotaTennesseeTexasUnited StatesUtahVermontVeterans HealthVirgin IslandsVirginiaWashingtonWest VirginiaWisconsinWyoming,0,0,0,0.0,0.0,0,0.0,0.0,0,173124.0,16768,0.0,0,0.0
2023-02-25,AlabamaAlaskaAmerican SamoaArizonaArkansasBureau of PrisonsCaliforniaColoradoConnecticutDelawareDept of DefenseDistrict of ColumbiaFederated States of MicronesiaFloridaGeorgiaGuamHawaiiIdahoIllinoisIndian Health SvcIndianaIowaKansasKentuckyLong Term CareLouisianaMaineMarshall IslandsMarylandMassachusettsMichiganMinnesotaMississippiMissouriMontanaNebraskaNevadaNew HampshireNew JerseyNew MexicoNew York StateNorth CarolinaNorth DakotaNorthern Mariana IslandsOhioOklahomaOregonPennsylvaniaPuerto RicoRepublic of PalauRhode IslandSouth CarolinaSouth DakotaTennesseeTexasUnited StatesUtahVermontVeterans HealthVirgin IslandsVirginiaWashingtonWest VirginiaWisconsinWyoming,0,0,0,0.0,0.0,0,0.0,0.0,0,169164.0,15800,0.0,0,0.0
2023-02-26,AlabamaAlaskaAmerican SamoaArizonaArkansasBureau of PrisonsCaliforniaColoradoConnecticutDelawareDept of DefenseDistrict of ColumbiaFederated States of MicronesiaFloridaGeorgiaGuamHawaiiIdahoIllinoisIndian Health SvcIndianaIowaKansasKentuckyLong Term CareLouisianaMaineMarshall IslandsMarylandMassachusettsMichiganMinnesotaMississippiMissouriMontanaNebraskaNevadaNew HampshireNew JerseyNew MexicoNew York StateNorth CarolinaNorth DakotaNorthern Mariana IslandsOhioOklahomaOregonPennsylvaniaPuerto RicoRepublic of PalauRhode IslandSouth CarolinaSouth DakotaTennesseeTexasUnited StatesUtahVermontVeterans HealthVirgin IslandsVirginiaWashingtonWest VirginiaWisconsinWyoming,0,0,0,0.0,0.0,0,0.0,0.0,0,165205.0,14843,0.0,0,0.0
2023-02-27,AlabamaAlaskaAmerican SamoaArizonaArkansasBureau of PrisonsCaliforniaColoradoConnecticutDelawareDept of DefenseDistrict of ColumbiaFederated States of MicronesiaFloridaGeorgiaGuamHawaiiIdahoIllinoisIndian Health SvcIndianaIowaKansasKentuckyLong Term CareLouisianaMaineMarshall IslandsMarylandMassachusettsMichiganMinnesotaMississippiMissouriMontanaNebraskaNevadaNew HampshireNew JerseyNew MexicoNew York StateNorth CarolinaNorth DakotaNorthern Mariana IslandsOhioOklahomaOregonPennsylvaniaPuerto RicoRepublic of PalauRhode IslandSouth CarolinaSouth DakotaTennesseeTexasUnited StatesUtahVermontVeterans HealthVirgin IslandsVirginiaWashingtonWest VirginiaWisconsinWyoming,0,0,0,0.0,0.0,0,0.0,0.0,0,161242.0,13878,0.0,0,0.0
2023-02-28,AlabamaAlaskaAmerican SamoaArizonaArkansasBureau of PrisonsCaliforniaColoradoConnecticutDelawareDept of DefenseDistrict of ColumbiaFederated States of MicronesiaFloridaGeorgiaGuamHawaiiIdahoIllinoisIndian Health SvcIndianaIowaKansasKentuckyLong Term CareLouisianaMaineMarshall IslandsMarylandMassachusettsMichiganMinnesotaMississippiMissouriMontanaNebraskaNevadaNew HampshireNew JerseyNew MexicoNew York StateNorth CarolinaNorth DakotaNorthern Mariana IslandsOhioOklahomaOregonPennsylvaniaPuerto RicoRepublic of PalauRhode IslandSouth CarolinaSouth DakotaTennesseeTexasUnited StatesUtahVermontVeterans HealthVirgin IslandsVirginiaWashingtonWest VirginiaWisconsinWyoming,0,0,0,0.0,0.0,0,0.0,0.0,0,157284.0,12926,0.0,0,0.0
2023-03-01,AlabamaAlaskaAmerican SamoaArizonaArkansasBureau of PrisonsCaliforniaColoradoConnecticutDelawareDept of DefenseDistrict of ColumbiaFederated States of MicronesiaFloridaGeorgiaGuamHawaiiIdahoIllinoisIndian Health SvcIndianaIowaKansasKentuckyLong Term CareLouisianaMaineMarshall IslandsMarylandMassachusettsMichiganMinnesotaMississippiMissouriMontanaNebraskaNevadaNew HampshireNew JerseyNew MexicoNew York StateNorth CarolinaNorth DakotaNorthern Mariana IslandsOhioOklahomaOregonPennsylvaniaPuerto RicoRepublic of PalauRhode IslandSouth CarolinaSouth DakotaTennesseeTexasUnited StatesUtahVermontVeterans HealthVirgin IslandsVirginiaWashingtonWest VirginiaWisconsinWyoming,1314804896,1883816035,527832763,4055.0,11811.06,450903476,4735.45,16784.12,0,153320.0,11956,44.534,369577713,3322.08
2023-03-02,AlabamaAlaskaAmerican SamoaArizonaArkansasBureau of PrisonsCaliforniaColoradoConnecticutDelawareDept of DefenseDistrict of ColumbiaFederated States of MicronesiaFloridaGeorgiaGuamHawaiiIdahoIllinoisIndian Health SvcIndianaIowaKansasKentuckyLong Term CareLouisianaMaineMarshall IslandsMarylandMassachusettsMichiganMinnesotaMississippiMissouriMontanaNebraskaNevadaNew HampshireNew JerseyNew MexicoNew York StateNorth CarolinaNorth DakotaNorthern Mariana IslandsOhioOklahomaOregonPennsylvaniaPuerto RicoRepublic of PalauRhode IslandSouth CarolinaSouth DakotaTennesseeTexasUnited StatesUtahVermontVeterans HealthVirgin IslandsVirginiaWashingtonWest VirginiaWisconsinWyoming,0,0,0,0.0,0.0,0,0.0,0.0,0,152410.0,12105,0.0,0,0.0
2023-03-03,AlabamaAlaskaAmerican SamoaArizonaArkansasBureau of PrisonsCaliforniaColoradoConnecticutDelawareDept of DefenseDistrict of ColumbiaFederated States of MicronesiaFloridaGeorgiaGuamHawaiiIdahoIllinoisIndian Health SvcIndianaIowaKansasKentuckyLong Term CareLouisianaMaineMarshall IslandsMarylandMassachusettsMichiganMinnesotaMississippiMissouriMontanaNebraskaNevadaNew HampshireNew JerseyNew MexicoNew York StateNorth CarolinaNorth DakotaNorthern Mariana IslandsOhioOklahomaOregonPennsylvaniaPuerto RicoRepublic of PalauRhode IslandSouth CarolinaSouth DakotaTennesseeTexasUnited StatesUtahVermontVeterans HealthVirgin IslandsVirginiaWashingtonWest VirginiaWisconsinWyoming,0,0,0,0.0,0.0,0,0.0,0.0,0,151496.0,12239,0.0,0,0.0
2023-03-04,AlabamaAlaskaAmerican SamoaArizonaArkansasBureau of PrisonsCaliforniaColoradoConnecticutDelawareDept of DefenseDistrict of ColumbiaFederated States of MicronesiaFloridaGeorgiaGuamHawaiiIdahoIllinoisIndian Health SvcIndianaIowaKansasKentuckyLong Term CareLouisianaMaineMarshall IslandsMarylandMassachusettsMichiganMinnesotaMississippiMissouriMontanaNebraskaNevadaNew HampshireNew JerseyNew MexicoNew York StateNorth CarolinaNorth DakotaNorthern Mariana IslandsOhioOklahomaOregonPennsylvaniaPuerto RicoRepublic of PalauRhode IslandSouth CarolinaSouth DakotaTennesseeTexasUnited StatesUtahVermontVeterans HealthVirgin IslandsVirginiaWashingtonWest VirginiaWisconsinWyoming,0,0,0,0.0,0.0,0,0.0,0.0,0,150585.0,12448,0.0,0,0.0
2023-03-05,AlabamaAlaskaAmerican SamoaArizonaArkansasBureau of PrisonsCaliforniaColoradoConnecticutDelawareDept of DefenseDistrict of ColumbiaFederated States of MicronesiaFloridaGeorgiaGuamHawaiiIdahoIllinoisIndian Health SvcIndianaIowaKansasKentuckyLong Term CareLouisianaMaineMarshall IslandsMarylandMassachusettsMichiganMinnesotaMississippiMissouriMontanaNebraskaNevadaNew HampshireNew JerseyNew MexicoNew York StateNorth CarolinaNorth DakotaNorthern Mariana IslandsOhioOklahomaOregonPennsylvaniaPuerto RicoRepublic of PalauRhode IslandSouth CarolinaSouth DakotaTennesseeTexasUnited StatesUtahVermontVeterans HealthVirgin IslandsVirginiaWashingtonWest VirginiaWisconsinWyoming,0,0,0,0.0,0.0,0,0.0,0.0,0,149672.0,12568,0.0,0,0.0
2023-03-06,AlabamaAlaskaAmerican SamoaArizonaArkansasBureau of PrisonsCaliforniaColoradoConnecticutDelawareDept of DefenseDistrict of ColumbiaFederated States of MicronesiaFloridaGeorgiaGuamHawaiiIdahoIllinoisIndian Health SvcIndianaIowaKansasKentuckyLong Term CareLouisianaMaineMarshall IslandsMarylandMassachusettsMichiganMinnesotaMississippiMissouriMontanaNebraskaNevadaNew HampshireNew JerseyNew MexicoNew York StateNorth CarolinaNorth DakotaNorthern Mariana IslandsOhioOklahomaOregonPennsylvaniaPuerto RicoRepublic of PalauRhode IslandSouth CarolinaSouth DakotaTennesseeTexasUnited StatesUtahVermontVeterans HealthVirgin IslandsVirginiaWashingtonWest VirginiaWisconsinWyoming,0,0,0,0.0,0.0,0,0.0,0.0,0,148763.0,12751,0.0,0,0.0
2023-03-07,AlabamaAlaskaAmerican SamoaArizonaArkansasBureau of PrisonsCaliforniaColoradoConnecticutDelawareDept of DefenseDistrict of ColumbiaFederated States of MicronesiaFloridaGeorgiaGuamHawaiiIdahoIllinoisIndian Health SvcIndianaIowaKansasKentuckyLong Term CareLouisianaMaineMarshall IslandsMarylandMassachusettsMichiganMinnesotaMississippiMissouriMontanaNebraskaNevadaNew HampshireNew JerseyNew MexicoNew York StateNorth CarolinaNorth DakotaNorthern Mariana IslandsOhioOklahomaOregonPennsylvaniaPuerto RicoRepublic of PalauRhode IslandSouth CarolinaSouth DakotaTennesseeTexasUnited StatesUtahVermontVeterans HealthVirgin IslandsVirginiaWashingtonWest VirginiaWisconsinWyoming,0,0,0,0.0,0.0,0,0.0,0.0,0,147849.0,12874,0.0,0,0.0
2023-03-08,AlabamaAlaskaAmerican SamoaArizonaArkansasBureau of PrisonsCaliforniaColoradoConnecticutDelawareDept of DefenseDistrict of ColumbiaFederated States of MicronesiaFloridaGeorgiaGuamHawaiiIdahoIllinoisIndian Health SvcIndianaIowaKansasKentuckyLong Term CareLouisianaMaineMarshall IslandsMarylandMassachusettsMichiganMinnesotaMississippiMissouriMontanaNebraskaNevadaNew HampshireNew JerseyNew MexicoNew York StateNorth CarolinaNorth DakotaNorthern Mariana IslandsOhioOklahomaOregonPennsylvaniaPuerto RicoRepublic of PalauRhode IslandSouth CarolinaSouth DakotaTennesseeTexasUnited StatesUtahVermontVeterans HealthVirgin IslandsVirginiaWashingtonWest VirginiaWisconsinWyoming,1315729948,1888324545,528032895,4056.3801,11819.71,451039084,4737.07,16820.99,0,146936.0,13027,44.477,370167025,3327.75
2023-03-09,AlabamaAlaskaAmerican SamoaArizonaArkansasBureau of PrisonsCaliforniaColoradoConnecticutDelawareDept of DefenseDistrict of ColumbiaFederated States of MicronesiaFloridaGeorgiaGuamHawaiiIdahoIllinoisIndian Health SvcIndianaIowaKansasKentuckyLong Term CareLouisianaMaineMarshall IslandsMarylandMassachusettsMichiganMinnesotaMississippiMissouriMontanaNebraskaNevadaNew HampshireNew JerseyNew MexicoNew York StateNorth CarolinaNorth DakotaNorthern Mariana IslandsOhioOklahomaOregonPennsylvaniaPuerto RicoRepublic of PalauRhode IslandSouth CarolinaSouth DakotaTennesseeTexasUnited StatesUtahVermontVeterans HealthVirgin IslandsVirginiaWashingtonWest VirginiaWisconsinWyoming,0,0,0,0.0,0.0,0,0.0,0.0,0,147648.0,13746,0.0,0,0.0
2023-03-10,AlabamaAlaskaAmerican SamoaArizonaArkansasBureau of PrisonsCaliforniaColoradoConnecticutDelawareDept of DefenseDistrict of ColumbiaFederated States of MicronesiaFloridaGeorgiaGuamHawaiiIdahoIllinoisIndian Health SvcIndianaIowaKansasKentuckyLong Term CareLouisianaMaineMarshall IslandsMarylandMassachusettsMichiganMinnesotaMississippiMissouriMontanaNebraskaNevadaNew HampshireNew JerseyNew MexicoNew York StateNorth CarolinaNorth DakotaNorthern Mariana IslandsOhioOklahomaOregonPennsylvaniaPuerto RicoRepublic of PalauRhode IslandSouth CarolinaSouth DakotaTennesseeTexasUnited StatesUtahVermontVeterans HealthVirgin IslandsVirginiaWashingtonWest VirginiaWisconsinWyoming,0,0,0,0.0,0.0,0,0.0,0.0,0,148369.0,14473,0.0,0,0.0
2023-03-11,AlabamaAlaskaAmerican SamoaArizonaArkansasBureau of PrisonsCaliforniaColoradoConnecticutDelawareDept of DefenseDistrict of ColumbiaFederated States of MicronesiaFloridaGeorgiaGuamHawaiiIdahoIllinoisIndian Health SvcIndianaIowaKansasKentuckyLong Term CareLouisianaMaineMarshall IslandsMarylandMassachusettsMichiganMinnesotaMississippiMissouriMontanaNebraskaNevadaNew HampshireNew JerseyNew MexicoNew York StateNorth CarolinaNorth DakotaNorthern Mariana IslandsOhioOklahomaOregonPennsylvaniaPuerto RicoRepublic of PalauRhode IslandSouth CarolinaSouth DakotaTennesseeTexasUnited StatesUtahVermontVeterans HealthVirgin IslandsVirginiaWashingtonWest VirginiaWisconsinWyoming,0,0,0,0.0,0.0,0,0.0,0.0,0,149084.0,15110,0.0,0,0.0
2023-03-12,AlabamaAlaskaAmerican SamoaArizonaArkansasBureau of PrisonsCaliforniaColoradoConnecticutDelawareDept of DefenseDistrict of ColumbiaFederated States of MicronesiaFloridaGeorgiaGuamHawaiiIdahoIllinoisIndian Health SvcIndianaIowaKansasKentuckyLong Term CareLouisianaMaineMarshall IslandsMarylandMassachusettsMichiganMinnesotaMississippiMissouriMontanaNebraskaNevadaNew HampshireNew JerseyNew MexicoNew York StateNorth CarolinaNorth DakotaNorthern Mariana IslandsOhioOklahomaOregonPennsylvaniaPuerto RicoRepublic of PalauRhode IslandSouth CarolinaSouth DakotaTennesseeTexasUnited StatesUtahVermontVeterans HealthVirgin IslandsVirginiaWashingtonWest VirginiaWisconsinWyoming,0,0,0,0.0,0.0,0,0.0,0.0,0,149797.0,15810,0.0,0,0.0
2023-03-13,AlabamaAlaskaAmerican SamoaArizonaArkansasBureau of PrisonsCaliforniaColoradoConnecticutDelawareDept of DefenseDistrict of ColumbiaFederated States of MicronesiaFloridaGeorgiaGuamHawaiiIdahoIllinoisIndian Health SvcIndianaIowaKansasKentuckyLong Term CareLouisianaMaineMarshall IslandsMarylandMassachusettsMichiganMinnesotaMississippiMissouriMontanaNebraskaNevadaNew HampshireNew JerseyNew MexicoNew York StateNorth CarolinaNorth DakotaNorthern Mariana IslandsOhioOklahomaOregonPennsylvaniaPuerto RicoRepublic of PalauRhode IslandSouth CarolinaSouth DakotaTennesseeTexasUnited StatesUtahVermontVeterans HealthVirgin IslandsVirginiaWashingtonWest VirginiaWisconsinWyoming,0,0,0,0.0,0.0,0,0.0,0.0,0,150516.0,16542,0.0,0,0.0
2023-03-14,AlabamaAlaskaAmerican SamoaArizonaArkansasBureau of PrisonsCaliforniaColoradoConnecticutDelawareDept of DefenseDistrict of ColumbiaFederated States of MicronesiaFloridaGeorgiaGuamHawaiiIdahoIllinoisIndian Health SvcIndianaIowaKansasKentuckyLong Term CareLouisianaMaineMarshall IslandsMarylandMassachusettsMichiganMinnesotaMississippiMissouriMontanaNebraskaNevadaNew HampshireNew JerseyNew MexicoNew York StateNorth CarolinaNorth DakotaNorthern Mariana IslandsOhioOklahomaOregonPennsylvaniaPuerto RicoRepublic of PalauRhode IslandSouth CarolinaSouth DakotaTennesseeTexasUnited StatesUtahVermontVeterans HealthVirgin IslandsVirginiaWashingtonWest VirginiaWisconsinWyoming,0,0,0,0.0,0.0,0,0.0,0.0,0,151229.0,17215,0.0,0,0.0
2023-03-15,AlabamaAlaskaAmerican SamoaArizonaArkansasBureau of PrisonsCaliforniaColoradoConnecticutDelawareDept of DefenseDistrict of ColumbiaFederated States of MicronesiaFloridaGeorgiaGuamHawaiiIdahoIllinoisIndian Health SvcIndianaIowaKansasKentuckyLong Term CareLouisianaMaineMarshall IslandsMarylandMassachusettsMichiganMinnesotaMississippiMissouriMontanaNebraskaNevadaNew HampshireNew JerseyNew MexicoNew York StateNorth CarolinaNorth DakotaNorthern Mariana IslandsOhioOklahomaOregonPennsylvaniaPuerto RicoRepublic of PalauRhode IslandSouth CarolinaSouth DakotaTennesseeTexasUnited StatesUtahVermontVeterans HealthVirgin IslandsVirginiaWashingtonWest VirginiaWisconsinWyoming,1316690058,1892604065,528227029,4058.3801,11831.76,451182092,4739.27,16860.82,0,151944.0,17918,44.424,370789993,3335.57
2023-03-16,AlabamaAlaskaAmerican SamoaArizonaArkansasBureau of PrisonsCaliforniaColoradoConnecticutDelawareDept of DefenseDistrict of ColumbiaFederated States of MicronesiaFloridaGeorgiaGuamHawaiiIdahoIllinoisIndian Health SvcIndianaIowaKansasKentuckyLong Term CareLouisianaMaineMarshall IslandsMarylandMassachusettsMichiganMinnesotaMississippiMissouriMontanaNebraskaNevadaNew HampshireNew JerseyNew MexicoNew York StateNorth CarolinaNorth DakotaNorthern Mariana IslandsOhioOklahomaOregonPennsylvaniaPuerto RicoRepublic of PalauRhode IslandSouth CarolinaSouth DakotaTennesseeTexasUnited StatesUtahVermontVeterans HealthVirgin IslandsVirginiaWashingtonWest VirginiaWisconsinWyoming,0,0,0,0.0,0.0,0,0.0,0.0,0,150640.0,17372,0.0,0,0.0
2023-03-17,AlabamaAlaskaAmerican SamoaArizonaArkansasBureau of PrisonsCaliforniaColoradoConnecticutDelawareDept of DefenseDistrict of ColumbiaFederated States of MicronesiaFloridaGeorgiaGuamHawaiiIdahoIllinoisIndian Health SvcIndianaIowaKansasKentuckyLong Term CareLouisianaMaineMarshall IslandsMarylandMassachusettsMichiganMinnesotaMississippiMissouriMontanaNebraskaNevadaNew HampshireNew JerseyNew MexicoNew York StateNorth CarolinaNorth DakotaNorthern Mariana IslandsOhioOklahomaOregonPennsylvaniaPuerto RicoRepublic of PalauRhode IslandSouth CarolinaSouth DakotaTennesseeTexasUnited StatesUtahVermontVeterans HealthVirgin IslandsVirginiaWashingtonWest VirginiaWisconsinWyoming,0,0,0,0.0,0.0,0,0.0,0.0,0,149330.0,16793,0.0,0,0.0
2023-03-18,AlabamaAlaskaAmerican SamoaArizonaArkansasBureau of PrisonsCaliforniaColoradoConnecticutDelawareDept of DefenseDistrict of ColumbiaFederated States of MicronesiaFloridaGeorgiaGuamHawaiiIdahoIllinoisIndian Health SvcIndianaIowaKansasKentuckyLong Term CareLouisianaMaineMarshall IslandsMarylandMassachusettsMichiganMinnesotaMississippiMissouriMontanaNebraskaNevadaNew HampshireNew JerseyNew MexicoNew York StateNorth CarolinaNorth DakotaNorthern Mariana IslandsOhioOklahomaOregonPennsylvaniaPuerto RicoRepublic of PalauRhode IslandSouth CarolinaSouth DakotaTennesseeTexasUnited StatesUtahVermontVeterans HealthVirgin IslandsVirginiaWashingtonWest VirginiaWisconsinWyoming,0,0,0,0.0,0.0,0,0.0,0.0,0,148021.0,16203,0.0,0,0.0
2023-03-19,AlabamaAlaskaAmerican SamoaArizonaArkansasBureau of PrisonsCaliforniaColoradoConnecticutDelawareDept of DefenseDistrict of ColumbiaFederated States of MicronesiaFloridaGeorgiaGuamHawaiiIdahoIllinoisIndian Health SvcIndianaIowaKansasKentuckyLong Term CareLouisianaMaineMarshall IslandsMarylandMassachusettsMichiganMinnesotaMississippiMissouriMontanaNebraskaNevadaNew HampshireNew JerseyNew MexicoNew York StateNorth CarolinaNorth DakotaNorthern Mariana IslandsOhioOklahomaOregonPennsylvaniaPuerto RicoRepublic of PalauRhode IslandSouth CarolinaSouth DakotaTennesseeTexasUnited StatesUtahVermontVeterans HealthVirgin IslandsVirginiaWashingtonWest VirginiaWisconsinWyoming,0,0,0,0.0,0.0,0,0.0,0.0,0,146704.0,15625,0.0,0,0.0
2023-03-20,AlabamaAlaskaAmerican SamoaArizonaArkansasBureau of PrisonsCaliforniaColoradoConnecticutDelawareDept of DefenseDistrict of ColumbiaFederated States of MicronesiaFloridaGeorgiaGuamHawaiiIdahoIllinoisIndian Health SvcIndianaIowaKansasKentuckyLong Term CareLouisianaMaineMarshall IslandsMarylandMassachusettsMichiganMinnesotaMississippiMissouriMontanaNebraskaNevadaNew HampshireNew JerseyNew MexicoNew York StateNorth CarolinaNorth DakotaNorthern Mariana IslandsOhioOklahomaOregonPennsylvaniaPuerto RicoRepublic of PalauRhode IslandSouth CarolinaSouth DakotaTennesseeTexasUnited StatesUtahVermontVeterans HealthVirgin IslandsVirginiaWashingtonWest VirginiaWisconsinWyoming,0,0,0,0.0,0.0,0,0.0,0.0,0,145404.0,15034,0.0,0,0.0
2023-03-21,AlabamaAlaskaAmerican SamoaArizonaArkansasBureau of PrisonsCaliforniaColoradoConnecticutDelawareDept of DefenseDistrict of ColumbiaFederated States of MicronesiaFloridaGeorgiaGuamHawaiiIdahoIllinoisIndian Health SvcIndianaIowaKansasKentuckyLong Term CareLouisianaMaineMarshall IslandsMarylandMassachusettsMichiganMinnesotaMississippiMissouriMontanaNebraskaNevadaNew HampshireNew JerseyNew MexicoNew York StateNorth CarolinaNorth DakotaNorthern Mariana IslandsOhioOklahomaOregonPennsylvaniaPuerto RicoRepublic of PalauRhode IslandSouth CarolinaSouth DakotaTennesseeTexasUnited StatesUtahVermontVeterans HealthVirgin IslandsVirginiaWashingtonWest VirginiaWisconsinWyoming,0,0,0,0.0,0.0,0,0.0,0.0,0,144087.0,14437,0.0,0,0.0
2023-03-22,AlabamaAlaskaAmerican SamoaArizonaArkansasBureau of PrisonsCaliforniaColoradoConnecticutDelawareDept of DefenseDistrict of ColumbiaFederated States of MicronesiaFloridaGeorgiaGuamHawaiiIdahoIllinoisIndian Health SvcIndianaIowaKansasKentuckyLong Term CareLouisianaMaineMarshall IslandsMarylandMassachusettsMichiganMinnesotaMississippiMissouriMontanaNebraskaNevadaNew HampshireNew JerseyNew MexicoNew York StateNorth CarolinaNorth DakotaNorthern Mariana IslandsOhioOklahomaOregonPennsylvaniaPuerto RicoRepublic of PalauRhode IslandSouth CarolinaSouth DakotaTennesseeTexasUnited StatesUtahVermontVeterans HealthVirgin IslandsVirginiaWashingtonWest VirginiaWisconsinWyoming,1344322381,1934000610,538433725,4131.19,12052.03,460367031,4820.02,17189.45,0,142787.0,13861,45.086,379657380,3407.16
2023-03-23,AlabamaAlaskaAmerican SamoaArizonaArkansasBureau of PrisonsCaliforniaColoradoConnecticutDelawareDept of DefenseDistrict of ColumbiaFederated States of MicronesiaFloridaGeorgiaGuamHawaiiIdahoIllinoisIndian Health SvcIndianaIowaKansasKentuckyLong Term CareLouisianaMaineMarshall IslandsMarylandMassachusettsMichiganMinnesotaMississippiMissouriMontanaNebraskaNevadaNew HampshireNew JerseyNew MexicoNew York StateNorth CarolinaNorth DakotaNorthern Mariana IslandsOhioOklahomaOregonPennsylvaniaPuerto RicoRepublic of PalauRhode IslandSouth CarolinaSouth DakotaTennesseeTexasUnited StatesUtahVermontVeterans HealthVirgin IslandsVirginiaWashingtonWest VirginiaWisconsinWyoming,0,0,0,0.0,0.0,0,0.0,0.0,0,146688.0,13807,0.0,0,0.0
2023-03-24,AlabamaAlaskaAmerican SamoaArizonaArkansasBureau of PrisonsCaliforniaColoradoConnecticutDelawareDept of DefenseDistrict of ColumbiaFederated States of MicronesiaFloridaGeorgiaGuamHawaiiIdahoIllinoisIndian Health SvcIndianaIowaKansasKentuckyLong Term CareLouisianaMaineMarshall IslandsMarylandMassachusettsMichiganMinnesotaMississippiMissouriMontanaNebraskaNevadaNew HampshireNew JerseyNew MexicoNew York StateNorth CarolinaNorth DakotaNorthern Mariana IslandsOhioOklahomaOregonPennsylvaniaPuerto RicoRepublic of PalauRhode IslandSouth CarolinaSouth DakotaTennesseeTexasUnited StatesUtahVermontVeterans HealthVirgin IslandsVirginiaWashingtonWest VirginiaWisconsinWyoming,0,0,0,0.0,0.0,0,0.0,0.0,0,150594.0,13682,0.0,0,0.0
2023-03-25,AlabamaAlaskaAmerican SamoaArizonaArkansasBureau of PrisonsCaliforniaColoradoConnecticutDelawareDept of DefenseDistrict of ColumbiaFederated States of MicronesiaFloridaGeorgiaGuamHawaiiIdahoIllinoisIndian Health SvcIndianaIowaKansasKentuckyLong Term CareLouisianaMaineMarshall IslandsMarylandMassachusettsMichiganMinnesotaMississippiMissouriMontanaNebraskaNevadaNew HampshireNew JerseyNew MexicoNew York StateNorth CarolinaNorth DakotaNorthern Mariana IslandsOhioOklahomaOregonPennsylvaniaPuerto RicoRepublic of PalauRhode IslandSouth CarolinaSouth DakotaTennesseeTexasUnited StatesUtahVermontVeterans HealthVirgin IslandsVirginiaWashingtonWest VirginiaWisconsinWyoming,0,0,0,0.0,0.0,0,0.0,0.0,0,154502.0,13614,0.0,0,0.0
2023-03-26,AlabamaAlaskaAmerican SamoaArizonaArkansasBureau of PrisonsCaliforniaColoradoConnecticutDelawareDept of DefenseDistrict of ColumbiaFederated States of MicronesiaFloridaGeorgiaGuamHawaiiIdahoIllinoisIndian Health SvcIndianaIowaKansasKentuckyLong Term CareLouisianaMaineMarshall IslandsMarylandMassachusettsMichiganMinnesotaMississippiMissouriMontanaNebraskaNevadaNew HampshireNew JerseyNew MexicoNew York StateNorth CarolinaNorth DakotaNorthern Mariana IslandsOhioOklahomaOregonPennsylvaniaPuerto RicoRepublic of PalauRhode IslandSouth CarolinaSouth DakotaTennesseeTexasUnited StatesUtahVermontVeterans HealthVirgin IslandsVirginiaWashingtonWest VirginiaWisconsinWyoming,0,0,0,0.0,0.0,0,0.0,0.0,0,158410.0,13529,0.0,0,0.0
2023-03-27,AlabamaAlaskaAmerican SamoaArizonaArkansasBureau of PrisonsCaliforniaColoradoConnecticutDelawareDept of DefenseDistrict of ColumbiaFederated States of MicronesiaFloridaGeorgiaGuamHawaiiIdahoIllinoisIndian Health SvcIndianaIowaKansasKentuckyLong Term CareLouisianaMaineMarshall IslandsMarylandMassachusettsMichiganMinnesotaMississippiMissouriMontanaNebraskaNevadaNew HampshireNew JerseyNew MexicoNew York StateNorth CarolinaNorth DakotaNorthern Mariana IslandsOhioOklahomaOregonPennsylvaniaPuerto RicoRepublic of PalauRhode IslandSouth CarolinaSouth DakotaTennesseeTexasUnited StatesUtahVermontVeterans HealthVirgin IslandsVirginiaWashingtonWest VirginiaWisconsinWyoming,0,0,0,0.0,0.0,0,0.0,0.0,0,162317.0,13454,0.0,0,0.0
2023-03-28,AlabamaAlaskaAmerican SamoaArizonaArkansasBureau of PrisonsCaliforniaColoradoConnecticutDelawareDept of DefenseDistrict of ColumbiaFederated States of MicronesiaFloridaGeorgiaGuamHawaiiIdahoIllinoisIndian Health SvcIndianaIowaKansasKentuckyLong Term CareLouisianaMaineMarshall IslandsMarylandMassachusettsMichiganMinnesotaMississippiMissouriMontanaNebraskaNevadaNew HampshireNew JerseyNew MexicoNew York StateNorth CarolinaNorth DakotaNorthern Mariana IslandsOhioOklahomaOregonPennsylvaniaPuerto RicoRepublic of PalauRhode IslandSouth CarolinaSouth DakotaTennesseeTexasUnited StatesUtahVermontVeterans HealthVirgin IslandsVirginiaWashingtonWest VirginiaWisconsinWyoming,0,0,0,0.0,0.0,0,0.0,0.0,0,166228.0,13338,0.0,0,0.0
2023-03-29,AlabamaAlaskaAmerican SamoaArizonaArkansasBureau of PrisonsCaliforniaColoradoConnecticutDelawareDept of DefenseDistrict of ColumbiaFederated States of MicronesiaFloridaGeorgiaGuamHawaiiIdahoIllinoisIndian Health SvcIndianaIowaKansasKentuckyLong Term CareLouisianaMaineMarshall IslandsMarylandMassachusettsMichiganMinnesotaMississippiMissouriMontanaNebraskaNevadaNew HampshireNew JerseyNew MexicoNew York StateNorth CarolinaNorth DakotaNorthern Mariana IslandsOhioOklahomaOregonPennsylvaniaPuerto RicoRepublic of PalauRhode IslandSouth CarolinaSouth DakotaTennesseeTexasUnited StatesUtahVermontVeterans HealthVirgin IslandsVirginiaWashingtonWest VirginiaWisconsinWyoming,1318687595,1899567055,528664442,4061.17,11849.96,451491395,4742.82,16924.34,0,170132.0,13275,44.328,372040814,3347.44
2023-03-30,AlabamaAlaskaAmerican SamoaArizonaArkansasBureau of PrisonsCaliforniaColoradoConnecticutDelawareDept of DefenseDistrict of ColumbiaFederated States of MicronesiaFloridaGeorgiaGuamHawaiiIdahoIllinoisIndian Health SvcIndianaIowaKansasKentuckyLong Term CareLouisianaMaineMarshall IslandsMarylandMassachusettsMichiganMinnesotaMississippiMissouriMontanaNebraskaNevadaNew HampshireNew JerseyNew MexicoNew York StateNorth CarolinaNorth DakotaNorthern Mariana IslandsOhioOklahomaOregonPennsylvaniaPuerto RicoRepublic of PalauRhode IslandSouth CarolinaSouth DakotaTennesseeTexasUnited StatesUtahVermontVeterans HealthVirgin IslandsVirginiaWashingtonWest VirginiaWisconsinWyoming,0,0,0,0.0,0.0,0,0.0,0.0,0,161493.0,13026,0.0,0,0.0
2023-03-31,AlabamaAlaskaAmerican SamoaArizonaArkansasBureau of PrisonsCaliforniaColoradoConnecticutDelawareDept of DefenseDistrict of ColumbiaFederated States of MicronesiaFloridaGeorgiaGuamHawaiiIdahoIllinoisIndian Health SvcIndianaIowaKansasKentuckyLong Term CareLouisianaMaineMarshall IslandsMarylandMassachusettsMichiganMinnesotaMississippiMissouriMontanaNebraskaNevadaNew HampshireNew JerseyNew MexicoNew York StateNorth CarolinaNorth DakotaNorthern Mariana IslandsOhioOklahomaOregonPennsylvaniaPuerto RicoRepublic of PalauRhode IslandSouth CarolinaSouth DakotaTennesseeTexasUnited StatesUtahVermontVeterans HealthVirgin IslandsVirginiaWashingtonWest VirginiaWisconsinWyoming,0,0,0,0.0,0.0,0,0.0,0.0,0,152844.0,12710,0.0,0,0.0
2023-04-01,AlabamaAlaskaAmerican SamoaArizonaArkansasBureau of PrisonsCaliforniaColoradoConnecticutDelawareDept of DefenseDistrict of ColumbiaFederated States of MicronesiaFloridaGeorgiaGuamHawaiiIdahoIllinoisIndian Health SvcIndianaIowaKansasKentuckyLong Term CareLouisianaMaineMarshall IslandsMarylandMassachusettsMichiganMinnesotaMississippiMissouriMontanaNebraskaNevadaNew HampshireNew JerseyNew MexicoNew York StateNorth CarolinaNorth DakotaNorthern Mariana IslandsOhioOklahomaOregonPennsylvaniaPuerto RicoRepublic of PalauRhode IslandSouth CarolinaSouth DakotaTennesseeTexasUnited StatesUtahVermontVeterans HealthVirgin IslandsVirginiaWashingtonWest VirginiaWisconsinWyoming,0,0,0,0.0,0.0,0,0.0,0.0,0,144206.0,12469,0.0,0,0.0
2023-04-02,AlabamaAlaskaAmerican SamoaArizonaArkansasBureau of PrisonsCaliforniaColoradoConnecticutDelawareDept of DefenseDistrict of ColumbiaFederated States of MicronesiaFloridaGeorgiaGuamHawaiiIdahoIllinoisIndian Health SvcIndianaIowaKansasKentuckyLong Term CareLouisianaMaineMarshall IslandsMarylandMassachusettsMichiganMinnesotaMississippiMissouriMontanaNebraskaNevadaNew HampshireNew JerseyNew MexicoNew York StateNorth CarolinaNorth DakotaNorthern Mariana IslandsOhioOklahomaOregonPennsylvaniaPuerto RicoRepublic of PalauRhode IslandSouth CarolinaSouth DakotaTennesseeTexasUnited StatesUtahVermontVeterans HealthVirgin IslandsVirginiaWashingtonWest VirginiaWisconsinWyoming,0,0,0,0.0,0.0,0,0.0,0.0,0,135563.0,12210,0.0,0,0.0
2023-04-03,AlabamaAlaskaAmerican SamoaArizonaArkansasBureau of PrisonsCaliforniaColoradoConnecticutDelawareDept of DefenseDistrict of ColumbiaFederated States of MicronesiaFloridaGeorgiaGuamHawaiiIdahoIllinoisIndian Health SvcIndianaIowaKansasKentuckyLong Term CareLouisianaMaineMarshall IslandsMarylandMassachusettsMichiganMinnesotaMississippiMissouriMontanaNebraskaNevadaNew HampshireNew JerseyNew MexicoNew York StateNorth CarolinaNorth DakotaNorthern Mariana IslandsOhioOklahomaOregonPennsylvaniaPuerto RicoRepublic of PalauRhode IslandSouth CarolinaSouth DakotaTennesseeTexasUnited StatesUtahVermontVeterans HealthVirgin IslandsVirginiaWashingtonWest VirginiaWisconsinWyoming,0,0,0,0.0,0.0,0,0.0,0.0,0,126921.0,11947,0.0,0,0.0
2023-04-04,AlabamaAlaskaAmerican SamoaArizonaArkansasBureau of PrisonsCaliforniaColoradoConnecticutDelawareDept of DefenseDistrict of ColumbiaFederated States of MicronesiaFloridaGeorgiaGuamHawaiiIdahoIllinoisIndian Health SvcIndianaIowaKansasKentuckyLong Term CareLouisianaMaineMarshall IslandsMarylandMassachusettsMichiganMinnesotaMississippiMissouriMontanaNebraskaNevadaNew HampshireNew JerseyNew MexicoNew York StateNorth CarolinaNorth DakotaNorthern Mariana IslandsOhioOklahomaOregonPennsylvaniaPuerto RicoRepublic of PalauRhode IslandSouth CarolinaSouth DakotaTennesseeTexasUnited StatesUtahVermontVeterans HealthVirgin IslandsVirginiaWashingtonWest VirginiaWisconsinWyoming,0,0,0,0.0,0.0,0,0.0,0.0,0,118282.0,11697,0.0,0,0.0
2023-04-05,AlabamaAlaskaAmerican SamoaArizonaArkansasBureau of PrisonsCaliforniaColoradoConnecticutDelawareDept of DefenseDistrict of ColumbiaFederated States of MicronesiaFloridaGeorgiaGuamHawaiiIdahoIllinoisIndian Health SvcIndianaIowaKansasKentuckyLong Term CareLouisianaMaineMarshall IslandsMarylandMassachusettsMichiganMinnesotaMississippiMissouriMontanaNebraskaNevadaNew HampshireNew JerseyNew MexicoNew York StateNorth CarolinaNorth DakotaNorthern Mariana IslandsOhioOklahomaOregonPennsylvaniaPuerto RicoRepublic of PalauRhode IslandSouth CarolinaSouth DakotaTennesseeTexasUnited StatesUtahVermontVeterans HealthVirgin IslandsVirginiaWashingtonWest VirginiaWisconsinWyoming,625231593,898674740,250356463,3913.63,11431.82,214134369,4568.13,16328.96,0,109633.0,11452,42.919,176628654,3240.51
2023-04-06,AlabamaAlaskaAmerican SamoaArizonaArkansasBureau of PrisonsCaliforniaColoradoConnecticutDelawareDept of DefenseDistrict of ColumbiaFederated States of MicronesiaFloridaGeorgiaGuamHawaiiIdahoIllinoisIndian Health SvcIndianaIowaKansasKentuckyLong Term CareLouisianaMaineMarshall IslandsMarylandMassachusettsMichiganMinnesotaMississippiMissouriMontanaNebraskaNevadaNew HampshireNew JerseyNew MexicoNew York StateNorth CarolinaNorth DakotaNorthern Mariana IslandsOhioOklahomaOregonPennsylvaniaPuerto RicoRepublic of PalauRhode IslandSouth CarolinaSouth DakotaTennesseeTexasUnited StatesUtahVermontVeterans HealthVirgin IslandsVirginiaWashingtonWest VirginiaWisconsinWyoming,0,0,0,0.0,0.0,0,0.0,0.0,0,109550.0,12035,0.0,0,0.0
2023-04-07,AlabamaAlaskaAmerican SamoaArizonaArkansasBureau of PrisonsCaliforniaColoradoConnecticutDelawareDept of DefenseDistrict of ColumbiaFederated States of MicronesiaFloridaGeorgiaGuamHawaiiIdahoIllinoisIndian Health SvcIndianaIowaKansasKentuckyLong Term CareLouisianaMaineMarshall IslandsMarylandMassachusettsMichiganMinnesotaMississippiMissouriMontanaNebraskaNevadaNew HampshireNew JerseyNew MexicoNew York StateNorth CarolinaNorth DakotaNorthern Mariana IslandsOhioOklahomaOregonPennsylvaniaPuerto RicoRepublic of PalauRhode IslandSouth CarolinaSouth DakotaTennesseeTexasUnited StatesUtahVermontVeterans HealthVirgin IslandsVirginiaWashingtonWest VirginiaWisconsinWyoming,0,0,0,0.0,0.0,0,0.0,0.0,0,109461.0,12626,0.0,0,0.0
2023-04-08,AlabamaAlaskaAmerican SamoaArizonaArkansasBureau of PrisonsCaliforniaColoradoConnecticutDelawareDept of DefenseDistrict of ColumbiaFederated States of MicronesiaFloridaGeorgiaGuamHawaiiIdahoIllinoisIndian Health SvcIndianaIowaKansasKentuckyLong Term CareLouisianaMaineMarshall IslandsMarylandMassachusettsMichiganMinnesotaMississippiMissouriMontanaNebraskaNevadaNew HampshireNew JerseyNew MexicoNew York StateNorth CarolinaNorth DakotaNorthern Mariana IslandsOhioOklahomaOregonPennsylvaniaPuerto RicoRepublic of PalauRhode IslandSouth CarolinaSouth DakotaTennesseeTexasUnited StatesUtahVermontVeterans HealthVirgin IslandsVirginiaWashingtonWest VirginiaWisconsinWyoming,0,0,0,0.0,0.0,0,0.0,0.0,0,109368.0,13197,0.0,0,0.0
2023-04-09,AlabamaAlaskaAmerican SamoaArizonaArkansasBureau of PrisonsCaliforniaColoradoConnecticutDelawareDept of DefenseDistrict of ColumbiaFederated States of MicronesiaFloridaGeorgiaGuamHawaiiIdahoIllinoisIndian Health SvcIndianaIowaKansasKentuckyLong Term CareLouisianaMaineMarshall IslandsMarylandMassachusettsMichiganMinnesotaMississippiMissouriMontanaNebraskaNevadaNew HampshireNew JerseyNew MexicoNew York StateNorth CarolinaNorth DakotaNorthern Mariana IslandsOhioOklahomaOregonPennsylvaniaPuerto RicoRepublic of PalauRhode IslandSouth CarolinaSouth DakotaTennesseeTexasUnited StatesUtahVermontVeterans HealthVirgin IslandsVirginiaWashingtonWest VirginiaWisconsinWyoming,0,0,0,0.0,0.0,0,0.0,0.0,0,109276.0,13730,0.0,0,0.0
2023-04-10,AlabamaAlaskaAmerican SamoaArizonaArkansasBureau of PrisonsCaliforniaColoradoConnecticutDelawareDept of DefenseDistrict of ColumbiaFederated States of MicronesiaFloridaGeorgiaGuamHawaiiIdahoIllinoisIndian Health SvcIndianaIowaKansasKentuckyLong Term CareLouisianaMaineMarshall IslandsMarylandMassachusettsMichiganMinnesotaMississippiMissouriMontanaNebraskaNevadaNew HampshireNew JerseyNew MexicoNew York StateNorth CarolinaNorth DakotaNorthern Mariana IslandsOhioOklahomaOregonPennsylvaniaPuerto RicoRepublic of PalauRhode IslandSouth CarolinaSouth DakotaTennesseeTexasUnited StatesUtahVermontVeterans HealthVirgin IslandsVirginiaWashingtonWest VirginiaWisconsinWyoming,0,0,0,0.0,0.0,0,0.0,0.0,0,109183.0,14321,0.0,0,0.0
2023-04-11,AlabamaAlaskaAmerican SamoaArizonaArkansasBureau of PrisonsCaliforniaColoradoConnecticutDelawareDept of DefenseDistrict of ColumbiaFederated States of MicronesiaFloridaGeorgiaGuamHawaiiIdahoIllinoisIndian Health SvcIndianaIowaKansasKentuckyLong Term CareLouisianaMaineMarshall IslandsMarylandMassachusettsMichiganMinnesotaMississippiMissouriMontanaNebraskaNevadaNew HampshireNew JerseyNew MexicoNew York StateNorth CarolinaNorth DakotaNorthern Mariana IslandsOhioOklahomaOregonPennsylvaniaPuerto RicoRepublic of PalauRhode IslandSouth CarolinaSouth DakotaTennesseeTexasUnited StatesUtahVermontVeterans HealthVirgin IslandsVirginiaWashingtonWest VirginiaWisconsinWyoming,0,0,0,0.0,0.0,0,0.0,0.0,0,109096.0,14927,0.0,0,0.0
2023-04-12,AlabamaAlaskaAmerican SamoaArizonaArkansasBureau of PrisonsCaliforniaColoradoConnecticutDelawareDept of DefenseDistrict of ColumbiaFederated States of MicronesiaFloridaGeorgiaGuamHawaiiIdahoIllinoisIndian Health SvcIndianaIowaKansasKentuckyLong Term CareLouisianaMaineMarshall IslandsMarylandMassachusettsMichiganMinnesotaMississippiMissouriMontanaNebraskaNevadaNew HampshireNew JerseyNew MexicoNew York StateNorth CarolinaNorth DakotaNorthern Mariana IslandsOhioOklahomaOregonPennsylvaniaPuerto RicoRepublic of PalauRhode IslandSouth CarolinaSouth DakotaTennesseeTexasUnited StatesUtahVermontVeterans HealthVirgin IslandsVirginiaWashingtonWest VirginiaWisconsinWyoming,663460386,953557030,265234907,4005.76,11708.11,227178032,4673.04,16717.65,0,109004.0,15492,43.653,187872594,3326.5
2023-04-13,AlabamaAlaskaAmerican SamoaArizonaArkansasBureau of PrisonsCaliforniaColoradoConnecticutDelawareDept of DefenseDistrict of ColumbiaFederated States of MicronesiaFloridaGeorgiaGuamHawaiiIdahoIllinoisIndian Health SvcIndianaIowaKansasKentuckyLong Term CareLouisianaMaineMarshall IslandsMarylandMassachusettsMichiganMinnesotaMississippiMissouriMontanaNebraskaNevadaNew HampshireNew JerseyNew MexicoNew York StateNorth CarolinaNorth DakotaNorthern Mariana IslandsOhioOklahomaOregonPennsylvaniaPuerto RicoRepublic of PalauRhode IslandSouth CarolinaSouth DakotaTennesseeTexasUnited StatesUtahVermontVeterans HealthVirgin IslandsVirginiaWashingtonWest VirginiaWisconsinWyoming,0,0,0,0.0,0.0,0,0.0,0.0,0,110360.0,14825,0.0,0,0.0
2023-04-14,AlabamaAlaskaAmerican SamoaArizonaArkansasBureau of PrisonsCaliforniaColoradoConnecticutDelawareDept of DefenseDistrict of ColumbiaFederated States of MicronesiaFloridaGeorgiaGuamHawaiiIdahoIllinoisIndian Health SvcIndianaIowaKansasKentuckyLong Term CareLouisianaMaineMarshall IslandsMarylandMassachusettsMichiganMinnesotaMississippiMissouriMontanaNebraskaNevadaNew HampshireNew JerseyNew MexicoNew York StateNorth CarolinaNorth DakotaNorthern Mariana IslandsOhioOklahomaOregonPennsylvaniaPuerto RicoRepublic of PalauRhode IslandSouth CarolinaSouth DakotaTennesseeTexasUnited StatesUtahVermontVeterans HealthVirgin IslandsVirginiaWashingtonWest VirginiaWisconsinWyoming,0,0,0,0.0,0.0,0,0.0,0.0,0,111716.0,14148,0.0,0,0.0
2023-04-15,AlabamaAlaskaAmerican SamoaArizonaArkansasBureau of PrisonsCaliforniaColoradoConnecticutDelawareDept of DefenseDistrict of ColumbiaFederated States of MicronesiaFloridaGeorgiaGuamHawaiiIdahoIllinoisIndian Health SvcIndianaIowaKansasKentuckyLong Term CareLouisianaMaineMarshall IslandsMarylandMassachusettsMichiganMinnesotaMississippiMissouriMontanaNebraskaNevadaNew HampshireNew JerseyNew MexicoNew York StateNorth CarolinaNorth DakotaNorthern Mariana IslandsOhioOklahomaOregonPennsylvaniaPuerto RicoRepublic of PalauRhode IslandSouth CarolinaSouth DakotaTennesseeTexasUnited StatesUtahVermontVeterans HealthVirgin IslandsVirginiaWashingtonWest VirginiaWisconsinWyoming,0,0,0,0.0,0.0,0,0.0,0.0,0,113076.0,13530,0.0,0,0.0
2023-04-16,AlabamaAlaskaAmerican SamoaArizonaArkansasBureau of PrisonsCaliforniaColoradoConnecticutDelawareDept of DefenseDistrict of ColumbiaFederated States of MicronesiaFloridaGeorgiaGuamHawaiiIdahoIllinoisIndian Health SvcIndianaIowaKansasKentuckyLong Term CareLouisianaMaineMarshall IslandsMarylandMassachusettsMichiganMinnesotaMississippiMissouriMontanaNebraskaNevadaNew HampshireNew JerseyNew MexicoNew York StateNorth CarolinaNorth DakotaNorthern Mariana IslandsOhioOklahomaOregonPennsylvaniaPuerto RicoRepublic of PalauRhode IslandSouth CarolinaSouth DakotaTennesseeTexasUnited StatesUtahVermontVeterans HealthVirgin IslandsVirginiaWashingtonWest VirginiaWisconsinWyoming,0,0,0,0.0,0.0,0,0.0,0.0,0,114423.0,12851,0.0,0,0.0
2023-04-17,AlabamaAlaskaAmerican SamoaArizonaArkansasBureau of PrisonsCaliforniaColoradoConnecticutDelawareDept of DefenseDistrict of ColumbiaFederated States of MicronesiaFloridaGeorgiaGuamHawaiiIdahoIllinoisIndian Health SvcIndianaIowaKansasKentuckyLong Term CareLouisianaMaineMarshall IslandsMarylandMassachusettsMichiganMinnesotaMississippiMissouriMontanaNebraskaNevadaNew HampshireNew JerseyNew MexicoNew York StateNorth CarolinaNorth DakotaNorthern Mariana IslandsOhioOklahomaOregonPennsylvaniaPuerto RicoRepublic of PalauRhode IslandSouth CarolinaSouth DakotaTennesseeTexasUnited StatesUtahVermontVeterans HealthVirgin IslandsVirginiaWashingtonWest VirginiaWisconsinWyoming,0,0,0,0.0,0.0,0,0.0,0.0,0,115778.0,12173,0.0,0,0.0
2023-04-18,AlabamaAlaskaAmerican SamoaArizonaArkansasBureau of PrisonsCaliforniaColoradoConnecticutDelawareDept of DefenseDistrict of ColumbiaFederated States of MicronesiaFloridaGeorgiaGuamHawaiiIdahoIllinoisIndian Health SvcIndianaIowaKansasKentuckyLong Term CareLouisianaMaineMarshall IslandsMarylandMassachusettsMichiganMinnesotaMississippiMissouriMontanaNebraskaNevadaNew HampshireNew JerseyNew MexicoNew York StateNorth CarolinaNorth DakotaNorthern Mariana IslandsOhioOklahomaOregonPennsylvaniaPuerto RicoRepublic of PalauRhode IslandSouth CarolinaSouth DakotaTennesseeTexasUnited StatesUtahVermontVeterans HealthVirgin IslandsVirginiaWashingtonWest VirginiaWisconsinWyoming,0,0,0,0.0,0.0,0,0.0,0.0,0,117133.0,11507,0.0,0,0.0
2023-04-19,AlabamaAlaskaAmerican SamoaArizonaArkansasBureau of PrisonsCaliforniaColoradoConnecticutDelawareDept of DefenseDistrict of ColumbiaFederated States of MicronesiaFloridaGeorgiaGuamHawaiiIdahoIllinoisIndian Health SvcIndianaIowaKansasKentuckyLong Term CareLouisianaMaineMarshall IslandsMarylandMassachusettsMichiganMinnesotaMississippiMissouriMontanaNebraskaNevadaNew HampshireNew JerseyNew MexicoNew York StateNorth CarolinaNorth DakotaNorthern Mariana IslandsOhioOklahomaOregonPennsylvaniaPuerto RicoRepublic of PalauRhode IslandSouth CarolinaSouth DakotaTennesseeTexasUnited StatesUtahVermontVeterans HealthVirgin IslandsVirginiaWashingtonWest VirginiaWisconsinWyoming,1366940412,1977301710,548406722,4203.16,12271.49,467830955,4916.99,17594.459,0,118483.0,10823,45.571,385329044,3462.34
2023-04-20,AlabamaAlaskaAmerican SamoaArizonaArkansasBureau of PrisonsCaliforniaColoradoConnecticutDelawareDept of DefenseDistrict of ColumbiaFederated States of MicronesiaFloridaGeorgiaGuamHawaiiIdahoIllinoisIndian Health SvcIndianaIowaKansasKentuckyLong Term CareLouisianaMaineMarshall IslandsMarylandMassachusettsMichiganMinnesotaMississippiMissouriMontanaNebraskaNevadaNew HampshireNew JerseyNew MexicoNew York StateNorth CarolinaNorth DakotaNorthern Mariana IslandsOhioOklahomaOregonPennsylvaniaPuerto RicoRepublic of PalauRhode IslandSouth CarolinaSouth DakotaTennesseeTexasUnited StatesUtahVermontVeterans HealthVirgin IslandsVirginiaWashingtonWest VirginiaWisconsinWyoming,0,0,0,0.0,0.0,0,0.0,0.0,0,119851.0,11064,0.0,0,0.0
2023-04-21,AlabamaAlaskaAmerican SamoaArizonaArkansasBureau of PrisonsCaliforniaColoradoConnecticutDelawareDept of DefenseDistrict of ColumbiaFederated States of MicronesiaFloridaGeorgiaGuamHawaiiIdahoIllinoisIndian Health SvcIndianaIowaKansasKentuckyLong Term CareLouisianaMaineMarshall IslandsMarylandMassachusettsMichiganMinnesotaMississippiMissouriMontanaNebraskaNevadaNew HampshireNew JerseyNew MexicoNew York StateNorth CarolinaNorth DakotaNorthern Mariana IslandsOhioOklahomaOregonPennsylvaniaPuerto RicoRepublic of PalauRhode IslandSouth CarolinaSouth DakotaTennesseeTexasUnited StatesUtahVermontVeterans HealthVirgin IslandsVirginiaWashingtonWest VirginiaWisconsinWyoming,0,0,0,0.0,0.0,0,0.0,0.0,0,121217.0,11287,0.0,0,0.0
2023-04-22,AlabamaAlaskaAmerican SamoaArizonaArkansasBureau of PrisonsCaliforniaColoradoConnecticutDelawareDept of DefenseDistrict of ColumbiaFederated States of MicronesiaFloridaGeorgiaGuamHawaiiIdahoIllinoisIndian Health SvcIndianaIowaKansasKentuckyLong Term CareLouisianaMaineMarshall IslandsMarylandMassachusettsMichiganMinnesotaMississippiMissouriMontanaNebraskaNevadaNew HampshireNew JerseyNew MexicoNew York StateNorth CarolinaNorth DakotaNorthern Mariana IslandsOhioOklahomaOregonPennsylvaniaPuerto RicoRepublic of PalauRhode IslandSouth CarolinaSouth DakotaTennesseeTexasUnited StatesUtahVermontVeterans HealthVirgin IslandsVirginiaWashingtonWest VirginiaWisconsinWyoming,0,0,0,0.0,0.0,0,0.0,0.0,0,122582.0,11529,0.0,0,0.0
2023-04-23,AlabamaAlaskaAmerican SamoaArizonaArkansasBureau of PrisonsCaliforniaColoradoConnecticutDelawareDept of DefenseDistrict of ColumbiaFederated States of MicronesiaFloridaGeorgiaGuamHawaiiIdahoIllinoisIndian Health SvcIndianaIowaKansasKentuckyLong Term CareLouisianaMaineMarshall IslandsMarylandMassachusettsMichiganMinnesotaMississippiMissouriMontanaNebraskaNevadaNew HampshireNew JerseyNew MexicoNew York StateNorth CarolinaNorth DakotaNorthern Mariana IslandsOhioOklahomaOregonPennsylvaniaPuerto RicoRepublic of PalauRhode IslandSouth CarolinaSouth DakotaTennesseeTexasUnited StatesUtahVermontVeterans HealthVirgin IslandsVirginiaWashingtonWest VirginiaWisconsinWyoming,0,0,0,0.0,0.0,0,0.0,0.0,0,123952.0,11774,0.0,0,0.0
2023-04-24,AlabamaAlaskaAmerican SamoaArizonaArkansasBureau of PrisonsCaliforniaColoradoConnecticutDelawareDept of DefenseDistrict of ColumbiaFederated States of MicronesiaFloridaGeorgiaGuamHawaiiIdahoIllinoisIndian Health SvcIndianaIowaKansasKentuckyLong Term CareLouisianaMaineMarshall IslandsMarylandMassachusettsMichiganMinnesotaMississippiMissouriMontanaNebraskaNevadaNew HampshireNew JerseyNew MexicoNew York StateNorth CarolinaNorth DakotaNorthern Mariana IslandsOhioOklahomaOregonPennsylvaniaPuerto RicoRepublic of PalauRhode IslandSouth CarolinaSouth DakotaTennesseeTexasUnited StatesUtahVermontVeterans HealthVirgin IslandsVirginiaWashingtonWest VirginiaWisconsinWyoming,0,0,0,0.0,0.0,0,0.0,0.0,0,125317.0,11978,0.0,0,0.0
2023-04-25,AlabamaAlaskaAmerican SamoaArizonaArkansasBureau of PrisonsCaliforniaColoradoConnecticutDelawareDept of DefenseDistrict of ColumbiaFederated States of MicronesiaFloridaGeorgiaGuamHawaiiIdahoIllinoisIndian Health SvcIndianaIowaKansasKentuckyLong Term CareLouisianaMaineMarshall IslandsMarylandMassachusettsMichiganMinnesotaMississippiMissouriMontanaNebraskaNevadaNew HampshireNew JerseyNew MexicoNew York StateNorth CarolinaNorth DakotaNorthern Mariana IslandsOhioOklahomaOregonPennsylvaniaPuerto RicoRepublic of PalauRhode IslandSouth CarolinaSouth DakotaTennesseeTexasUnited StatesUtahVermontVeterans HealthVirgin IslandsVirginiaWashingtonWest VirginiaWisconsinWyoming,0,0,0,0.0,0.0,0,0.0,0.0,0,126680.0,12195,0.0,0,0.0
2023-04-26,AlabamaAlaskaAmerican SamoaArizonaArkansasBureau of PrisonsCaliforniaColoradoConnecticutDelawareDept of DefenseDistrict of ColumbiaFederated States of MicronesiaFloridaGeorgiaGuamHawaiiIdahoIllinoisIndian Health SvcIndianaIowaKansasKentuckyLong Term CareLouisianaMaineMarshall IslandsMarylandMassachusettsMichiganMinnesotaMississippiMissouriMontanaNebraskaNevadaNew HampshireNew JerseyNew MexicoNew York StateNorth CarolinaNorth DakotaNorthern Mariana IslandsOhioOklahomaOregonPennsylvaniaPuerto RicoRepublic of PalauRhode IslandSouth CarolinaSouth DakotaTennesseeTexasUnited StatesUtahVermontVeterans HealthVirgin IslandsVirginiaWashingtonWest VirginiaWisconsinWyoming,1367785971,1980304970,548559343,4204.28,12280.21,467928933,4918.44,17618.07,0,128052.0,12446,45.548,385924004,3468.54
2023-04-27,AlabamaAlaskaAmerican SamoaArizonaArkansasBureau of PrisonsCaliforniaColoradoConnecticutDelawareDept of DefenseDistrict of ColumbiaFederated States of MicronesiaFloridaGeorgiaGuamHawaiiIdahoIllinoisIndian Health SvcIndianaIowaKansasKentuckyLong Term CareLouisianaMaineMarshall IslandsMarylandMassachusettsMichiganMinnesotaMississippiMissouriMontanaNebraskaNevadaNew HampshireNew JerseyNew MexicoNew York StateNorth CarolinaNorth DakotaNorthern Mariana IslandsOhioOklahomaOregonPennsylvaniaPuerto RicoRepublic of PalauRhode IslandSouth CarolinaSouth DakotaTennesseeTexasUnited StatesUtahVermontVeterans HealthVirgin IslandsVirginiaWashingtonWest VirginiaWisconsinWyoming,0,0,0,0.0,0.0,0,0.0,0.0,0,134040.0,12875,0.0,0,0.0
2023-04-28,AlabamaAlaskaAmerican SamoaArizonaArkansasBureau of PrisonsCaliforniaColoradoConnecticutDelawareDept of DefenseDistrict of ColumbiaFederated States of MicronesiaFloridaGeorgiaGuamHawaiiIdahoIllinoisIndian Health SvcIndianaIowaKansasKentuckyLong Term CareLouisianaMaineMarshall IslandsMarylandMassachusettsMichiganMinnesotaMississippiMissouriMontanaNebraskaNevadaNew HampshireNew JerseyNew MexicoNew York StateNorth CarolinaNorth DakotaNorthern Mariana IslandsOhioOklahomaOregonPennsylvaniaPuerto RicoRepublic of PalauRhode IslandSouth CarolinaSouth DakotaTennesseeTexasUnited StatesUtahVermontVeterans HealthVirgin IslandsVirginiaWashingtonWest VirginiaWisconsinWyoming,0,0,0,0.0,0.0,0,0.0,0.0,0,140032.0,13323,0.0,0,0.0
2023-04-29,AlabamaAlaskaAmerican SamoaArizonaArkansasBureau of PrisonsCaliforniaColoradoConnecticutDelawareDept of DefenseDistrict of ColumbiaFederated States of MicronesiaFloridaGeorgiaGuamHawaiiIdahoIllinoisIndian Health SvcIndianaIowaKansasKentuckyLong Term CareLouisianaMaineMarshall IslandsMarylandMassachusettsMichiganMinnesotaMississippiMissouriMontanaNebraskaNevadaNew HampshireNew JerseyNew MexicoNew York StateNorth CarolinaNorth DakotaNorthern Mariana IslandsOhioOklahomaOregonPennsylvaniaPuerto RicoRepublic of PalauRhode IslandSouth CarolinaSouth DakotaTennesseeTexasUnited StatesUtahVermontVeterans HealthVirgin IslandsVirginiaWashingtonWest VirginiaWisconsinWyoming,0,0,0,0.0,0.0,0,0.0,0.0,0,146019.0,13748,0.0,0,0.0
2023-04-30,AlabamaAlaskaAmerican SamoaArizonaArkansasBureau of PrisonsCaliforniaColoradoConnecticutDelawareDept of DefenseDistrict of ColumbiaFederated States of MicronesiaFloridaGeorgiaGuamHawaiiIdahoIllinoisIndian Health SvcIndianaIowaKansasKentuckyLong Term CareLouisianaMaineMarshall IslandsMarylandMassachusettsMichiganMinnesotaMississippiMissouriMontanaNebraskaNevadaNew HampshireNew JerseyNew MexicoNew York StateNorth CarolinaNorth DakotaNorthern Mariana IslandsOhioOklahomaOregonPennsylvaniaPuerto RicoRepublic of PalauRhode IslandSouth CarolinaSouth DakotaTennesseeTexasUnited StatesUtahVermontVeterans HealthVirgin IslandsVirginiaWashingtonWest VirginiaWisconsinWyoming,0,0,0,0.0,0.0,0,0.0,0.0,0,152005.0,14155,0.0,0,0.0
2023-05-01,AlabamaAlaskaAmerican SamoaArizonaArkansasBureau of PrisonsCaliforniaColoradoConnecticutDelawareDept of DefenseDistrict of ColumbiaFederated States of MicronesiaFloridaGeorgiaGuamHawaiiIdahoIllinoisIndian Health SvcIndianaIowaKansasKentuckyLong Term CareLouisianaMaineMarshall IslandsMarylandMassachusettsMichiganMinnesotaMississippiMissouriMontanaNebraskaNevadaNew HampshireNew JerseyNew MexicoNew York StateNorth CarolinaNorth DakotaNorthern Mariana IslandsOhioOklahomaOregonPennsylvaniaPuerto RicoRepublic of PalauRhode IslandSouth CarolinaSouth DakotaTennesseeTexasUnited StatesUtahVermontVeterans HealthVirgin IslandsVirginiaWashingtonWest VirginiaWisconsinWyoming,0,0,0,0.0,0.0,0,0.0,0.0,0,157992.0,14610,0.0,0,0.0
2023-05-02,AlabamaAlaskaAmerican SamoaArizonaArkansasBureau of PrisonsCaliforniaColoradoConnecticutDelawareDept of DefenseDistrict of ColumbiaFederated States of MicronesiaFloridaGeorgiaGuamHawaiiIdahoIllinoisIndian Health SvcIndianaIowaKansasKentuckyLong Term CareLouisianaMaineMarshall IslandsMarylandMassachusettsMichiganMinnesotaMississippiMissouriMontanaNebraskaNevadaNew HampshireNew JerseyNew MexicoNew York StateNorth CarolinaNorth DakotaNorthern Mariana IslandsOhioOklahomaOregonPennsylvaniaPuerto RicoRepublic of PalauRhode IslandSouth CarolinaSouth DakotaTennesseeTexasUnited StatesUtahVermontVeterans HealthVirgin IslandsVirginiaWashingtonWest VirginiaWisconsinWyoming,0,0,0,0.0,0.0,0,0.0,0.0,0,163986.0,15056,0.0,0,0.0
2023-05-03,AlabamaAlaskaAmerican SamoaArizonaArkansasBureau of PrisonsCaliforniaColoradoConnecticutDelawareDept of DefenseDistrict of ColumbiaFederated States of MicronesiaFloridaGeorgiaGuamHawaiiIdahoIllinoisIndian Health SvcIndianaIowaKansasKentuckyLong Term CareLouisianaMaineMarshall IslandsMarylandMassachusettsMichiganMinnesotaMississippiMissouriMontanaNebraskaNevadaNew HampshireNew JerseyNew MexicoNew York StateNorth CarolinaNorth DakotaNorthern Mariana IslandsOhioOklahomaOregonPennsylvaniaPuerto RicoRepublic of PalauRhode IslandSouth CarolinaSouth DakotaTennesseeTexasUnited StatesUtahVermontVeterans HealthVirgin IslandsVirginiaWashingtonWest VirginiaWisconsinWyoming,1368925003,1985347550,548725690,4205.38,12291.05,468029587,4919.85,17662.32,0,169976.0,15498,45.481,386796035,3476.76
2023-05-04,AlabamaAlaskaAmerican SamoaArizonaArkansasBureau of PrisonsCaliforniaColoradoConnecticutDelawareDept of DefenseDistrict of ColumbiaFederated States of MicronesiaFloridaGeorgiaGuamHawaiiIdahoIllinoisIndian Health SvcIndianaIowaKansasKentuckyLong Term CareLouisianaMaineMarshall IslandsMarylandMassachusettsMichiganMinnesotaMississippiMissouriMontanaNebraskaNevadaNew HampshireNew JerseyNew MexicoNew York StateNorth CarolinaNorth DakotaNorthern Mariana IslandsOhioOklahomaOregonPennsylvaniaPuerto RicoRepublic of PalauRhode IslandSouth CarolinaSouth DakotaTennesseeTexasUnited StatesUtahVermontVeterans HealthVirgin IslandsVirginiaWashingtonWest VirginiaWisconsinWyoming,0,0,0,0.0,0.0,0,0.0,0.0,0,176419.0,15587,0.0,0,0.0
2023-05-05,AlabamaAlaskaAmerican SamoaArizonaArkansasBureau of PrisonsCaliforniaColoradoConnecticutDelawareDept of DefenseDistrict of ColumbiaFederated States of MicronesiaFloridaGeorgiaGuamHawaiiIdahoIllinoisIndian Health SvcIndianaIowaKansasKentuckyLong Term CareLouisianaMaineMarshall IslandsMarylandMassachusettsMichiganMinnesotaMississippiMissouriMontanaNebraskaNevadaNew HampshireNew JerseyNew MexicoNew York StateNorth CarolinaNorth DakotaNorthern Mariana IslandsOhioOklahomaOregonPennsylvaniaPuerto RicoRepublic of PalauRhode IslandSouth CarolinaSouth DakotaTennesseeTexasUnited StatesUtahVermontVeterans HealthVirgin IslandsVirginiaWashingtonWest VirginiaWisconsinWyoming,0,0,0,0.0,0.0,0,0.0,0.0,0,182870.0,15717,0.0,0,0.0
2023-05-06,AlabamaAlaskaAmerican SamoaArizonaArkansasBureau of PrisonsCaliforniaColoradoConnecticutDelawareDept of DefenseDistrict of ColumbiaFederated States of MicronesiaFloridaGeorgiaGuamHawaiiIdahoIllinoisIndian Health SvcIndianaIowaKansasKentuckyLong Term CareLouisianaMaineMarshall IslandsMarylandMassachusettsMichiganMinnesotaMississippiMissouriMontanaNebraskaNevadaNew HampshireNew JerseyNew MexicoNew York StateNorth CarolinaNorth DakotaNorthern Mariana IslandsOhioOklahomaOregonPennsylvaniaPuerto RicoRepublic of PalauRhode IslandSouth CarolinaSouth DakotaTennesseeTexasUnited StatesUtahVermontVeterans HealthVirgin IslandsVirginiaWashingtonWest VirginiaWisconsinWyoming,0,0,0,0.0,0.0,0,0.0,0.0,0,189319.0,15828,0.0,0,0.0
2023-05-07,AlabamaAlaskaAmerican SamoaArizonaArkansasBureau of PrisonsCaliforniaColoradoConnecticutDelawareDept of DefenseDistrict of ColumbiaFederated States of MicronesiaFloridaGeorgiaGuamHawaiiIdahoIllinoisIndian Health SvcIndianaIowaKansasKentuckyLong Term CareLouisianaMaineMarshall IslandsMarylandMassachusettsMichiganMinnesotaMississippiMissouriMontanaNebraskaNevadaNew HampshireNew JerseyNew MexicoNew York StateNorth CarolinaNorth DakotaNorthern Mariana IslandsOhioOklahomaOregonPennsylvaniaPuerto RicoRepublic of PalauRhode IslandSouth CarolinaSouth DakotaTennesseeTexasUnited StatesUtahVermontVeterans HealthVirgin IslandsVirginiaWashingtonWest VirginiaWisconsinWyoming,0,0,0,0.0,0.0,0,0.0,0.0,0,195760.0,15934,0.0,0,0.0
2023-05-08,AlabamaAlaskaAmerican SamoaArizonaArkansasBureau of PrisonsCaliforniaColoradoConnecticutDelawareDept of DefenseDistrict of ColumbiaFederated States of MicronesiaFloridaGeorgiaGuamHawaiiIdahoIllinoisIndian Health SvcIndianaIowaKansasKentuckyLong Term CareLouisianaMaineMarshall IslandsMarylandMassachusettsMichiganMinnesotaMississippiMissouriMontanaNebraskaNevadaNew HampshireNew JerseyNew MexicoNew York StateNorth CarolinaNorth DakotaNorthern Mariana IslandsOhioOklahomaOregonPennsylvaniaPuerto RicoRepublic of PalauRhode IslandSouth CarolinaSouth DakotaTennesseeTexasUnited StatesUtahVermontVeterans HealthVirgin IslandsVirginiaWashingtonWest VirginiaWisconsinWyoming,0,0,0,0.0,0.0,0,0.0,0.0,0,202208.0,16048,0.0,0,0.0
2023-05-09,AlabamaAlaskaAmerican SamoaArizonaArkansasBureau of PrisonsCaliforniaColoradoConnecticutDelawareDept of DefenseDistrict of ColumbiaFederated States of MicronesiaFloridaGeorgiaGuamHawaiiIdahoIllinoisIndian Health SvcIndianaIowaKansasKentuckyLong Term CareLouisianaMaineMarshall IslandsMarylandMassachusettsMichiganMinnesotaMississippiMissouriMontanaNebraskaNevadaNew HampshireNew JerseyNew MexicoNew York StateNorth CarolinaNorth DakotaNorthern Mariana IslandsOhioOklahomaOregonPennsylvaniaPuerto RicoRepublic of PalauRhode IslandSouth CarolinaSouth DakotaTennesseeTexasUnited StatesUtahVermontVeterans HealthVirgin IslandsVirginiaWashingtonWest VirginiaWisconsinWyoming,0,0,0,0.0,0.0,0,0.0,0.0,0,208655.0,16170,0.0,0,0.0
2023-05-10,AlabamaAlaskaAmerican SamoaArizonaArkansasBureau of PrisonsCaliforniaColoradoConnecticutDelawareDept of DefenseDistrict of ColumbiaFederated States of MicronesiaFloridaGeorgiaGuamHawaiiIdahoIllinoisIndian Health SvcIndianaIowaKansasKentuckyLong Term CareLouisianaMaineMarshall IslandsMarylandMassachusettsMichiganMinnesotaMississippiMissouriMontanaNebraskaNevadaNew HampshireNew JerseyNew MexicoNew York StateNorth CarolinaNorth DakotaNorthern Mariana IslandsOhioOklahomaOregonPennsylvaniaPuerto RicoRepublic of PalauRhode IslandSouth CarolinaSouth DakotaTennesseeTexasUnited StatesUtahVermontVeterans HealthVirgin IslandsVirginiaWashingtonWest VirginiaWisconsinWyoming,1370379947,1990021980,548922602,4206.36,12302.45,468140537,4921.4897,17701.209,0,215105.0,16268,45.427,387943117,3485.68
