date,country,new_cases,total_cases,new_deaths,total_deaths,weekly_cases,weekly_deaths,weekly_pct_growth_cases,weekly_pct_growth_deaths,biweekly_cases,biweekly_deaths,biweekly_pct_growth_cases,biweekly_pct_growth_deaths,new_cases_per_million,new_deaths_per_million,total_cases_per_million,total_deaths_per_million,weekly_cases_per_million,weekly_deaths_per_million,biweekly_cases_per_million,biweekly_deaths_per_million,total_deaths_per_100k,new_deaths_per_100k,new_cases_7_day_avg_right,new_deaths_7_day_avg_right,new_cases_per_million_7_day_avg_right,new_deaths_per_million_7_day_avg_right,new_deaths_per_100k_7_day_avg_right,cfr,cfr_100_cases,cfr_short_term,days_since_100_total_cases,days_since_5_total_deaths,days_since_1_total_cases_per_million,days_since_0_1_total_deaths_per_million,days_since_100_total_cases_and_5m_pop,GDP,GDP_scaled,country,c1m_school_closing,c2m_workplace_closing,c3m_cancel_public_events,c4m_restrictions_on_gatherings,c5m_close_public_transport,c6m_stay_at_home_requirements,c7m_restrictions_on_internal_movement,c8ev_international_travel_controls,e1_income_support,e2_debt_contract_relief,h1_public_information_campaigns,h2_testing_policy,h3_contact_tracing,h6m_facial_coverings,h7_vaccination_policy,v2a_vaccine_availability__summary,stringency_index,containment_health_index,v2_vaccine_availability__summary,stringency_index_nonvax,stringency_index_vax,total_vaccinations,total_distributed,people_vaccinated,people_fully_vaccinated_per_hundred,total_vaccinations_per_hundred,people_fully_vaccinated,people_vaccinated_per_hundred,distributed_per_hundred,daily_vaccinations_raw,daily_vaccinations,daily_vaccinations_per_million,share_doses_used,total_boosters,total_boosters_per_hundred
2020-12-20,United States,235875.0,17530324.0,2949.0,324587.0,1517928.0,18866.0,3.4,6.5,2986410.0,36580.0,22.2,36.7,690.6339,8.634571,51328.19,950.37964,4444.4414,55.239002,8744.106,107.10499,95.037964,0.86345714,216846.86,2695.1428,634.92017,7.8912864,0.7891286,1.8515744,1.8515744,1.3072168,292.0,291.0,287.0,283.0,292.0,22876.13999498298,89.40893609764629,United States,3,2,2,4,1,2,2,3,2,1,2,3,1,4,1,1,71.76,69.29,1,71.76,71.76,556208,0,0,0.0,0.17,0,0.0,0.0,0,1114181.0,0,0.0,0,0.0
2020-12-21,United States,202289.0,17732613.0,2727.0,327314.0,1503064.0,19153.0,1.6,7.7,2983124.0,36931.0,20.5,34.8,592.2953,7.984563,51920.484,958.3642,4400.92,56.07933,8734.485,108.132706,95.83642,0.79845625,214723.42,2736.1428,628.7029,8.0113325,0.8011333,1.8458306,1.8458306,1.3169041,293.0,292.0,288.0,284.0,293.0,22882.62350563833,89.41873282949122,United States,3,2,2,4,1,2,2,3,2,1,2,3,1,4,1,1,71.76,69.29,1,71.76,71.76,614117,0,0,0.0,0.18,0,0.0,0.0,57909,1114181.0,174,0.0,0,0.0
2020-12-22,United States,186429.0,17919042.0,2090.0,329404.0,1508218.0,19206.0,1.6,5.4,2992644.0,37433.0,19.6,35.2,545.8577,6.1194487,52466.344,964.48364,4416.0107,56.234512,8762.359,109.60255,96.448364,0.61194485,215459.72,2743.7144,630.8587,8.033502,0.80335015,1.8382902,1.8382902,1.3278035,294.0,293.0,289.0,285.0,294.0,22889.10497948644,89.42852648367415,United States,3,2,2,4,1,2,2,3,2,1,2,3,1,4,1,1,71.76,69.29,1,71.76,71.76,0,0,0,0.0,0.0,0,0.0,0.0,0,1183704.0,384,0.0,0,0.0
2020-12-23,United States,183553.0,18102595.0,2129.0,331533.0,1493567.0,19380.0,-0.4,6.4,2993106.0,37589.0,18.5,33.1,537.4369,6.2336392,53003.78,970.7173,4373.1133,56.743977,8763.712,110.05931,97.07173,0.6233639,213366.72,2768.5715,624.73047,8.106282,0.81062824,1.8314115,1.8314115,1.3197302,295.0,294.0,290.0,286.0,295.0,22895.58441652736,89.43831706019516,United States,3,2,2,4,1,2,2,3,2,1,2,3,1,4,1,1,71.76,69.29,1,71.76,71.76,1008025,0,0,0.0,0.3,0,0.0,0.0,0,1206878.0,454,0.0,0,0.0
2020-12-24,United States,197759.0,18300354.0,2891.0,334424.0,1492676.0,19513.0,1.5,6.0,2963883.0,37919.0,15.0,31.1,579.0316,8.464749,53582.812,979.18207,4370.5044,57.133396,8678.148,111.025536,97.918205,0.84647495,213239.42,2787.5715,624.3578,8.161914,0.8161914,1.8274182,1.8274182,1.3183925,296.0,295.0,291.0,287.0,296.0,22902.06181676127,89.44810455905453,United States,3,2,2,4,1,2,2,3,2,1,2,3,1,4,1,1,71.76,69.29,1,71.76,71.76,0,0,0,0.0,0.0,0,0.0,0.0,0,1247273.0,575,0.0,0,0.0
2020-12-25,United States,226200.0,18526554.0,3238.0,337662.0,1478610.0,19362.0,-0.8,4.8,2968832.0,37834.0,14.0,26.3,662.30585,9.480753,54245.117,988.6628,4329.3193,56.691273,8692.639,110.77666,98.86628,0.94807535,211230.0,2766.0,618.47424,8.098754,0.80987537,1.8225839,1.8225839,1.3043425,297.0,296.0,292.0,288.0,297.0,22908.537180188,89.45788898025197,United States,3,2,2,4,1,2,2,3,2,1,2,3,1,4,1,1,71.76,69.29,1,71.76,71.76,0,0,0,0.0,0.0,0,0.0,0.0,0,1271510.0,648,0.0,0,0.0
2020-12-26,United States,202550.0,18729104.0,3021.0,340683.0,1434655.0,19045.0,-6.1,-0.3,2962547.0,38150.0,11.1,23.1,593.05945,8.845385,54838.176,997.5082,4200.6206,55.763107,8674.236,111.7019,99.75082,0.8845385,204950.72,2720.7144,600.0887,7.9661584,0.79661584,1.8190032,1.8190032,1.270057,298.0,297.0,293.0,289.0,298.0,22915.01050680742,89.46767032378733,United States,3,2,2,4,1,2,2,3,2,1,2,3,1,4,1,1,71.76,69.29,1,71.76,71.76,1944585,0,0,0.0,0.59,0,0.0,0.0,0,1287668.0,697,0.0,0,0.0
2020-12-27,United States,161342.0,18890446.0,2237.0,342920.0,1360122.0,18333.0,-10.4,-2.8,2878050.0,37199.0,4.7,14.4,472.40387,6.5498595,55310.582,1004.05804,3982.3906,53.6784,8426.832,108.917404,100.40581,0.65498596,194303.14,2619.0,568.91296,7.6683426,0.76683426,1.8153092,1.8153092,1.2461197,299.0,298.0,294.0,290.0,299.0,22921.481796619773,89.47744858966095,United States,3,2,2,4,1,2,2,3,2,1,2,3,1,4,1,1,71.76,69.29,1,71.76,71.76,0,0,0,0.0,0.0,0,0.0,0.0,0,1267651.0,637,0.0,0,0.0
2020-12-28,United States,147119.0,19037565.0,1650.0,344570.0,1304952.0,17256.0,-13.2,-9.9,2808016.0,36409.0,-0.5,8.8,430.7594,4.8311434,55741.34,1008.88916,3820.855,50.52498,8221.774,106.60431,100.888916,0.48311436,186421.72,2465.1428,545.8364,7.217854,0.7217854,1.8099478,1.8099478,1.1579483,300.0,299.0,295.0,291.0,300.0,22927.951049625,89.48722377787274,United States,3,2,2,4,1,2,2,3,2,1,2,3,1,4,1,1,71.76,69.29,1,71.76,71.76,2127143,0,0,0.0,0.64,0,0.0,0.0,0,1272419.0,651,0.0,0,0.0
2020-12-29,United States,154342.0,19191907.0,1903.0,346473.0,1272865.0,17069.0,-15.6,-11.1,2781083.0,36275.0,-2.8,6.1,451.9081,5.571919,56193.246,1014.4611,3726.9053,49.977448,8142.916,106.21196,101.44611,0.5571919,181837.86,2438.4285,532.41504,7.1396356,0.71396357,1.8053079,1.8053079,1.1171601,301.0,300.0,296.0,292.0,301.0,22934.41826582316,89.4969958884228,United States,3,2,2,4,1,2,2,3,2,1,2,3,1,4,1,1,71.76,69.29,1,71.76,71.76,0,0,0,0.0,0.0,0,0.0,0.0,0,1291957.0,710,0.0,0,0.0
2020-12-30,United States,176774.0,19368681.0,2180.0,348653.0,1266086.0,17120.0,-15.2,-11.7,2759653.0,36500.0,-5.1,5.4,517.58826,6.3829656,56710.836,1020.84406,3707.0566,50.126774,8080.1694,106.87075,102.084404,0.63829654,180869.42,2445.7144,529.5795,7.160968,0.71609676,1.8000864,1.8000864,1.1278533,302.0,301.0,297.0,293.0,302.0,22940.88344521401,89.50676492131078,United States,3,2,2,4,1,2,2,3,2,1,2,3,1,4,1,1,71.76,69.29,1,71.76,71.76,2794588,0,0,0.0,0.84,0,0.0,0.0,0,1311495.0,769,0.0,0,0.0
2020-12-31,United States,208904.0,19577585.0,3351.0,352004.0,1277231.0,17580.0,-14.4,-9.9,2769907.0,37093.0,-5.0,6.0,611.66376,9.811613,57322.5,1030.6556,3739.6887,51.47364,8110.193,108.60703,103.06557,0.98116136,182461.58,2511.4285,534.2413,7.353377,0.7353377,1.797995,1.797995,1.1696109,303.0,302.0,298.0,294.0,303.0,22947.346587797685,89.51653087653682,United States,3,2,2,4,1,2,2,3,2,1,2,3,1,4,1,1,71.76,69.29,1,71.76,71.76,0,0,0,0.0,0.0,0,0.0,0.0,0,1335048.0,840,0.0,0,0.0
2021-01-01,United States,235818.0,19813403.0,3763.0,355767.0,1286849.0,18105.0,-13.0,-6.5,2765459.0,37467.0,-6.1,5.2,690.46704,11.017936,58012.97,1041.6736,3767.8499,53.010822,8097.1694,109.702095,104.16736,1.1017935,183835.58,2586.4285,538.2643,7.5729747,0.75729746,1.7955875,1.7955875,1.2004232,304.0,303.0,299.0,295.0,304.0,22680.693,89.11361124950007,United States,3,2,2,4,1,2,2,3,2,1,2,3,1,4,1,1,71.76,69.29,1,71.76,71.76,0,0,0,0.0,0.0,0,0.0,0.0,0,1358601.0,911,0.0,0,0.0
2021-01-02,United States,229492.0,20042895.0,3754.0,359521.0,1313791.0,18838.0,-8.4,-1.1,2748446.0,37883.0,-7.6,4.6,671.94476,10.991584,58684.91,1052.6652,3846.735,55.15702,8047.356,110.92013,105.26652,1.0991584,187684.42,2691.1428,549.53357,7.8795743,0.78795743,1.7937578,1.7937578,1.2612759,305.0,304.0,300.0,296.0,305.0,22960.26676254382,89.5360535540037,United States,3,2,2,4,1,2,2,3,2,1,2,3,1,4,1,1,71.76,69.29,1,71.76,71.76,4225756,0,0,0.0,1.27,0,0.0,0.0,0,1382154.0,982,0.0,0,0.0
2021-01-03,United States,228546.0,20271441.0,3049.0,362570.0,1380995.0,19650.0,1.5,7.2,2741117.0,37983.0,-8.2,3.8,669.17487,8.927368,59354.086,1061.5925,4043.506,57.534527,8025.897,111.21293,106.159256,0.8927368,197285.0,2807.1428,577.64374,8.219218,0.8219218,1.7885754,1.7885754,1.3164277,306.0,305.0,301.0,297.0,306.0,22966.72379470605,89.5458102762442,United States,3,2,2,4,1,2,2,3,2,1,2,3,1,4,1,1,71.76,69.29,1,71.76,71.76,0,0,0,0.0,0.0,0,0.0,0.0,0,1393221.0,1015,0.0,0,0.0
2021-01-04,United States,225318.0,20496759.0,2384.0,364954.0,1459194.0,20384.0,11.8,18.1,2764146.0,37640.0,-7.3,1.9,659.7234,6.9802704,60013.81,1068.5729,4272.47,59.683655,8093.325,110.20863,106.857285,0.6980271,208456.28,2912.0,610.3529,8.526237,0.85262364,1.7805449,1.7805449,1.378592,307.0,306.0,302.0,298.0,307.0,22973.17879006127,89.55556392082302,United States,3,2,2,4,1,2,2,3,2,1,2,3,1,4,1,1,71.76,69.29,1,71.76,71.76,4563260,0,0,0.0,1.37,0,0.0,0.0,0,1404289.0,1048,0.0,0,0.0
2021-01-05,United States,205458.0,20702217.0,2044.0,366998.0,1510310.0,20525.0,18.7,20.2,2783175.0,37594.0,-7.0,0.4,601.574,5.984762,60615.383,1074.5576,4422.136,60.0965,8149.0415,110.073944,107.45576,0.59847623,215758.58,2932.1428,631.7337,8.585214,0.8585214,1.7727473,1.7727473,1.4306575,308.0,307.0,303.0,299.0,308.0,22979.631748609245,89.56531448773984,United States,3,2,2,4,1,2,2,3,2,1,2,3,1,4,1,1,71.76,69.29,1,71.76,71.76,4836469,0,0,0.0,1.46,0,0.0,0.0,273209,1395644.0,1022,0.0,0,0.0
2021-01-06,United States,174314.0,20876531.0,2029.0,369027.0,1507850.0,20374.0,19.1,19.0,2773936.0,37494.0,-7.3,-0.3,510.38544,5.9408426,61125.77,1080.4984,4414.933,59.654377,8121.9897,109.78115,108.04984,0.59408426,215407.14,2910.5715,630.7048,8.522054,0.8522054,1.7676643,1.7676643,1.4979539,309.0,308.0,304.0,300.0,309.0,22986.082670350035,89.57506197699476,United States,3,2,2,4,1,2,2,3,2,1,2,3,1,4,1,1,71.76,69.29,1,71.76,71.76,5306797,0,0,0.0,1.6,0,0.0,0.0,470328,1415159.0,1081,0.0,0,0.0
2021-01-07,United States,242441.0,21118972.0,3496.0,372523.0,1541387.0,20519.0,20.7,16.7,2818618.0,38099.0,-4.9,0.5,709.85895,10.236169,61835.63,1090.7346,4513.1284,60.07893,8252.817,111.55257,109.07346,1.0236169,220198.14,2931.2856,644.73267,8.582705,0.85827047,1.7639258,1.7639258,1.572395,310.0,309.0,305.0,301.0,310.0,22992.5315552837,89.58480638858785,United States,3,2,2,4,1,2,2,3,2,1,2,3,1,4,1,1,71.76,69.29,1,71.76,71.76,5919418,0,0,0.0,1.78,0,0.0,0.0,612621,1434525.0,1139,0.0,0,0.0
2021-01-08,United States,257750.0,21376722.0,3855.0,376378.0,1563319.0,20611.0,21.5,13.8,2850168.0,38716.0,-4.0,2.3,754.68317,11.287309,62590.312,1102.022,4577.3447,60.348305,8345.194,113.35912,110.202194,1.1287308,223331.28,2944.4285,653.9064,8.621186,0.8621186,1.7606909,1.7606909,1.6192604,311.0,310.0,306.0,302.0,311.0,22998.978403410238,89.59454772251911,United States,3,2,2,4,1,2,2,3,2,1,2,3,1,4,1,1,71.76,69.29,1,71.76,71.76,6688231,0,0,0.0,2.01,0,0.0,0.0,768813,1476205.0,1265,0.0,0,0.0
2021-01-09,United States,269765.0,21646487.0,3978.0,380356.0,1603592.0,20835.0,22.1,10.6,2917383.0,39673.0,-1.5,4.0,789.8627,11.647448,63380.176,1113.6693,4695.2627,61.00417,8541.998,116.16119,111.366936,1.1647449,229084.58,2976.4285,670.7518,8.714881,0.8714881,1.7571257,1.7571257,1.6456228,312.0,311.0,307.0,303.0,312.0,23005.42321472964,89.60428597878855,United States,3,2,2,4,1,2,2,3,2,1,2,3,1,4,1,1,71.76,69.29,1,71.76,71.76,0,0,0,0.0,0.0,0,0.0,0.0,0,1517535.0,1389,0.0,0,0.0
2021-01-10,United States,292105.0,21938592.0,3711.0,384067.0,1667151.0,21497.0,20.7,9.4,3048146.0,41147.0,5.9,10.6,855.27344,10.865682,64235.45,1124.535,4881.3613,62.942482,8924.867,120.47701,112.45351,1.0865681,238164.42,3071.0,697.3373,8.991783,0.8991783,1.7506456,1.7506456,1.6830941,313.0,312.0,308.0,304.0,313.0,23011.865989241807,89.61402115739598,United States,3,2,2,4,1,2,2,3,2,1,2,3,1,4,1,1,71.76,69.29,1,71.76,71.76,0,0,0,0.0,0.0,0,0.0,0.0,0,1602908.0,1647,0.0,0,0.0
2021-01-11,United States,256294.0,22194886.0,3411.0,387478.0,1698127.0,22524.0,16.4,10.5,3157321.0,42908.0,12.4,17.8,750.42004,9.987291,64985.867,1134.5223,4972.0576,65.9495,9244.528,125.633156,113.45223,0.99872917,242589.58,3217.7144,710.29395,9.421357,0.94213575,1.7457986,1.7457986,1.7503219,314.0,313.0,309.0,305.0,314.0,23018.306726946787,89.62375325834151,United States,3,2,2,4,1,2,2,3,2,1,2,3,1,4,1,1,71.76,69.29,1,71.76,71.76,8987322,0,0,0.0,2.71,0,0.0,0.0,0,1688281.0,1904,0.0,0,0.0
2021-01-12,United States,224484.0,22419370.0,2555.0,390033.0,1717153.0,23035.0,13.7,12.2,3227463.0,43560.0,16.1,20.1,657.2815,7.4809527,65643.15,1142.0033,5027.765,67.445694,9449.901,127.54219,114.20033,0.7480953,245307.58,3290.7144,718.2522,9.635099,0.9635099,1.7397144,1.7397144,1.753323,315.0,314.0,310.0,306.0,315.0,23024.745427844755,89.63348228162536,United States,3,2,2,4,1,2,2,3,2,1,2,3,1,4,1,1,71.76,69.29,1,71.76,71.76,19606050,59777475,15746663,14.4,177.07,1566885,116.97,582.01,339816,1697796.0,1932,22.4,0,0.0
2021-01-13,United States,204122.0,22623492.0,2534.0,392567.0,1746961.0,23540.0,15.9,15.5,3254811.0,43914.0,17.9,20.3,597.66223,7.4194655,66240.81,1149.4227,5115.042,68.92432,9529.976,128.57869,114.942276,0.7419465,249565.86,3362.8572,730.7203,9.846331,0.9846331,1.7352184,1.7352184,1.704568,316.0,315.0,311.0,307.0,316.0,23031.182091935538,89.64320822724733,United States,3,2,2,4,1,2,2,3,2,1,2,3,1,4,1,1,71.76,69.29,1,71.76,71.76,21265377,62384200,16759012,18.66,188.85,2020890,121.840004,580.67,1979702,1766510.0,188623,21.984,0,0.0
2021-01-14,United States,217776.0,22841268.0,3600.0,396167.0,1722296.0,23644.0,11.7,15.2,3263683.0,44163.0,17.8,19.1,637.6407,10.540677,66878.45,1159.9634,5042.8237,69.22882,9555.952,129.30775,115.996346,1.0540677,246042.28,3377.7144,720.4034,9.889832,0.9889832,1.7344352,1.7344352,1.6203465,317.0,316.0,312.0,308.0,317.0,23037.61671921908,89.65293109520726,United States,3,2,2,4,1,2,2,3,2,1,2,3,1,4,1,1,71.76,69.29,1,71.76,71.76,23475490,65817800,20576834,0.0,209.63,0,180.98,622.96,1870554,1791766.0,176995,23.819,0,0.0
2021-01-15,United States,226378.0,23067646.0,4066.0,400233.0,1690924.0,23855.0,8.2,15.7,3254243.0,44466.0,17.7,18.7,662.827,11.905109,67541.28,1171.8685,4950.968,69.84663,9528.3125,130.19493,117.18685,1.1905109,241560.58,3407.8572,707.2811,9.978089,0.99780893,1.7350405,1.7350405,1.5794771,318.0,317.0,313.0,309.0,318.0,23044.04930969549,89.6626508855054,United States,3,2,2,4,1,2,2,3,2,1,2,3,1,4,1,1,71.76,69.29,1,71.76,71.76,25943323,62322150,21191732,32.42,235.2,3221048,201.61,659.55,2420875,1927116.0,193150,25.348,0,0.0
2021-01-16,United States,223583.0,23291229.0,3762.0,403995.0,1644742.0,23639.0,2.6,13.5,3248334.0,44474.0,18.2,17.4,654.6434,11.015007,68195.92,1182.8835,4815.7485,69.21419,9511.011,130.21835,118.28835,1.1015007,234963.14,3377.0,687.96405,9.88774,0.98877406,1.7345371,1.7345371,1.5677289,319.0,318.0,314.0,310.0,319.0,23050.47986336483,89.67236759814179,United States,3,2,2,4,1,2,2,3,2,1,2,3,1,4,1,1,71.76,69.29,1,71.76,71.76,0,0,0,0.0,0.0,0,0.0,0.0,0,1894779.0,184676,0.0,0,0.0
2021-01-17,United States,237318.0,23528547.0,3384.0,407379.0,1589955.0,23312.0,-4.6,8.4,3257106.0,44809.0,18.8,18.0,694.859,9.9082365,68890.78,1192.7917,4655.334,68.25674,9536.695,131.19922,119.27918,0.9908236,227136.42,3330.2856,665.0477,9.750963,0.9750963,1.7314243,1.7314243,1.5124041,320.0,319.0,315.0,311.0,320.0,23056.90838022699,89.68208123311626,United States,3,2,2,4,1,2,2,3,2,1,2,3,1,4,1,1,71.76,69.29,1,71.76,71.76,0,0,0,0.0,0.0,0,0.0,0.0,0,1880569.0,179644,0.0,0,0.0
2021-01-18,United States,209511.0,23738058.0,3549.0,410928.0,1543172.0,23450.0,-9.1,4.1,3241299.0,45974.0,17.3,22.1,613.44104,10.391351,69504.22,1203.1831,4518.355,68.6608,9490.413,134.6103,120.31831,1.0391351,220453.14,3350.0,645.47925,9.808685,0.9808686,1.7310936,1.7310936,1.5000137,321.0,320.0,316.0,312.0,321.0,23063.334860281902,89.69179179042872,United States,3,2,2,4,1,2,2,3,2,1,2,3,1,4,1,1,71.76,69.29,1,71.76,71.76,0,0,0,0.0,0.0,0,0.0,0.0,0,1875413.0,176309,0.0,0,0.0
2021-01-19,United States,186583.0,23924641.0,2600.0,413528.0,1505271.0,23495.0,-12.3,2.0,3222424.0,46530.0,15.8,23.8,546.30865,7.612711,70050.53,1210.7959,4407.382,68.79256,9435.147,136.23825,121.07958,0.7612711,215038.72,3356.4285,629.626,9.827508,0.98275083,1.7284607,1.7284607,1.4651482,322.0,321.0,317.0,313.0,322.0,23069.75930352969,89.70149927007937,United States,3,2,2,4,1,2,2,3,2,1,2,3,1,4,1,1,71.76,69.29,1,71.76,71.76,33160617,62322150,27191606,40.56,298.97,4046248,256.85,659.55,0,1936368.0,174090,31.807,0,0.0
2021-01-20,United States,154205.0,24078846.0,2250.0,415778.0,1455354.0,23211.0,-16.7,-1.4,3202315.0,46751.0,15.4,24.7,451.50696,6.587923,70502.04,1217.3838,4261.2266,67.96101,9376.269,136.88533,121.73838,0.6587923,207907.72,3315.8572,608.7467,9.708716,0.9708716,1.7267356,1.7267356,1.3922554,323.0,322.0,318.0,314.0,323.0,23076.18170997041,89.71120367206828,United States,3,2,2,4,1,2,2,3,2,1,2,3,1,4,1,1,71.76,69.29,1,71.76,71.76,34958794,71980300,28540858,43.69,314.88,4322838,269.52,727.67,1798177,1906450.0,169845,29.289,0,0.0
2021-01-21,United States,150233.0,24229079.0,2738.0,418516.0,1387811.0,22349.0,-19.4,-5.5,3110107.0,45993.0,10.3,20.7,439.87708,8.01677,70941.914,1225.4005,4063.4631,65.43711,9106.287,134.66594,122.540054,0.80167705,198258.72,3192.7144,580.49475,9.348158,0.9348158,1.7273294,1.7273294,1.3160971,324.0,323.0,319.0,315.0,324.0,23082.602079603937,89.72090499639526,United States,3,2,2,4,1,2,2,3,2,1,2,3,1,4,1,1,71.76,69.29,1,71.76,71.76,37179524,75914000,30104111,48.89,322.75,4789920,272.16,726.11,2222711,1952053.0,174244,29.307,0,0.0
2021-01-22,United States,188266.0,24417345.0,3826.0,422342.0,1349699.0,22109.0,-20.2,-7.3,3040623.0,45964.0,6.7,18.7,551.2364,11.202397,71493.15,1236.6029,3951.8726,64.7344,8902.84,134.58102,123.66029,1.1202397,192814.14,3158.4285,564.5532,9.247771,0.9247771,1.7296803,1.7296803,1.2875382,325.0,324.0,320.0,316.0,325.0,23089.020412430225,89.73060324306024,United States,3,2,2,4,1,2,2,3,2,1,2,3,1,4,1,1,71.76,69.29,1,71.76,71.76,40040721,78916225,32102575,53.9,339.58,5435016,283.78,728.05,3293805,2078143.0,184249,29.541,0,0.0
2021-01-23,United States,187644.0,24604989.0,3853.0,426195.0,1313760.0,22200.0,-20.1,-6.1,2958502.0,45839.0,1.4,15.5,549.4152,11.281452,72042.57,1247.8844,3846.6443,65.00084,8662.393,134.21503,124.78844,1.1281452,187680.0,3171.4285,549.5206,9.285834,0.92858344,1.7321488,1.7321488,1.2707782,326.0,325.0,321.0,317.0,326.0,23095.436708449382,89.74029841206341,United States,3,2,2,4,1,2,2,3,2,1,2,3,1,4,1,1,71.76,69.29,1,71.76,71.76,43510965,82817100,34778007,60.829998,375.69,6055728,312.74,774.3,3008169,2252241.0,196736,31.753,0,0.0
2021-01-24,United States,189419.0,24794408.0,3679.0,429874.0,1265861.0,22495.0,-20.4,-3.5,2855816.0,45807.0,-6.3,11.3,554.61237,10.771986,72597.18,1258.6564,3706.3977,65.86459,8361.731,134.12134,125.86564,1.0771986,180837.28,3213.5715,529.4854,9.409227,0.94092274,1.7337538,1.7337538,1.3061054,327.0,326.0,322.0,318.0,327.0,23101.85096766148,89.74999050340483,United States,3,2,2,4,1,2,2,3,2,1,2,3,1,4,1,1,71.76,69.29,1,71.76,71.76,44716488,79908825,35616739,63.64,393.15,6277444,327.24,760.76,2694526,2383412.0,209973,33.258,0,0.0
2021-01-25,United States,165512.0,24959920.0,3073.0,432947.0,1221862.0,22019.0,-20.8,-6.1,2765034.0,45469.0,-12.4,6.0,484.61346,8.997639,73081.79,1267.654,3577.57,64.47088,8095.9253,133.13168,126.7654,0.8997639,174551.72,3145.5715,511.08145,9.210126,0.9210126,1.7345688,1.7345688,1.3021874,328.0,327.0,323.0,319.0,328.0,23108.26319006644,89.75967951708444,United States,3,2,2,4,1,2,2,3,2,1,2,3,1,4,1,1,71.76,69.29,1,71.76,71.76,48179927,82830650,38501514,66.48,414.01,6692778,345.17,780.84,1918645,2403747.0,207930,34.924,0,0.0
2021-01-26,United States,141554.0,25101474.0,2477.0,435424.0,1176833.0,21896.0,-21.8,-6.8,2682104.0,45391.0,-16.9,4.2,414.46527,7.2525716,73496.26,1274.9066,3445.7268,64.11074,7853.109,132.90329,127.49066,0.72525716,168119.0,3128.0,492.24667,9.158677,0.9158677,1.7346551,1.7346551,1.3312726,329.0,328.0,324.0,320.0,329.0,23114.673375664104,89.76936545310193,United States,3,2,2,4,1,2,2,3,2,1,2,3,1,4,1,1,71.76,69.29,1,71.76,71.76,49804772,88782150,39801430,70.7,433.68,6963840,360.32,826.26,1624845,2378125.0,214206,33.918,0,0.0
2021-01-27,United States,135591.0,25237065.0,2037.0,437461.0,1158219.0,21683.0,-20.4,-6.6,2613573.0,44894.0,-19.7,2.2,397.00583,5.9642663,73893.266,1280.8708,3391.2256,63.487083,7652.4526,131.4481,128.08708,0.59642667,165459.86,3097.5715,484.46082,9.069583,0.90695834,1.7334068,1.7334068,1.3637493,330.0,329.0,325.0,321.0,330.0,23121.08152445464,89.77904831145761,United States,3,2,2,4,1,2,2,3,2,1,2,3,1,4,1,1,71.76,69.29,1,71.76,71.76,52207062,94455900,41372894,76.3,455.03,7602106,375.91,876.06,2402290,2464449.0,222833,33.398,0,0.0
2021-01-28,United States,145943.0,25383008.0,3576.0,441037.0,1153929.0,22521.0,-16.9,0.8,2541740.0,44870.0,-22.1,1.6,427.31613,10.470406,74320.58,1291.3413,3378.6648,65.94072,7442.128,131.37782,129.13412,1.0470406,164847.0,3217.2856,482.66638,9.420103,0.9420103,1.7375286,1.7375286,1.4593966,331.0,330.0,326.0,322.0,331.0,23127.487636438105,89.78872809215156,United States,3,2,2,4,1,2,2,3,2,1,2,3,1,4,1,1,71.76,69.29,1,71.76,71.76,55486431,96766550,43394145,84.28,479.96,8526112,392.39,902.37,3279369,2615395.0,231431,34.244,0,0.0
2021-01-29,United States,158965.0,25541973.0,3950.0,444987.0,1124628.0,22645.0,-16.7,2.4,2474327.0,44754.0,-24.0,0.6,465.4441,11.565465,74786.02,1302.9067,3292.8723,66.30379,7244.745,131.03818,130.29068,1.1565465,160661.14,3235.0,470.41034,9.47197,0.94719696,1.7421794,1.7421794,1.5043802,332.0,331.0,327.0,323.0,332.0,23133.891711614444,89.79840479518367,United States,3,2,2,4,1,2,2,3,2,1,2,3,1,4,1,1,71.76,69.29,1,71.76,71.76,59083588,98433000,45716636,94.32,529.28,9561776,431.42,948.76,3594068,2656184.0,235869,36.533,0,0.0
2021-01-30,United States,156822.0,25698795.0,3870.0,448857.0,1093806.0,22662.0,-16.7,2.1,2407566.0,44862.0,-25.9,0.9,459.16946,11.331227,75245.195,1314.2379,3202.6265,66.35356,7049.271,131.3544,131.4238,1.1331228,156258.0,3237.4285,457.5181,9.47908,0.94790804,1.7466072,1.7466072,1.5571469,333.0,332.0,328.0,324.0,333.0,23140.29374998354,89.80807842055377,United States,3,2,2,4,1,2,2,3,2,1,2,3,1,4,1,1,71.76,69.29,1,71.76,71.76,62661235,99865700,48128330,102.659996,557.81,10519386,451.52,961.41003,3577647,2735411.0,241445,38.037,0,0.0
2021-01-31,United States,164238.0,25863033.0,3266.0,452123.0,1068625.0,22249.0,-15.6,-1.1,2334486.0,44744.0,-28.3,-0.1,480.88324,9.5627365,75726.08,1323.8007,3128.8975,65.14431,6835.2954,131.0089,132.38007,0.9562736,152660.72,3178.4285,446.98535,9.306331,0.930633,1.7481438,1.7481438,1.6031722,334.0,333.0,329.0,325.0,334.0,23146.69375154545,89.81774896826197,United States,3,2,2,4,1,2,2,3,2,1,2,3,1,4,1,1,71.76,69.29,1,71.76,71.76,65930316,99866500,50402286,110.0,584.59,11314284,470.7,961.41003,3269081,2813492.0,243676,39.959,0,0.0
2021-02-01,United States,138823.0,26001856.0,2827.0,454950.0,1041936.0,22003.0,-14.7,-0.1,2263798.0,44022.0,-30.2,-4.2,406.469,8.277359,76132.55,1332.078,3050.753,64.424034,6628.323,128.89491,133.20781,0.82773596,148848.0,3143.2856,435.82187,9.203433,0.92034334,1.7496828,1.7496828,1.6302153,335.0,334.0,330.0,326.0,335.0,23153.09171630029,89.82741643830843,United States,3,2,2,4,1,2,2,3,2,1,2,3,1,4,1,1,71.76,69.29,1,71.76,71.76,68193583,99872900,52046306,115.33,604.63,11855694,485.12,967.03,2263267,2858720.0,251557,41.196,0,0.0
2021-02-02,United States,111938.0,26113794.0,2291.0,457241.0,1012320.0,21817.0,-14.0,-0.4,2189153.0,43713.0,-32.1,-6.1,327.75064,6.7079697,76460.3,1338.786,2964.0383,63.87943,6409.765,127.99017,133.8786,0.670797,144617.14,3116.7144,423.43405,9.125633,0.91256326,1.7509558,1.7509558,1.6606534,336.0,335.0,331.0,327.0,336.0,23159.487644248,89.83708083069305,United States,3,2,2,4,1,2,2,3,2,1,2,3,1,4,1,1,71.76,69.29,1,71.76,71.76,69413180,105315350,52881672,118.65,615.91,12129584,493.06,1028.89,1219597,2800811.0,238622,39.55,0,0.0
2021-02-03,United States,129043.0,26242837.0,2229.0,459470.0,1005772.0,22009.0,-13.2,1.5,2163991.0,43692.0,-32.4,-6.5,377.8335,6.526436,76838.13,1345.3125,2944.866,64.4416,6336.092,127.92868,134.53125,0.65264356,143681.72,3144.1428,420.69516,9.205943,0.9205943,1.7508397,1.7508397,1.7386585,337.0,336.0,332.0,328.0,337.0,23165.88153538847,89.84674214541567,United States,2,2,2,4,1,2,2,3,2,1,2,3,1,4,1,1,68.06,66.9,1,68.06,68.06,71778915,111887600,54309912,124.95,634.62,12873862,505.04,1094.66,2365735,2795574.0,233896,38.569,0,0.0
2021-02-04,United States,121330.0,26364167.0,2947.0,462417.0,981159.0,21380.0,-15.0,-5.1,2135088.0,43901.0,-31.4,-4.5,355.2501,8.6287155,77193.38,1353.9412,2872.8,62.59991,6251.465,128.54063,135.39412,0.8628715,140165.58,3054.2856,410.4,8.942844,0.8942844,1.7539603,1.7539603,1.7497884,338.0,337.0,333.0,329.0,338.0,23172.273389721755,89.85640038247641,United States,2,2,2,4,1,2,2,3,2,1,2,3,1,4,1,1,68.06,66.9,1,68.06,68.06,74617447,114979350,55810394,134.56,659.92,13852100,518.7,1150.18,2838532,2732579.0,233415,38.66,0,0.0
2021-02-05,United States,108669.0,26472836.0,3280.0,465697.0,930863.0,20710.0,-17.2,-8.5,2055491.0,43355.0,-32.4,-5.7,318.1791,9.603728,77511.56,1363.5449,2725.5352,60.638172,6018.407,126.941956,136.35449,0.9603728,132980.42,2958.5715,389.36215,8.662596,0.8662596,1.7591504,1.7591504,1.759808,339.0,338.0,334.0,330.0,339.0,23178.66320724797,89.86605554187537,United States,2,2,2,4,1,2,2,3,2,1,2,3,1,4,1,1,68.06,66.9,1,68.06,68.06,78058057,116760600,57818994,147.59,692.86,15007728,537.21,1160.06,3440610,2710638.0,233699,40.217,0,0.0
2021-02-06,United States,122620.0,26595456.0,3127.0,468824.0,896661.0,19967.0,-18.0,-11.9,1990467.0,42629.0,-32.7,-7.0,359.02716,9.155749,77870.586,1372.7007,2625.3928,58.462692,5828.0195,124.81625,137.27007,0.9155749,128094.43,2852.4285,375.05612,8.351813,0.83518136,1.7627974,1.7627974,1.7239399,340.0,339.0,335.0,331.0,340.0,23185.050987967057,89.87570762361253,United States,2,2,2,4,1,2,2,3,2,1,2,3,1,4,1,1,68.06,66.9,1,68.06,68.06,82602859,118442250,60430118,159.2,717.06,16610291,549.82,1149.86,4643664,2863477.0,248284,41.346,0,0.0
2021-02-07,United States,124827.0,26720283.0,3399.0,472223.0,857250.0,20100.0,-19.8,-9.7,1925875.0,42349.0,-32.6,-7.5,365.4892,9.952156,78236.08,1382.6528,2509.9988,58.85211,5638.896,123.99642,138.26527,0.9952156,122464.29,2871.4285,358.57126,8.407445,0.8407445,1.767283,1.767283,1.7418749,341.0,340.0,336.0,332.0,341.0,23191.4367318789,89.88535662768767,United States,2,2,2,4,1,2,2,3,2,1,2,3,1,4,1,1,68.06,66.9,1,68.06,68.06,87155199,118448650,63084695,172.0,747.94,18268219,567.68,1167.73,4552340,3047350.0,254885,43.008,0,0.0
2021-02-08,United States,110180.0,26830463.0,2803.0,475026.0,828607.0,20076.0,-20.5,-8.8,1870543.0,42079.0,-32.4,-7.5,322.60327,8.207088,78558.68,1390.8599,2426.133,58.78184,5476.8857,123.20587,139.08598,0.8207088,118372.43,2868.0,346.59042,8.397406,0.8397406,1.7704726,1.7704726,1.7851236,342.0,341.0,337.0,333.0,342.0,23197.820438983617,89.89500255410098,United States,2,2,2,4,1,2,2,3,2,1,2,3,1,4,1,1,68.06,66.9,1,68.06,68.06,89673242,118448650,64604941,178.12,767.68,19009073,579.07,1167.73,2518043,3084292.0,255265,44.229,0,0.0
2021-02-09,United States,92931.0,26923394.0,1771.0,476797.0,809600.0,19556.0,-20.0,-10.4,1821920.0,41373.0,-32.1,-8.9,272.0988,5.1854277,78830.78,1396.0453,2370.4812,57.2593,5334.5195,121.13873,139.60454,0.51854277,115657.14,2793.7144,338.64017,8.1799,0.81799,1.7709395,1.7709395,1.7878855,343.0,342.0,338.0,334.0,343.0,23204.202109281207,89.90464540285248,United States,2,2,2,4,1,2,2,3,2,1,2,3,1,4,1,1,68.06,66.9,1,68.06,68.06,91319129,125630600,65659075,183.77,780.75,19653901,587.12,1233.32,1645887,3145740.0,258614,42.245,0,0.0
2021-02-10,United States,80726.0,27004120.0,1668.0,478465.0,761283.0,18995.0,-24.3,-13.7,1767055.0,41004.0,-32.4,-8.7,236.36298,4.8838468,79067.14,1400.9292,2229.0105,55.61671,5173.8765,120.05831,140.09291,0.4883847,108754.71,2713.5715,318.43008,7.9452443,0.79452443,1.7718222,1.7718222,1.7775178,344.0,343.0,339.0,335.0,344.0,23210.58174277167,89.91428517394215,United States,2,2,2,4,1,2,2,3,2,1,2,3,1,4,1,1,68.06,66.9,1,68.06,68.06,94607964,131765425,67491417,194.84,806.05,20912071,601.53,1278.0701,3288835,3278162.0,268805,41.751,0,0.0
2021-02-11,United States,91417.0,27095537.0,2470.0,480935.0,731370.0,18518.0,-25.5,-13.4,1712529.0,39898.0,-32.6,-11.1,267.66586,7.2320757,79334.805,1408.1613,2141.4263,54.22007,5014.2266,116.81998,140.81613,0.72320753,104481.43,2645.4285,305.91806,7.7457247,0.77457243,1.7749602,1.7749602,1.7772685,345.0,344.0,340.0,336.0,345.0,23216.959339454887,89.92392186736981,United States,2,2,2,4,1,2,2,3,2,1,2,3,1,4,1,1,68.06,66.9,1,68.06,68.06,98017595,136377550,69368152,208.1,833.39,22345778,616.79,1316.92,3409631,3360297.0,272425,41.763,0,0.0
2021-02-12,United States,98339.0,27193876.0,2813.0,483748.0,721040.0,18051.0,-22.5,-12.8,1651903.0,38761.0,-33.2,-13.4,287.93323,8.236368,79622.74,1416.3976,2111.1804,52.85271,4836.7153,113.49088,141.63976,0.8236368,103005.71,2578.7144,301.5972,7.5503874,0.75503874,1.7788858,1.7788858,1.7831318,346.0,345.0,341.0,337.0,346.0,23223.334899330977,89.93355548313565,United States,2,2,2,4,1,2,2,3,2,1,2,3,1,4,1,1,68.06,66.9,1,68.06,68.06,102214791,137835650,71588938,224.57,868.39,24138493,635.14,1328.97,4197196,3468927.0,276162,43.02,0,0.0
2021-02-13,United States,99548.0,27293424.0,3252.0,487000.0,697968.0,18176.0,-22.2,-9.0,1594629.0,38143.0,-33.8,-15.0,291.47314,9.521745,79914.21,1425.9193,2043.6265,53.218708,4669.019,111.681404,142.59193,0.9521745,99709.71,2596.5715,291.94662,7.6026726,0.76026726,1.7843126,1.7843126,1.8071691,347.0,346.0,342.0,338.0,347.0,23229.7084224,89.94318602123975,United States,2,2,2,4,1,2,2,3,2,1,2,3,1,4,1,1,68.06,66.9,1,68.06,68.06,106834598,139573350,74030545,244.0,908.43,26129956,655.53,1341.47,4619807,3465521.0,278859,44.522,0,0.0
2021-02-14,United States,97431.0,27390855.0,5061.0,492061.0,670572.0,19838.0,-21.8,-1.3,1527822.0,39938.0,-34.6,-10.7,285.27463,14.818435,80199.484,1440.7378,1963.4119,58.084988,4473.4106,116.937096,144.07378,1.4818435,95796.0,2834.0,280.48743,8.297855,0.8297855,1.7964426,1.7964426,2.0218945,348.0,347.0,343.0,339.0,348.0,23236.079908661835,89.95281348168194,United States,2,2,2,4,1,2,2,3,2,1,2,3,1,4,1,1,68.06,66.9,1,68.06,68.06,111470270,139921700,76499800,260.81,944.64,28118492,674.76,1342.92,4635672,3477424.0,286487,46.288,0,0.0
2021-02-15,United States,85221.0,27476076.0,3316.0,495377.0,645613.0,20351.0,-22.1,1.4,1474220.0,40427.0,-34.9,-8.2,249.52417,9.709135,80449.01,1450.4469,1890.3328,59.587032,4316.466,118.36887,145.0447,0.97091347,92230.43,2907.2856,270.04755,8.512433,0.8512433,1.8029394,1.8029394,2.186251,349.0,348.0,344.0,340.0,349.0,23242.449358116428,89.96243786446212,United States,2,2,2,4,1,2,2,3,2,1,2,3,1,4,1,1,68.06,66.9,1,68.06,68.06,0,0,0,0.0,0.0,0,0.0,0.0,0,3461453.0,288261,0.0,0,0.0
2021-02-16,United States,67413.0,27543489.0,1572.0,496949.0,620095.0,20152.0,-23.4,3.0,1429695.0,39708.0,-34.7,-9.2,197.38297,4.602762,80646.39,1455.0497,1815.617,59.004368,4186.098,116.263664,145.50497,0.46027622,88585.0,2878.8572,259.37384,8.429195,0.8429195,1.804234,1.804234,2.2474492,350.0,349.0,345.0,341.0,350.0,23248.816770763893,89.97205916958048,United States,2,2,2,4,1,2,2,3,2,1,2,3,1,4,1,1,68.06,66.9,1,68.06,68.06,116282770,143122050,79253859,279.21,986.71,29991808,698.09,1371.38,0,3570079.0,299650,47.093,0,0.0
2021-02-17,United States,58066.0,27601555.0,1387.0,498336.0,597435.0,19871.0,-21.5,4.6,1358718.0,38866.0,-37.2,-11.0,170.01526,4.0610886,80816.41,1459.1107,1749.2693,58.18161,3978.2798,113.79832,145.91107,0.40610886,85347.86,2838.7144,249.89561,8.311659,0.83116585,1.8054636,1.8054636,2.3179936,351.0,350.0,346.0,342.0,351.0,23255.18214660423,89.981677397037,United States,2,2,2,4,1,2,2,3,2,1,2,3,1,4,1,1,68.06,66.9,1,68.06,68.06,118505535,144652350,80447731,293.8,1024.88,30903099,721.29,1417.85,2222765,3417782.0,296511,47.421,0,0.0
2021-02-18,United States,56871.0,27658426.0,1407.0,499743.0,562889.0,18808.0,-23.0,1.6,1294259.0,37326.0,-39.4,-15.0,166.51634,4.119648,80982.93,1463.2305,1648.1198,55.06918,3789.5461,109.28925,146.32304,0.4119648,80412.71,2686.8572,235.44568,7.867026,0.7867026,1.8068382,1.8068382,2.2698336,352.0,351.0,347.0,343.0,352.0,23261.5454856375,89.9912925468318,United States,2,2,2,4,1,2,2,3,2,1,2,3,1,4,1,1,68.06,66.9,1,68.06,68.06,121527093,146561000,81953174,306.81,1053.0,32283405,736.19,1428.01,3021558,3362346.0,296379,48.272,0,0.0
2021-02-19,United States,63770.0,27722196.0,2181.0,501924.0,528320.0,18176.0,-26.7,0.7,1249360.0,36227.0,-39.2,-16.4,186.71638,6.3858933,81169.64,1469.6163,1546.903,53.218708,3658.0835,106.07142,146.96164,0.6385893,75474.29,2596.5715,220.98613,7.6026726,0.76026726,1.8105493,1.8105493,2.2450593,353.0,352.0,348.0,344.0,353.0,23267.906787863467,90.0009046189645,United States,2,2,2,4,1,2,2,3,2,1,2,3,1,4,1,1,68.06,66.9,1,68.06,68.06,128140519,156079865,85841112,343.31,1151.98,34862192,798.12,1527.42,6613426,3707520.0,386800,48.939,0,0.0
2021-02-20,United States,68568.0,27790764.0,2247.0,504171.0,497340.0,17171.0,-28.7,-5.5,1195308.0,35347.0,-39.9,-17.1,200.76476,6.579139,81370.41,1476.1954,1456.1946,50.2761,3499.821,103.494804,147.61955,0.6579139,71048.57,2453.0,208.02779,7.1823,0.71823,1.8141675,1.8141675,2.2555344,354.0,353.0,349.0,345.0,354.0,23274.266053282423,90.01051361343553,United States,2,2,2,4,1,2,2,3,2,1,2,3,1,4,1,1,68.06,66.9,1,68.06,68.06,130028628,151895130,86379968,338.02,1114.43,36080960,765.81,1448.6,3533127,3558210.0,381908,46.699,0,0.0
2021-02-21,United States,73576.0,27864340.0,2322.0,506493.0,473485.0,14432.0,-29.4,-27.3,1144057.0,34270.0,-40.6,-19.1,215.42801,6.7987366,81585.836,1482.9941,1386.3479,42.2564,3349.7598,100.34139,148.29942,0.67987365,67640.71,2061.7144,198.0497,6.036629,0.6036629,1.8177104,1.8177104,1.973283,355.0,354.0,350.0,346.0,355.0,23280.62328189413,90.02011953024459,United States,2,2,2,4,1,2,2,3,2,1,2,3,1,4,1,1,68.06,66.9,1,68.06,68.06,120803020,136992790,79403854,290.18,943.83,33880139,647.33,1192.8201,3351337,3419028.0,378847,39.728,0,0.0
2021-02-22,United States,65510.0,27929850.0,1839.0,508332.0,453774.0,12955.0,-29.7,-36.3,1099387.0,33306.0,-41.2,-20.8,191.81104,5.384529,81777.65,1488.3788,1328.6348,37.931797,3218.9675,97.51883,148.83788,0.5384529,64824.855,1850.7142,189.80496,5.418828,0.5418828,1.8200313,1.8200313,1.7967103,356.0,355.0,351.0,347.0,356.0,23286.978473698666,90.02972236939172,United States,2,2,2,4,1,2,2,3,2,1,2,3,1,4,1,1,68.06,66.9,1,68.06,68.06,137991019,154562185,90367934,397.95,1273.01,39830639,857.44,1577.51,2140164,3425316.0,385024,52.975,0,0.0
2021-02-23,United States,56628.0,27986478.0,1525.0,509857.0,442989.0,12908.0,-28.6,-35.9,1063084.0,33060.0,-41.7,-20.1,165.80486,4.465148,81943.45,1492.8439,1297.0566,37.79418,3112.6736,96.79855,149.2844,0.4465148,63284.145,1844.0,185.29381,5.399169,0.5399169,1.8217976,1.8217976,1.8493685,357.0,356.0,352.0,348.0,357.0,23293.33162869606,90.03932213087703,United States,2,2,2,4,1,2,2,3,2,1,2,3,1,4,1,1,68.06,66.9,1,68.06,68.06,135010345,162468515,87878513,402.6,1277.51,39261329,857.21,1667.71,1730506,3347089.0,384327,49.169,0,0.0
2021-02-24,United States,55821.0,28042299.0,1487.0,511344.0,440744.0,13008.0,-26.2,-34.5,1038179.0,32879.0,-41.2,-19.8,163.44199,4.353885,82106.89,1497.1978,1290.4834,38.08698,3039.7527,96.268585,149.71977,0.4353885,62963.43,1858.2858,184.35477,5.440997,0.5440997,1.8234739,1.8234739,1.9398364,358.0,357.0,353.0,349.0,358.0,23299.68274688633,90.04891881470051,United States,2,2,2,4,1,2,2,3,2,1,2,3,1,4,1,1,68.06,66.9,1,68.06,68.06,137910251,174786670,89236583,416.49,1306.71,40674316,871.98,1769.24,2899906,3462139.0,398407,47.1,0,0.0
2021-02-25,United States,70162.0,28112461.0,1718.0,513062.0,454035.0,13319.0,-19.3,-29.2,1016924.0,32127.0,-40.6,-19.5,205.43195,5.0302453,82312.33,1502.228,1329.3989,38.997578,2977.5188,94.06676,150.2228,0.5030245,64862.145,1902.7142,189.91414,5.5710826,0.5571082,1.8250341,1.8250341,2.0630007,359.0,358.0,354.0,350.0,359.0,23306.031828269537,90.05851242086226,United States,2,2,2,4,1,2,2,3,2,1,2,3,1,4,1,1,68.06,66.9,1,68.06,68.06,146626410,188145235,94185894,438.57,1363.46,44096712,905.56,1855.08,3608902,3564356.0,414057,47.491,0,0.0
2021-02-26,United States,72358.0,28184819.0,1975.0,515037.0,462623.0,13113.0,-12.4,-27.9,990943.0,31289.0,-40.0,-19.3,211.86176,5.7827325,82524.19,1508.0107,1354.5443,38.394417,2901.4473,91.61312,150.80107,0.57827324,66089.0,1873.2858,193.50633,5.4849167,0.54849166,1.8273561,1.8273561,2.114676,360.0,359.0,355.0,351.0,360.0,23312.37887284544,90.0681029493619,United States,2,2,2,4,1,2,2,3,2,1,2,3,1,4,1,1,68.06,66.9,1,68.06,68.06,151190581,193517555,96447624,458.15,1406.42,46252199,928.59,1906.43,4564171,3271056.0,332612,47.637,0,0.0
2021-02-27,United States,71998.0,28256817.0,2850.0,517887.0,466053.0,13716.0,-6.3,-20.1,963393.0,30887.0,-39.6,-19.0,210.80768,8.344703,82734.99,1516.3555,1364.5873,40.15998,2820.7817,90.43608,151.63554,0.8344703,66579.0,1959.4286,194.94104,5.7371397,0.573714,1.8327861,1.8327861,2.2958145,361.0,360.0,356.0,352.0,361.0,23318.723880614158,90.07769040019964,United States,2,2,2,4,1,2,2,3,2,1,2,3,1,4,2,1,68.06,68.33,1,68.06,68.06,156168122,197762155,99030660,479.66,1453.26,48493135,953.21,1941.59,4977541,3470918.0,345356,48.392,0,0.0
2021-02-28,United States,73274.0,28330091.0,1966.0,519853.0,465751.0,13360.0,-1.6,-7.4,939236.0,27792.0,-38.5,-30.4,214.54376,5.756381,82949.54,1522.1118,1363.703,39.117622,2750.051,81.37402,152.21118,0.57563806,66535.86,1908.5714,194.81471,5.588232,0.55882317,1.8349853,1.8349853,2.3734698,362.0,361.0,357.0,353.0,362.0,23325.06685157586,90.08727477337573,United States,2,2,2,4,1,2,2,3,2,1,2,3,1,4,2,1,68.06,68.33,1,68.06,68.06,161204716,197762555,101758671,499.44,1497.85,50699588,977.28,1941.59,5036594,3666827.0,358398,49.897,0,0.0
2021-03-01,United States,68298.0,28398389.0,1634.0,521487.0,468539.0,13155.0,3.3,1.5,922313.0,26110.0,-37.4,-35.4,199.97421,4.784296,83149.516,1526.8961,1371.8662,38.51739,2700.501,76.44919,152.6896,0.47842962,66934.14,1879.2858,195.98088,5.5024843,0.55024844,1.836326,1.836326,2.4899683,363.0,362.0,358.0,354.0,363.0,23331.40778573038,90.09685606888988,United States,2,2,2,4,1,2,2,3,2,1,2,3,1,4,2,1,68.06,68.33,1,68.06,68.06,164644520,197762555,103718763,511.46,1526.62,52096977,993.46,1941.59,3439804,3807640.0,362297,50.871,0,0.0
2021-03-02,United States,52570.0,28450959.0,1026.0,522513.0,464481.0,12656.0,4.9,-2.0,907470.0,25564.0,-36.5,-35.6,153.92316,3.004093,83303.44,1529.9001,1359.9845,37.056335,2657.0413,74.85052,152.99002,0.3004093,66354.43,1808.0,194.2835,5.293762,0.5293762,1.8365391,1.8365391,2.544738,364.0,363.0,359.0,355.0,364.0,23337.74668307765,90.10643428674206,United States,2,2,2,4,1,2,2,3,2,1,2,3,1,4,2,1,68.06,68.33,1,68.06,68.06,168158060,209868415,105774893,520.36,1548.64,53501643,1006.51,2103.21,3513540,4043503.0,363456,48.151,0,0.0
2021-03-03,United States,51114.0,28502073.0,1323.0,523836.0,459774.0,12492.0,4.3,-4.0,900518.0,25500.0,-33.7,-34.4,149.66005,3.8736987,83453.09,1533.7739,1346.2025,36.57615,2636.686,74.66313,153.3774,0.38736987,65682.0,1784.5714,192.31465,5.225164,0.5225164,1.8378874,1.8378874,2.6383095,365.0,364.0,360.0,356.0,365.0,23344.0835436178,90.1160094269324,United States,2,2,2,4,1,2,2,3,2,1,2,3,1,4,2,1,68.06,68.33,1,68.06,68.06,172091102,219408005,108010927,533.81,1580.12,55126552,1024.21,2218.82,3933042,4172232.0,366112,46.914,0,0.0
2021-03-04,United States,53761.0,28555834.0,1128.0,524964.0,443373.0,11902.0,-2.3,-10.6,897408.0,25221.0,-30.7,-32.4,157.41037,3.3027453,83610.51,1537.0767,1298.181,34.848648,2627.5798,73.84623,153.70767,0.33027455,63339.0,1700.2858,185.45442,4.9783783,0.49783784,1.8383774,1.8383774,2.6228917,366.0,365.0,361.0,357.0,366.0,23350.41836735088,90.125581489461,United States,2,2,2,4,1,1,2,3,2,1,2,3,1,4,2,1,64.35,65.95,1,64.35,64.35,176290956,225799005,110417023,549.85,1619.36,56841037,1047.03,2304.76,4199854,4237793.0,365557,46.394,0,0.0
2021-03-05,United States,66043.0,28621877.0,1896.0,526860.0,437058.0,11823.0,-5.5,-9.8,899681.0,24936.0,-28.0,-31.2,193.37164,5.551423,83803.875,1542.628,1279.6909,34.61734,2634.235,73.01176,154.2628,0.55514234,62436.855,1689.0,182.81299,4.9453344,0.49453342,1.8407598,1.8407598,2.668915,367.0,366.0,362.0,358.0,367.0,23356.75115427677,90.1351504743277,United States,2,2,2,4,1,1,2,3,2,1,2,3,1,4,2,1,64.35,65.95,1,64.35,64.35,181305751,234325195,113492161,568.8,1667.51,58691006,1075.72,2390.16,5014795,4302167.0,372893,46.152,0,0.0
2021-03-06,United States,64859.0,28686736.0,1515.0,528375.0,429919.0,10488.0,-7.8,-23.5,895972.0,24204.0,-25.0,-31.5,189.90494,4.4358683,83993.78,1547.064,1258.7881,30.708506,2623.3755,70.868484,154.70639,0.44358683,61417.0,1498.2858,179.82687,4.3869295,0.43869293,1.8418791,1.8418791,2.3796127,368.0,367.0,363.0,359.0,368.0,23363.081904395483,90.14471638153248,United States,2,2,2,4,1,1,2,3,2,1,2,3,1,4,2,1,64.35,65.95,1,64.35,64.35,187265421,238805905,117171344,589.23,1720.36,60883263,1107.36,2424.58,5959670,4442471.0,381511,46.901,0,0.0
2021-03-07,United States,64094.0,28750830.0,1924.0,530299.0,420739.0,10446.0,-9.7,-21.8,886490.0,23806.0,-22.5,-30.5,187.66504,5.633406,84181.445,1552.6974,1231.9094,30.585531,2595.6123,69.703156,155.26973,0.5633406,60105.57,1492.2858,175.98706,4.3693614,0.43693617,1.844465,1.844465,2.3007038,369.0,368.0,364.0,360.0,369.0,23369.410617706948,90.15427921107523,United States,2,2,2,4,1,1,2,3,2,1,2,3,1,4,2,1,64.35,65.95,1,64.35,64.35,192285341,238821905,120254791,605.3,1762.62,62744094,1133.3,2432.21,5019920,4440086.0,378299,47.994,0,0.0
2021-03-08,United States,57710.0,28808540.0,1277.0,531576.0,410151.0,10089.0,-12.5,-23.3,878690.0,23244.0,-20.1,-30.2,168.9729,3.7390122,84350.42,1556.4364,1200.9081,29.540247,2572.7742,68.05764,155.64363,0.37390125,58593.0,1441.2858,171.5583,4.2200356,0.42200354,1.8452028,1.8452028,2.1808255,370.0,369.0,365.0,361.0,370.0,23375.7372942114,90.16383896295636,United States,2,2,2,4,1,1,2,3,2,1,2,3,1,4,2,1,64.35,65.95,1,64.35,64.35,195848093,238852325,122554540,621.7,1795.59,64390483,1153.89,2433.54,3562752,4457652.0,384201,48.895,0,0.0
2021-03-09,United States,43758.0,28852298.0,895.0,532471.0,401339.0,9958.0,-13.6,-21.3,865820.0,22614.0,-18.6,-31.6,128.12193,2.6205294,84478.54,1559.0569,1175.1069,29.156683,2535.0913,66.21302,155.90569,0.26205295,57334.145,1422.5714,167.8724,4.1652403,0.41652405,1.8455064,1.8455064,2.1366668,371.0,370.0,366.0,362.0,371.0,23382.061933908728,90.17339563717566,United States,2,2,2,4,1,1,2,3,2,1,2,3,1,4,2,2,64.35,65.95,2,64.35,64.35,199160110,252773205,124766986,633.0,1822.5,65646672,1171.0,2544.44,3312017,4428864.0,391153,47.252,0,0.0
2021-03-10,United States,42703.0,28895001.0,802.0,533273.0,392928.0,9437.0,-14.5,-24.5,852702.0,21929.0,-17.9,-33.3,125.03292,2.3482287,84603.58,1561.4052,1150.4797,27.631214,2496.6824,64.20736,156.14052,0.23482285,56132.57,1348.1428,164.35425,3.9473162,0.3947316,1.8455545,1.8455545,2.02619,372.0,371.0,367.0,363.0,372.0,23388.384536798752,90.18294923373288,United States,2,2,2,4,1,1,2,3,2,1,2,3,1,4,2,2,64.35,64.76,2,64.35,64.35,203312311,262236355,127525919,634.13,1822.6,67280960,1172.08,2544.47,4173826,4463332.0,403246,46.216,0,0.0
2021-03-11,United States,54088.0,28949089.0,1201.0,534474.0,393255.0,9510.0,-11.3,-20.1,836628.0,21412.0,-17.7,-33.4,158.36781,3.516487,84761.945,1564.9216,1151.4373,27.844955,2449.6182,62.693604,156.49216,0.3516487,56179.285,1358.5714,164.49103,3.9778507,0.39778507,1.846255,1.846255,2.0297136,373.0,372.0,368.0,364.0,373.0,23394.70510288165,90.19249975262824,United States,2,2,2,4,1,1,2,3,2,1,2,3,1,4,2,2,64.35,64.76,2,64.35,64.35,207109510,267281560,129875611,642.8,1831.96,68881179,1174.9,2561.45,5069780,4594302.0,414722,45.427002,0,0.0
2021-03-12,United States,61755.0,29010844.0,1576.0,536050.0,388967.0,9190.0,-11.0,-22.3,826025.0,21013.0,-16.6,-32.8,180.81653,4.6144743,84942.76,1569.5361,1138.8821,26.908007,2418.573,61.525345,156.95361,0.46144742,55566.715,1312.8572,162.69743,3.8440008,0.3844001,1.8477573,1.8477573,1.9785525,374.0,373.0,369.0,365.0,374.0,23401.023632157536,90.20204719386196,United States,2,2,2,4,1,1,2,3,2,1,2,3,1,4,2,2,64.35,64.76,2,64.35,64.35,213058802,271773095,133685116,665.56,1888.04,71194507,1210.66,2597.65,5949292,4734496.0,429286,46.131,0,0.0
2021-03-13,United States,59764.0,29070608.0,1317.0,537367.0,383872.0,8992.0,-10.7,-14.3,813791.0,19480.0,-15.5,-36.9,174.98695,3.856131,85117.75,1573.3922,1123.9641,26.328268,2382.7522,57.036774,157.33922,0.3856131,54838.855,1284.5714,160.5663,3.7611814,0.37611812,1.848489,1.848489,1.9557434,375.0,374.0,370.0,366.0,375.0,23407.34012462618,90.21159155743368,United States,2,2,2,4,1,1,2,3,2,1,2,3,1,4,2,2,64.35,64.76,2,64.35,64.35,222373121,276561560,139668813,725.17,2045.58,75054956,1312.89,2757.93,9283065,5218503.0,464626,47.940998,0,0.0
2021-03-14,United States,64222.0,29134830.0,1491.0,538858.0,384000.0,8559.0,-8.7,-18.1,804739.0,19005.0,-14.3,-31.6,188.03983,4.3655972,85305.79,1577.7578,1124.3389,25.06046,2356.2483,55.645992,157.77579,0.4365597,54857.145,1222.7142,160.61984,3.5800657,0.35800657,1.849532,1.849532,1.9304287,376.0,375.0,371.0,367.0,376.0,23413.654580287635,90.2211328433435,United States,2,2,2,4,1,1,2,3,2,1,2,3,1,4,2,2,64.35,64.76,2,64.35,64.35,226547859,278482650,142404512,737.54,2076.47,76609480,1332.5,2757.92,2735075,4894650.0,448329,49.396,0,0.0
2021-03-15,United States,52274.0,29187104.0,958.0,539816.0,378564.0,8240.0,-7.7,-18.3,788715.0,18329.0,-14.5,-29.8,153.05649,2.8049912,85458.84,1580.5627,1108.4225,24.126438,2309.3306,53.666687,158.05627,0.28049913,54080.57,1177.1428,158.34607,3.446634,0.3446634,1.8495017,1.8495017,1.8853333,377.0,376.0,372.0,368.0,377.0,23419.966999141907,90.2306710515914,United States,2,2,2,4,1,1,2,3,2,1,2,3,1,4,2,2,64.35,64.76,2,64.35,64.35,230728466,278482650,144975109,752.46,2110.06,78440516,1353.46,2757.92,4180607,4982911.0,449285,50.221,0,0.0
2021-03-16,United States,47230.0,29234334.0,651.0,540467.0,382036.0,7996.0,-4.8,-19.7,783375.0,17954.0,-13.7,-29.8,138.28783,1.9061058,85597.13,1582.4689,1118.5884,23.412014,2293.6953,52.5687,158.24689,0.19061057,54576.57,1142.2858,159.79834,3.3445735,0.33445737,1.8487406,1.8487406,1.8598852,378.0,377.0,373.0,369.0,378.0,23426.27738118911,90.24020618217756,United States,2,2,2,4,1,1,2,3,2,1,2,3,1,4,2,2,64.35,64.76,2,64.35,64.35,234079842,292821650,147148785,763.71,2138.16,79872266,1372.09,2864.57,3351376,4988537.0,450967,48.677,0,0.0
2021-03-17,United States,43532.0,29277866.0,693.0,541160.0,382865.0,7887.0,-2.6,-16.4,775793.0,17324.0,-13.9,-32.1,127.460205,2.0290804,85724.59,1584.4979,1121.0156,23.092867,2271.4954,50.72408,158.4498,0.20290804,54695.0,1126.7142,160.1451,3.298981,0.3298981,1.8483588,1.8483588,1.8745588,379.0,378.0,374.0,370.0,379.0,23432.585726429184,90.24973823510189,United States,2,2,2,4,1,1,2,3,2,1,2,3,1,4,2,2,64.35,64.76,2,64.35,64.35,238780518,302460050,150260816,778.86,2177.68,81800777,1398.39,2944.77,4700676,5063721.0,450422,48.11,0,0.0
2021-03-18,United States,51806.0,29329672.0,853.0,542013.0,380583.0,7539.0,-3.2,-20.7,773838.0,17049.0,-13.8,-32.4,151.6862,2.4975548,85876.27,1586.9955,1114.334,22.073935,2265.7712,49.918888,158.69955,0.24975549,54369.0,1077.0,159.19057,3.1534193,0.31534192,1.8480023,1.8480023,1.8381035,380.0,379.0,375.0,371.0,380.0,23438.892034862016,90.2592672103642,United States,2,2,2,4,1,1,2,3,2,1,2,3,1,4,2,2,64.35,64.76,2,64.35,64.35,244297330,309692940,153964667,796.59,2222.45,83829418,1426.84,3009.88,5516812,5120895.0,446816,48.002,0,0.0
2021-03-19,United States,59588.0,29389260.0,1075.0,543088.0,378416.0,7038.0,-2.7,-23.4,767383.0,16228.0,-14.7,-34.9,174.47163,3.1475632,86050.75,1590.1431,1107.9891,20.607023,2246.871,47.51503,159.01431,0.31475633,54059.43,1005.4286,158.28416,2.9438605,0.29438606,1.8479131,1.8479131,1.7536297,381.0,380.0,376.0,372.0,381.0,23445.19630648766,90.26879310796464,United States,2,2,2,4,1,1,2,3,2,1,2,3,1,4,2,2,64.35,64.76,2,64.35,64.35,249582189,315971920,157484961,816.55,2277.0,85777975,1462.61,3060.92,5284859,5019291.0,441482,48.351,0,0.0
2021-03-20,United States,63099.0,29452359.0,956.0,544044.0,381751.0,6677.0,-0.6,-25.7,765623.0,15669.0,-14.5,-35.3,184.75171,2.7991354,86235.5,1592.9423,1117.7539,19.550028,2241.718,45.878296,159.29422,0.27991354,54535.855,953.8571,159.67912,2.7928612,0.27928612,1.8472,1.8472,1.6992935,382.0,381.0,377.0,373.0,382.0,23451.49854130624,90.2783159279033,United States,2,2,2,4,1,1,2,3,2,1,2,3,1,4,2,2,64.35,64.76,2,64.35,64.35,255952591,321046230,161813790,839.0,2331.8,88020607,1496.67,3102.24,6370402,4593947.0,408886,48.834,0,0.0
2021-03-21,United States,62022.0,29514381.0,1078.0,545122.0,379551.0,6264.0,-1.2,-26.8,763551.0,14823.0,-13.9,-37.7,181.5983,3.1563473,86417.1,1596.0986,1111.3124,18.340778,2235.6511,43.401237,159.60986,0.31563473,54221.57,894.8571,158.75891,2.6201112,0.2620111,1.8469708,1.8469708,1.5928596,383.0,382.0,378.0,374.0,383.0,23457.798739317688,90.28783567018016,United States,2,2,2,4,1,1,2,3,2,1,2,3,1,4,2,2,64.35,64.76,2,64.35,64.35,262157192,321046230,165972122,859.26,2384.8,90272606,1530.98,3102.24,6204601,5087045.0,440505,49.955,0,0.0
2021-03-22,United States,58456.0,29572837.0,718.0,545840.0,385733.0,6024.0,1.9,-26.9,764297.0,14264.0,-13.0,-38.6,171.15717,2.1022794,86588.26,1598.2008,1129.4131,17.638065,2237.8354,41.764503,159.82008,0.21022795,55104.715,860.5714,161.34473,2.5197237,0.25197238,1.8457478,1.8457478,1.5487175,384.0,383.0,379.0,375.0,384.0,23464.09690052189,90.297352334795,United States,2,2,2,4,1,1,2,3,2,1,2,3,1,4,2,2,64.35,64.76,2,64.35,64.35,266288288,321046230,168716307,874.89,2423.88,91843540,1556.01,3102.24,4131096,5079975.0,448330,50.735,0,0.0
2021-03-23,United States,45228.0,29618065.0,553.0,546393.0,383731.0,5926.0,0.4,-25.9,765767.0,13922.0,-11.6,-38.4,132.42604,1.6191651,86720.68,1599.8201,1123.5513,17.351126,2242.1396,40.76314,159.98201,0.16191651,54818.715,846.5714,160.50732,2.478732,0.24787322,1.8447964,1.8447964,1.5437437,385.0,384.0,380.0,376.0,385.0,23470.393024918973,90.30686592174804,United States,2,2,1,4,1,1,2,3,2,1,2,3,1,4,2,2,58.8,61.19,2,58.8,58.8,259876823,323237995,164571856,876.37,2418.6199,89867449,1550.9401,3175.3,3323000,5083571.0,448920,48.464,0,0.0
2021-03-24,United States,48228.0,29666293.0,938.0,547331.0,388427.0,6171.0,1.5,-21.8,771292.0,14058.0,-9.5,-35.9,141.20993,2.7464318,86861.89,1602.5664,1137.301,18.068478,2258.3167,41.161343,160.25665,0.27464318,55489.57,881.5714,162.47157,2.581211,0.2581211,1.8449591,1.8449591,1.6070312,386.0,385.0,381.0,377.0,386.0,23476.687112508924,90.3163764310392,United States,2,2,1,4,1,1,2,3,2,1,2,3,1,4,2,2,58.8,61.19,2,58.8,58.8,274314227,346423970,174156315,904.74,2494.57,94791129,1599.37,3298.51,4595815,5076245.0,452717,48.814,0,0.0
2021-03-25,United States,57684.0,29723977.0,753.0,548084.0,394305.0,6071.0,3.6,-19.5,774888.0,13610.0,-7.4,-36.4,168.89677,2.2047582,87030.79,1604.7712,1154.5116,17.77568,2268.8457,39.849613,160.47713,0.22047582,56329.285,867.2857,164.93022,2.539383,0.2539383,1.8439121,1.8439121,1.6036918,387.0,386.0,382.0,378.0,387.0,23482.979163291748,90.32588386266858,United States,2,2,1,4,1,1,2,3,2,1,2,3,1,4,2,2,58.8,61.19,2,58.8,58.8,280063437,355258630,177934481,927.74,2548.09,96938836,1631.44,3380.32,5749210,5109447.0,465215,48.64,0,0.0
2021-03-26,United States,68021.0,29791998.0,1126.0,549210.0,402738.0,6122.0,6.4,-13.0,781154.0,13160.0,-5.4,-37.4,199.16316,3.2968895,87229.95,1608.0681,1179.2031,17.925007,2287.1921,38.532032,160.80681,0.32968897,57534.0,874.5714,168.45758,2.5607152,0.25607154,1.8434815,1.8434815,1.6024668,388.0,387.0,383.0,379.0,388.0,23489.269177267328,90.33538821663596,United States,2,2,1,4,1,1,2,3,2,1,2,3,1,4,2,2,58.8,61.19,2,58.8,58.8,286961402,363321430,182428246,951.52,2605.8599,99546515,1667.29,3443.44,6897965,5339891.0,469837,48.891,0,0.0
2021-03-27,United States,65367.0,29857365.0,981.0,550191.0,405006.0,6147.0,6.1,-7.9,786757.0,12824.0,-3.3,-34.2,191.39235,2.8723345,87421.34,1610.9404,1185.8438,17.998205,2303.5977,37.548233,161.09404,0.28723344,57858.0,878.1429,169.40625,2.5711722,0.25711724,1.8427312,1.8427312,1.6055268,389.0,388.0,384.0,380.0,389.0,23495.55715443578,90.34488949294148,United States,2,2,1,4,1,1,2,3,2,1,2,3,1,4,2,2,58.8,61.19,2,58.8,58.8,294070895,369610500,186775465,976.9,2664.42,102491174,1701.94,3497.62,7109493,5445477.0,475141,49.239,0,0.0
2021-03-28,United States,74834.0,29932199.0,1042.0,551233.0,417818.0,6111.0,10.1,-2.4,797369.0,12375.0,-0.9,-34.9,219.11139,3.0509403,87640.45,1613.9913,1223.3568,17.8928,2334.6692,36.233578,161.39914,0.30509403,59688.285,873.0,174.76526,2.5561142,0.25561142,1.8416054,1.8416054,1.6056944,390.0,389.0,385.0,381.0,390.0,23501.843094797103,90.3543876915852,United States,2,2,1,4,1,1,2,3,2,1,2,3,1,4,2,2,58.8,61.19,2,58.8,58.8,300762295,369615180,190674844,1002.04,2718.85,105451667,1733.07,3498.76,6691400,5515014.0,477239,50.233,0,0.0
2021-03-29,United States,63203.0,29995402.0,851.0,552084.0,422565.0,6244.0,9.5,3.7,808298.0,12268.0,2.5,-33.1,185.05623,2.491699,87825.516,1616.483,1237.2559,18.282219,2366.669,35.920284,161.64832,0.24916989,60366.43,892.0,176.75084,2.6117456,0.26117456,1.8405621,1.8405621,1.650036,391.0,390.0,386.0,382.0,391.0,23508.126998351363,90.36388281256716,United States,2,2,1,4,1,1,1,3,2,1,2,3,1,4,2,2,56.02,59.4,2,56.02,56.02,305530367,369615380,193471295,1020.85,2760.66,107528783,1756.96,3498.85,4768072,5606012.0,481105,50.986,0,0.0
2021-03-30,United States,53256.0,30048658.0,618.0,552702.0,430593.0,6309.0,12.2,6.5,814324.0,12235.0,4.0,-31.9,155.93175,1.8094829,87981.445,1618.2926,1260.7616,18.472536,2384.3127,35.82366,161.82925,0.18094829,61513.285,901.2857,180.1088,2.6389337,0.26389337,1.8393567,1.8393567,1.652648,392.0,391.0,387.0,383.0,392.0,23514.40886509832,90.37337485588704,United States,2,2,1,4,1,1,1,3,2,1,2,3,1,4,3,2,56.02,60.83,2,56.02,56.02,309121935,387488770,195531342,1034.19,2790.79,109153459,1774.59,3674.6,3591568,5636726.0,483440,49.158,0,0.0
2021-03-31,United States,58014.0,30106672.0,548.0,553250.0,440379.0,5919.0,13.4,-4.1,828806.0,12090.0,6.8,-30.2,169.863,1.6045253,88151.305,1619.8971,1289.4147,17.33063,2426.7156,35.399105,161.98972,0.16045253,62911.285,845.5714,184.20209,2.4758043,0.24758042,1.8376325,1.8376325,1.5594742,393.0,392.0,388.0,384.0,393.0,23520.688695038145,90.3828638215451,United States,2,2,1,4,1,1,1,3,2,1,2,3,1,4,3,2,56.02,60.83,2,56.02,56.02,314557736,399961570,198664858,1058.16,2840.96,111562791,1801.27,3774.52,5435801,5749074.0,494813,48.726,0,0.0
2021-04-01,United States,61789.0,30168461.0,729.0,553979.0,444484.0,5895.0,12.7,-2.9,838789.0,11966.0,8.4,-29.8,180.91608,2.1344872,88332.23,1622.0316,1301.434,17.260359,2455.9456,35.036037,162.20316,0.2134487,63497.715,842.1429,185.91914,2.4657655,0.24657655,1.8362852,1.8362852,1.5282592,394.0,393.0,389.0,385.0,394.0,23425.91,90.23965106085734,United States,2,2,1,4,1,1,1,3,2,1,2,3,1,4,3,2,56.02,60.83,2,56.02,56.02,321381014,410000370,202646126,1083.26,2901.92,114583082,1838.57,3882.09,6823278,5902511.0,505546,48.396,0,0.0
2021-04-02,United States,69567.0,30238028.0,948.0,554927.0,446030.0,5717.0,10.7,-6.6,848768.0,11839.0,10.6,-27.0,203.6898,2.7757115,88535.914,1624.8073,1305.9606,16.739182,2485.1638,34.66419,162.48073,0.27757117,63718.57,816.7143,186.5658,2.3913114,0.23913115,1.8351958,1.8351958,1.4898458,395.0,394.0,390.0,386.0,395.0,23533.24224449648,90.40183251987582,United States,2,2,1,4,1,1,1,3,2,1,2,3,1,4,3,2,54.87,60.09,2,56.02,50.46,329428906,418570120,207162791,1114.81,2967.13,118422715,1875.37,3953.26,8047892,6066785.0,516186,48.603,0,0.0
2021-04-03,United States,73685.0,30311713.0,816.0,555743.0,454348.0,5552.0,12.2,-9.7,859354.0,11699.0,12.2,-25.3,215.74716,2.38922,88751.66,1627.1965,1330.3154,16.256065,2516.1592,34.254272,162.71965,0.23892201,64906.855,793.1429,190.04506,2.3222952,0.23222952,1.8334266,1.8334266,1.4293548,396.0,395.0,391.0,387.0,396.0,23539.515964014805,90.4113122525482,United States,2,2,1,4,1,1,1,3,2,1,2,3,1,4,3,2,54.85,60.08,2,56.02,50.46,337697137,425002040,212025473,1148.22,3038.87,122216549,1917.0,4012.62,8268231,6232323.0,534972,49.034,0,0.0
2021-04-04,United States,70446.0,30382159.0,842.0,556585.0,449960.0,5352.0,7.7,-12.4,867778.0,11463.0,13.7,-22.7,206.26347,2.4653473,88957.92,1629.6619,1317.4675,15.670473,2540.8242,33.56327,162.96619,0.24653472,64280.0,764.5714,188.20964,2.238639,0.2238639,1.8319468,1.8319468,1.357325,397.0,396.0,392.0,388.0,397.0,23545.787646726007,90.4207889075588,United States,2,2,1,4,1,1,1,3,2,1,2,3,1,4,3,2,54.84,60.07,2,56.02,50.46,344534065,425051340,216078088,1174.44,3091.13,125385077,1946.26,4048.91,6836928,6253110.0,531820,49.6,0,0.0
2021-04-05,United States,63695.0,30445854.0,708.0,557293.0,450452.0,5209.0,6.6,-16.6,873017.0,11453.0,14.2,-19.7,186.49678,2.0729997,89144.42,1631.7349,1318.9081,15.251774,2556.1638,33.533993,163.1735,0.20729998,64350.285,744.1429,188.41544,2.178825,0.21788248,1.8304397,1.8304397,1.2933967,398.0,397.0,393.0,389.0,398.0,23552.05729263014,90.43026248490762,United States,2,2,1,4,1,1,1,3,2,1,2,3,1,4,3,2,54.81,60.05,2,56.02,50.46,346704040,422148150,217398630,1171.62,3078.57,126500483,1938.36,3986.46,4286960,6185625.0,519511,49.398,0,0.0
2021-04-06,United States,45722.0,30491576.0,532.0,557825.0,442918.0,5123.0,2.9,-18.8,873511.0,11432.0,14.1,-17.9,133.87245,1.5576779,89278.29,1633.2925,1296.8488,14.999969,2557.6104,33.472504,163.32925,0.15576778,63274.0,731.8571,185.26411,2.1428528,0.21428527,1.8294398,1.8294398,1.2649195,399.0,398.0,394.0,390.0,399.0,23558.324901727086,90.43973298459454,United States,2,2,1,4,1,1,1,3,2,1,2,3,1,4,3,2,54.78,60.03,2,56.02,50.46,351677392,448174170,220254440,1199.98,3147.04,128602626,1977.96,4231.87,2838980,6079351.0,508895,48.072,0,0.0
2021-04-07,United States,56400.0,30547976.0,362.0,558187.0,441304.0,4937.0,0.2,-16.6,881683.0,10856.0,14.3,-22.8,165.13727,1.0599236,89443.43,1634.3524,1292.123,14.455367,2581.5376,31.785997,163.43524,0.10599236,63043.43,705.2857,184.589,2.0650525,0.20650525,1.827247,1.827247,1.181615,400.0,399.0,395.0,391.0,400.0,23564.590474016848,90.44920040661955,United States,2,2,1,4,1,1,1,3,2,1,2,3,1,4,3,2,54.74,60.01,2,56.02,50.46,357522867,460615320,223670921,1224.56,3197.15,131454029,2006.98,4350.27,5845475,6137879.0,508861,47.57,0,0.0
2021-04-08,United States,63657.0,30611633.0,749.0,558936.0,443172.0,4957.0,-0.3,-15.9,887656.0,10852.0,14.6,-20.3,186.38551,2.1930463,89629.81,1636.5455,1297.5925,14.5139265,2599.0264,31.774284,163.65456,0.21930464,63310.285,708.1429,185.37035,2.0734181,0.2073418,1.8258941,1.8258941,1.173074,401.0,400.0,396.0,392.0,401.0,23570.85400949948,90.45866475098272,United States,2,2,1,4,1,1,1,3,2,1,2,3,1,4,3,2,54.7,59.98,2,56.02,50.46,364404792,468956390,227811528,1258.15,3259.13,135064895,2042.24,4422.47,6881925,6146254.0,510178,47.713,0,0.0
2021-04-09,United States,74627.0,30686260.0,821.0,559757.0,448232.0,4830.0,0.5,-15.5,894262.0,10547.0,14.5,-19.9,218.50531,2.4038599,89848.32,1638.9493,1312.408,14.142075,2618.3687,30.881256,163.89494,0.240386,64033.145,690.0,187.48685,2.0202963,0.20202965,1.8241291,1.8241291,1.1217089,402.0,401.0,397.0,393.0,402.0,23577.11550817499,90.46812601768409,United States,2,2,1,4,1,1,1,3,2,1,2,3,1,4,3,2,54.66,59.95,2,56.02,50.46,372404496,477450930,232622682,1294.71,3328.02,139105415,2081.18,4492.11,7999704,6139368.0,515520,47.958,0,0.0
2021-04-10,United States,75434.0,30761694.0,867.0,560624.0,449981.0,4881.0,-1.0,-12.1,904329.0,10433.0,14.9,-18.6,220.86818,2.5385463,90069.19,1641.4879,1317.5289,14.291401,2647.8445,30.547468,164.14879,0.25385463,64283.0,697.2857,188.21843,2.0416288,0.20416288,1.8224744,1.8224744,1.1083635,403.0,402.0,398.0,394.0,403.0,23583.374970043253,90.47758420672344,United States,2,2,1,4,1,1,1,3,2,1,2,3,1,4,3,2,54.63,59.94,2,56.02,50.46,381780588,485851890,238083472,1334.82,3399.77,144145651,2121.64,4555.61,9376092,6297636.0,515616,48.319,0,0.0
2021-04-11,United States,76415.0,30838109.0,864.0,561488.0,455950.0,4903.0,1.3,-8.4,905910.0,10255.0,13.6,-17.1,223.74051,2.5297625,90292.93,1644.0177,1335.006,14.355817,2652.4736,30.026289,164.40176,0.25297624,65135.715,700.4286,190.71515,2.0508308,0.20508309,1.8207601,1.8207601,1.1030768,404.0,403.0,399.0,395.0,404.0,23589.63239510439,90.48703931810095,United States,2,2,1,4,1,1,1,3,2,1,2,3,1,4,3,2,54.61,59.93,2,56.02,50.46,389035360,485860630,242322426,1373.28,3467.03,148071014,2157.66,4573.5,7254772,6357325.0,537021,49.162,0,0.0
2021-04-12,United States,68111.0,30906220.0,740.0,562228.0,460366.0,4935.0,2.2,-5.3,910818.0,10144.0,12.7,-17.3,199.42668,2.1666946,90492.36,1646.1843,1347.9359,14.449512,2666.844,29.701284,164.61844,0.21666947,65766.57,705.0,192.56227,2.064216,0.20642158,1.8191419,1.8191419,1.1064278,405.0,404.0,400.0,396.0,405.0,23595.8877833584,90.49649135181664,United States,2,2,1,4,1,1,1,3,2,1,2,3,1,4,3,2,54.58,59.91,2,56.02,50.46,393462784,484695235,245004389,1374.57,3458.49,150599471,2153.53,4508.26,5337405,6506493.0,550347,48.963,0,0.0
2021-04-13,United States,53239.0,30959459.0,468.0,562696.0,467883.0,4871.0,5.6,-4.9,910801.0,9994.0,11.8,-18.3,155.88197,1.370288,90648.234,1647.5547,1369.9454,14.262121,2666.7942,29.26209,164.75546,0.1370288,66840.43,695.8571,195.7065,2.037446,0.20374459,1.8175253,1.8175253,1.0720857,406.0,405.0,401.0,397.0,406.0,23602.141134805337,90.50594030787062,United States,2,2,1,4,1,1,1,3,2,1,2,3,1,4,3,2,54.56,59.89,2,56.02,50.46,384523154,481391875,238823456,1306.68,3262.26,147950675,2022.88,4315.44,4538889,6787975.0,585109,45.048,0,0.0
2021-04-14,United States,60435.0,31019894.0,533.0,563229.0,471918.0,5042.0,6.9,2.1,913222.0,9979.0,10.2,-17.5,176.95161,1.5606058,90825.19,1649.1152,1381.7598,14.762804,2673.8828,29.21817,164.91153,0.15606058,67416.86,720.2857,197.39426,2.108972,0.21089719,1.8157026,1.8157026,1.1205441,407.0,406.0,402.0,398.0,407.0,23608.39244944497,90.51538618626248,United States,2,2,1,4,1,1,1,3,2,1,2,3,1,4,3,2,54.52,59.87,2,56.02,50.46,404680983,512654190,251729274,1451.64,3607.0,156266663,2236.78,4774.9,5208656,6736869.0,585469,48.742,0,0.0
2021-04-15,United States,72206.0,31092100.0,751.0,563980.0,480467.0,5044.0,8.4,1.8,923639.0,10001.0,10.1,-16.4,211.4167,2.1989024,91036.61,1651.3142,1406.791,14.76866,2704.3835,29.282587,165.13142,0.21989024,68638.14,720.5714,200.97014,2.1098084,0.21098085,1.8139013,1.8139013,1.1197641,408.0,407.0,403.0,399.0,408.0,23614.641727277485,90.52482898699252,United States,2,2,1,4,1,1,1,3,2,1,2,3,1,4,3,2,54.49,59.85,2,56.02,50.46,411808985,521734910,255566447,1482.03,3665.36,159943303,2267.85,4850.61,7128002,6772031.0,580373,48.705,0,0.0
2021-04-16,United States,70654.0,31162754.0,782.0,564762.0,476494.0,5005.0,6.3,3.6,924726.0,9835.0,8.9,-16.9,206.8725,2.2896693,91243.48,1653.6039,1395.1582,14.654469,2707.5662,28.796543,165.36038,0.22896692,68070.57,715.0,199.3083,2.0934956,0.20934956,1.812298,1.812298,1.130006,409.0,408.0,404.0,400.0,409.0,23620.88896830287,90.53426871006072,United States,2,2,1,4,1,1,1,3,2,1,2,3,1,4,3,2,54.46,59.83,2,56.02,50.46,418743896,526922485,258650605,1491.84,3655.01,163835526,2242.71,4819.28,7985055,6770531.0,577841,48.125,0,0.0
2021-04-17,United States,71498.0,31234252.0,794.0,565556.0,472558.0,4932.0,5.0,1.0,922539.0,9813.0,7.4,-16.1,209.3437,2.3248048,91452.82,1655.9286,1383.6337,14.440727,2701.1626,28.732128,165.59286,0.23248048,67508.29,704.5714,197.66196,2.062961,0.2062961,1.8106917,1.8106917,1.117597,410.0,409.0,405.0,401.0,410.0,23627.134172521182,90.5437053554672,United States,2,2,1,4,1,1,1,3,2,1,2,3,1,4,3,2,54.44,59.81,2,56.02,50.46,425993629,538914015,262177238,1522.0,3711.0,167594819,2268.82,4910.57,7249733,6467360.0,555819,47.975,0,0.0
2021-04-18,United States,71074.0,31305326.0,807.0,566363.0,467217.0,4875.0,2.5,-0.6,923167.0,9778.0,6.4,-14.7,208.10225,2.3628683,91660.92,1658.2915,1367.9954,14.273833,2703.0015,28.62965,165.82915,0.23628685,66745.29,696.4286,195.42792,2.039119,0.2039119,1.8091586,1.8091586,1.1000243,411.0,410.0,406.0,402.0,411.0,23633.377339932194,90.5531389232116,United States,2,2,1,4,1,1,1,3,2,1,2,3,1,4,3,2,54.43,59.81,2,56.02,50.46,433139047,538926035,265711995,1550.44,3764.28,171216187,2293.91,4910.66,7145418,6452332.0,536184,48.648,0,0.0
2021-04-19,United States,77212.0,31382538.0,627.0,566990.0,476318.0,4762.0,3.5,-3.5,936684.0,9697.0,7.3,-15.3,226.0741,1.8358346,91887.0,1660.1273,1394.6428,13.942973,2742.5789,28.392485,166.01274,0.18358345,68045.43,680.2857,199.2347,1.9918534,0.19918533,1.8067054,1.8067054,1.0623963,412.0,411.0,407.0,403.0,412.0,23639.61847053608,90.56256941329416,United States,2,2,1,4,1,1,1,3,2,1,2,3,1,4,5,2,54.4,62.65,2,56.02,50.46,437531805,538926035,267873526,1569.4299,3801.07,173441561,2311.67,4910.66,4392758,6317630.0,528586,49.118,0,0.0
2021-04-20,United States,49337.0,31431875.0,499.0,567489.0,472416.0,4793.0,1.0,-1.6,940299.0,9664.0,7.6,-15.5,144.45705,1.4610549,92031.45,1661.5884,1383.2179,14.03374,2753.1633,28.295862,166.15884,0.1461055,67488.0,684.7143,197.60255,2.00482,0.200482,1.805457,1.805457,1.0651561,413.0,412.0,408.0,404.0,413.0,23645.85756433289,90.57199682571498,United States,2,2,1,4,1,1,1,3,2,1,2,3,1,4,5,2,54.37,62.63,2,56.02,50.46,441147346,554074935,269763583,1586.09,3837.9,175160764,2331.71,5026.4,3615541,6146443.0,514339,48.352,0,0.0
2021-04-21,United States,35281.0,31467156.0,463.0,567952.0,447262.0,4723.0,-5.2,-6.3,919180.0,9765.0,4.3,-10.0,103.30156,1.3556482,92134.76,1662.9441,1309.5679,13.828783,2691.3276,28.591587,166.2944,0.13556482,63894.57,674.7143,187.08112,1.9755404,0.19755404,1.8049041,1.8049041,1.0358592,414.0,413.0,409.0,405.0,414.0,23652.094621322525,90.58142116047388,United States,2,2,1,4,1,1,1,3,2,1,2,3,1,4,5,2,54.34,62.61,2,56.02,50.46,446329812,566102815,272137660,1608.22,3880.55,177928510,2352.38,5105.57,5182466,6103425.0,503790,48.074,0,0.0
2021-04-22,United States,57318.0,31524474.0,746.0,568698.0,432374.0,4718.0,-10.0,-6.5,912841.0,9762.0,2.8,-10.0,167.82515,2.1842625,92302.586,1665.1283,1265.9763,13.814143,2672.7673,28.582802,166.51283,0.21842626,61767.715,674.0,180.85376,1.973449,0.1973449,1.8039888,1.8039888,1.0248368,415.0,414.0,410.0,406.0,415.0,23658.32964150497,90.59084241757088,United States,2,2,1,4,1,1,1,3,2,1,2,3,1,4,5,2,54.3,62.59,2,56.02,50.46,452385670,574688085,274847593,1636.09,3931.88,181269395,2376.03,5174.94,6055858,5950851.0,494084,48.052,0,0.0
2021-04-23,United States,63049.0,31587523.0,767.0,569465.0,424769.0,4703.0,-10.9,-6.0,901263.0,9708.0,0.8,-8.0,184.60532,2.2457497,92487.19,1667.374,1243.7091,13.770224,2638.8672,28.424692,166.73741,0.22457498,60681.285,671.8571,177.67273,1.9671748,0.19671747,1.8028163,1.8028163,1.0051658,416.0,415.0,411.0,407.0,416.0,23664.56262488023,90.60026059700596,United States,2,2,1,4,1,1,1,3,2,1,2,3,1,4,5,2,54.27,62.57,2,56.02,50.46,459197867,582567395,277753638,1669.35,3991.92,185165634,2402.93,5241.79,6812197,5783306.0,484394,48.168,0,0.0
2021-04-24,United States,61479.0,31649002.0,784.0,570249.0,414750.0,4693.0,-12.2,-4.8,887308.0,9625.0,-1.9,-7.7,180.0084,2.2955253,92667.195,1669.6696,1214.3738,13.740944,2598.0076,28.181671,166.96696,0.22955252,59250.0,670.4286,173.48198,1.962992,0.1962992,1.8017914,1.8017914,0.9944524,417.0,416.0,412.0,408.0,417.0,23670.79357144842,90.60967569877928,United States,2,2,1,4,1,1,1,3,2,1,2,3,1,4,5,2,54.25,62.56,2,56.02,50.46,465904692,591718695,280591334,1698.63,4045.15,189010420,2426.9,5307.92,6706825,5705742.0,480381,48.205,0,0.0
2021-04-25,United States,62419.0,31711421.0,835.0,571084.0,406095.0,4721.0,-13.1,-3.2,873312.0,9596.0,-3.6,-6.4,182.7607,2.4448514,92849.95,1672.1144,1189.0322,13.8229265,2557.0276,28.09676,167.21144,0.24448514,58013.57,674.4286,169.86176,1.9747038,0.19747038,1.8008779,1.8008779,0.98258567,418.0,417.0,413.0,409.0,418.0,23677.022481209424,90.61908772289073,United States,2,2,1,4,1,1,1,3,2,1,2,3,1,4,5,2,54.24,62.55,2,56.02,50.46,472016007,591731395,283277123,1725.08,4096.34,192437648,2451.79,5307.95,6111315,5558011.0,477462,48.78,0,0.0
2021-04-26,United States,51698.0,31763119.0,654.0,571738.0,380581.0,4748.0,-20.1,-0.3,856899.0,9510.0,-5.9,-6.2,151.36998,1.9148897,93001.33,1674.0293,1114.3281,13.901981,2508.971,27.844955,167.40294,0.19148897,54368.715,678.2857,159.18974,1.9859974,0.19859974,1.8000058,1.8000058,0.9964449,419.0,418.0,414.0,410.0,419.0,23683.249354163243,90.62849666934022,United States,2,2,1,4,1,1,1,3,2,1,2,3,1,4,5,2,54.22,62.53,2,56.02,50.46,476247975,591731395,285262547,1743.8,4130.72,194680242,2467.34,5307.95,4231968,5535039.0,473929,49.174,0,0.0
2021-04-27,United States,40847.0,31803966.0,435.0,572173.0,372091.0,4684.0,-21.2,-2.3,844507.0,9477.0,-7.3,-5.2,119.59862,1.2736652,93120.92,1675.303,1089.4697,13.714592,2472.6877,27.748333,167.5303,0.12736651,53155.855,669.1429,155.63853,1.9592274,0.19592275,1.7990618,1.7990618,0.9912011,420.0,419.0,415.0,411.0,420.0,23689.47419030988,90.63790253812782,United States,2,2,1,4,1,1,1,3,2,1,2,3,1,4,5,2,54.19,62.52,2,56.02,50.46,479529137,605453655,286825958,1759.15,4159.61,196400934,2480.85,5401.39,3281162,5487271.0,462675,48.596,0,0.0
2021-04-28,United States,30199.0,31834165.0,467.0,572640.0,367009.0,4688.0,-17.9,-0.7,814271.0,9411.0,-10.8,-5.7,88.42164,1.36736,93209.34,1676.6704,1074.5898,13.726304,2384.1577,27.555086,167.66704,0.136736,52429.855,669.7143,153.51283,1.9609005,0.19609006,1.7988222,1.7988222,1.0033882,421.0,420.0,416.0,412.0,421.0,23695.69698964944,90.64730532925368,United States,2,2,1,4,1,1,1,3,2,1,2,3,1,4,5,2,54.16,62.49,2,56.02,50.46,484040883,614208225,288719673,1782.63,4198.21,199024087,2498.0,5460.74,4511746,5391456.0,456882,48.502,0,0.0
2021-04-29,United States,50313.0,31884478.0,546.0,573186.0,360004.0,4488.0,-16.7,-4.9,792378.0,9206.0,-14.2,-7.9,147.31474,1.5986693,93356.664,1678.269,1054.0795,13.140711,2320.0557,26.954853,167.8269,0.15986693,51429.145,641.1429,150.58278,1.8772444,0.18772444,1.797696,1.797696,0.94222766,422.0,421.0,417.0,413.0,422.0,23701.91775218188,90.6567050427177,United States,2,2,1,4,1,1,1,3,2,1,2,3,1,4,5,2,54.12,62.47,2,56.02,50.46,489537756,621443125,290933446,1812.65,4247.05,202309919,2518.29,5528.2197,5496873,5311601.0,453389,48.507,0,0.0
2021-04-30,United States,54396.0,31938874.0,832.0,574018.0,351351.0,4553.0,-17.3,-3.2,776120.0,9256.0,-16.1,-5.9,159.26962,2.4360676,93515.93,1680.7051,1028.7438,13.331028,2272.453,27.101252,168.07051,0.24360676,50193.0,650.4286,146.9634,1.9044327,0.19044326,1.7972393,1.7972393,0.9637692,423.0,422.0,418.0,414.0,423.0,23708.136477907072,90.66610167851974,United States,2,2,1,4,1,1,1,3,2,1,2,3,1,4,5,2,54.09,62.45,2,56.02,50.46,495184849,628105915,293147381,1842.25,4293.91,205815651,2536.97,5575.64,5647093,5145156.0,434391,48.643,0,0.0
2021-05-01,United States,55643.0,31994517.0,753.0,574771.0,345515.0,4522.0,-16.7,-3.6,760265.0,9215.0,-17.6,-6.1,162.9208,2.2047582,93678.85,1682.9098,1011.6561,13.240261,2226.03,26.981205,168.29099,0.22047582,49359.285,646.0,144.52231,1.8914659,0.1891466,1.7964672,1.7964672,1.0110404,424.0,423.0,419.0,415.0,424.0,23714.35316682508,90.67549523665986,United States,2,2,1,4,1,1,1,3,2,1,2,3,1,4,5,2,54.07,62.44,2,56.02,50.46,501832496,635547925,295843884,1872.47,4343.18,209872328,2557.05,5626.13,6647647,5136705.0,428864,48.764,0,0.0
2021-05-02,United States,55311.0,32049828.0,806.0,575577.0,338407.0,4493.0,-16.7,-4.8,744502.0,9214.0,-19.4,-5.8,161.94872,2.3599405,93840.805,1685.2698,990.8441,13.155351,2179.8765,26.978277,168.52698,0.23599404,48343.855,641.8571,141.54916,1.8793358,0.18793358,1.7958817,1.7958817,1.0391467,425.0,424.0,420.0,416.0,425.0,23720.56781893608,90.68488571713831,United States,2,2,1,4,1,1,1,3,2,1,2,3,1,4,5,2,54.06,62.43,2,56.02,50.46,506139818,635550665,297472381,1895.07,4378.89,212608177,2570.53,5626.18,4307322,4878993.0,406742,49.157,0,0.0
2021-05-03,United States,48352.0,32098180.0,616.0,576193.0,335061.0,4455.0,-12.0,-6.2,715642.0,9203.0,-23.6,-5.1,141.573,1.8036269,93982.375,1687.0734,981.0472,13.044087,2095.3752,26.94607,168.70734,0.1803627,47865.855,636.4286,140.1496,1.8634411,0.18634412,1.7950956,1.7950956,1.0488054,426.0,425.0,421.0,417.0,426.0,23726.78043423983,90.69427311995476,United States,2,2,1,4,1,1,1,3,2,1,2,3,1,4,5,2,54.04,62.42,2,56.02,50.46,508546833,635550665,298420240,1906.84,4397.95,214124630,2578.18,5626.18,2407015,4618286.0,384855,49.37,0,0.0
2021-05-04,United States,36593.0,32134773.0,500.0,576693.0,330807.0,4520.0,-11.1,-3.5,702898.0,9204.0,-25.2,-4.8,107.14305,1.4639829,94089.516,1688.5374,968.5916,13.2344055,2058.0613,26.948997,168.85374,0.14639829,47258.145,645.7143,138.37022,1.8906294,0.18906294,1.7946074,1.7946074,1.0898131,427.0,426.0,422.0,418.0,427.0,23732.9910127364,90.70365744510931,United States,2,2,1,4,1,1,1,3,2,1,2,3,1,4,5,2,54.01,62.4,2,56.02,50.46,510500341,647453075,299158773,1899.05,4371.41,215404018,2560.88,5634.63,1980580,4432493.0,371921,48.245,0,0.0
2021-05-05,United States,32953.0,32167726.0,470.0,577163.0,333561.0,4523.0,-9.1,-3.5,700570.0,9211.0,-23.8,-5.7,96.48526,1.3761439,94186.0,1689.9136,976.6552,13.24319,2051.245,26.969494,168.99135,0.1376144,47651.57,646.1429,139.52217,1.8918842,0.18918842,1.79423,1.79423,1.1137788,428.0,427.0,423.0,419.0,428.0,23739.19955442584,90.71303869260204,United States,2,2,1,4,1,1,1,3,2,1,2,3,1,4,5,2,53.98,62.38,2,56.02,50.46,514130745,653634715,300502763,1916.64,4398.55,217781673,2571.67,5693.42,3630404,4306591.0,355567,48.048,0,0.0
2021-05-06,United States,42552.0,32210278.0,674.0,577837.0,325800.0,4651.0,-9.5,3.6,685804.0,9139.0,-24.9,-6.4,124.590805,1.973449,94310.59,1691.887,953.9313,13.6179695,2008.0106,26.75868,169.1887,0.1973449,46542.855,664.4286,136.2759,1.9454242,0.19454241,1.7939522,1.7939522,1.2220789,429.0,428.0,424.0,420.0,429.0,23745.406059308152,90.72241686243292,United States,2,2,1,4,1,1,1,3,2,1,2,3,1,4,5,2,53.95,62.36,2,56.02,50.46,519019031,659885395,302325530,1961.54,4481.15,220992252,2610.29,5834.16,4861132,4215776.0,337457,48.55,0,0.0
2021-05-07,United States,44541.0,32254819.0,714.0,578551.0,315945.0,4533.0,-10.1,-0.4,667296.0,9086.0,-26.0,-6.4,130.41452,2.0905676,94441.01,1693.9775,925.0762,13.2724695,1953.8198,26.603497,169.39775,0.20905676,45135.0,647.5714,132.15373,1.896067,0.1896067,1.7936885,1.7936885,1.2182504,430.0,429.0,425.0,421.0,430.0,23751.61052738334,90.731791954602,United States,2,2,1,4,1,1,1,3,2,1,2,3,1,4,5,2,53.92,62.34,2,56.02,50.46,525833299,666318450,305082351,2028.43,4618.13,225311936,2688.23,5970.7,5672550,4219407.0,346351,49.654,0,0.0
2021-05-08,United States,42692.0,32297511.0,671.0,579222.0,302994.0,4451.0,-12.3,-1.6,648509.0,8973.0,-26.9,-6.8,125.00072,1.964665,94566.01,1695.9423,887.15607,13.032376,1898.8121,26.272636,169.59422,0.1964665,43284.855,635.8571,126.73658,1.861768,0.18617679,1.7933952,1.7933952,1.2127768,431.0,430.0,426.0,422.0,431.0,23757.81295865128,90.74116396910904,United States,2,2,1,4,1,1,1,3,2,1,2,3,1,4,5,2,53.9,62.33,2,56.02,50.46,529097768,669639455,305787019,2015.82,4570.39,227976420,2651.93,5915.76,5159237,4006227.0,336328,48.843,0,0.0
2021-05-09,United States,44641.0,32342152.0,806.0,580028.0,292324.0,4451.0,-13.6,-0.9,630731.0,8944.0,-27.8,-6.8,130.70732,2.3599405,94696.72,1698.3021,855.9147,13.032376,1846.7588,26.187727,169.83022,0.23599404,41760.57,635.8571,122.27353,1.861768,0.18617679,1.7934119,1.7934119,1.2363751,432.0,431.0,427.0,423.0,432.0,23764.013353112096,90.75053290595427,United States,2,2,1,4,1,1,1,3,1,1,2,3,1,4,5,2,55.74,63.51,2,57.87,52.31,533872269,669646995,307398120,2038.8,4605.91,231259644,2665.14,5918.29,4774501,4072417.0,335637,49.189,0,0.0
2021-05-10,United States,37021.0,32379173.0,609.0,580637.0,280993.0,4444.0,-16.1,-0.2,616054.0,8899.0,-28.1,-6.4,108.396225,1.7831312,94805.11,1700.0853,822.7379,13.01188,1803.785,26.055967,170.00853,0.17831312,40141.855,634.8571,117.53399,1.85884,0.185884,1.7932422,1.7932422,1.264832,433.0,432.0,428.0,424.0,433.0,23770.211710765783,90.7598987651377,United States,2,2,1,4,1,1,1,3,1,1,2,3,1,4,5,3,55.72,63.5,3,57.87,52.31,537635295,669646995,308799600,2056.07,4632.07,233804484,2675.47,5918.29,3763026,4265574.0,345430,49.458,0,0.0
2021-05-11,United States,27538.0,32406711.0,408.0,581045.0,271938.0,4352.0,-17.8,-3.7,602745.0,8872.0,-28.6,-6.4,80.630325,1.19461,94885.74,1701.2799,796.22516,12.742507,1764.8168,25.976913,170.12799,0.11946101,38848.285,621.7143,113.74645,1.8203582,0.18203582,1.7929773,1.7929773,1.259569,434.0,433.0,429.0,425.0,434.0,23776.4080316124,90.76926154665938,United States,2,2,1,4,1,1,2,3,1,1,2,3,1,4,5,3,60.65,66.67,3,60.65,60.65,540708143,678158325,310057520,2074.62,4659.45,235897746,2686.36,5979.94,3072848,4421059.0,355745,49.21,0,0.0
2021-05-12,United States,24383.0,32431094.0,395.0,581440.0,263368.0,4277.0,-21.0,-5.4,596929.0,8800.0,-26.7,-6.5,71.39259,1.1565465,94957.13,1702.4364,771.1325,12.52291,1747.7877,25.7661,170.24365,0.11565465,37624.0,611.0,110.16179,1.7889872,0.1788987,1.7928473,1.7928473,1.2638627,435.0,434.0,430.0,426.0,435.0,23782.60231565172,90.77862125051897,United States,2,2,1,4,1,1,2,3,1,1,2,3,1,4,5,3,60.65,66.67,3,60.65,60.65,543828379,684202995,311138055,2090.79,4683.35,238053909,2695.01,6038.96,3120236,4347619.0,350635,48.981,0,0.0
2021-05-13,United States,33073.0,32464167.0,598.0,582038.0,253889.0,4201.0,-22.1,-9.7,579689.0,8852.0,-26.8,-3.8,96.83662,1.7509235,95053.97,1704.1874,743.3783,12.3003845,1697.3096,25.918354,170.41873,0.17509235,36269.855,600.1429,106.1969,1.7571977,0.17571978,1.7928629,1.7928629,1.2538016,436.0,435.0,431.0,427.0,436.0,23788.794562883908,90.78797787671672,United States,2,2,1,4,1,1,2,3,1,1,2,3,1,4,5,3,60.65,66.67,3,60.65,60.65,547703420,688356655,312434172,2114.76,4718.77,240751518,2707.45,6075.94,3875041,4206190.0,349150,49.067,0,0.0
2021-05-14,United States,35784.0,32499951.0,679.0,582717.0,245132.0,4166.0,-22.4,-8.1,561077.0,8699.0,-27.7,-6.0,104.77433,1.9880888,95158.74,1706.1754,717.7381,12.197906,1642.8143,25.470375,170.61755,0.19880888,35018.855,595.1429,102.53402,1.742558,0.17425579,1.792978,1.792978,1.2593446,437.0,436.0,432.0,428.0,437.0,23794.98477330897,90.79733142525264,United States,2,2,1,4,1,1,2,3,1,1,2,3,1,4,5,3,60.65,66.67,3,60.65,60.65,550206409,692311190,312887021,2099.37,4659.44,242824570,2658.24,6001.67,3704556,3926276.0,315781,48.267,0,0.0
2021-05-15,United States,40435.0,32540386.0,583.0,583300.0,242875.0,4078.0,-19.8,-8.4,545869.0,8529.0,-28.2,-7.4,118.392296,1.7070041,95277.14,1707.8824,711.1297,11.940245,1598.2858,24.97262,170.78825,0.1707004,34696.43,582.5714,101.58996,1.7057493,0.17057492,1.7925417,1.7925417,1.2225649,438.0,437.0,433.0,429.0,438.0,23801.172946926963,90.80668189612685,United States,2,2,1,4,1,1,2,3,1,1,2,3,1,4,5,3,60.65,66.67,3,60.65,60.65,555016821,697623300,314824761,2121.21,4694.88,245855721,2672.45,6039.86,4810412,3878226.0,306809,48.345,0,0.0
2021-05-16,United States,35116.0,32575502.0,701.0,584001.0,233350.0,3973.0,-20.2,-10.7,525674.0,8424.0,-29.4,-8.6,102.81845,2.052504,95379.95,1709.9349,683.24084,11.632809,1539.1555,24.665184,170.9935,0.2052504,33335.715,567.5714,97.605835,1.6618297,0.16618298,1.7927613,1.7927613,1.2194598,439.0,438.0,434.0,430.0,439.0,23807.35908373765,90.81602928933891,United States,2,2,1,4,1,1,2,3,1,1,2,3,1,3,5,3,60.65,64.88,3,60.65,60.65,559230313,697623500,316659108,2139.74,4726.06,248334308,2685.59,6039.86,4213492,3799861.0,302026,48.65,0,0.0
2021-05-17,United States,29837.0,32605339.0,442.0,584443.0,226166.0,3806.0,-19.5,-14.4,507159.0,8250.0,-29.1,-10.4,87.36172,1.2941608,95467.32,1711.2291,662.2063,11.143838,1484.9442,24.155718,171.12291,0.1294161,32309.428,543.7143,94.60091,1.5919769,0.15919769,1.7924764,1.7924764,1.20464,440.0,439.0,435.0,431.0,440.0,23813.543183741214,90.8253736048892,United States,2,2,1,4,1,1,2,3,1,1,2,3,1,3,5,3,60.65,64.88,3,60.65,60.65,562202253,697623700,318046361,2152.3801,4748.71,249990419,2695.88,6039.96,2971940,3688630.0,298185,48.863,0,0.0
2021-05-18,United States,21375.0,32626714.0,437.0,584880.0,220003.0,3835.0,-19.1,-11.9,491941.0,8187.0,-30.0,-11.0,62.58527,1.2795211,95529.91,1712.5087,644.16125,11.228749,1440.3865,23.971256,171.25087,0.12795211,31429.0,547.8571,92.02304,1.604107,0.1604107,1.7926414,1.7926414,1.2657017,441.0,440.0,436.0,432.0,441.0,23819.725246937716,90.83471484277774,United States,2,2,1,4,1,1,2,3,1,1,2,3,1,3,5,3,60.65,64.88,3,60.65,60.65,564445539,701975220,319119067,2165.6,4770.74,251243177,2705.31,6075.22,2243286,3571898.0,291866,48.804,0,0.0
2021-05-19,United States,19453.0,32646167.0,362.0,585242.0,215073.0,3802.0,-18.3,-11.1,478441.0,8079.0,-31.7,-12.3,56.957718,1.0599236,95586.86,1713.5686,629.7264,11.132126,1400.8589,23.655035,171.35686,0.10599236,30724.715,543.1429,89.960915,1.5903038,0.15903038,1.7926822,1.7926822,1.3006116,442.0,441.0,437.0,433.0,442.0,23825.905273327025,90.84405300300436,United States,2,2,1,4,1,1,2,3,1,1,2,3,1,3,5,3,60.65,64.88,3,60.65,60.65,567880333,706924040,320697075,2167.67,4763.96,253198490,2697.0,6049.19,3473255,3624249.0,303751,48.207,0,0.0
2021-05-20,United States,27639.0,32673806.0,610.0,585852.0,209639.0,3814.0,-17.4,-9.2,463528.0,8015.0,-32.4,-12.3,80.92605,1.7860591,95667.79,1715.3546,613.81586,11.167262,1357.1941,23.467646,171.53546,0.17860591,29948.428,544.8571,87.68797,1.5953231,0.15953231,1.7930326,1.7930326,1.3573291,443.0,442.0,438.0,434.0,443.0,23832.083262909087,90.85338808556898,United States,2,2,1,4,1,1,2,3,1,1,2,3,1,3,5,3,60.65,64.88,3,60.65,60.65,572158407,712460800,322730888,2204.95,4837.64,255531386,2735.56,6183.2,4237619,3677972.0,305390,48.656,0,0.0
2021-05-21,United States,27491.0,32701297.0,583.0,586435.0,201346.0,3718.0,-17.9,-10.8,446478.0,7884.0,-33.1,-13.2,80.49271,1.7070041,95748.28,1717.0616,589.5342,10.886177,1307.2723,23.084082,171.70616,0.1707004,28763.715,531.1429,84.21917,1.5551682,0.15551682,1.793308,1.793308,1.3672234,444.0,443.0,439.0,435.0,444.0,23838.259215684026,90.86272009047175,United States,2,2,1,4,1,1,2,3,1,1,2,3,1,3,5,3,60.65,64.88,3,60.65,60.65,576486235,718301980,324895795,2208.61,4836.29,257832169,2729.9,6149.04,4368283,3772815.0,317902,48.187,0,0.0
2021-05-22,United States,27948.0,32729245.0,541.0,586976.0,188859.0,3676.0,-22.2,-9.9,431734.0,7754.0,-33.4,-13.6,81.83079,1.5840296,95830.11,1718.6456,552.9727,10.763203,1264.1024,22.703447,171.86456,0.15840295,26979.857,525.1429,78.9961,1.5376004,0.15376003,1.7934297,1.7934297,1.3957657,445.0,444.0,440.0,436.0,445.0,23844.43313165189,90.8720490177128,United States,2,2,1,4,1,1,2,3,1,1,2,3,1,3,5,3,60.65,64.88,3,60.65,60.65,573367408,722960190,327288020,2228.1,4874.01,260300613,2749.56,6178.89,4715886,3759383.0,321505,48.317,0,0.0
2021-05-23,United States,27866.0,32757111.0,649.0,587625.0,181609.0,3624.0,-22.2,-8.8,414959.0,7597.0,-34.2,-15.1,81.5907,1.9002498,95911.7,1720.5459,531.74493,10.610949,1214.9857,22.243757,172.0546,0.19002499,25944.143,517.7143,75.96356,1.5158497,0.15158497,1.7938854,1.7938854,1.4273955,446.0,445.0,441.0,437.0,446.0,23850.60501081264,90.88137486729204,United States,2,2,1,4,1,1,2,3,1,1,2,3,1,3,5,3,56.02,61.9,3,56.02,56.02,576974488,723037990,328988521,2264.58,4943.43,262337183,2784.34,6253.96,3566058,3666973.0,319829,49.115,0,0.0
2021-05-24,United States,22224.0,32779335.0,409.0,588034.0,173996.0,3591.0,-23.1,-5.6,400162.0,7397.0,-35.0,-16.9,65.07111,1.197538,95976.77,1721.7434,509.45435,10.514325,1171.6606,21.658163,172.17435,0.1197538,24856.572,513.0,72.77919,1.5020465,0.15020464,1.7939168,1.7939168,1.464925,447.0,446.0,442.0,438.0,447.0,23856.77485316613,90.89069763920926,United States,2,2,1,4,1,1,2,3,1,1,2,3,1,3,5,3,56.02,61.9,3,56.02,56.02,578564046,722182650,329745949,2221.74,4842.39,263210461,2724.59,6116.95,2325455,3575236.0,312577,48.416,0,0.0
2021-05-25,United States,16030.0,32795365.0,287.0,588321.0,168651.0,3441.0,-23.3,-10.3,388654.0,7276.0,-35.5,-18.0,46.93529,0.8403262,96023.71,1722.5837,493.80435,10.07513,1137.9656,21.303879,172.25838,0.08403262,24093.0,491.57144,70.54348,1.4393044,0.14393044,1.793915,1.793915,1.4167782,448.0,447.0,443.0,439.0,448.0,23862.942658712447,90.90001733346458,United States,2,2,1,4,1,1,2,3,1,1,2,3,1,3,5,3,56.02,61.9,3,56.02,56.02,588146813,725577950,330658005,2211.26,4817.57,264112549,2709.29,6069.65,1788871,3510968.0,304938,47.796,0,0.0
2021-05-26,United States,14761.0,32810126.0,555.0,588876.0,163959.0,3634.0,-23.8,-4.4,379032.0,7436.0,-36.5,-15.5,43.219704,1.625021,96066.93,1724.2089,480.06635,10.640228,1109.7927,21.772354,172.42088,0.16250211,23422.715,519.1429,68.58091,1.5200325,0.15200326,1.7947996,1.7947996,1.5573174,449.0,448.0,444.0,440.0,449.0,23869.10842745175,90.90933395005824,United States,2,2,1,4,1,1,2,3,1,1,2,3,1,3,5,3,56.02,61.9,3,56.02,56.02,591047628,727318930,332078389,2242.3,4881.04,265678303,2744.8,6154.67,2858236,3423563.0,293476,48.48,0,0.0
2021-05-27,United States,24571.0,32834697.0,518.0,589394.0,160891.0,3542.0,-23.3,-7.1,370530.0,7356.0,-36.1,-16.9,71.94305,1.5166863,96138.87,1725.7255,471.08334,10.370855,1084.8992,21.538116,172.57256,0.15166862,22984.428,506.0,67.29762,1.4815507,0.14815506,1.795034,1.795034,1.5661063,450.0,449.0,445.0,441.0,450.0,23875.272159383807,90.91864748898988,United States,2,2,1,4,1,1,2,3,1,1,2,3,1,3,5,3,56.02,61.9,3,56.02,56.02,596198302,732694705,334688940,2356.5,5125.7197,268423811,2884.52,6442.86,3022833,3250449.0,276205,50.206,0,0.0
2021-05-28,United States,23475.0,32858172.0,517.0,589911.0,156875.0,3476.0,-22.1,-6.5,358221.0,7194.0,-36.2,-17.3,68.734,1.5137583,96207.6,1727.2393,459.32465,10.177609,1048.8589,21.063786,172.72392,0.15137583,22410.715,496.57144,65.617805,1.4539442,0.14539441,1.795325,1.795325,1.5799785,451.0,450.0,446.0,442.0,451.0,23881.43385450862,90.92795795025954,United States,2,2,1,4,1,1,2,3,1,1,2,3,1,3,5,3,56.02,61.9,3,56.02,56.02,598969259,734957385,336038609,2370.54,5151.03,269954296,2896.66,6455.71,2770957,3020459.0,257053,50.352,0,0.0
2021-05-29,United States,21970.0,32880142.0,545.0,590456.0,150897.0,3480.0,-20.1,-5.3,339756.0,7156.0,-37.8,-16.1,64.32741,1.5957414,96271.93,1728.835,441.82126,10.1893215,994.79395,20.952524,172.8835,0.15957414,21556.715,497.14285,63.11732,1.4556173,0.14556172,1.795783,1.795783,1.6180552,452.0,451.0,447.0,443.0,452.0,23887.593512826425,90.93726533386754,United States,2,2,1,4,1,1,2,3,1,1,2,3,1,3,5,3,56.02,61.9,3,56.02,56.02,602207780,742835485,337586615,2384.43,5175.8,271738441,2908.6099,6519.26,3238521,2807545.0,236844,50.122,0,0.0
2021-05-30,United States,24780.0,32904922.0,703.0,591159.0,147811.0,3534.0,-18.6,-2.5,329420.0,7158.0,-37.3,-15.0,72.55499,2.0583599,96344.484,1730.8933,432.78555,10.347431,964.5305,20.95838,173.08934,0.205836,21115.857,504.85715,61.826508,1.4782045,0.14782044,1.7965671,1.7965671,1.685755,453.0,452.0,448.0,444.0,453.0,23893.75113433704,90.94656963981362,United States,2,2,1,4,1,1,2,3,1,1,2,3,1,3,5,3,56.02,61.9,3,56.02,56.02,604666828,742840125,338743338,2396.54,5197.37,273080512,2920.05,6519.27,2459048,2647547.0,223570,50.313,0,0.0
2021-05-31,United States,15628.0,32920550.0,301.0,591460.0,141215.0,3426.0,-18.8,-4.6,315211.0,7017.0,-37.8,-14.9,45.75825,0.88131773,96390.24,1731.7747,413.4727,10.031211,922.92706,20.545536,173.17746,0.08813177,20173.572,489.42856,59.067528,1.4330301,0.143303,1.7966286,1.7966286,1.7015486,454.0,453.0,449.0,445.0,454.0,23899.906719040475,90.9558708680978,United States,2,2,1,4,1,1,2,3,1,1,2,3,1,3,5,3,56.02,61.9,3,56.02,56.02,0,0,0,0.0,0.0,0,0.0,0.0,0,2523797.0,213200,0.0,0,0.0
2021-06-01,United States,12350.0,32932900.0,254.0,591714.0,137535.0,3393.0,-18.4,-1.4,306186.0,6834.0,-37.8,-16.5,36.160378,0.7437033,96426.41,1732.5183,402.69778,9.934588,896.50214,20.009718,173.25183,0.07437033,19647.857,484.7143,57.528255,1.4192269,0.14192268,1.7967261,1.7967261,1.7965784,455.0,454.0,450.0,446.0,455.0,23906.06026693672,90.96516901872006,United States,2,2,1,4,1,1,2,3,1,1,2,3,1,3,5,3,56.02,61.9,3,56.02,56.02,607618840,742840325,340253454,2408.78,5219.72,274639512,2931.16,6519.46,0,2476682.0,203984,50.511,0,0.0
2021-06-02,United States,9408.0,32942308.0,232.0,591946.0,132182.0,3070.0,-19.4,-15.5,296141.0,6704.0,-38.1,-17.0,27.546303,0.6792881,96453.95,1733.1976,387.02438,8.988855,867.0907,19.629084,173.31976,0.067928806,18883.143,438.57144,55.289196,1.2841221,0.12841222,1.7969172,1.7969172,1.6904448,456.0,455.0,451.0,447.0,456.0,23912.21177802584,90.97446409168047,United States,2,2,1,4,1,1,2,3,1,1,2,3,1,3,5,3,56.02,61.9,3,56.02,56.02,608636225,744156625,340742122,2414.76,5230.77,275214661,2936.71,6531.04,1017385,2211317.0,185261,50.532,0,0.0
2021-06-03,United States,8935.0,32951243.0,332.0,592278.0,116546.0,2884.0,-27.6,-18.6,277437.0,6426.0,-40.1,-19.8,26.161375,0.97208464,96480.12,1734.1698,341.2427,8.444253,812.32605,18.81511,173.41698,0.09720846,16649.428,412.0,48.74896,1.206322,0.120632194,1.7974375,1.7974375,1.6575093,457.0,456.0,452.0,448.0,457.0,23918.36125230789,90.98375608697918,United States,2,2,1,4,1,1,2,3,1,1,2,3,1,3,5,3,56.02,61.9,3,56.02,56.02,610274444,746954555,341461507,2422.07,5242.7,276204668,2941.91,6553.98,1638219,2011171.0,167252,50.46,0,0.0
2021-06-04,United States,16048.0,32967291.0,492.0,592770.0,109119.0,2859.0,-30.4,-17.8,265994.0,6335.0,-40.4,-19.6,46.987995,1.4405591,96527.1,1735.6104,319.4967,8.371055,778.82135,18.548664,173.56104,0.14405592,15588.429,408.42856,45.642387,1.1958649,0.11958649,1.7980549,1.7980549,1.6952168,458.0,457.0,453.0,449.0,458.0,23924.50868978264,90.9930450046158,United States,2,2,1,4,1,1,2,3,1,1,2,3,1,3,5,3,56.02,61.9,3,56.02,56.02,613090988,748546755,342757610,2435.39,5264.48,277834331,2951.97,6570.9,2816544,2017684.0,162183,50.544,0,0.0
2021-06-05,United States,18151.0,32985442.0,478.0,593248.0,105300.0,2792.0,-30.2,-19.8,256197.0,6272.0,-40.7,-19.1,53.145508,1.3995677,96580.25,1737.0099,308.3148,8.174881,750.13605,18.364202,173.70099,0.13995677,15042.857,398.85715,44.04497,1.1678401,0.11678401,1.7985146,1.7985146,1.7028648,459.0,458.0,454.0,450.0,459.0,23930.65409045026,91.00233084459056,United States,2,2,1,4,1,1,2,3,1,1,2,3,1,3,5,3,56.02,61.9,3,56.02,56.02,611690778,748911065,341642116,2445.22,5280.98,277606763,2959.82,6604.7,2299727,1885120.0,150429,49.603,0,0.0
2021-06-06,United States,18592.0,33004034.0,586.0,593834.0,99112.0,2675.0,-32.9,-24.3,246923.0,6209.0,-40.5,-18.3,54.43674,1.715788,96634.69,1738.7257,290.19656,7.832309,722.9821,18.179739,173.87256,0.1715788,14158.857,382.14285,41.45665,1.1189013,0.11189012,1.7992771,1.7992771,1.6626163,460.0,459.0,455.0,451.0,460.0,23936.79745431081,91.0116136069036,United States,2,2,1,4,1,1,2,3,1,1,2,3,1,3,5,3,56.02,61.9,3,56.02,56.02,620013078,755497760,346157676,2486.6,5350.38,281869897,3002.21,6639.6,2742069,1927105.0,150974,50.898,0,0.0
2021-06-07,United States,14734.0,33018768.0,394.0,594228.0,98218.0,2768.0,-30.4,-19.2,239433.0,6194.0,-40.2,-16.3,43.140648,1.1536186,96677.83,1739.8793,287.57895,8.1046095,701.05164,18.13582,173.98793,0.115361854,14031.143,395.42856,41.082706,1.1578014,0.11578014,1.7996674,1.7996674,1.7644621,461.0,460.0,456.0,452.0,461.0,23942.93878136424,91.0208932915548,United States,2,2,1,4,1,1,2,3,1,1,2,3,1,3,5,3,56.02,61.9,3,56.02,56.02,622782869,755575560,347148950,2518.62,5424.42,283462093,3034.39,6714.67,2724874,2105474.0,178808,51.756,0,0.0
2021-06-08,United States,11084.0,33029852.0,423.0,594651.0,96952.0,2937.0,-29.5,-13.4,234487.0,6330.0,-39.7,-13.0,32.45357,1.2385296,96710.28,1741.1178,283.87213,8.599436,686.56995,18.534023,174.11179,0.12385295,13850.286,419.57144,40.55316,1.2284908,0.12284908,1.8003441,1.8003441,1.9463607,462.0,461.0,457.0,453.0,462.0,23949.07807161042,91.03016989854402,United States,2,2,1,4,1,1,2,3,1,1,2,3,1,3,5,3,56.02,61.9,3,56.02,56.02,624929490,756738390,347991128,2532.8801,5446.13,284850021,3042.79,6725.22,2146621,2201234.0,193888,51.863,0,0.0
2021-06-09,United States,9898.0,33039750.0,322.0,594973.0,97442.0,3027.0,-26.3,-1.4,229624.0,6097.0,-39.4,-18.0,28.981007,0.942805,96739.26,1742.0607,285.30685,8.862952,672.33124,17.851809,174.20605,0.094280496,13920.286,432.42856,40.75812,1.266136,0.1266136,1.8007793,1.8007793,2.0478854,463.0,462.0,458.0,454.0,463.0,23955.215325049416,91.03944342787132,United States,2,2,1,4,1,1,2,3,1,1,2,3,1,3,5,3,56.02,61.9,3,56.02,56.02,626611258,757529670,348644243,2540.8,5458.5103,285938358,3047.78,6730.58,1681768,2296102.0,195775,51.939,0,0.0
2021-06-10,United States,14314.0,33054064.0,313.0,595286.0,102821.0,3008.0,-11.8,4.3,219367.0,5892.0,-40.8,-19.9,41.910904,0.9164533,96781.17,1742.977,301.05637,8.807322,642.2991,17.251575,174.2977,0.09164533,14688.714,429.7143,43.008053,1.2581887,0.12581888,1.8009465,1.8009465,2.1300852,464.0,463.0,459.0,455.0,464.0,23961.350541681342,91.04871387953688,United States,2,2,1,4,1,1,1,3,1,1,2,3,1,3,5,3,50.65,58.46,3,53.24,47.69,628501824,758200150,349390000,2551.83,5475.63,287156710,3054.44,6735.19,1890566,2332112.0,203172,52.067,0,0.0
2021-06-11,United States,19640.0,33073704.0,387.0,595673.0,106413.0,2903.0,-2.5,1.5,215532.0,5762.0,-39.8,-19.9,57.50525,1.1331228,96838.67,1744.1102,311.57364,8.499885,631.0703,16.87094,174.41103,0.113312274,15201.857,414.7143,44.510517,1.2142693,0.121426925,1.8010471,1.8010471,2.1107354,465.0,464.0,460.0,456.0,465.0,23967.48372150614,91.0579812535406,United States,2,2,1,4,1,1,1,3,1,1,2,3,1,3,5,3,50.64,58.45,3,53.24,47.69,620651965,748118715,344531755,2507.45,5380.23,283600724,2996.84,6617.23,1588423,2158805.0,187817,51.271,0,0.0
2021-06-12,United States,15924.0,33089628.0,382.0,596055.0,104186.0,2807.0,-1.1,0.5,209486.0,5599.0,-38.3,-21.8,46.624928,1.118483,96885.3,1745.2286,305.05304,8.218801,613.36786,16.39368,174.52287,0.111848295,14883.714,401.0,43.579006,1.1741143,0.11741143,1.8013349,1.8013349,2.1235871,466.0,465.0,461.0,457.0,466.0,23973.61486452364,91.06724554988224,United States,2,2,1,4,1,1,1,3,1,1,2,3,1,3,5,3,50.63,58.44,3,53.24,47.69,623820403,750033195,345782709,2522.06,5402.91,285617378,3005.73,6631.93,3168438,2283506.0,196827,51.361,0,0.0
2021-06-13,United States,13971.0,33103599.0,403.0,596458.0,99565.0,2624.0,0.5,-1.9,198677.0,5299.0,-39.7,-26.0,40.906612,1.1799703,96926.2,1746.4087,291.52292,7.6829824,581.7195,15.515291,174.64087,0.11799702,14223.571,374.85715,41.64613,1.0975689,0.10975689,1.801792,1.801792,2.2514715,467.0,466.0,462.0,458.0,467.0,23979.743970734067,91.07650676856214,United States,2,2,1,4,1,1,1,3,1,1,2,3,1,3,5,3,50.62,58.44,3,53.24,47.69,617025153,737572230,341585961,2454.49,5253.73,282865311,2919.69,6416.14,2356763,2232562.0,195249,49.985,0,0.0
2021-06-14,United States,12350.0,33115949.0,208.0,596666.0,97181.0,2438.0,-1.1,-11.9,195399.0,5206.0,-38.0,-25.8,36.160378,0.6090169,96962.37,1747.0177,284.54263,7.1383805,572.1216,15.2429905,174.70177,0.06090169,13883.0,348.2857,40.64895,1.0197687,0.101976864,1.8017482,1.8017482,2.234258,468.0,467.0,463.0,459.0,468.0,23985.87104013737,91.08576490958022,United States,2,2,2,4,1,1,2,3,1,1,2,3,1,3,5,3,58.94,63.78,3,61.57,56.02,628887365,750034995,347473497,2552.54,5446.39,289210805,3020.28,6632.89,2661071,2229146.0,184218,51.77,0,0.0
2021-06-15,United States,8721.0,33124670.0,152.0,596818.0,94818.0,2167.0,-2.2,-26.2,191770.0,5104.0,-37.4,-25.3,25.53479,0.4450508,96987.9,1747.4628,277.62387,6.344902,561.49603,14.944338,174.74628,0.044505082,13545.429,309.57144,39.660553,0.90641457,0.090641454,1.8017327,1.8017327,2.0579298,469.0,468.0,464.0,460.0,469.0,23991.996072733546,91.09501997293646,United States,2,2,2,4,1,1,2,3,1,1,2,3,1,3,5,3,58.93,63.78,3,61.57,56.02,631303263,750967105,348327797,2567.85,5468.7397,290861606,3028.21,6641.08,2415898,2269799.0,185358,51.904,0,0.0
2021-06-16,United States,8275.0,33132945.0,199.0,597017.0,93195.0,2044.0,-4.4,-32.5,190637.0,5071.0,-35.6,-24.4,24.228918,0.5826652,97012.13,1748.0454,272.87177,5.984762,558.17865,14.847714,174.80453,0.05826652,13313.571,292.0,38.98168,0.85496604,0.085496604,1.8018833,1.8018833,2.0623133,470.0,469.0,465.0,461.0,470.0,23998.119068522472,91.1042719586307,United States,2,2,2,4,1,1,2,3,1,1,2,3,1,3,5,3,58.92,63.77,3,61.57,56.02,633314966,751609485,349068820,2577.53,5482.86,292206186,3033.87,6644.93,2011703,2319122.0,188030,52.005,0,0.0
2021-06-17,United States,12616.0,33145561.0,316.0,597333.0,91497.0,2047.0,-11.0,-31.9,194318.0,5055.0,-30.0,-21.3,36.939217,0.9252372,97049.07,1748.9706,267.9001,5.993546,568.9565,14.800867,174.89706,0.09252372,13071.0,292.42856,38.271442,0.85622084,0.08562209,1.8021508,1.8021508,2.0841393,471.0,470.0,466.0,462.0,471.0,24004.240027504216,91.11352086666304,United States,2,2,2,4,1,1,2,3,1,1,2,3,1,3,5,3,58.91,63.76,3,61.57,56.02,637414372,756671320,350689911,2598.05,5515.17,294795518,3046.72,6680.76,4099406,2636855.0,210137,51.871,0,0.0
2021-06-18,United States,13220.0,33158781.0,336.0,597669.0,85077.0,1996.0,-20.1,-31.2,191490.0,4899.0,-28.0,-22.7,38.707706,0.98379654,97087.78,1749.9543,249.10255,5.8442197,560.67615,14.344105,174.99544,0.09837965,12153.857,285.14285,35.58608,0.8348885,0.08348885,1.8024457,1.8024457,2.0587506,472.0,471.0,467.0,463.0,472.0,24010.35894967895,91.12276669703373,United States,2,2,2,4,1,1,2,3,1,1,2,3,1,3,5,3,58.9,63.76,3,61.57,56.02,639563864,758088170,351529357,2609.46,5532.79,296186453,3053.61,6690.17,2149492,2717008.0,219627,51.964,0,0.0
2021-06-19,United States,13484.0,33172265.0,279.0,597948.0,82637.0,1893.0,-20.7,-32.6,186823.0,4700.0,-27.1,-25.1,39.48069,0.81690246,97127.26,1750.7714,241.95831,5.5426393,547.01135,13.761439,175.07713,0.081690244,11805.286,270.42856,34.56547,0.7918056,0.07918056,1.802554,1.802554,1.9426941,473.0,472.0,468.0,464.0,473.0,24016.475835046494,91.13200944974248,United States,2,2,2,4,1,1,2,3,1,1,2,3,1,3,5,3,58.89,63.75,3,61.57,56.02,641685105,760180760,352415200,2621.47,5551.95,297504830,3061.77,6705.04,2121241,2567410.0,214652,52.024,0,0.0
2021-06-20,United States,11961.0,33184226.0,272.0,598220.0,80627.0,1762.0,-19.0,-32.9,180192.0,4386.0,-27.0,-29.4,35.0214,0.7964067,97162.28,1751.5677,236.0731,5.1590757,527.596,12.842058,175.15677,0.07964067,11518.143,251.71428,33.724728,0.73701084,0.07370108,1.802724,1.802724,1.7136577,474.0,473.0,469.0,465.0,474.0,24022.5906836068,91.14124912478924,United States,2,2,2,4,1,1,2,3,1,1,2,3,1,3,5,3,58.89,63.75,3,61.57,56.02,643358513,760180760,353106202,2628.91,5563.5,298574663,3066.66,6705.04,1673408,2466279.0,201549,52.132,0,0.0
2021-06-21,United States,12350.0,33196576.0,251.0,598471.0,80627.0,1805.0,-17.0,-26.0,177808.0,4243.0,-25.7,-31.5,36.160378,0.7349194,97198.44,1752.3026,236.0731,5.2849784,520.6157,12.423359,175.23027,0.073491946,11518.143,257.85715,33.724728,0.7549969,0.07549969,1.8028095,1.8028095,1.6962214,475.0,474.0,470.0,466.0,475.0,24028.70349535992,91.1504857221741,United States,2,2,2,4,1,1,2,3,1,1,2,3,1,3,5,3,58.89,63.75,3,61.57,56.02,644578724,760180760,353612689,2634.66,5572.89,299326307,3070.57,6705.04,1220211,2256929.0,182469,52.221,0,0.0
2021-06-22,United States,9047.0,33205623.0,223.0,598694.0,80953.0,1876.0,-14.6,-13.4,175771.0,4043.0,-25.0,-36.1,26.489307,0.6529364,97224.93,1752.9556,237.02762,5.4928637,514.6515,11.837766,175.29556,0.06529364,11564.714,268.0,33.861088,0.78469485,0.078469485,1.8029898,1.8029898,1.8006258,476.0,475.0,471.0,467.0,476.0,24034.81427030603,91.15971924189728,United States,2,2,2,4,1,1,2,3,1,1,2,3,1,3,5,3,58.88,63.74,3,61.57,56.02,645819075,761062260,354168907,2642.44,5586.43,300053757,3077.59,6712.82,1240351,2088996.0,169796,52.279,0,0.0
2021-06-23,United States,8568.0,33214191.0,266.0,598960.0,81246.0,1943.0,-12.8,-4.9,174441.0,3987.0,-24.0,-34.6,25.086811,0.77883893,97250.016,1753.7344,237.88551,5.689038,510.7573,11.6737995,175.37344,0.07788389,11606.571,277.57144,33.983643,0.81271964,0.08127197,1.8033255,1.8033255,1.951489,477.0,476.0,472.0,468.0,477.0,24040.923008444952,91.16894968395856,United States,2,2,2,4,1,1,2,3,1,1,2,3,1,3,5,3,58.87,63.74,3,61.57,56.02,647107272,759920890,354789817,2648.98,5597.5,300773468,3082.8,6703.04,1288197,1985635.0,165489,52.454,0,0.0
2021-06-24,United States,13288.0,33227479.0,308.0,599268.0,81918.0,1935.0,-10.5,-5.5,173415.0,3982.0,-20.9,-32.4,38.90681,0.90181345,97288.92,1754.6362,239.8531,5.6656137,507.7532,11.65916,175.46362,0.09018135,11702.571,276.42856,34.26473,0.80937344,0.08093734,1.8035313,1.8035313,1.99113,478.0,477.0,473.0,469.0,478.0,24047.02970977663,91.17817704835788,United States,2,2,2,4,1,1,2,3,1,1,2,3,1,3,5,3,58.86,63.73,3,61.57,56.02,648729204,760644820,355550653,2657.39,5612.19,301694129,3089.7,6708.06,1621932,1631716.0,140242,52.56,0,0.0
2021-06-25,United States,13841.0,33241320.0,326.0,599594.0,82539.0,1925.0,-3.0,-3.6,167616.0,3921.0,-22.2,-32.0,40.525974,0.9545169,97329.445,1755.5907,241.67137,5.6363344,490.77393,11.480554,175.55907,0.09545168,11791.286,275.0,34.524483,0.8051906,0.08051906,1.8037611,1.8037611,2.0302052,479.0,478.0,474.0,470.0,479.0,24053.134374301186,91.1874013350953,United States,2,2,2,4,1,1,2,3,1,1,2,3,1,3,5,3,58.86,63.73,3,61.57,56.02,659768925,773041905,361595859,2721.75,5738.87,307337923,3159.3,6850.88,1371816,1520616.0,140685,53.632,0,0.0
2021-06-26,United States,15572.0,33256892.0,315.0,599909.0,84627.0,1961.0,2.4,3.6,167264.0,3854.0,-20.2,-31.2,45.594284,0.9223092,97375.05,1756.5131,247.78496,5.741741,489.7433,11.28438,175.6513,0.09223092,12089.571,280.14285,35.397854,0.8202487,0.08202487,1.8038636,1.8038636,2.10419,480.0,479.0,475.0,471.0,480.0,24059.237002018606,91.19662254417094,United States,2,2,2,4,1,1,2,3,1,1,2,3,1,3,5,3,58.85,63.73,3,61.57,56.02,661633477,775150255,362366541,2730.31,5753.63,308483462,3165.62,6866.82,1864552,1481754.0,134083,53.648,0,0.0
2021-06-27,United States,14971.0,33271863.0,412.0,600321.0,87637.0,2101.0,8.7,19.2,168264.0,3863.0,-15.3,-27.1,43.834576,1.206322,97418.875,1757.7194,256.59814,6.151656,492.67123,11.310732,175.77194,0.120632194,12519.571,300.14285,36.656876,0.878808,0.087880805,1.8042903,1.8042903,2.29625,481.0,480.0,476.0,472.0,481.0,24065.33759292896,91.20584067558482,United States,2,2,2,4,1,1,2,3,1,1,2,3,1,3,5,3,58.85,63.72,3,61.57,56.02,664049390,775163635,363143346,2744.0,5772.83,310174976,3171.73,6866.89,2415913,1585647.0,144757,53.809002,0,0.0
2021-06-28,United States,13294.0,33285157.0,242.0,600563.0,88581.0,2092.0,9.9,15.9,169208.0,3897.0,-13.4,-25.1,38.924377,0.70856774,97457.805,1758.428,259.36215,6.1253047,495.43524,11.410283,175.84279,0.07085677,12654.429,298.85715,37.051735,0.8750435,0.08750435,1.8042967,1.8042967,2.4589489,482.0,481.0,477.0,473.0,482.0,24071.43614703201,91.21505572933664,United States,2,2,2,4,1,1,2,3,1,1,2,3,1,3,5,3,58.84,63.72,3,61.57,56.02,666272326,775163635,363867339,2755.29,5789.29,311690922,3177.6401,6866.89,2222936,1726701.0,154628,53.968,0,0.0
2021-06-29,United States,10676.0,33295833.0,173.0,600736.0,90210.0,2042.0,11.4,8.8,171163.0,3918.0,-10.7,-23.2,31.258963,0.5065381,97489.06,1758.9344,264.1318,5.978906,501.15942,11.47177,175.89345,0.050653808,12887.143,291.7143,37.733112,0.85412943,0.08541295,1.8042378,1.8042378,2.471048,483.0,482.0,478.0,474.0,483.0,24077.53266432794,91.2242677054266,United States,2,2,2,4,1,1,2,3,1,1,2,3,1,3,5,3,58.84,63.72,3,61.57,56.02,667790635,776263605,364536669,2762.26,5801.64,312547268,3183.16,6874.13,1518309,1764227.0,152732,54.028,0,0.0
2021-06-30,United States,10438.0,33306271.0,183.0,600919.0,92080.0,1959.0,13.3,0.8,173326.0,3902.0,-9.1,-23.1,30.562107,0.53581774,97519.625,1759.4703,269.6071,5.735885,507.4926,11.424923,175.94704,0.053581774,13154.286,279.85715,38.5153,0.8194122,0.08194122,1.8042217,1.8042217,2.4297073,484.0,483.0,479.0,475.0,484.0,24083.6271448168,91.23347660385484,United States,2,2,2,4,1,1,2,3,1,1,2,3,1,3,5,3,58.83,63.71,3,61.57,56.02,670567209,776499845,366017545,2772.86,5821.49,313924554,3193.6199,6875.72,2776574,1974663.0,164984,54.204,0,0.0
2021-07-01,United States,15514.0,33321785.0,282.0,601201.0,94306.0,1933.0,15.1,-0.1,176224.0,3868.0,-9.3,-23.5,45.42446,0.82568634,97565.05,1760.296,276.12476,5.659758,515.97784,11.325372,176.0296,0.08256864,13472.286,276.14285,39.446392,0.8085368,0.080853686,1.8042281,1.8042281,2.39746,485.0,484.0,480.0,476.0,485.0,23982.379,91.08048835762618,United States,2,2,2,4,1,1,2,3,1,1,2,3,1,3,5,3,58.83,63.71,3,61.57,56.02,673855029,777169325,367355455,2794.62,5857.46,315932111,3208.31,6880.55,3287820,2210464.0,195204,54.477,0,0.0
2021-07-02,United States,11639.0,33333424.0,244.0,601445.0,92104.0,1851.0,11.6,-3.8,174643.0,3776.0,-8.8,-22.9,34.078594,0.71442366,97599.125,1761.0104,269.67737,5.419665,511.34872,11.055999,176.10104,0.071442366,13157.714,264.42856,38.525337,0.7742378,0.07742378,1.8043301,1.8043301,2.286512,486.0,485.0,481.0,477.0,486.0,24095.809995372954,91.25188516772556,United States,2,2,2,4,1,1,2,3,1,1,2,3,1,3,5,3,58.82,63.71,3,61.57,56.02,675184975,777874525,367983174,2801.33,5868.9,316681988,3213.7,6887.03,1329946,2202292.0,185773,54.532,0,0.0
2021-07-03,United States,18586.0,33352010.0,289.0,601734.0,95118.0,1825.0,12.4,-6.9,179745.0,3786.0,-3.8,-19.4,54.419174,0.8461821,97653.55,1761.8566,278.50226,5.343538,526.28723,11.0852785,176.18565,0.08461821,13588.286,260.7143,39.786037,0.7633625,0.07633625,1.8041911,1.8041911,2.2462645,487.0,486.0,482.0,478.0,487.0,24101.89836544025,91.26108483316804,United States,2,2,2,4,1,1,2,3,1,1,2,3,1,3,5,3,58.82,63.7,3,61.57,56.02,677521708,778738405,368905977,2814.6199,5890.05,318141607,3221.97,6894.63,2336733,2269748.0,194952,54.674,0,0.0
2021-07-04,United States,16890.0,33368900.0,304.0,602038.0,97037.0,1717.0,10.7,-18.3,184674.0,3818.0,2.5,-13.0,49.453342,0.8901016,97703.0,1762.7467,284.12103,5.0273175,540.7192,11.178973,176.27467,0.089010164,13862.429,245.28572,40.58872,0.71818817,0.07181882,1.804189,1.804189,2.0959985,488.0,487.0,483.0,479.0,488.0,24107.98469870049,91.2702814209488,United States,2,2,2,4,1,1,2,3,1,1,2,3,1,3,5,3,58.82,63.7,3,61.57,56.02,678824343,778740765,369524458,2821.09,5901.89,318833404,3228.3,6894.64,1302635,2110706.0,184355,54.784,0,0.0
2021-07-05,United States,13189.0,33382089.0,152.0,602190.0,96932.0,1627.0,9.4,-22.2,185513.0,3719.0,4.3,-12.3,38.61694,0.4450508,97741.62,1763.1918,283.81357,4.7638006,543.1757,10.889105,176.31917,0.044505082,13847.429,232.42857,40.544796,0.6805429,0.06805429,1.8039315,1.8039315,1.9711894,489.0,488.0,484.0,480.0,489.0,24114.06899515353,91.27947493106764,United States,2,2,2,4,1,1,2,3,1,1,2,3,1,3,5,3,58.81,63.7,3,61.57,56.02,0,0,0,0.0,0.0,0,0.0,0.0,0,1880155.0,168101,0.0,0,0.0
2021-07-06,United States,10459.0,33392548.0,125.0,602315.0,96715.0,1579.0,7.2,-22.7,186925.0,3621.0,6.3,-10.4,30.623594,0.36599573,97772.24,1763.5577,283.17822,4.623258,547.31,10.602164,176.35577,0.036599573,13816.429,225.57143,40.45403,0.6604654,0.06604654,1.8037407,1.8037407,1.8658348,490.0,489.0,485.0,481.0,490.0,24120.15125479939,91.28866536352456,United States,2,2,2,4,1,1,2,3,1,1,2,3,1,3,5,3,58.81,63.7,3,61.57,56.02,674895892,773421145,367215905,2760.59,5775.05,317196361,3159.08,6746.6,0,1750268.0,157835,52.979,0,0.0
2021-07-07,United States,9147.0,33401695.0,103.0,602418.0,95424.0,1499.0,3.6,-23.5,187504.0,3458.0,7.5,-13.3,26.782103,0.3015805,97799.02,1763.8594,279.39822,4.389021,549.0053,10.124906,176.38593,0.030158048,13632.0,214.14285,39.914032,0.62700295,0.062700294,1.8035551,1.8035551,1.7104647,491.0,490.0,486.0,482.0,491.0,24126.231477638063,91.29785271831958,United States,2,2,2,4,1,1,2,3,1,1,2,3,1,3,5,3,58.8,63.69,3,61.57,56.02,675768325,773422295,367578340,2766.96,5784.79,317738830,3162.74,6746.6,872433,1478396.0,143353,53.069,0,0.0
2021-07-08,United States,19962.0,33421657.0,301.0,602719.0,99872.0,1518.0,5.9,-21.5,194178.0,3451.0,12.0,-13.3,58.448055,0.88131773,97857.47,1764.7406,292.4218,4.444652,568.5466,10.10441,176.47406,0.08813177,14267.429,216.85715,41.774544,0.6349503,0.06349503,1.8033786,1.8033786,1.7136858,492.0,491.0,487.0,483.0,492.0,24132.309663669672,91.30703699545283,United States,2,1,1,3,1,1,2,3,1,1,2,3,1,3,5,3,46.76,55.96,3,49.54,43.98,669264499,778271105,368259958,2774.49,5799.02,318498583,3170.05,6785.74,1391533,1207649.0,112327,52.898,0,0.0
2021-07-09,United States,22636.0,33444293.0,250.0,602969.0,110869.0,1524.0,20.4,-17.7,202973.0,3375.0,21.1,-13.9,66.277435,0.73199147,97923.75,1765.4727,324.62064,4.4622197,594.29803,9.881885,176.54726,0.073199145,15838.429,217.71428,46.37438,0.63746,0.063746,1.8029056,1.8029056,1.6893914,493.0,492.0,488.0,484.0,493.0,24138.38581289415,91.31621819492428,United States,2,1,1,3,1,1,1,3,1,1,2,3,1,3,5,3,46.76,55.95,3,49.54,43.98,670507602,779395445,368871350,2780.8,5810.0,319182414,3175.25,6795.97,1243103,1195396.0,111753,52.917,0,0.0
2021-07-10,United States,183538.0,33627831.0,262.0,603231.0,275821.0,1497.0,190.0,-18.0,370939.0,3322.0,121.8,-13.8,537.393,0.76712704,98461.14,1766.2397,807.5945,4.383165,1086.0967,9.726703,176.62398,0.076712705,39403.0,213.85715,115.370636,0.6261664,0.06261664,1.7938445,1.7938445,1.6257602,494.0,493.0,489.0,485.0,494.0,24144.459925311327,91.32539631673365,United States,2,1,1,3,1,1,1,3,1,1,2,3,1,3,5,3,46.75,55.95,3,49.54,43.98,671706467,781250845,369459133,2785.87,5819.25,319832662,3179.94,6809.74,1198865,1033001.0,94804,52.892,0,0.0
2021-07-11,United States,27579.0,33655410.0,316.0,603547.0,286510.0,1509.0,195.3,-12.1,383547.0,3226.0,127.9,-16.5,80.75037,0.9252372,98541.89,1767.165,838.8915,4.4183006,1123.0125,9.445618,176.71649,0.09252372,40930.0,215.57143,119.841644,0.63118577,0.06311858,1.7933135,1.7933135,1.6001103,495.0,494.0,490.0,486.0,495.0,24150.532000921376,91.33457136088116,United States,2,1,1,3,1,1,1,3,1,1,2,3,1,3,5,3,46.75,55.95,3,49.54,43.98,672880283,781292245,370050540,2790.57,5827.93,320456973,3184.23,6810.19,1173816,1014749.0,90234,52.971,0,0.0
2021-07-12,United States,20875.0,33676285.0,149.0,603696.0,294196.0,1506.0,203.5,-7.4,391128.0,3133.0,131.2,-19.6,61.12129,0.4362669,98603.01,1767.6012,861.3958,4.4095163,1145.2095,9.173317,176.76013,0.043626692,42028.0,215.14285,123.05655,0.6299309,0.062993094,1.7926443,1.7926443,1.6351081,496.0,495.0,491.0,487.0,496.0,24156.602039724414,91.34374332736704,United States,2,1,1,3,1,1,1,3,1,1,2,3,1,3,5,3,46.75,55.95,3,49.54,43.98,673774479,781292245,370512866,2795.03,5835.73,320919860,3188.35,6810.19,894196,1055627.0,94082,53.045,0,0.0
2021-07-13,United States,16722.0,33693007.0,119.0,603815.0,300459.0,1500.0,210.7,-5.0,397174.0,3079.0,132.0,-21.4,48.961445,0.34842792,98651.98,1767.9497,879.7337,4.3919487,1162.9119,9.015206,176.79497,0.034842793,42922.715,214.28572,125.67624,0.62742126,0.06274212,1.7921078,1.7921078,1.5769886,497.0,496.0,492.0,488.0,497.0,24162.670041720263,91.352912216191,United States,2,1,1,3,1,1,1,3,1,1,2,3,1,3,5,3,46.74,55.94,3,49.54,43.98,674454489,781762885,370867787,2798.81,5843.03,321269917,3192.21,6813.7,680010,1065917.0,97164,53.088,0,0.0
2021-07-14,United States,28892.0,33721899.0,295.0,604110.0,320204.0,1692.0,235.6,12.9,415628.0,3191.0,139.8,-18.2,84.59479,0.8637499,98736.57,1768.8135,937.5464,4.9541183,1216.9446,9.343139,176.88135,0.08637499,45743.43,241.71428,133.9352,0.7077312,0.07077312,1.7914472,1.7914472,1.7436647,498.0,497.0,493.0,489.0,498.0,24168.736006908817,91.36207802735288,United States,2,1,1,3,1,1,1,3,1,1,2,3,1,3,5,3,46.74,55.94,3,49.54,43.98,675545741,783161680,371449494,2808.81,5852.27,322172210,3197.68,6819.04,1091252,1097178.0,96450,53.123,0,0.0
2021-07-15,United States,34978.0,33756877.0,337.0,604447.0,335220.0,1728.0,235.6,13.8,435092.0,3246.0,146.9,-16.1,102.41439,0.9867245,98838.984,1769.8002,981.5127,5.059525,1273.9344,9.504177,176.98001,0.09867245,47888.57,246.85715,140.2161,0.7227893,0.072278924,1.7905892,1.7905892,1.782693,499.0,498.0,494.0,490.0,499.0,24174.79993529036,91.37124076085308,United States,2,1,1,3,1,1,1,3,1,1,2,3,1,3,5,3,46.73,55.94,3,49.54,43.98,676682977,784050700,372051083,2813.48,5861.71,322737302,3202.75,6826.94,1137236,1060848.0,89604,53.147,0,0.0
2021-07-16,United States,38299.0,33795176.0,342.0,604789.0,350883.0,1820.0,216.5,19.4,461752.0,3344.0,164.4,-11.4,112.13816,1.0013644,98951.12,1770.8015,1027.3734,5.328898,1351.994,9.791118,177.08015,0.10013643,50126.145,260.0,146.76764,0.7612711,0.07612711,1.789572,1.789572,1.8818177,500.0,499.0,495.0,491.0,500.0,24180.86182686477,91.38040041669149,United States,2,1,1,3,1,1,1,3,1,1,2,3,1,3,5,3,46.73,55.93,3,49.54,43.98,675384941,782484475,371253091,2721.26,5658.31,322210856,3087.17,6583.04,1088566,1038851.0,88983,51.494,0,0.0
2021-07-17,United States,40555.0,33835731.0,319.0,605108.0,207900.0,1877.0,-24.6,25.4,483721.0,3374.0,169.1,-10.9,118.74365,0.9340211,99069.87,1771.7356,608.7241,5.495792,1416.3186,9.878957,177.17355,0.09340211,29700.0,268.14285,86.96059,0.7851131,0.07851131,1.7883698,1.7883698,1.9670104,501.0,500.0,496.0,492.0,501.0,24186.92168163188,91.38955699486776,United States,2,1,1,3,1,1,1,3,1,1,2,3,1,3,5,3,46.72,55.93,3,49.54,43.98,675363897,782505420,371250160,2592.9,5387.97,322218050,2943.47,6277.58,1265738,1048557.0,89549,48.851,0,0.0
2021-07-18,United States,42258.0,33877989.0,370.0,605478.0,222579.0,1931.0,-22.3,28.0,509089.0,3440.0,175.7,-9.9,123.72998,1.0833473,99193.59,1772.8188,651.70374,5.653902,1490.5952,10.072203,177.28189,0.108334735,31797.0,275.85715,93.10053,0.8077003,0.08077003,1.7872312,1.7872312,1.9334749,502.0,501.0,497.0,493.0,502.0,24192.979499591864,91.39871049538226,United States,2,1,1,3,1,1,1,3,1,1,2,3,1,3,5,3,46.72,55.93,3,49.54,43.98,675471286,781428185,371348346,2542.25,5269.25,322310698,2884.84,6124.97,995396,1023286.0,87783,48.093,0,0.0
2021-07-19,United States,32139.0,33910128.0,183.0,605661.0,233843.0,1965.0,-20.5,30.5,528039.0,3471.0,184.6,-6.7,94.10189,0.53581774,99287.695,1773.3547,684.6843,5.753453,1546.0802,10.16297,177.33546,0.053581774,33406.145,280.7143,97.81204,0.8219218,0.08219218,1.786077,1.786077,1.772362,503.0,502.0,498.0,494.0,503.0,24199.035280744774,91.407860918235,United States,2,1,1,3,1,1,1,3,1,1,2,3,1,3,5,3,46.72,55.93,3,49.54,43.98,649076488,749788645,356978841,2263.8,4694.19,309657611,2572.33,5470.21,884190,1030332.0,84957,42.849,0,0.0
2021-07-20,United States,27993.0,33938121.0,146.0,605807.0,245114.0,1992.0,-18.4,32.8,545573.0,3492.0,191.9,-3.6,81.96255,0.42748302,99369.66,1773.7822,717.6854,5.832508,1597.4191,10.224457,177.37822,0.042748302,35016.285,284.57144,102.52649,0.8332154,0.08332154,1.7850341,1.7850341,0.72220755,504.0,503.0,499.0,495.0,504.0,24205.089025090565,91.41700826342591,United States,2,1,1,3,1,1,1,3,1,1,2,3,1,3,5,3,46.71,55.93,3,49.54,43.98,685867029,792405580,377181417,2759.49,5760.06,327074060,3144.39,6726.55,548270,1019987.0,84661,53.193,0,0.0
2021-07-21,United States,45195.0,33983316.0,284.0,606091.0,261417.0,1981.0,-18.4,17.1,581621.0,3673.0,210.2,6.2,132.32942,0.8315423,99501.984,1774.6138,765.42004,5.8003,1702.9664,10.754418,177.46138,0.08315423,37345.285,283.0,109.34572,0.82861435,0.08286143,1.7834958,1.7834958,0.69142437,505.0,504.0,500.0,496.0,505.0,24211.14073262905,91.42615253095472,United States,2,1,1,3,1,1,1,3,1,1,2,3,1,3,5,3,46.71,55.92,3,49.54,43.98,687124244,793437350,377884184,2764.16,5771.11,327607401,3150.72,6734.78,1257215,1043549.0,87562,53.239,0,0.0
2021-07-22,United States,51040.0,34034356.0,320.0,606411.0,277479.0,1964.0,-17.2,13.7,612699.0,3692.0,215.5,7.0,149.44337,0.9369491,99651.43,1775.5507,812.44904,5.750525,1793.9618,10.81005,177.55507,0.0936949,39639.855,280.57144,116.06415,0.8215036,0.082150355,1.7817613,1.7817613,0.66758215,506.0,505.0,501.0,497.0,506.0,24217.190403360408,91.43529372082172,United States,2,1,1,3,1,1,1,3,1,1,2,3,1,3,5,3,46.7,55.92,3,49.54,43.98,688457756,794933510,378683030,2768.91,5782.27,328170183,3157.52,6748.7803,1333512,1071454.0,90281,53.231,0,0.0
2021-07-23,United States,61313.0,34095669.0,399.0,606810.0,300493.0,2021.0,-14.4,11.0,651376.0,3841.0,220.9,13.8,179.52237,1.1682583,99830.95,1776.719,879.83325,5.917419,1907.2067,11.246317,177.67189,0.116825834,42927.57,288.7143,125.69046,0.84534556,0.084534556,1.7797275,1.7797275,0.6726375,507.0,506.0,502.0,498.0,507.0,24223.238037284755,91.44443183302708,United States,2,1,1,3,1,1,1,3,1,1,2,3,1,3,5,3,46.7,55.92,3,49.54,43.98,697590782,798825070,379430026,2848.57,5935.17,328710935,3244.55,6936.18,1211982,1088861.0,89869,54.012,0,0.0
2021-07-24,United States,71708.0,34167377.0,338.0,607148.0,331646.0,2040.0,59.5,8.7,539546.0,3917.0,45.5,17.9,209.95857,0.98965245,100040.914,1777.7086,971.04816,5.97305,1579.7722,11.4688425,177.77086,0.09896524,47378.0,291.42856,138.72116,0.8532929,0.08532929,1.7769816,1.7769816,0.63709384,508.0,507.0,503.0,499.0,508.0,24229.283634401854,91.4535668675704,United States,2,1,1,3,1,1,1,3,1,1,2,3,1,3,5,3,46.7,55.91,3,49.54,43.98,698954633,800844130,380241109,2854.42,5949.2,329295502,3252.94,6950.32,1363851,1102573.0,96078,54.037,0,0.0
2021-07-25,United States,69639.0,34237016.0,414.0,607562.0,359027.0,2084.0,61.3,7.9,581606.0,4015.0,51.6,24.5,203.90062,1.2121779,100244.81,1778.9208,1051.2188,6.1018806,1702.9225,11.755783,177.89207,0.12121779,51289.57,297.7143,150.17412,0.87169725,0.08716972,1.7745764,1.7745764,0.6216813,509.0,508.0,504.0,500.0,509.0,24235.327194711776,91.46269882445182,United States,2,1,1,3,1,1,1,3,1,1,2,3,1,3,5,3,46.7,55.91,3,49.54,43.98,700527657,800868450,381226218,2858.06,5958.66,329900330,3258.83,6950.4897,1573024,1184731.0,98955,54.122,0,0.0
2021-07-26,United States,53795.0,34290811.0,254.0,607816.0,380683.0,2155.0,62.8,9.7,614526.0,4120.0,57.1,31.5,157.50992,0.7437033,100402.32,1779.6644,1114.6268,6.3097663,1799.3112,12.063219,177.96645,0.07437033,54383.285,307.85715,159.2324,0.9013952,0.090139516,1.7725332,1.7725332,0.6141648,510.0,509.0,505.0,501.0,510.0,24241.368718214508,91.47182770367137,United States,2,1,1,3,1,1,1,3,1,1,2,3,1,2,5,3,46.69,54.99,3,49.54,43.98,701314395,800869650,381740138,2861.01,5966.17,330195677,3263.78,6950.5,786738,1162187.0,101503,54.193,0,0.0
2021-07-27,United States,43206.0,34334017.0,249.0,608065.0,395896.0,2258.0,61.5,13.4,641010.0,4250.0,61.4,38.0,126.50569,0.7290635,100528.83,1780.3936,1159.1699,6.6113467,1876.8553,12.443854,178.03935,0.07290635,56556.57,322.57144,165.5957,0.9444781,0.094447814,1.7710278,1.7710278,1.086099,511.0,510.0,506.0,502.0,511.0,24247.40820491023,91.4809535052292,United States,2,1,1,3,1,1,1,3,1,1,2,3,1,2,5,3,46.69,54.99,3,49.54,43.98,702107047,801895380,382274179,2863.63,5974.95,330474209,3270.1,6958.75,792652,1188475.0,103860,54.196,0,0.0
2021-07-28,United States,71245.0,34405262.0,411.0,608476.0,421946.0,2385.0,61.4,20.4,683363.0,4366.0,64.4,36.8,208.60292,1.2033939,100737.43,1781.5969,1235.4435,6.9831986,2000.8635,12.783499,178.1597,0.12033939,60278.0,340.7143,176.49193,0.9975998,0.09975998,1.768555,1.768555,1.0715296,512.0,511.0,507.0,503.0,512.0,24253.445654798707,91.49007622912508,United States,2,1,1,3,1,1,1,3,1,1,2,3,1,2,5,3,46.68,54.99,3,49.54,43.98,703623151,802922640,383273194,2868.15,5988.6,331027956,3279.57,6966.56,1516104,1225455.0,107264,54.263,0,0.0
2021-07-29,United States,85805.0,34491067.0,499.0,608975.0,456711.0,2564.0,64.6,30.5,734190.0,4528.0,68.7,39.5,251.2341,1.4610549,100988.664,1783.058,1337.2343,7.507304,2149.6833,13.25783,178.3058,0.1461055,65244.43,366.2857,191.03346,1.0724721,0.1072472,1.7656021,1.7656021,1.0964621,513.0,512.0,508.0,504.0,513.0,24259.48106788,91.499195875359,United States,2,1,1,3,1,1,1,3,1,1,2,3,1,2,5,3,46.68,54.98,3,49.54,43.98,705060845,805906760,384185451,2872.58,6000.22,331595680,3287.24,6998.17,1437694,1240331.0,107575,54.094,0,0.0
2021-07-30,United States,89149.0,34580216.0,494.0,609469.0,484547.0,2659.0,61.3,31.6,785040.0,4680.0,70.0,40.0,261.02524,1.4464151,101249.69,1784.5044,1418.737,7.785461,2298.5703,13.70288,178.45044,0.14464152,69221.0,379.85715,202.67673,1.1122087,0.111220874,1.7624788,1.7624788,1.0848013,514.0,513.0,509.0,505.0,514.0,24265.514444154163,91.50831244393112,United States,2,1,1,3,1,1,1,3,1,1,2,3,1,2,5,3,46.67,54.98,3,49.54,43.98,706787917,809157100,385318857,2877.83,6014.7,332230163,3297.28,7022.25,1727072,1313904.0,113726,54.042,0,0.0
2021-07-31,United States,99367.0,34679583.0,495.0,609964.0,512206.0,2816.0,54.4,38.0,843852.0,4856.0,74.5,43.9,290.94318,1.4493431,101540.63,1785.9537,1499.7217,8.2451515,2470.7698,14.218202,178.59537,0.14493431,73172.29,402.2857,214.24596,1.1778789,0.11778788,1.7588562,1.7588562,1.0772061,515.0,514.0,510.0,506.0,515.0,24271.5457836212,91.5174259348414,United States,2,1,1,3,1,1,1,3,1,1,2,3,1,2,5,3,46.67,54.97,3,49.54,43.98,708227436,812337880,386272751,2882.26,6026.49,332761059,3304.92,7045.52,1439519,1324717.0,110412,53.972,0,0.0
2021-08-01,United States,104519.0,34784102.0,525.0,610489.0,547086.0,2927.0,52.4,40.5,906113.0,5011.0,78.0,45.7,306.02805,1.5371821,101846.664,1787.491,1601.8491,8.570156,2653.0679,14.672037,178.7491,0.1537182,78155.14,418.14285,228.83559,1.224308,0.1224308,1.7550806,1.7550806,1.0548546,516.0,515.0,511.0,507.0,516.0,24277.57508628111,91.52653634808988,United States,2,1,1,3,1,1,1,3,1,0,2,3,1,2,5,3,46.67,54.97,3,49.54,43.98,709874515,812335880,387313607,2887.32,6039.57,333387567,3313.51,7045.5,1647079,1335294.0,115650,54.079,0,0.0
2021-08-02,United States,80567.0,34864669.0,395.0,610884.0,573858.0,3068.0,50.7,42.4,954541.0,5223.0,80.8,50.5,235.89742,1.1565465,102082.56,1788.6475,1680.2366,8.982999,2794.8635,15.292766,178.86475,0.11565465,81979.71,438.2857,240.0338,1.2832856,0.12832856,1.7521578,1.7521578,1.0209888,517.0,516.0,512.0,508.0,517.0,24283.602352133777,91.53564368367634,United States,2,1,1,3,1,1,1,3,1,0,2,3,1,2,5,3,46.67,54.97,3,49.54,43.98,710813468,812336760,387953472,2889.85,6046.3,333712805,3317.97,7045.52,938953,1357037.0,114439,54.142,0,0.0
2021-08-03,United States,61188.0,34925857.0,370.0,611254.0,591840.0,3189.0,49.5,41.2,987736.0,5447.0,81.0,56.0,179.15637,1.0833473,102261.72,1789.7308,1732.8873,9.337283,2892.0574,15.948629,178.97308,0.108334735,84548.57,455.57144,247.55533,1.3338976,0.13338976,1.7501475,1.7501475,0.96156746,518.0,517.0,513.0,509.0,518.0,24289.62758117932,91.54474794160096,United States,2,1,1,3,1,1,1,3,1,1,2,3,1,2,5,3,46.66,54.96,3,49.54,43.98,711721402,813447760,388557577,2893.02,6054.81,334036653,3323.45,7055.85,907934,1373512.0,114135,54.145,0,0.0
2021-08-04,United States,102409.0,35028266.0,656.0,611910.0,623004.0,3434.0,47.7,44.0,1044950.0,5819.0,79.7,58.4,299.85007,1.9207456,102561.56,1791.6516,1824.1344,10.054635,3059.578,17.037832,179.16516,0.19207455,89000.57,490.57144,260.59064,1.4363763,0.14363764,1.7469035,1.7469035,0.956474,519.0,518.0,514.0,510.0,519.0,24295.65077341773,91.5538491218638,United States,2,1,1,3,1,1,1,3,1,1,2,3,1,2,5,3,46.66,54.96,3,49.54,43.98,713185505,815010630,389550915,2898.22,6068.72,334547961,3332.67,7068.35,1464103,1366080.0,114517,54.167,0,0.0
2021-08-05,United States,110283.0,35138549.0,700.0,612610.0,647482.0,3635.0,41.8,41.8,1104193.0,6199.0,80.2,67.9,322.90485,2.049576,102884.47,1793.7012,1895.8052,10.643156,3233.0393,18.15046,179.37012,0.2049576,92497.43,519.2857,270.8293,1.5204508,0.15204509,1.7434129,1.7434129,0.9548627,520.0,519.0,515.0,511.0,520.0,24301.671928849013,91.56294722446478,United States,2,1,1,3,1,1,1,3,1,1,2,3,1,2,5,3,46.65,54.96,3,49.54,43.98,714929685,817093600,390729841,2902.76,6081.11,335158857,3341.23,7087.46,1744180,1409867.0,115670,54.137,0,0.0
2021-08-06,United States,126833.0,35265382.0,741.0,613351.0,685166.0,3882.0,41.4,46.0,1169713.0,6541.0,79.6,70.3,371.3627,2.1696227,103255.836,1795.8707,2006.1426,11.366364,3424.8796,19.151825,179.58708,0.21696226,97880.86,554.5714,286.5918,1.6237662,0.16237661,1.7392439,1.7392439,0.98056054,521.0,520.0,516.0,512.0,521.0,24307.69104747305,91.57204224940376,United States,2,1,1,3,1,1,1,3,1,1,2,3,1,2,5,3,46.65,54.95,3,49.54,43.98,716587963,821203530,391868346,2908.12,6095.57,335725422,3350.95,7117.7603,1658278,1400034.0,115469,54.046,0,0.0
2021-08-07,United States,127854.0,35393236.0,753.0,614104.0,713653.0,4140.0,39.3,47.0,1225859.0,6956.0,127.2,77.6,374.35214,2.2047582,103630.19,1798.0756,2089.5515,12.1217785,3589.2732,20.36693,179.80756,0.22047582,101950.43,591.4286,298.5074,1.7316827,0.17316827,1.7350886,1.7350886,0.9811682,522.0,521.0,517.0,513.0,522.0,24313.708129289967,91.5811341966809,United States,2,1,1,3,1,1,1,3,1,1,2,3,1,2,5,3,46.64,54.95,3,49.54,43.98,718281278,826101300,393039085,2913.46,6110.52,336299587,3361.1,7155.26,1693315,1436296.0,120093,53.902,0,0.0
2021-08-08,United States,133922.0,35527158.0,838.0,614942.0,743056.0,4453.0,35.8,52.1,1290142.0,7380.0,121.8,83.8,392.11905,2.4536355,104022.305,1800.5292,2175.6426,13.038232,3777.4917,21.608387,180.05292,0.24536353,106150.86,636.1429,310.8061,1.8626045,0.18626046,1.7309068,1.7309068,0.9750148,523.0,522.0,518.0,514.0,523.0,24319.72317429981,91.59022306629632,United States,2,1,1,3,1,1,1,3,1,1,2,3,1,2,5,3,46.64,54.95,3,49.54,43.98,719843612,826124360,394085555,2917.27,6121.42,336854198,3368.64,7155.45,1562334,1424182.0,117022,53.992,0,0.0
2021-08-09,United States,120252.0,35647410.0,648.0,615590.0,782741.0,4706.0,36.4,53.4,1356599.0,7774.0,120.8,88.7,352.09375,1.8973218,104374.4,1802.4265,2291.8389,13.779007,3972.0754,22.762007,180.24265,0.18973218,111820.14,672.2857,327.40555,1.9684296,0.19684295,1.7268857,1.7268857,0.97121644,524.0,523.0,519.0,515.0,524.0,24325.73618250247,91.59930885824984,United States,2,1,1,3,1,1,1,3,1,1,2,3,1,2,5,3,46.64,54.94,3,49.54,43.98,719301059,824191750,393907478,2861.04,6010.43,336410157,3308.05,7013.45,1063291,1442236.0,117719,53.224,0,0.0
2021-08-10,United States,96790.0,35744200.0,527.0,616117.0,818343.0,4863.0,38.3,52.5,1410183.0,8052.0,120.0,89.5,283.39783,1.543038,104657.8,1803.9695,2396.0803,14.238698,4128.968,23.575981,180.39696,0.1543038,116906.14,694.7143,342.29718,2.0340996,0.20340997,1.7236838,1.7236838,0.9494227,525.0,524.0,520.0,516.0,525.0,24331.74715389789,91.60839157254132,United States,2,1,1,4,1,1,1,3,1,1,2,3,1,2,5,3,49.41,56.72,3,52.31,46.76,720536091,825720300,394753439,2865.18,6021.65,336824466,3315.59,7023.88,1235032,1489249.0,121898,53.251,0,0.0
2021-08-11,United States,93050.0,35837250.0,720.0,616837.0,808984.0,4927.0,29.9,43.5,1431988.0,8361.0,109.6,91.5,272.44724,2.1081355,104930.24,1806.0776,2368.6775,14.426087,4192.812,24.480722,180.60777,0.21081354,115569.14,703.8571,338.3825,2.0608697,0.20608696,1.7212174,1.7212174,0.90058964,526.0,525.0,521.0,517.0,526.0,24337.75608848617,91.617471209171,United States,2,1,1,4,1,1,1,3,1,1,2,3,1,2,5,3,49.4,56.72,3,52.31,46.76,721858369,828204840,395622161,2870.27,6033.5,337316338,3323.53,7041.52,1322278,1469273.0,119071,53.238,0,0.0
2021-08-12,United States,135427.0,35972677.0,961.0,617798.0,834128.0,5188.0,28.8,42.7,1481610.0,8823.0,101.8,94.9,396.52563,2.813775,105326.766,1808.8915,2442.2983,15.190287,4338.1035,25.833443,180.88914,0.28137752,119161.14,741.1429,348.89975,2.1700408,0.21700409,1.717409,1.717409,0.90405643,527.0,526.0,522.0,518.0,527.0,24343.762986267397,91.62654776813892,United States,2,1,1,4,1,1,1,3,1,1,2,3,1,2,5,3,49.4,56.71,3,52.31,46.76,725676500,834482750,397854084,3000.36,6301.05,339045356,3471.27,7366.61,1347693,1412920.0,118144,54.850998,0,0.0
2021-08-13,United States,143479.0,36116156.0,612.0,618410.0,850774.0,5059.0,24.2,30.3,1535940.0,8941.0,95.7,91.0,420.10162,1.791915,105746.87,1810.6833,2491.037,14.812579,4497.1797,26.178942,181.06833,0.17919151,121539.14,722.7143,355.86246,2.1160827,0.21160828,1.7122808,1.7122808,0.8547918,528.0,527.0,523.0,519.0,528.0,24349.767847241423,91.63562124944494,United States,2,1,1,4,1,1,1,3,1,1,2,3,1,2,5,3,52.03,58.4,3,57.87,46.76,727530633,840732000,399014302,3006.33,6316.26,339740669,3480.65,7411.16,1854133,1440894.0,119250,54.672,0,0.0
2021-08-14,United States,151161.0,36267317.0,973.0,619383.0,874081.0,5279.0,22.5,27.5,1587734.0,9419.0,88.2,94.0,442.59424,2.8489108,106189.46,1813.5322,2559.2793,15.456732,4648.831,27.57851,181.35323,0.28489107,124868.71,754.1429,365.61133,2.2081046,0.22081046,1.7078269,1.7078269,0.84734607,529.0,528.0,524.0,520.0,529.0,24355.770671408274,91.64469165308904,United States,2,1,1,4,1,1,1,3,1,1,2,3,1,2,5,3,52.02,58.4,3,57.87,46.76,726444099,840307320,398504953,2966.97,6236.57,339066413,3437.22,7328.46,2005783,1485533.0,121781,53.734,0,0.0
2021-08-15,United States,146305.0,36413622.0,1196.0,620579.0,886464.0,5637.0,19.3,26.6,1629520.0,10090.0,79.8,101.4,428.37604,3.501847,106617.84,1817.034,2595.5364,16.504944,4771.1787,29.543175,181.70341,0.3501847,126637.71,805.2857,370.7909,2.3578491,0.2357849,1.7042496,1.7042496,0.8706033,530.0,529.0,525.0,521.0,530.0,24361.771458767937,91.65375897907124,United States,2,1,1,4,1,1,1,3,1,1,2,3,1,2,5,3,52.01,58.39,3,57.87,46.76,727750974,840340900,399297754,2939.9,6181.27,339595997,3407.09,7241.74,1343996,1454365.0,118136,53.075,0,0.0
2021-08-16,United States,139848.0,36553470.0,904.0,621483.0,906060.0,5893.0,15.8,25.2,1688801.0,10599.0,76.9,102.9,409.47015,2.646881,107027.31,1819.681,2652.9126,17.254503,4944.7515,31.03351,181.9681,0.2646881,129437.14,841.8571,378.98752,2.4649289,0.24649289,1.7002025,1.7002025,0.8600835,531.0,530.0,526.0,522.0,531.0,24367.77020932053,91.6628232273917,United States,2,1,1,4,1,1,1,3,1,1,2,3,1,2,5,3,53.75,59.5,3,61.57,46.76,719234546,826936890,394671342,2849.58,5976.31,335636140,3301.1199,6968.34,1618334,1540987.0,127259,51.609,0,0.0
2021-08-17,United States,110712.0,36664182.0,679.0,622162.0,919982.0,6045.0,12.4,24.3,1738325.0,10908.0,76.0,100.3,324.16095,1.9880888,107351.47,1821.6691,2693.6758,17.699553,5089.7563,31.938251,182.1669,0.19880888,131426.0,863.5714,384.81082,2.5285077,0.25285077,1.6969204,1.6969204,0.8470503,532.0,531.0,527.0,523.0,532.0,24373.766923065938,91.67188439805022,United States,2,1,1,4,1,1,1,3,1,1,2,3,1,2,5,3,53.73,59.49,3,61.57,46.76,733812644,846948400,402727927,3028.62,6370.44,342156957,3512.92,7464.61,1206978,1544309.0,132998,54.755,0,0.0
2021-08-18,United States,108955.0,36773137.0,845.0,623007.0,935887.0,6170.0,15.7,25.2,1744871.0,11097.0,67.0,90.7,319.0165,2.474131,107670.49,1824.1432,2740.245,18.06555,5108.923,32.49164,182.41432,0.24741311,133698.14,881.4286,391.4636,2.5807927,0.25807926,1.6941905,1.6941905,0.83035463,533.0,532.0,528.0,524.0,533.0,24379.76160000416,91.68094249104684,United States,2,1,1,4,1,1,1,3,1,1,2,3,1,2,5,3,53.71,59.48,3,61.57,46.76,735237507,851230700,403527145,3034.81,6383.22,342740219,3519.82,7494.83,1424863,1558671.0,134155,54.656,0,0.0
2021-08-19,United States,150448.0,36923585.0,1193.0,624200.0,950908.0,6402.0,14.0,23.4,1785036.0,11590.0,61.7,87.0,440.5066,3.4930632,108110.99,1827.6362,2784.226,18.744837,5226.5244,33.935123,182.76363,0.34930632,135844.0,914.5714,397.74658,2.6778338,0.2677834,1.6905184,1.6905184,0.81789505,534.0,533.0,529.0,525.0,534.0,24385.7542401352,91.68999750638156,United States,2,1,1,4,1,1,1,3,1,1,2,3,1,2,5,3,53.7,59.47,3,61.57,46.76,737300431,856368570,404656946,3042.51,6400.98,343559169,3529.62,7532.7,2062924,1660561.0,142679,54.538,0,0.0
2021-08-20,United States,168162.0,37091747.0,1497.0,625697.0,975591.0,7287.0,14.7,44.0,1826365.0,12346.0,56.1,88.7,492.3726,4.383165,108603.37,1832.0194,2856.497,21.336086,5347.534,36.148666,183.20195,0.4383165,139370.14,1041.0,408.071,3.0480125,0.30480126,1.6868901,1.6868901,0.8904579,535.0,534.0,530.0,526.0,535.0,24391.744843459164,91.69904944405452,United States,2,1,1,4,1,1,1,3,1,1,2,3,1,2,5,3,53.67,59.45,3,61.57,46.76,739341628,864236750,405733187,3050.35,6419.4,344379068,3539.43,7596.13,2041197,1687283.0,147355,54.268,0,0.0
2021-08-21,United States,174382.0,37266129.0,1381.0,627078.0,998812.0,7695.0,14.3,45.8,1872893.0,12974.0,52.8,86.5,510.58453,4.043521,109113.95,1836.063,2924.4873,22.530697,5483.7666,37.987427,183.6063,0.40435207,142687.42,1099.2858,417.7839,3.218671,0.3218671,1.6827023,1.6827023,0.9511931,536.0,535.0,531.0,527.0,536.0,24397.733409976005,91.70809830406566,United States,2,1,1,4,1,1,1,3,1,1,2,3,1,2,5,3,53.66,59.44,3,61.57,46.76,741460274,869071180,406791786,3057.96,6440.78,345201326,3549.55,7637.12,2118646,1703406.0,154060,54.157,0,0.0
2021-08-22,United States,167459.0,37433588.0,1556.0,628634.0,1019966.0,8055.0,15.1,42.9,1906430.0,13692.0,47.8,85.5,490.31424,4.555915,109604.266,1840.6189,2986.4255,23.584764,5581.962,40.089706,184.06189,0.45559147,145709.42,1150.7142,426.63223,3.3692522,0.3369252,1.6793314,1.6793314,0.9656791,537.0,536.0,532.0,528.0,537.0,24403.719939685543,91.71714408641472,United States,2,1,1,4,1,1,1,3,1,1,2,3,1,2,5,3,53.65,59.43,3,61.57,46.76,743423328,869121740,407754698,3064.21,6454.45,346037624,3556.02,7637.45,1963054,1791815.0,161487,54.267,0,0.0
2021-08-23,United States,141824.0,37575412.0,1169.0,629803.0,1021942.0,8320.0,12.8,41.2,1928002.0,14213.0,42.1,82.8,415.25583,3.422792,110019.52,1844.0416,2992.2112,24.360676,5645.124,41.615177,184.40416,0.3422792,145991.72,1188.5714,427.45874,3.4800966,0.34800965,1.6761041,1.6761041,0.97793305,538.0,537.0,533.0,529.0,538.0,24409.70443258801,91.72618679110204,United States,2,1,1,4,1,1,1,3,1,1,2,3,1,2,5,3,53.63,59.42,3,61.57,46.76,735091924,858634655,403142397,3008.71,6340.88,341943231,3493.78,7502.72,1211746,1726881.0,154973,52.505,0,0.0
2021-08-24,United States,124481.0,37699893.0,899.0,630702.0,1035711.0,8540.0,12.6,41.3,1955693.0,14585.0,38.7,81.1,364.4761,2.6322412,110384.0,1846.674,3032.5264,25.004827,5726.202,42.70438,184.66739,0.26322412,147958.72,1220.0,433.21805,3.5721183,0.35721183,1.6729543,1.6729543,0.97702616,539.0,538.0,534.0,530.0,539.0,24415.686888683354,91.73522641812752,United States,2,1,2,4,1,1,1,3,1,1,2,3,1,2,5,3,56.6,61.32,3,61.57,52.31,736384866,858635495,403782280,3014.49,6354.86,342497525,3501.21,7503.12,1292942,1732318.0,153058,52.614,0,0.0
2021-08-25,United States,120825.0,37820718.0,1205.0,631907.0,1047581.0,8900.0,11.9,44.2,1983468.0,15070.0,38.5,80.2,353.77148,3.5281987,110737.77,1850.2021,3067.2812,26.058895,5807.5264,44.124447,185.0202,0.3528199,149654.42,1271.4286,438.18304,3.7226994,0.37226993,1.6707959,1.6707959,1.0039889,540.0,539.0,535.0,531.0,540.0,24421.66730797157,91.74426296749118,United States,2,1,2,4,1,1,1,3,1,1,2,3,1,2,5,3,56.58,61.31,3,61.57,52.31,738458888,862012975,404812529,3021.82,6370.41,343416713,3508.92,7530.03,1860563,1795336.0,157036,53.529,0,0.0
2021-08-26,United States,162414.0,37983132.0,1655.0,633562.0,1059547.0,9362.0,11.4,46.2,2010455.0,15764.0,35.7,78.7,475.54263,4.845783,111213.31,1855.0479,3102.3174,27.411615,5886.5435,46.156452,185.50479,0.48457834,151363.86,1337.4286,443.1882,3.915945,0.39159453,1.6680088,1.6680088,1.0332649,541.0,540.0,536.0,532.0,541.0,24427.64569045254,91.75329643919284,United States,2,1,2,4,1,1,1,3,1,1,2,3,1,2,5,3,56.57,61.3,3,61.57,52.31,715749696,842738835,391915033,2921.47,6154.19,332947887,3387.22,7336.32,1798325,1763081.0,154950,51.434,0,0.0
2021-08-27,United States,176904.0,38160036.0,1658.0,635220.0,1068289.0,9523.0,9.5,30.7,2043880.0,16810.0,33.1,88.0,517.9689,4.8545675,111731.28,1859.9025,3127.9136,27.883018,5984.4106,49.219105,185.99025,0.48545673,152612.72,1360.4286,446.84482,3.9832883,0.39832884,1.6646211,1.6646211,1.035129,542.0,541.0,537.0,533.0,542.0,24433.62203612633,91.76232683323258,United States,2,1,2,4,1,1,1,3,1,1,2,3,1,2,5,3,56.56,61.29,3,61.57,52.31,728022554,860156660,398455761,2985.54,6290.08,338726309,3460.19,7522.97,2125925,1780728.0,153288,52.127,10829112,96.02
2021-08-28,United States,186271.0,38346307.0,1760.0,636980.0,1080178.0,9902.0,8.1,28.7,2078990.0,17597.0,30.9,86.8,545.39514,5.1532197,112276.68,1865.0557,3162.7244,28.992718,6087.2114,51.523415,186.50557,0.51532197,154311.14,1414.5714,451.81775,4.1418166,0.41418168,1.6611247,1.6611247,1.0580337,543.0,542.0,538.0,534.0,543.0,24439.59634499304,91.77135414961056,United States,2,1,2,4,1,1,1,3,1,1,2,3,1,2,5,3,56.55,61.28,3,61.57,52.31,730132424,863817300,399471356,2992.57,6306.39,339622644,3468.26,7560.47,2109870,1783647.0,146449,52.022,11084798,97.58
2021-08-29,United States,182171.0,38528478.0,1837.0,638817.0,1094890.0,10183.0,7.3,26.4,2114856.0,18238.0,29.8,80.8,533.39044,5.378673,112810.07,1870.4343,3205.8005,29.815475,6192.226,53.40024,187.04344,0.5378673,156412.86,1454.7142,457.9715,4.2593536,0.42593536,1.6580385,1.6580385,1.0708712,544.0,543.0,539.0,535.0,544.0,24445.56861705263,91.78037838832677,United States,2,1,2,4,1,1,1,3,1,1,2,3,1,2,5,3,56.54,61.28,3,61.57,52.31,732008141,864991100,400342710,2999.19,6322.64,340446627,3476.81,7571.28,1875717,1775348.0,150553,52.091,11308498,98.83
2021-08-30,United States,150022.0,38678500.0,1460.0,640277.0,1103088.0,10474.0,7.9,25.9,2125030.0,18794.0,25.8,77.3,439.25928,4.2748303,113249.33,1874.7092,3229.804,30.667515,6222.015,55.02819,187.47092,0.42748302,157584.0,1496.2858,461.40057,4.3810735,0.43810734,1.6553822,1.6553822,1.0736057,545.0,544.0,540.0,536.0,545.0,24451.538852304977,91.78939954938092,United States,2,1,2,4,1,1,1,3,1,1,2,3,1,2,5,3,56.53,61.27,3,61.57,52.31,733335418,864988820,400928629,3003.36,6332.88,341050129,3482.16,7571.25,1327277,1795252.0,152501,52.178,11465589,99.78
2021-08-31,United States,115672.0,38794172.0,1183.0,641460.0,1094279.0,10758.0,5.7,26.0,2129990.0,19298.0,22.5,76.9,338.68365,3.4637835,113588.01,1878.173,3204.0115,31.499056,6236.538,56.503883,187.81729,0.34637836,156325.58,1536.8572,457.71594,4.499865,0.44998652,1.6534958,1.6534958,1.0770795,546.0,545.0,541.0,537.0,546.0,24457.507050750253,91.79841763277338,United States,2,1,2,4,1,1,1,3,1,1,2,3,1,2,5,3,56.52,61.26,3,61.57,52.31,734585235,867582130,401475325,3008.37,6345.21,341613747,3488.73,7591.74,1249817,1792492.0,150528,52.145,11621057,100.83
2021-09-01,United States,138600.0,38932772.0,1243.0,642703.0,1112054.0,10796.0,6.2,21.3,2159635.0,19696.0,23.8,77.5,405.81607,3.6394615,113993.83,1881.8124,3256.0562,31.61032,6323.3374,57.669216,188.18124,0.36394614,158864.86,1542.2858,465.15088,4.51576,0.451576,1.650802,1.650802,1.0584667,547.0,546.0,542.0,538.0,547.0,24463.4732123884,91.80743263850398,United States,2,1,2,4,1,1,0,3,1,1,2,3,1,2,5,3,52.48,58.65,3,56.02,49.54,736699757,872490280,402464472,3016.33,6362.13,342560194,3497.07,7632.68,2114522,1832179.0,152776,51.968,11857931,102.31
2021-09-02,United States,176801.0,39109573.0,1807.0,644510.0,1126441.0,10948.0,6.3,16.9,2185988.0,20310.0,22.5,75.2,517.6673,5.2908344,114511.49,1887.1033,3298.1807,32.05537,6400.498,59.466988,188.71033,0.52908343,160920.14,1564.0,471.16867,4.5793386,0.45793384,1.6479597,1.6479597,1.0712937,548.0,547.0,543.0,539.0,548.0,24469.43733721925,91.8164445665725,United States,2,1,2,4,1,1,0,3,1,1,2,3,1,2,5,3,52.47,58.64,3,56.02,49.54,733764230,871077205,400653206,2973.37,6273.56,341113221,3446.11,7547.58,1633978,1808074.0,149667,51.014,12034691,103.79
2021-09-03,United States,197627.0,39307200.0,2015.0,646525.0,1147164.0,11305.0,7.4,18.7,2215453.0,20828.0,21.3,68.7,578.6451,5.8998513,115090.14,1893.003,3358.857,33.100655,6486.7705,60.983673,189.30031,0.58998513,163880.58,1615.0,479.8367,4.728665,0.47286648,1.6448004,1.6448004,1.0915207,549.0,548.0,544.0,540.0,549.0,24475.39942524297,91.8254534169792,United States,2,1,2,4,1,1,0,3,1,1,2,3,1,2,5,3,52.46,58.63,3,56.02,49.54,736528788,874826165,401728334,2984.75,6300.63,342219685,3457.53,7580.37,2764558,1898688.0,164114,51.046,12677257,108.9
2021-09-04,United States,183417.0,39490617.0,2028.0,648553.0,1144310.0,11573.0,5.9,16.9,2224488.0,21475.0,18.8,65.5,537.0387,5.937915,115627.18,1898.941,3350.5005,33.88535,6513.2246,62.878067,189.8941,0.5937915,163472.86,1653.2858,478.64294,4.840764,0.4840764,1.6422964,1.6422964,1.1047356,550.0,549.0,545.0,541.0,550.0,24481.35947645968,91.83445918972424,United States,2,1,2,4,1,1,0,3,1,1,2,3,1,2,5,3,52.45,58.63,3,56.02,49.54,738448142,879839795,402603518,2992.27,6317.37,343064983,3465.18,7618.57,1919354,1872214.0,164802,50.927002,12922191,110.73
2021-09-05,United States,182112.0,39672729.0,1973.0,650526.0,1144251.0,11709.0,4.5,15.0,2239141.0,21892.0,17.5,59.9,533.2177,5.7768764,116160.4,1904.7179,3350.328,34.28355,6556.1284,64.09903,190.47179,0.5776877,163464.42,1672.7142,478.61826,4.8976502,0.48976502,1.6397309,1.6397309,1.1050949,551.0,550.0,546.0,542.0,551.0,24487.317490869144,91.84346188480728,United States,2,1,2,4,1,1,0,3,0,1,2,3,1,2,5,3,52.45,58.62,3,56.02,49.54,0,0,0,0.0,0.0,0,0.0,0.0,0,1745180.0,153531,0.0,0,0.0
2021-09-06,United States,141762.0,39814491.0,1490.0,652016.0,1135991.0,11739.0,3.0,12.1,2239079.0,22213.0,16.1,56.3,415.07428,4.362669,116575.47,1909.0806,3326.1428,34.37139,6555.947,65.0389,190.90805,0.4362669,162284.42,1677.0,475.16327,4.9101987,0.49101987,1.6376349,1.6376349,1.0988599,552.0,551.0,547.0,543.0,552.0,24493.273468471423,91.8524615022284,United States,2,1,2,4,1,1,0,3,0,1,2,3,1,2,5,3,52.45,58.62,3,56.02,49.54,0,0,0,0.0,0.0,0,0.0,0.0,0,1696494.0,150902,0.0,0,0.0
2021-09-07,United States,123082.0,39937573.0,1324.0,653340.0,1143401.0,11880.0,4.5,10.4,2237680.0,22638.0,14.4,55.2,360.37988,3.8766267,116935.85,1912.9572,3347.839,34.784233,6551.8506,66.28329,191.29572,0.38766268,163343.0,1697.1428,478.26273,4.9691763,0.49691764,1.6359031,1.6359031,1.0998187,553.0,552.0,548.0,544.0,553.0,24499.22740926652,91.86145804198762,United States,2,1,2,4,1,1,0,3,0,1,2,3,1,2,5,3,52.44,58.61,3,56.02,49.54,741392011,879732805,403915372,3003.43,6342.04,344408531,3476.55,7617.85,0,1658872.0,145067,51.132,13262706,113.39
2021-09-08,United States,116004.0,40053577.0,1092.0,654432.0,1120805.0,11729.0,0.8,8.6,2232859.0,22525.0,12.6,49.5,339.65576,3.1973386,117275.51,1916.1545,3281.6787,34.34211,6537.735,65.95243,191.61545,0.31973386,160115.0,1675.5714,468.81125,4.906016,0.4906016,1.6338916,1.6338916,1.0712491,554.0,553.0,549.0,545.0,554.0,24505.179313254543,91.87045150408508,United States,2,1,2,4,1,1,0,3,0,1,2,3,1,2,5,3,52.43,58.6,3,56.02,49.54,743252607,880634915,404747873,3010.89,6358.67,345269470,3484.73,7626.24,1860596,1623344.0,144915,51.219,13463382,114.97
2021-09-09,United States,114676.0,40168253.0,1522.0,655954.0,1058680.0,11444.0,-6.0,4.5,2185121.0,22392.0,8.7,42.0,335.7674,4.456364,117611.27,1920.6108,3099.7788,33.50764,6397.9595,65.56301,192.0611,0.4456364,151240.0,1634.8572,442.82556,4.7868056,0.47868058,1.633016,1.633016,1.0374513,555.0,554.0,550.0,546.0,555.0,24511.12918043544,91.87944188852074,United States,2,1,2,4,1,1,0,3,0,1,2,3,1,2,5,3,52.42,58.6,3,56.02,49.54,744596739,885021715,405309801,3016.38,6369.89,345923813,3489.58,7660.12,1344132,1581936.0,141316,51.074,13638880,116.25
2021-09-10,United States,171241.0,40339494.0,2119.0,658073.0,1032294.0,11548.0,-10.0,2.1,2179458.0,22853.0,6.6,35.9,501.3878,6.2043595,118112.66,1926.8153,3022.5215,33.81215,6381.3784,66.9128,192.68152,0.62043595,147470.58,1649.7142,431.7888,4.830307,0.4830307,1.6313368,1.6313368,1.0553068,556.0,555.0,551.0,547.0,556.0,24517.07701080909,91.88842919529438,United States,2,1,2,4,1,1,0,3,0,1,2,3,1,2,5,3,52.41,58.59,3,56.02,49.54,746453347,888086275,406088978,3024.93,6387.69,346829975,3497.93,7701.81,1856608,1452225.0,128102,50.929,13855953,117.66
2021-09-11,United States,183714.0,40523208.0,2246.0,660319.0,1032591.0,11766.0,-9.8,1.7,2176901.0,23339.0,4.7,32.6,537.9083,6.5762115,118650.57,1933.3915,3023.391,34.450447,6373.8916,68.33579,193.33914,0.65762115,147513.0,1680.8572,431.91302,4.921492,0.49214923,1.6294836,1.6294836,1.0580422,557.0,556.0,552.0,548.0,557.0,24523.022804375563,91.89741342440612,United States,2,1,2,4,1,1,0,3,0,1,2,3,1,2,5,3,52.41,58.58,3,56.02,49.54,748233422,892708615,406865282,3032.47,6403.55,347669583,3504.93,7740.33,1780075,1432330.0,126800,50.827,14062762,119.12
2021-09-12,United States,172091.0,40695299.0,2292.0,662611.0,1022570.0,12085.0,-10.6,3.2,2166821.0,23794.0,2.5,30.5,503.87656,6.7108974,119154.445,1940.1024,2994.05,35.384468,6344.378,69.66802,194.01024,0.67108977,146081.42,1726.4286,427.72144,5.054924,0.5054924,1.628225,1.628225,1.0728481,558.0,557.0,553.0,549.0,558.0,24528.96656113502,91.90639457585618,United States,2,1,2,4,1,1,0,3,0,1,2,3,1,2,5,3,52.4,58.58,3,56.02,49.54,737928371,878360380,401306021,2988.28,6312.99,342637688,3456.82,7617.86,1515035,1508884.0,130208,50.093998,13912539,117.25
2021-09-13,United States,153543.0,40848842.0,1739.0,664350.0,1034351.0,12334.0,-8.9,5.1,2170342.0,24073.0,2.1,28.1,449.56866,5.0917325,119604.016,1945.1941,3028.5444,36.11353,6354.687,70.484924,194.51941,0.5091733,147764.42,1762.0,432.6492,5.1590757,0.5159076,1.6263618,1.6263618,1.0751733,559.0,558.0,554.0,550.0,559.0,24534.908281087293,91.91537264964435,United States,2,1,2,4,1,1,0,3,0,1,2,3,1,2,5,3,52.4,58.57,3,56.02,49.54,734734226,871932810,399291049,2951.84,6233.12,341215253,3409.5,7486.77,1119344,1530056.0,130299,49.488,14011240,117.950005
2021-09-14,United States,113838.0,40962680.0,1140.0,665490.0,1025107.0,12150.0,-10.3,2.3,2168508.0,24030.0,1.8,24.5,333.31378,3.337881,119937.33,1948.532,3001.4783,35.574783,6349.3174,70.35902,194.8532,0.3337881,146443.86,1735.7142,428.78262,5.0821123,0.5082112,1.6246252,1.6246252,1.0617752,560.0,559.0,555.0,551.0,560.0,24540.84796423232,91.92434764577052,United States,2,1,2,4,1,1,0,3,0,1,2,3,1,2,5,3,52.39,58.57,3,56.02,49.54,740235705,882327430,402341163,2997.58,6333.06,343770551,3465.93,7650.32,1171951,1558741.0,135330,50.046,14096949,118.87
2021-09-15,United States,118971.0,41081651.0,1352.0,666842.0,1028074.0,12410.0,-8.3,5.8,2148879.0,24139.0,-0.5,22.6,348.34302,3.9586098,120285.67,1952.4906,3010.1655,36.336056,6291.844,70.67817,195.24905,0.39586097,146867.72,1772.8572,430.02365,5.190865,0.51908654,1.6232113,1.6232113,1.0845523,561.0,560.0,556.0,552.0,561.0,24546.785610570165,91.93331956423476,United States,2,1,2,4,1,1,0,3,0,1,2,3,1,2,5,3,52.38,58.56,3,56.02,49.54,741881036,886900170,403077903,3003.4,6344.95,344560029,3471.5898,7691.15,1645331,1528294.0,128600,49.855,14263648,120.0
2021-09-16,United States,162147.0,41243798.0,2413.0,669255.0,1075545.0,13301.0,1.6,16.2,2134225.0,24745.0,-2.4,21.8,474.76086,7.0651817,120760.43,1959.5558,3149.159,38.944874,6248.938,72.452515,195.95558,0.7065182,153649.28,1900.1428,449.87985,5.5635533,0.55635536,1.6226803,1.6226803,1.170872,562.0,561.0,557.0,553.0,562.0,24552.721220101,91.94228840503736,United States,2,1,2,4,1,1,0,3,0,1,2,3,1,2,5,3,52.37,58.55,3,56.02,49.54,755221129,903821535,409993758,3059.75,6460.3,351095226,3531.53,7852.6,1509387,1552205.0,132796,50.547,14681590,123.69
2021-09-17,United States,163128.0,41406926.0,2499.0,671754.0,1067432.0,13681.0,3.4,18.5,2099726.0,25229.0,-5.2,21.1,477.6332,7.3169866,121238.06,1966.8728,3125.4043,40.0575,6147.926,73.86965,196.68727,0.73169863,152490.28,1954.4286,446.48636,5.7225,0.57225,1.6223228,1.6223228,1.1965181,563.0,562.0,558.0,554.0,563.0,24558.654792824644,91.95125416817804,United States,2,1,2,4,1,1,0,3,0,1,2,3,1,2,5,3,52.36,58.54,3,56.02,49.54,754377156,904655040,409270787,3005.67,6346.55,350750671,3466.17,7744.69,1875191,1555069.0,130213,49.53,14861398,124.38
2021-09-18,United States,167335.0,41574261.0,2108.0,673862.0,1051053.0,13543.0,1.8,15.1,2083644.0,25309.0,-6.3,17.9,489.95117,6.172152,121728.016,1973.0449,3077.4473,39.653442,6100.8384,74.10389,197.30449,0.6172152,150150.42,1934.7142,439.6353,5.6647773,0.5664777,1.6208634,1.6208634,1.2083279,564.0,563.0,559.0,555.0,564.0,24564.586328741047,91.96021685365672,United States,2,1,2,4,1,1,0,3,0,1,2,3,1,2,5,3,52.36,58.54,3,56.02,49.54,756181090,909001760,410041347,3013.55,6361.59,351657586,3472.75,7777.15,1803934,1558686.0,129241,49.457,15044221,125.659996
2021-09-19,United States,158492.0,41732753.0,2339.0,676201.0,1037454.0,13590.0,1.5,12.5,2060024.0,25675.0,-8.0,17.3,464.05917,6.848512,122192.08,1979.8934,3037.63,39.791054,6031.6797,75.17552,197.98935,0.6848512,148207.72,1941.4286,433.9471,5.6844363,0.56844366,1.6203125,1.6203125,1.283674,565.0,564.0,560.0,556.0,565.0,24570.51582785032,91.96917646147358,United States,2,1,2,4,1,1,0,3,0,1,2,3,1,2,5,3,52.35,58.53,3,56.02,49.54,755677762,906727840,409532938,2962.3,6241.71,351537875,3400.59,7616.35,1338153,1533624.0,128886,48.729,15165396,126.08
2021-09-20,United States,122574.0,41855327.0,1589.0,677790.0,1006485.0,13440.0,-2.7,9.0,2040836.0,25774.0,-8.9,16.0,358.8925,4.652538,122550.97,1984.5459,2946.9536,39.35186,5975.498,75.46539,198.45459,0.46525377,143783.58,1920.0,420.99338,5.6216946,0.56216943,1.6193638,1.6193638,1.3019546,566.0,565.0,561.0,557.0,566.0,24576.44329015247,91.9781329916286,United States,2,1,2,4,1,1,0,3,0,1,2,3,1,2,5,3,52.35,58.53,3,56.02,49.54,745572116,892911095,403656742,2903.18,6121.76,346570748,3332.26,7471.22,1270319,1554593.0,128998,47.892,15286963,126.67
2021-09-21,United States,94644.0,41949971.0,1194.0,678984.0,987291.0,13494.0,-3.7,11.1,2012398.0,25644.0,-10.1,13.3,277.1144,3.4959912,122828.08,1988.042,2890.7544,39.50997,5892.2324,75.084755,198.8042,0.34959912,141041.58,1927.7142,412.9649,5.6442814,0.56442815,1.6185565,1.6185565,1.3068098,567.0,566.0,562.0,558.0,567.0,24582.36871564755,91.9870864441219,United States,2,1,2,4,1,1,0,3,0,1,2,3,1,2,5,3,52.34,58.52,3,56.02,49.54,746528237,894259855,404035890,2823.1,5961.31,347069226,3238.1301,7303.17,986670,1527534.0,127068,46.942,15381363,127.39
2021-09-22,United States,98378.0,42048349.0,1368.0,680352.0,966698.0,13510.0,-6.0,8.9,1994772.0,25920.0,-10.7,15.1,288.04742,4.0054574,123116.125,1992.0474,2830.4587,39.55682,5840.624,75.892876,199.20474,0.40054572,138099.72,1930.0,404.35126,5.6509743,0.5650974,1.6180232,1.6180232,1.3211809,568.0,567.0,563.0,559.0,568.0,24588.292104335327,91.99603681895309,United States,2,1,2,4,1,1,0,3,0,1,2,3,1,2,5,3,52.33,58.52,3,56.02,49.54,745154045,892896050,403419527,2753.06,5819.07,346555523,3167.54,7136.14,1398031,1495091.0,127233,45.271,15287534,122.9
2021-09-23,United States,132981.0,42181330.0,2345.0,682697.0,937532.0,13442.0,-12.8,1.1,2013077.0,26743.0,-7.9,19.4,389.36383,6.86608,123505.49,1998.9135,2745.0618,39.357716,5894.2207,78.30259,199.89134,0.68660796,133933.14,1920.2858,392.15167,5.622531,0.5622531,1.6184814,1.6184814,1.2995589,569.0,568.0,564.0,560.0,569.0,24594.213456215977,92.00498411612246,United States,2,1,2,4,1,1,0,3,0,1,2,3,1,2,5,3,52.33,58.51,3,56.02,49.54,739722003,884681390,400234187,3002.35,6321.11,344732005,3441.54,7737.89,1031691,1435427.0,124442,48.547,14658257,129.32
2021-09-24,United States,132730.0,42314060.0,2350.0,685047.0,907134.0,13293.0,-15.0,-2.8,1974566.0,26974.0,-9.4,18.0,388.6289,6.8807197,123894.125,2005.7942,2656.0574,38.92145,5781.462,78.97895,200.57942,0.68807197,129590.57,1899.0,379.43677,5.560207,0.55602074,1.6189584,1.6189584,1.2967427,570.0,569.0,565.0,561.0,570.0,24600.13277128956,92.01392833563008,United States,2,1,2,4,1,1,0,3,0,1,2,3,1,2,5,3,52.32,58.5,3,56.02,49.54,741198443,886830090,400834745,3058.3699,6443.42,345458900,3506.96,7874.51,1415924,1375594.0,122972,49.449,14846986,131.75
2021-09-25,United States,138256.0,42452316.0,2073.0,687120.0,878055.0,13258.0,-16.5,-2.1,1929108.0,26801.0,-11.4,14.8,404.80884,6.069673,124298.93,2011.8639,2570.915,38.81897,5648.3623,78.47241,201.18639,0.60696733,125436.43,1894.0,367.2736,5.545567,0.5545567,1.6185689,1.6185689,1.2895958,571.0,570.0,566.0,562.0,571.0,24606.050049555957,92.0228694774758,United States,2,1,2,4,1,1,0,3,0,1,2,3,1,2,5,3,52.32,58.5,3,56.02,49.54,742708776,889032550,401431230,3065.9,6457.44,346195679,3512.13,7893.66,1510333,1339336.0,121693,49.436,15060637,133.35
2021-09-26,United States,132731.0,42585047.0,2465.0,689585.0,852294.0,13384.0,-17.8,-1.5,1889748.0,26974.0,-12.8,13.4,388.63184,7.217436,124687.56,2019.0813,2495.4878,39.187893,5533.1177,78.97895,201.90813,0.7217436,121756.29,1912.0,356.49823,5.598271,0.5598271,1.6193125,1.6193125,1.2443924,572.0,571.0,567.0,563.0,572.0,24611.965291015105,92.03180754165952,United States,2,1,2,4,1,1,0,3,0,1,2,3,1,2,5,3,52.31,58.5,3,56.02,49.54,744113052,889019970,401964816,3070.01,6466.84,346795126,3515.76,7893.73,1404276,1354156.0,120463,49.519,15357399,134.97
2021-09-27,United States,96166.0,42681213.0,1435.0,691020.0,825886.0,13230.0,-17.9,-1.6,1832371.0,26670.0,-15.6,10.8,281.57077,4.201631,124969.13,2023.283,2418.166,38.736988,5365.1196,78.08885,202.3283,0.4201631,117983.71,1890.0,345.45227,5.5338554,0.55338556,1.6190262,1.6190262,1.2394232,573.0,572.0,568.0,564.0,573.0,24617.87849566713,92.04074252818144,United States,2,1,2,4,1,1,0,3,0,1,2,3,1,2,5,3,52.31,58.49,3,56.02,49.54,745149916,889028090,402343371,3074.39,6477.58,347202517,3519.87,7893.81,1036864,1325852.0,124076,49.6,15613239,137.27
2021-09-28,United States,75238.0,42756451.0,1019.0,692039.0,806480.0,13055.0,-18.3,-3.3,1793771.0,26549.0,-17.3,10.5,220.2943,2.9835973,125189.43,2026.2666,2361.346,38.224594,5252.1,77.734566,202.62665,0.29835972,115211.43,1865.0,337.3351,5.460656,0.5460656,1.6185604,1.6185604,1.2420877,574.0,573.0,569.0,565.0,574.0,24623.789663512085,92.04967443704156,United States,2,1,2,4,1,1,0,3,0,1,2,3,1,2,5,3,52.3,58.49,3,56.02,49.54,355042658,417961385,188865037,3022.97,6370.88,163508262,3459.21,7764.76,557665,1364438.0,125414,48.751,7933631,138.11
2021-09-29,United States,107319.0,42863770.0,1957.0,693996.0,815421.0,13644.0,-15.6,1.0,1782119.0,27154.0,-17.1,12.5,314.22638,5.730029,125503.66,2031.9966,2387.525,39.949165,5217.9834,79.50598,203.19966,0.57300293,116488.71,1949.1428,341.07498,5.7070236,0.5707024,1.6190736,1.6190736,1.3151426,575.0,574.0,570.0,566.0,575.0,24629.698794549917,92.05860326823988,United States,2,1,2,4,1,1,0,3,0,1,2,3,1,2,5,3,52.3,58.48,3,56.02,49.54,780028057,934807175,420410518,3134.94,6615.9,362874563,3588.39,8072.36,752010,1369696.0,131247,50.338,17981120,150.77
2021-09-30,United States,115452.0,42979222.0,2155.0,696151.0,797892.0,13454.0,-14.9,0.1,1735424.0,26896.0,-18.7,8.7,338.03952,6.3097663,125841.695,2038.3064,2336.2004,39.392853,5081.262,78.75057,203.83063,0.6309766,113984.57,1922.0,333.74292,5.62755,0.56275505,1.6197385,1.6197385,1.3367313,576.0,575.0,571.0,567.0,576.0,24635.60588878044,92.06752902177612,United States,2,1,2,4,1,1,0,3,0,1,2,3,1,2,5,3,52.29,58.48,3,56.02,49.54,781848591,935389255,420982715,3139.55,6630.41,363402894,3592.82,8078.18,1820534,1473143.0,134563,50.416,18723158,156.28
2021-10-01,United States,116797.0,43096019.0,2253.0,698404.0,781959.0,13357.0,-13.8,0.5,1689093.0,26650.0,-19.6,5.6,341.97763,6.596707,126183.67,2044.9031,2289.5493,39.10884,4945.6064,78.03029,204.49031,0.6596707,111708.43,1908.1428,327.07846,5.586977,0.5586977,1.6205766,1.6205766,1.352894,577.0,576.0,572.0,568.0,577.0,24813.6,92.3364821661896,United States,2,1,2,4,1,1,0,3,0,1,2,3,1,2,5,3,52.28,58.47,3,56.02,49.54,772873201,927353375,415806236,3092.85,6540.67,358675070,3541.04,7989.28,1651679,1504243.0,137434,49.475,19306495,161.46
2021-10-02,United States,124042.0,43220061.0,1962.0,700366.0,767745.0,13246.0,-12.6,-0.1,1645800.0,26504.0,-21.0,4.7,363.19073,5.744669,126546.86,2050.6477,2247.9312,38.783836,4818.846,77.602806,205.06477,0.5744669,109677.86,1892.2858,321.13303,5.540548,0.5540548,1.620465,1.620465,1.3702314,578.0,577.0,573.0,569.0,578.0,24647.413966820168,92.0853712958632,United States,2,1,2,4,1,1,0,3,0,1,2,3,1,2,5,3,52.28,58.46,3,56.02,49.54,774657189,929855065,416324667,3096.94,6554.67,359226817,3545.01,8014.7603,1783988,1540843.0,137536,49.43,20049748,167.52
2021-10-03,United States,120674.0,43340735.0,2211.0,702577.0,755688.0,12992.0,-11.3,-2.9,1607982.0,26376.0,-21.9,2.7,353.32935,6.4737325,126900.19,2057.1213,2212.6287,38.04013,4708.116,77.22803,205.71214,0.64737326,107955.43,1856.0,316.0898,5.4343047,0.54343045,1.6210546,1.6210546,1.385766,579.0,578.0,574.0,570.0,579.0,24653.31495062937,92.09428781641404,United States,2,1,2,4,1,1,0,3,0,1,2,3,1,2,5,3,52.28,58.46,3,56.02,49.54,777054885,929948815,417026785,3101.07,6570.03,359899812,3549.34,8017.59,2397696,1680267.0,146241,49.524,21074755,173.84
2021-10-04,United States,81968.0,43422703.0,1287.0,703864.0,741490.0,12844.0,-10.2,-2.9,1567376.0,26074.0,-23.2,1.2,239.9995,3.768292,127140.19,2060.8896,2171.0574,37.606792,4589.223,76.34378,206.08897,0.3768292,105927.14,1834.8572,310.15106,5.372399,0.5372399,1.6209586,1.6209586,1.4158878,580.0,579.0,575.0,571.0,580.0,24659.21389763133,92.10320125930288,United States,2,1,2,4,1,1,0,3,0,0,2,3,1,2,5,3,52.27,58.46,3,56.02,49.54,778931914,929913295,417535627,3104.85,6583.59,360467384,3553.12,8017.89,1877029,1797799.0,150385,49.618,21879992,179.73999
2021-10-05,United States,66639.0,43489342.0,942.0,704806.0,732891.0,12767.0,-9.1,-2.2,1539371.0,25822.0,-23.5,0.7,195.11671,2.758144,127335.305,2063.648,2145.88,37.38134,4507.2256,75.605934,206.36479,0.27581438,104698.71,1823.8572,306.55426,5.3401914,0.5340191,1.6206408,1.6206408,1.4540092,581.0,580.0,576.0,572.0,581.0,24665.110807826102,92.1121116245298,United States,2,1,2,4,1,1,0,3,0,0,2,3,1,2,5,3,52.27,58.45,3,56.02,49.54,780494430,931773775,417992663,3110.11,6599.93,360999141,3557.49,8030.87,1562516,1844019.0,157855,49.658,22466338,186.44
2021-10-06,United States,91816.0,43581158.0,1356.0,706162.0,717388.0,12166.0,-12.0,-10.8,1532809.0,25810.0,-23.2,-0.4,268.8341,3.9703217,127604.14,2067.6182,2100.4875,35.62163,4488.012,75.5708,206.76183,0.39703217,102484.0,1738.0,300.06964,5.0888047,0.50888044,1.6203378,1.6203378,1.4274417,582.0,581.0,577.0,573.0,582.0,24671.005681213806,92.121018912095,United States,2,1,2,4,1,1,0,3,0,0,2,3,1,2,5,3,52.26,58.45,3,56.02,49.54,781423705,932627590,418002424,3063.61,6507.22,361174138,3502.95,7910.63,1896908,1910505.0,159477,48.876,23167265,191.31
2021-10-07,United States,101799.0,43682957.0,2055.0,708217.0,703735.0,12066.0,-11.8,-10.3,1501627.0,25520.0,-25.4,-4.6,298.064,6.0169697,127902.2,2073.6353,2060.512,35.328835,4396.7124,74.72169,207.36351,0.60169697,100533.57,1723.7142,294.35886,5.0469766,0.5046977,1.6212661,1.6212661,1.4609765,583.0,582.0,578.0,574.0,583.0,24676.898517794383,92.12992312199836,United States,2,1,2,4,1,1,0,3,0,0,2,3,1,2,5,3,52.26,58.44,3,56.02,49.54,783155191,936339670,418501560,3067.79,6522.44,361628510,3507.12,7944.51,1731486,1901805.0,161043,48.777,23959322,198.09
2021-10-08,United States,118223.0,43801180.0,2053.0,710270.0,705161.0,11866.0,-9.8,-11.2,1487120.0,25223.0,-24.7,-6.5,346.1529,6.0111136,128248.36,2079.6462,2064.6873,34.743244,4354.2363,73.85208,207.96463,0.6011114,100737.29,1695.1428,294.95532,4.9633203,0.49633205,1.6215773,1.6215773,1.4713322,584.0,583.0,579.0,575.0,584.0,24682.78931756772,92.13882425423972,United States,2,1,2,4,1,1,0,3,0,0,2,3,1,2,5,3,52.25,58.44,3,56.02,49.54,788128517,956507100,424827660,3125.75,6650.3,367469139,3569.93,8132.35,2157701,1974529.0,165198,49.419,25187280,209.08
2021-10-09,United States,113038.0,43914218.0,1738.0,712008.0,694157.0,11642.0,-9.6,-12.1,1461902.0,24888.0,-24.2,-7.1,330.9714,5.0888047,128579.33,2084.735,2032.468,34.08738,4280.399,72.871216,208.47351,0.50888044,99165.29,1663.1428,290.35257,4.8696256,0.48696256,1.621361,1.621361,1.4277288,585.0,584.0,580.0,576.0,585.0,24688.678080533864,92.14772230881914,United States,2,1,2,4,1,1,0,3,0,0,2,3,1,2,5,3,52.25,58.43,3,56.02,49.54,790379308,959550050,425445449,3130.6,6670.78,368049771,3574.67,8157.2197,2250791,2037924.0,174385,49.412,26265062,220.1
2021-10-10,United States,108501.0,44022719.0,2253.0,714261.0,681984.0,11684.0,-9.8,-10.1,1437672.0,24676.0,-23.9,-8.5,317.68723,6.596707,128897.016,2091.3318,1996.8258,34.210354,4209.4546,72.25049,209.13318,0.6596707,97426.29,1669.1428,285.26083,4.887193,0.4887193,1.6224827,1.6224827,1.4643586,586.0,585.0,581.0,577.0,586.0,24694.564806693,92.15661728573694,United States,2,1,2,4,1,1,0,3,0,0,2,3,1,2,5,3,52.24,58.43,3,56.02,49.54,0,0,0,0.0,0.0,0,0.0,0.0,0,1855018.0,166237,0.0,0,0.0
2021-10-11,United States,70589.0,44093308.0,1051.0,715312.0,670605.0,11448.0,-9.6,-10.9,1412095.0,24292.0,-22.9,-8.9,206.68217,3.077292,129103.695,2094.4092,1963.5085,33.519352,4134.566,71.126144,209.4409,0.3077292,95800.71,1635.4286,280.50122,4.788479,0.4788479,1.6222688,1.6222688,1.4640154,587.0,586.0,582.0,578.0,587.0,24700.449496044894,92.16550918499274,United States,2,1,2,4,1,1,0,3,0,0,2,3,1,2,5,3,52.24,58.43,3,56.02,49.54,0,0,0,0.0,0.0,0,0.0,0.0,0,1746479.0,160708,0.0,0,0.0
2021-10-12,United States,58449.0,44151757.0,1013.0,716325.0,662415.0,11519.0,-9.6,-9.8,1395306.0,24286.0,-22.2,-8.5,171.13667,2.9660294,129274.836,2097.375,1939.5284,33.727238,4085.4082,71.10858,209.73752,0.29660293,94630.71,1645.5714,277.0755,4.8181767,0.4818177,1.6224157,1.6224157,1.500368,588.0,587.0,583.0,579.0,588.0,24706.3321485896,92.1743980065866,United States,2,1,2,4,1,1,0,3,0,0,2,3,1,2,5,3,52.23,58.42,3,56.02,49.54,793804485,961290780,426446151,3138.55,6699.88,369020900,3582.5999,8174.21,0,1683621.0,151166,49.510998,27741414,233.23
2021-10-13,United States,77961.0,44229718.0,1024.0,717349.0,648560.0,11187.0,-9.6,-8.0,1365948.0,23353.0,-23.4,-14.0,228.26715,2.998237,129503.1,2100.3733,1898.9615,32.755154,3999.449,68.376785,210.03734,0.2998237,92651.43,1598.1428,271.2802,4.6793075,0.46793076,1.6218711,1.6218711,1.4803729,589.0,588.0,584.0,580.0,589.0,24712.21276432718,92.18328375051864,United States,2,1,2,4,1,1,0,3,0,0,2,3,1,2,5,3,52.23,58.42,3,56.02,49.54,795372823,963390440,426885905,3142.57,6714.71,369460510,3586.49,8193.01,1568338,1638413.0,148033,49.509,28449842,240.16
2021-10-14,United States,89638.0,44319356.0,1914.0,719263.0,636399.0,11046.0,-9.6,-8.5,1340134.0,23112.0,-22.8,-14.1,262.457,5.6041265,129765.56,2105.9775,1863.3545,32.34231,3923.8665,67.67114,210.59775,0.56041265,90914.14,1578.0,266.1935,4.62033,0.462033,1.6229094,1.6229094,1.4897032,590.0,589.0,585.0,581.0,590.0,24718.091343257634,92.19216641678888,United States,2,1,2,4,1,1,0,3,0,0,2,3,1,2,5,3,52.23,58.42,3,56.02,49.54,797599633,966777100,427562583,3148.15,6732.0103,370193819,3591.06,8220.49,2226810,1706021.0,150658,49.503998,29308568,247.6
2021-10-15,United States,96312.0,44415668.0,1846.0,721109.0,614488.0,10839.0,-12.9,-8.7,1319649.0,22705.0,-21.9,-14.8,281.99823,5.405025,130047.555,2111.3826,1799.1998,31.736221,3863.8872,66.47946,211.13824,0.5405025,87784.0,1548.4286,257.02856,4.533746,0.4533746,1.6235465,1.6235465,1.4789375,591.0,590.0,586.0,582.0,591.0,24723.96788538096,92.20104600539727,United States,2,1,2,4,1,1,0,3,0,0,2,3,1,2,5,3,52.22,58.41,3,56.02,49.54,799866346,970963810,428295934,3153.45,6749.84,370947156,3596.04,8251.37,2266713,1717828.0,148136,49.466,30137450,255.54001
2021-10-16,United States,96871.0,44512539.0,1576.0,722685.0,598321.0,10677.0,-13.8,-8.3,1292478.0,22319.0,-21.5,-15.8,283.63498,4.6144743,130331.195,2115.997,1751.8634,31.26189,3784.3313,65.349266,211.5997,0.46144742,85474.43,1525.2858,250.2662,4.4659843,0.44659844,1.6235538,1.6235538,1.4883159,592.0,591.0,587.0,583.0,592.0,24729.8423906971,92.20992251634377,United States,2,1,2,4,1,1,0,3,0,0,2,3,1,2,5,3,52.22,58.41,3,56.02,49.54,801624789,974449150,428787295,3157.66,6765.32,371443365,3600.13,8282.52,1758443,1647494.0,140918,49.406,30930034,262.8
2021-10-17,United States,92417.0,44604956.0,2038.0,724723.0,582237.0,10462.0,-14.6,-10.5,1264221.0,22146.0,-21.4,-16.0,270.5938,5.9671946,130601.79,2121.964,1704.77,30.632378,3701.596,64.84273,212.19641,0.59671944,83176.71,1494.5714,243.53857,4.3760543,0.4376054,1.624759,1.624759,1.4866391,593.0,592.0,588.0,584.0,593.0,24735.714859206117,92.2187959496284,United States,2,1,2,4,1,1,0,3,0,0,2,3,1,2,5,3,52.22,58.41,3,56.02,49.54,803273394,974024450,429275686,3160.93,6777.57,371923367,3603.65,8279.66,1648605,1719903.0,144579,49.507,31632229,268.42
2021-10-18,United States,63002.0,44667958.0,892.0,725615.0,574650.0,10303.0,-14.3,-10.0,1245255.0,21751.0,-20.6,-16.6,184.4677,2.6117456,130786.26,2124.576,1682.5555,30.166832,3646.064,63.686184,212.4576,0.26117456,82092.86,1471.8572,240.36508,4.3095474,0.43095475,1.6244643,1.6244643,1.4610847,594.0,593.0,589.0,585.0,594.0,24741.58529090794,92.22766630525116,United States,2,1,2,4,1,1,0,3,0,0,2,3,1,2,5,3,52.21,58.4,3,56.02,49.54,804325667,973939550,429609033,3162.89,6785.02,372222512,3606.01,8281.92,1052273,1707127.0,141365,49.547,32067551,271.6
2021-10-19,United States,47645.0,44715603.0,695.0,726310.0,563846.0,9985.0,-14.9,-13.3,1226261.0,21504.0,-20.3,-16.7,139.50293,2.0349362,130925.76,2126.6108,1650.9219,29.235739,3590.4502,62.96298,212.66109,0.20349362,80549.43,1426.4286,235.84598,4.176534,0.4176534,1.6242876,1.6242876,1.4384354,595.0,594.0,590.0,586.0,595.0,24747.453685802582,92.23653358321198,United States,2,1,2,4,1,1,0,3,0,0,2,3,1,2,5,3,52.21,58.4,3,56.02,49.54,805621054,976305370,429991969,3168.31,6802.31,372620148,3610.41,8296.93,1295387,1729078.0,152175,49.592,32606769,279.38998
2021-10-20,United States,72322.0,44787925.0,2330.0,728640.0,558207.0,11291.0,-13.9,0.9,1206767.0,22478.0,-21.3,-12.9,211.75635,6.8221602,131137.52,2133.433,1634.411,33.05966,3533.3726,65.81482,213.3433,0.68221605,79743.86,1613.0,233.48729,4.722809,0.4722809,1.626867,1.626867,1.6556107,596.0,595.0,591.0,587.0,596.0,24753.32004389004,92.2453977835109,United States,2,1,2,4,1,1,0,3,0,0,2,3,1,2,5,3,52.2,58.4,3,56.02,49.54,807130911,978404550,430434601,3171.79,6814.52,373065415,3613.92,8315.99,1509857,1720727.0,148475,49.57,33261946,284.89
2021-10-21,United States,80595.0,44868520.0,1849.0,730489.0,549164.0,11226.0,-13.7,1.6,1185563.0,22272.0,-21.0,-12.7,235.9794,5.413809,131373.5,2138.847,1607.9335,32.869343,3471.2878,65.211655,213.88469,0.5413809,78452.0,1603.7142,229.70477,4.6956205,0.46956205,1.6280657,1.6280657,1.6740108,597.0,596.0,592.0,588.0,597.0,24759.184365170426,92.25425890614808,United States,2,1,2,4,1,1,0,3,0,0,2,3,1,2,5,3,52.2,58.39,3,56.02,49.54,809780516,983201135,431460730,3227.75,6942.26,373963120,3678.94,8488.29,1652755,1638714.0,145281,50.289,34054669,295.6
2021-10-22,United States,76534.0,44945054.0,1841.0,732330.0,529386.0,11221.0,-13.8,3.5,1143874.0,22060.0,-23.1,-12.5,224.08894,5.390385,131597.58,2144.2373,1550.0242,32.854706,3349.2239,64.59093,214.42372,0.5390385,75626.57,1603.0,221.43202,4.693529,0.46935293,1.6293895,1.6293895,1.6939532,598.0,597.0,593.0,589.0,598.0,24765.04664964369,92.2631169511234,United States,2,1,2,4,1,1,0,3,0,0,2,3,1,2,5,3,52.19,58.39,3,56.02,49.54,810903177,987877465,431849075,3188.95,6854.43,374301861,3634.86,8406.72,1911971,1587822.0,141986,49.334,34428423,287.04
2021-10-23,United States,87571.0,45032625.0,1523.0,733853.0,520086.0,11168.0,-13.1,4.6,1118407.0,21845.0,-23.5,-12.2,256.4049,4.459292,131853.98,2148.6965,1522.7941,32.699524,3274.6575,63.961414,214.86964,0.4459292,74298.0,1595.4286,217.542,4.6713605,0.46713603,1.629603,1.629603,1.7219687,599.0,598.0,594.0,590.0,599.0,24770.906897309706,92.27197191843676,United States,2,1,2,4,1,1,0,3,0,0,2,3,1,2,5,3,52.19,58.39,3,56.02,49.54,812689991,991586285,432338952,3193.36,6871.37,374746023,3639.19,8439.84,1786814,1591659.0,143933,49.278,35321852,295.67
2021-10-24,United States,80874.0,45113499.0,1961.0,735814.0,508543.0,11091.0,-12.7,6.0,1090780.0,21553.0,-24.1,-12.7,236.79631,5.741741,132090.78,2154.4382,1488.9966,32.474068,3193.7666,63.10645,215.44382,0.5741741,72649.0,1584.4286,212.71379,4.6391525,0.46391526,1.6310284,1.6310284,1.7427746,600.0,599.0,595.0,591.0,600.0,24776.765108168533,92.28082380808816,United States,2,1,2,4,1,1,0,3,0,0,2,3,1,2,5,3,52.19,58.38,3,56.02,49.54,814263984,991532705,432749789,3196.11,6884.4,375098104,3643.16,8439.89,1573993,1580786.0,144849,49.373,36162164,302.31
2021-10-25,United States,36114.0,45149613.0,654.0,736468.0,481655.0,10853.0,-16.2,5.3,1056305.0,21156.0,-25.2,-12.9,105.740555,1.9148897,132196.53,2156.353,1410.2694,31.777212,3092.825,61.944046,215.63531,0.19148897,68807.86,1550.4286,201.46706,4.539602,0.45396018,1.6311723,1.6311723,1.7661859,601.0,600.0,596.0,592.0,601.0,24782.621282220352,92.28967262007797,United States,2,1,2,4,1,1,0,3,0,0,2,3,1,2,5,3,52.19,58.38,3,56.02,49.54,806909688,980886105,428646157,3145.03,6775.15,371494426,3584.66,8294.53,1284510,1616266.0,147795,48.62,36243672,298.79
2021-10-26,United States,28057.0,45177670.0,347.0,736815.0,462067.0,10505.0,-18.1,5.2,1025913.0,20490.0,-26.5,-15.6,82.14994,1.0160041,132278.67,2157.3691,1352.9164,30.758282,3003.8381,59.99402,215.73691,0.101600416,66009.57,1500.7142,193.27377,4.39404,0.439404,1.6309274,1.6309274,1.7557465,602.0,601.0,597.0,593.0,602.0,24788.475419464987,92.2985183544058,United States,2,1,2,4,1,1,0,3,0,0,2,3,1,2,5,3,52.18,58.38,3,56.02,49.54,819939674,996871650,434924796,3262.76,7042.36,376897718,3721.1,8607.77,1578392,1659005.0,145442,50.327,37999138,320.63
2021-10-27,United States,84460.0,45262130.0,1030.0,737845.0,474205.0,9205.0,-15.0,-18.5,1032412.0,20496.0,-24.4,-12.2,247.29599,3.0158048,132525.97,2160.385,1388.456,26.951925,3022.867,60.01159,216.0385,0.3015805,67743.57,1315.0,198.35086,3.850275,0.3850275,1.6301597,1.6301597,1.5809714,603.0,602.0,598.0,594.0,603.0,24794.327519902377,92.30736101107168,United States,2,1,2,4,1,1,0,3,0,0,2,3,1,2,5,3,52.18,58.37,3,56.02,49.54,406877603,496250775,214968066,3254.22,7040.91,186653042,3712.6401,8640.97,1158741,1799312.0,156423,50.129,19984788,335.99
2021-10-28,United States,101787.0,45363917.0,2052.0,739897.0,495397.0,9408.0,-9.8,-16.2,1044561.0,20634.0,-22.1,-10.7,298.02887,6.008186,132824.0,2166.393,1450.5055,27.546303,3058.439,60.415646,216.63931,0.6008186,70771.0,1344.0,207.21507,3.9351861,0.3935186,1.6310254,1.6310254,1.6371704,604.0,603.0,599.0,595.0,604.0,24800.177583532583,92.31620059007562,United States,2,1,2,4,1,1,0,3,0,0,2,3,1,2,5,3,52.17,58.37,3,56.02,49.54,382588661,467679380,201086258,3131.49,6788.96,175187550,3568.38,8351.57,1462913,1971452.0,168905,48.382,20089364,341.19
2021-10-29,United States,84199.0,45448116.0,1765.0,741662.0,503062.0,9332.0,-5.0,-16.8,1032448.0,20553.0,-21.8,-9.5,246.5318,5.1678596,133070.53,2171.561,1472.9484,27.323776,3022.9724,60.178482,217.1561,0.516786,71866.0,1333.1428,210.42119,3.9033966,0.39033967,1.6318872,1.6318872,1.6550618,605.0,604.0,600.0,596.0,605.0,24806.025610355777,92.32503709141793,United States,2,1,2,4,1,1,0,3,0,0,2,3,1,2,5,3,52.17,58.36,3,56.02,49.54,823787686,1011988535,433057952,3303.39,7173.94,377275261,3762.53,8865.64,1285671,2081451.0,181067,50.617,43275189,373.78
2021-10-30,United States,103121.0,45551237.0,1277.0,742939.0,518612.0,9086.0,-0.3,-18.6,1038698.0,20254.0,-19.6,-9.3,301.93475,3.7390122,133372.47,2175.3,1518.4783,26.603497,3041.2722,59.30302,217.53,0.37390125,74087.43,1298.0,216.92546,3.8004997,0.38004997,1.6309963,1.6309963,1.6277115,606.0,605.0,601.0,597.0,606.0,24811.871600371785,92.33387051509833,United States,2,1,2,4,1,1,0,3,0,0,2,3,1,2,5,3,52.17,58.36,3,56.02,49.54,827010355,1019312315,433739612,3307.44,7202.2397,377755245,3768.98,8926.87,3222669,2290801.0,197571,50.481,45387092,392.07
2021-10-31,United States,88448.0,45639685.0,1790.0,744729.0,526186.0,8915.0,3.5,-19.6,1034729.0,20006.0,-18.2,-9.7,258.97272,5.241059,133631.44,2180.541,1540.6547,26.102816,3029.6511,58.576885,218.05411,0.5241059,75169.43,1273.5714,220.09352,3.7289736,0.37289736,1.6317575,1.6317575,1.6233766,607.0,606.0,602.0,598.0,607.0,24817.71555358055,92.34270086111668,United States,2,1,2,4,1,1,0,3,0,0,2,3,1,2,5,3,52.17,58.36,3,56.02,49.54,829738375,1019306205,434306414,3310.11,7220.4697,378158388,3772.92,8927.1,2728020,2459901.0,205296,50.606,47185573,403.95
2021-11-01,United States,34950.0,45674635.0,453.0,745182.0,525022.0,8714.0,9.0,-19.7,1006677.0,19567.0,-19.2,-10.0,102.332405,1.3263686,133733.77,2181.8674,1537.2465,25.514294,2947.5159,57.291508,218.18674,0.13263685,75003.14,1244.8572,219.60664,3.6448991,0.3644899,1.6315007,1.6315007,1.6460578,608.0,607.0,603.0,599.0,608.0,24823.55746998219,92.35152812947324,United States,2,1,2,4,1,1,0,3,0,0,2,3,1,2,5,3,52.16,58.36,3,56.02,49.54,831557233,1019039425,434758112,3311.86,7235.58,378419783,3776.7,8924.89,1818858,2537942.0,213408,50.718,48316870,413.73
2021-11-02,United States,25347.0,45699982.0,302.0,745484.0,522312.0,8669.0,13.0,-17.5,984379.0,19174.0,-19.7,-10.8,74.21515,0.8842457,133807.98,2182.7517,1529.3116,25.382536,2882.228,56.140816,218.27516,0.08842457,74616.0,1238.4286,218.4731,3.6260765,0.36260766,1.6312567,1.6312567,1.6668397,609.0,608.0,604.0,600.0,609.0,24829.3973495767,92.36035232016796,United States,2,1,2,4,1,1,0,3,0,0,2,3,1,2,5,3,52.16,58.35,3,56.02,49.54,833404025,1024788045,435144917,3314.82,7258.85,378688424,3781.45,8978.85,1846792,2578001.0,224369,50.576,49536631,429.65
2021-11-03,United States,117847.0,45817829.0,1196.0,746680.0,555699.0,8835.0,17.2,-4.0,1029904.0,18040.0,-14.7,-19.7,345.052,3.501847,134153.03,2186.2534,1627.0676,25.868578,3015.5237,52.820503,218.62535,0.3501847,79385.57,1262.1428,232.43825,3.695511,0.36955112,1.6296713,1.6296713,1.7373163,610.0,609.0,605.0,601.0,610.0,24835.23519236408,92.36917343320088,United States,2,1,2,4,1,1,0,3,0,0,2,3,1,2,5,3,52.15,58.35,3,56.02,49.54,844592436,1042936325,440138593,3384.16,7422.24,383093114,3859.02,9228.41,2598122,2597173.0,226347,51.111,51670927,451.31
2021-11-04,United States,74593.0,45892422.0,1450.0,748130.0,528505.0,8233.0,6.7,-12.5,1023902.0,17641.0,-13.6,-20.8,218.40576,4.2455506,134371.44,2190.499,1547.4446,24.105942,2997.95,51.652245,219.04991,0.42455503,75500.71,1176.1428,221.0635,3.443706,0.3443706,1.630182,1.630182,1.7093147,611.0,610.0,606.0,602.0,611.0,24841.07099834428,92.37799146857184,United States,2,1,2,4,1,1,0,3,0,0,2,3,1,2,5,3,52.15,58.35,3,56.02,49.54,847484955,1050132705,440768662,3401.15,7471.29,383683315,3878.1,9314.29,2892519,2603362.0,232648,50.99,53400175,465.32
2021-11-05,United States,78766.0,45971188.0,1188.0,749318.0,523072.0,7656.0,4.0,-18.0,1026134.0,16988.0,-10.3,-23.0,230.62416,3.4784234,134602.06,2193.9775,1531.537,22.416506,3004.4854,49.740284,219.39775,0.34784234,74724.57,1093.7142,218.79099,3.202358,0.32023582,1.629973,1.629973,1.6569026,612.0,611.0,607.0,603.0,612.0,24846.904767517237,92.38680642628084,United States,2,1,2,4,1,1,0,3,0,0,2,3,1,2,5,3,52.15,58.34,3,56.02,49.54,850013225,1055093255,441371268,3385.8699,7456.87,384075775,3860.07,9315.05,2528270,2582839.0,232185,50.914,54996432,481.83
2021-11-06,United States,88850.0,46060038.0,1204.0,750522.0,508801.0,7583.0,-1.9,-16.5,1027413.0,16669.0,-8.1,-23.7,260.14975,3.525271,134862.22,2197.5027,1489.752,22.202765,3008.2302,48.806263,219.75027,0.35252708,72685.86,1083.2858,212.8217,3.1718235,0.31718236,1.6294428,1.6294428,1.5990975,613.0,612.0,608.0,604.0,613.0,24852.736499883176,92.39561830632816,United States,2,1,2,4,1,1,0,3,0,0,2,3,1,2,5,3,52.14,58.34,3,56.02,49.54,836288225,1038601540,433635394,3328.28,7352.41,376760701,3799.41,9209.41,2754320,2518672.0,228523,49.95,55804842,491.53
2021-11-07,United States,89858.0,46149896.0,1614.0,752136.0,510211.0,7407.0,-3.0,-16.9,1036397.0,16322.0,-5.0,-24.3,263.10117,4.7257366,135125.31,2202.2285,1493.8804,21.687443,3034.535,47.790257,220.22285,0.4725737,72887.29,1058.1428,213.41148,3.098206,0.30982062,1.6297675,1.6297675,1.4951645,614.0,613.0,609.0,605.0,614.0,24858.566195441992,92.40442710871366,United States,2,1,2,4,1,1,0,3,0,0,2,3,1,2,5,3,52.14,58.34,3,56.02,49.54,839126873,1040628860,434349166,3331.43,7374.72,377149520,3804.85,9222.04,2838648,2537215.0,234374,50.035,57584149,505.65
2021-11-08,United States,35987.0,46185883.0,476.0,752612.0,511248.0,7430.0,-2.6,-14.7,1036270.0,16144.0,-1.9,-23.7,105.368706,1.3937117,135230.69,2203.6223,1496.9166,21.754786,3034.163,47.26908,220.36223,0.13937117,73035.43,1061.4286,213.84525,3.1078265,0.31078267,1.6295283,1.6295283,1.4769552,615.0,614.0,610.0,606.0,615.0,24864.393854193502,92.41323283343708,United States,2,1,2,4,1,1,0,1,0,0,2,3,1,2,5,3,49.92,56.92,3,58.8,43.98,822900127,1018313865,425740183,3207.42,7117.1,369014471,3670.48,8913.09,2211083,2602115.0,236380,48.377,57491398,498.05
2021-11-09,United States,31524.0,46217407.0,256.0,752868.0,517425.0,7384.0,-0.9,-14.8,1039737.0,16053.0,1.3,-21.7,92.30119,0.7495592,135322.98,2204.3718,1515.0027,21.6201,3044.3145,47.002636,220.43718,0.074955925,73917.86,1054.8572,216.42896,3.0885856,0.30885857,1.6289706,1.6289706,1.4238005,616.0,615.0,611.0,607.0,616.0,24870.21947613789,92.42203548049866,United States,2,1,2,4,1,1,0,1,0,0,2,3,1,2,5,3,49.92,56.91,3,58.8,43.98,838262465,1040507100,432880170,3262.83,7255.66,375421942,3732.94,9107.69,1955394,2626504.0,238049,49.033,59840992,523.31
2021-11-10,United States,116391.0,46333798.0,1161.0,754029.0,515969.0,7349.0,-7.1,-16.8,1071668.0,16184.0,3.8,-21.0,340.78888,3.3993683,135663.78,2207.7712,1510.7396,21.51762,3137.8074,47.3862,220.77711,0.33993682,73709.86,1049.8572,215.81995,3.0739458,0.3073946,1.6273844,1.6273844,1.3966544,617.0,616.0,612.0,608.0,617.0,24876.04306127521,92.43083504989852,United States,2,1,2,4,1,1,0,1,0,0,2,3,1,2,5,3,49.91,56.91,3,58.8,43.98,840834669,1049241920,433643104,3266.22,7277.25,375840011,3739.2,9182.63,2572204,2627680.0,239087,48.782,61277578,535.69
2021-11-11,United States,82883.0,46416681.0,1587.0,755616.0,524259.0,7486.0,-0.8,-9.1,1052764.0,15719.0,0.8,-23.8,242.67859,4.646682,135906.45,2212.4177,1535.0125,21.918753,3082.457,46.024696,221.24178,0.46466818,74894.14,1069.4286,219.28749,3.1312504,0.31312504,1.6278975,1.6278975,1.425845,618.0,617.0,613.0,609.0,618.0,24881.86460960534,92.43963154163646,United States,2,1,2,4,1,1,0,1,0,0,2,3,1,2,5,3,49.9,56.9,3,58.8,43.98,0,0,0,0.0,0.0,0,0.0,0.0,0,2621149.0,233133,0.0,0,0.0
2021-11-12,United States,93749.0,46510430.0,1345.0,756961.0,539242.0,7643.0,3.1,-0.2,1062314.0,15299.0,2.9,-25.6,274.49387,3.938114,136180.95,2216.356,1578.8822,22.378443,3110.4192,44.79495,221.63559,0.3938114,77034.57,1091.8572,225.5546,3.1969204,0.31969205,1.627508,1.627508,1.4633017,619.0,618.0,614.0,610.0,619.0,24887.684121128288,92.44842495571248,United States,2,1,2,4,1,1,0,1,0,0,2,3,1,2,5,3,49.89,56.89,3,58.8,43.98,846420898,1067581420,435471207,3271.45,7323.73,376551441,3754.0898,9314.72,0,2666650.0,232695,48.438,64411431,562.67
2021-11-13,United States,73647.0,46584077.0,970.0,757931.0,524039.0,7409.0,3.0,-2.3,1032840.0,14992.0,-0.6,-26.0,215.6359,2.8401268,136396.58,2219.196,1534.3683,21.693298,3024.12,43.896065,221.9196,0.28401268,74862.71,1058.4286,219.19547,3.0990427,0.30990428,1.6270173,1.6270173,1.3332758,620.0,619.0,615.0,611.0,620.0,24893.50159584405,92.4572152921266,United States,2,1,2,4,1,1,0,1,0,0,2,3,1,2,5,3,49.89,56.89,3,58.8,43.98,849648309,1073099220,436496377,3274.76,7356.0103,376936538,3763.3901,9360.13,3227411,2736372.0,243033,48.411,66269977,582.73
2021-11-14,United States,122999.0,46707076.0,1734.0,759665.0,557180.0,7529.0,9.2,1.6,1067391.0,14936.0,3.2,-25.3,360.13687,5.0770926,136756.72,2224.2732,1631.404,22.044655,3125.2844,43.732098,222.42732,0.50770926,79597.14,1075.5714,233.05771,3.1492364,0.31492364,1.6264452,1.6264452,1.4245844,621.0,620.0,616.0,612.0,621.0,24899.31703375274,92.46600255087895,United States,2,1,2,4,1,1,0,1,0,0,2,3,1,2,5,3,49.89,56.89,3,58.8,43.98,852450852,1072948770,437320607,3277.92,7380.38,377241971,3770.95,9359.09,2802543,2733348.0,246633,48.578,67977003,596.69
2021-11-15,United States,69276.0,46776352.0,544.0,760209.0,590469.0,7597.0,15.5,2.2,1101717.0,15027.0,9.4,-23.2,202.83775,1.5928134,136959.56,2225.866,1728.873,22.243757,3225.7898,43.998543,222.5866,0.15928134,84352.71,1085.2858,246.98186,3.1776795,0.31776795,1.6251994,1.6251994,1.4523814,622.0,621.0,617.0,613.0,622.0,24905.130434854305,92.47478673196947,United States,2,1,2,4,1,1,0,1,0,0,2,3,1,2,5,3,49.88,56.88,3,58.8,43.98,855239915,1072763310,438320960,3279.55,7397.54,377541609,3777.29,9357.73,2789063,2811911.0,248125,48.685,69496167,606.02997
2021-11-16,United States,33593.0,46809945.0,217.0,760426.0,592538.0,7558.0,14.5,2.4,1109963.0,14942.0,12.8,-22.1,98.35915,0.6353686,137057.92,2226.5012,1734.931,22.129566,3249.9338,43.749664,222.65013,0.06353686,84648.29,1079.7142,247.84729,3.1613665,0.31613666,1.6244967,1.6244967,1.485453,623.0,622.0,618.0,614.0,623.0,24910.941799148568,92.48356783539792,United States,2,1,2,4,1,1,1,1,0,0,2,3,1,2,5,3,51.55,57.95,3,58.8,46.76,857883489,1077340680,439390426,3282.74,7427.87,377849041,3791.08,9392.12,2643574,2906226.0,257114,48.694,70801366,619.79
2021-11-17,United States,133590.0,46943535.0,1080.0,761506.0,609737.0,7477.0,18.2,1.7,1125706.0,14826.0,9.3,-17.8,391.14694,3.162203,137449.06,2229.6636,1785.2891,21.8924,3296.0288,43.410023,222.96635,0.3162203,87105.29,1068.1428,255.0413,3.1274858,0.31274858,1.6221744,1.6221744,1.4654721,624.0,623.0,619.0,615.0,624.0,24916.751126635703,92.49234586116458,United States,2,1,2,4,1,1,1,1,0,0,2,3,1,2,5,3,51.54,57.95,3,58.8,46.76,860622437,1081923900,440311993,3286.33,7458.69,378190655,3800.66,9430.03,2738948,2930046.0,270274,48.7,72321151,637.94
2021-11-18,United States,96915.0,47040450.0,1464.0,762970.0,623769.0,7354.0,19.0,-1.8,1148028.0,14840.0,12.1,-15.9,283.7638,4.286542,137732.83,2233.9502,1826.3743,21.53226,3361.3867,43.45101,223.395,0.4286542,89109.86,1050.5714,260.9106,3.0760372,0.30760372,1.6219445,1.6219445,1.4384408,625.0,624.0,620.0,616.0,625.0,24922.558417315828,92.50112080926954,United States,2,1,2,4,1,1,1,1,0,0,2,3,1,2,5,3,51.53,57.94,3,58.8,46.76,879297239,1106179060,448912106,3289.3,7476.72,385591868,3803.92,9449.83,3077823,2970741.0,274722,48.709,75553622,649.18
2021-11-19,United States,105810.0,47146260.0,1442.0,764412.0,635830.0,7451.0,17.9,-2.5,1175072.0,15094.0,14.5,-11.1,309.80807,4.2221265,138042.64,2238.172,1861.6885,21.816273,3440.5706,44.194717,223.81721,0.42221266,90832.86,1064.4286,265.9555,3.1166105,0.31166103,1.6213629,1.6213629,1.4400154,626.0,625.0,621.0,617.0,626.0,24928.36367118871,92.50989267971252,United States,2,1,2,4,1,1,1,1,0,0,2,3,1,2,5,3,51.53,57.94,3,58.8,46.76,883063720,1109484420,450313052,3292.44,7505.21,386002626,3813.23,8526.33,3766481,3104283.0,281825,42.649,77554597,665.64
2021-11-20,United States,123870.0,47270130.0,3867.0,768279.0,686053.0,10348.0,30.9,39.7,1210092.0,17757.0,17.8,6.5,362.68713,11.322444,138405.33,2249.4946,2008.7397,30.29859,3543.108,51.99189,224.94946,1.1322443,98007.57,1478.2858,286.96283,4.32837,0.432837,1.6252949,1.6252949,2.0055468,627.0,626.0,622.0,618.0,627.0,24934.166888254404,92.51866147249356,United States,2,1,2,4,1,1,1,1,0,0,2,3,1,2,5,3,51.52,57.94,3,58.8,46.76,436669473,550773735,221536566,3238.26,7403.7603,190285140,3755.27,9374.12,1761659,3051850.0,283606,47.869,39958321,672.21
2021-11-21,United States,113822.0,47383952.0,1662.0,769941.0,676876.0,10276.0,21.5,36.5,1234056.0,17805.0,19.1,9.1,333.26694,4.866279,138738.6,2254.3608,1981.8698,30.087776,3613.2737,52.13243,225.4361,0.4866279,96696.57,1468.0,283.12427,4.298254,0.4298254,1.6248982,1.6248982,1.9600998,628.0,627.0,623.0,619.0,628.0,24939.96806851297,92.5274271876128,United States,2,1,2,4,1,1,1,1,0,0,2,3,1,2,5,3,51.52,57.93,3,58.8,46.76,436122872,548043495,220857717,3176.26,7271.43,189574789,3677.43,9180.34,1526894,3026800.0,277937,47.208,40744386,674.45
2021-11-22,United States,46194.0,47430146.0,374.0,770315.0,653794.0,10106.0,10.7,33.0,1244263.0,17703.0,20.1,9.7,135.25446,1.0950593,138873.84,2255.456,1914.2865,29.590023,3643.1594,51.83378,225.5456,0.10950592,93399.14,1443.7142,273.4695,4.227146,0.42271462,1.6241043,1.6241043,1.8741121,629.0,628.0,624.0,620.0,629.0,24945.76721196441,92.5361898250702,United States,2,1,2,4,1,1,1,1,0,0,2,3,1,2,5,3,51.51,57.93,3,58.8,46.76,437171560,547854995,221200215,3177.57,7286.69,189675267,3682.47,9177.6,1048688,2935366.0,275438,47.308,41360521,683.48
2021-11-23,United States,38751.0,47468897.0,177.0,770492.0,658952.0,10066.0,11.2,33.2,1251490.0,17624.0,20.4,9.8,113.4616,0.5182499,138987.31,2255.9744,1929.3889,29.472904,3664.32,51.60247,225.59743,0.051824994,94136.0,1438.0,275.62698,4.210415,0.4210415,1.6231513,1.6231513,1.9208494,630.0,629.0,625.0,621.0,630.0,24951.564318608725,92.5449493848658,United States,2,1,2,4,1,1,1,1,0,0,2,3,1,2,5,3,51.51,57.92,3,58.8,46.76,897785544,1126938765,455663485,3373.79,7757.59,388718237,3916.01,9760.53,1195993,2885756.0,268541,49.737,84409617,739.21
2021-11-24,United States,145378.0,47614275.0,1177.0,771669.0,670740.0,10163.0,10.0,35.9,1280477.0,17640.0,19.5,9.0,425.6618,3.4462159,139412.97,2259.4204,1963.9038,29.756916,3749.1929,51.64932,225.94205,0.34462157,95820.0,1451.8572,280.55768,4.250988,0.4250988,1.6206673,1.6206673,1.8240066,631.0,630.0,626.0,622.0,631.0,24957.359388445795,92.55370586699937,United States,2,1,2,4,1,1,1,1,0,0,2,3,1,2,5,3,51.5,57.92,3,58.8,46.76,889025408,1115713650,450803172,3327.67,7669.86,383852228,3867.0,9646.48,3408321,2976844.0,262190,48.968,85144019,744.35
2021-11-25,United States,101066.0,47715341.0,1560.0,773229.0,674891.0,10259.0,8.2,39.5,1298660.0,17613.0,23.4,12.0,295.9178,4.5676265,139708.89,2263.988,1976.0577,30.038002,3802.4321,51.570263,226.3988,0.45676267,96413.0,1465.5714,282.29398,4.291143,0.4291143,1.620504,1.620504,1.7374325,632.0,631.0,627.0,623.0,632.0,24963.15242147568,92.56245927147104,United States,2,1,2,4,1,1,1,1,0,0,2,3,1,2,5,3,51.5,57.92,3,58.8,46.76,0,0,0,0.0,0.0,0,0.0,0.0,0,2798100.0,244187,0.0,0,0.0
2021-11-26,United States,106535.0,47821876.0,1374.0,774603.0,675616.0,10191.0,6.3,36.8,1311446.0,17642.0,23.5,15.3,311.93085,4.023025,140020.81,2268.0112,1978.1805,29.8389,3839.8691,51.655174,226.80112,0.4023025,96516.57,1455.8572,282.59723,4.2627,0.42627,1.6197671,1.6197671,1.7198896,633.0,632.0,628.0,624.0,633.0,24968.943417698552,92.57120959828104,United States,2,1,2,4,1,1,1,1,0,0,2,3,1,2,5,3,51.5,57.92,3,58.8,46.76,0,0,0,0.0,0.0,0,0.0,0.0,0,2526512.0,223591,0.0,0,0.0
2021-11-27,United States,72723.0,47894599.0,465.0,775068.0,624469.0,6789.0,-9.0,-34.4,1310522.0,17137.0,26.9,14.3,212.93047,1.3615041,140233.75,2269.3726,1828.424,19.87796,3837.1636,50.17655,226.93726,0.1361504,89209.86,969.8571,261.2034,2.8397086,0.28397086,1.6182785,1.6182785,1.1134309,634.0,633.0,629.0,625.0,634.0,24974.73237711424,92.57995684742912,United States,2,1,2,4,1,1,1,3,0,0,2,3,1,2,5,3,54.86,60.08,3,58.8,52.31,0,0,0,0.0,0.0,0,0.0,0.0,0,2378866.0,195249,0.0,0,0.0
2021-11-28,United States,81747.0,47976346.0,563.0,775631.0,592394.0,5690.0,-12.5,-44.6,1269270.0,15966.0,18.9,6.9,239.35242,1.6484448,140473.1,2271.021,1734.5094,16.660126,3716.3792,46.747902,227.10211,0.16484448,84627.71,812.8571,247.78705,2.380018,0.2380018,1.6166946,1.6166946,0.91219664,635.0,634.0,630.0,626.0,635.0,24980.519299722684,92.58870101891522,United States,2,1,2,4,1,1,1,3,0,0,2,3,1,2,5,3,54.86,60.07,3,58.8,52.31,0,0,0,0.0,0.0,0,0.0,0.0,0,2264525.0,185842,0.0,0,0.0
2021-11-29,United States,51800.0,48028146.0,214.0,775845.0,598000.0,5530.0,-8.5,-45.3,1251794.0,15636.0,13.6,4.1,151.66862,0.6265847,140624.77,2271.6477,1750.9236,16.19165,3665.21,45.781673,227.16476,0.06265847,85428.57,790.0,250.13194,2.313093,0.2313093,1.6153965,1.6153965,0.86972934,636.0,635.0,631.0,627.0,636.0,24986.304185523943,92.5974421127394,United States,2,1,2,4,1,1,1,3,0,0,2,3,1,2,5,3,54.85,60.07,3,58.8,52.31,880503244,1091324455,444768830,3274.99,7600.32,377277452,3819.56,9459.01,0,2218486.0,183489,48.665,88756798,771.24
2021-11-30,United States,56537.0,48084683.0,193.0,776038.0,615786.0,5546.0,-6.6,-44.9,1274738.0,15612.0,14.8,4.5,165.5384,0.5650974,140790.31,2272.2126,1803.0004,16.238499,3732.3894,45.711403,227.22127,0.05650974,87969.43,792.2857,257.57147,2.3197856,0.23197855,1.6138985,1.6138985,0.80839235,637.0,636.0,632.0,628.0,637.0,24992.08703451819,92.60618012890193,United States,2,1,1,3,1,1,1,3,0,0,2,3,1,2,5,3,48.68,56.09,3,56.02,43.98,883354576,1096211835,445530454,3280.22,7633.51,377740844,3828.31,9498.8,2851332,2299251.0,194227,48.670002,90415627,790.69
2021-12-01,United States,93479.0,48178162.0,1663.0,777701.0,563887.0,6032.0,-15.9,-40.6,1234627.0,16195.0,9.7,9.2,273.7033,4.8692074,141064.02,2277.082,1651.0419,17.66149,3614.9456,47.418407,227.70819,0.4869207,80555.29,861.7143,235.86313,2.52307,0.252307,1.614219,1.614219,0.89115286,638.0,637.0,633.0,629.0,638.0,24997.86784670525,92.61491506740252,United States,2,1,1,3,1,1,1,3,0,0,2,3,1,2,5,3,48.66,56.08,3,56.02,43.98,886214620,1101041655,446256771,3285.08,7660.45,378318030,3835.75,9537.46,2860044,2226939.0,194865,48.634,92011245,805.82
2021-12-02,United States,120690.0,48298852.0,1622.0,779323.0,583511.0,6094.0,-13.5,-40.6,1258402.0,16353.0,9.6,10.2,353.3762,4.749161,141417.39,2281.831,1708.5002,17.843023,3684.558,47.881023,228.1831,0.47491607,83358.71,870.5714,244.07147,2.5490034,0.25490034,1.6135435,1.6135435,0.93209785,639.0,638.0,634.0,630.0,639.0,25003.64662208507,92.62364692824114,United States,2,1,1,3,1,1,1,3,0,0,2,3,1,2,5,3,48.65,56.07,3,56.02,43.98,906361661,1124069335,455162307,3311.97,7740.08,386205513,3859.17,9557.91,3897165,2529200.0,224148,48.969,95953971,837.55
2021-12-03,United States,133075.0,48431927.0,1727.0,781050.0,610051.0,6447.0,-9.7,-36.7,1285667.0,16638.0,9.4,10.2,389.63904,5.0565968,141807.03,2286.8877,1786.2085,18.876596,3764.389,48.715496,228.68877,0.5056597,87150.14,921.0,255.17264,2.6966565,0.26966566,1.6126759,1.6126759,0.97837174,640.0,639.0,635.0,631.0,640.0,25009.42336065788,92.6323757114181,United States,2,1,1,3,1,1,1,3,0,0,2,3,1,2,5,3,48.63,56.05,3,56.02,43.98,910084821,1129070065,456086780,3317.9,7769.65,386929687,3866.88,9600.7,3723160,2800597.0,248868,48.947,98076818,853.88
2021-12-04,United States,143869.0,48575796.0,1244.0,782294.0,681197.0,7226.0,9.1,6.4,1305666.0,14015.0,7.9,-21.1,421.24353,3.6423895,142228.27,2290.53,1994.5215,21.15748,3822.9453,41.035442,229.05301,0.36423895,97313.86,1032.2858,284.93164,3.0224972,0.30224973,1.6104605,1.6104605,1.0773176,641.0,640.0,636.0,632.0,641.0,25015.1980624235,92.64110141693314,United States,2,1,1,3,1,1,1,3,0,0,2,3,1,2,5,3,48.61,56.04,3,56.02,43.98,926832116,1147118310,463462782,3374.5,7926.54,392959600,3937.8801,9770.97,4355596,3162337.0,288656,49.889,101762583,886.35
2021-12-05,United States,151567.0,48727363.0,1641.0,783935.0,751017.0,8304.0,26.8,45.9,1343411.0,13994.0,8.9,-21.4,443.783,4.804792,142672.05,2295.335,2198.9521,24.313828,3933.4614,40.973953,229.5335,0.48047918,107288.14,1186.2858,314.13602,3.473404,0.3473404,1.6088189,1.6088189,1.230421,642.0,641.0,637.0,633.0,642.0,25020.97072738182,92.6498240447861,United States,2,1,1,3,1,1,1,3,0,0,2,3,1,2,5,3,48.6,56.04,3,56.02,43.98,930424663,1145760670,464267945,3379.61,7952.07,393702749,3944.04,9760.0,3592547,3412177.0,307365,50.101,103844714,900.86
2021-12-06,United States,67352.0,48794715.0,572.0,784507.0,766569.0,8662.0,28.2,56.6,1364569.0,14192.0,9.7,-19.8,197.20436,1.6747965,142869.27,2297.0098,2244.4878,25.36204,3995.4114,41.55369,229.70097,0.16747965,109509.86,1237.4286,320.6411,3.6231487,0.36231485,1.6077704,1.6077704,1.2820892,643.0,642.0,638.0,634.0,643.0,25026.74135553307,92.65854359497732,United States,2,1,1,3,1,1,1,3,0,0,2,3,1,2,5,3,48.59,56.03,3,56.02,43.98,933097577,1145116010,464865806,3384.9,7974.99,394366896,3950.67,9755.26,2672914,3530629.0,322337,50.259,105278479,912.08
2021-12-07,United States,55314.0,48850029.0,281.0,784788.0,765346.0,8750.0,24.3,57.8,1381132.0,14296.0,10.4,-18.9,161.9575,0.8227584,143031.22,2297.8325,2240.907,25.619701,4043.9072,41.8582,229.78325,0.08227584,109335.14,1250.0,320.12955,3.6599572,0.36599573,1.6065252,1.6065252,1.4011904,644.0,643.0,639.0,635.0,644.0,25032.509946877195,92.6672600675067,United States,2,1,1,3,1,1,1,3,0,0,2,3,1,2,5,3,48.58,56.02,3,56.02,43.98,936125727,1149053610,465533975,3392.18,8005.95,395097539,3957.88,9796.82,3028150,3552007.0,321261,50.223,106937907,928.97
2021-12-08,United States,184043.0,49034072.0,1288.0,786076.0,855910.0,8375.0,51.8,38.8,1419797.0,14407.0,10.9,-18.3,538.87164,3.77122,143570.1,2301.6038,2506.0752,24.521713,4157.117,42.183205,230.16037,0.37712198,122272.86,1196.4286,358.01074,3.503102,0.3503102,1.603122,1.603122,1.413755,645.0,644.0,640.0,636.0,645.0,25038.27650141419,92.67597346237427,United States,2,1,1,3,1,1,1,3,0,0,2,3,1,2,5,3,48.57,56.01,3,56.02,43.98,921786236,1135726445,457758321,3336.17,7890.08,388214369,3895.03,9702.5,4036922,3726072.0,327233,49.186,106722218,927.71
2021-12-09,United States,125548.0,49159620.0,1832.0,787908.0,860768.0,8585.0,47.5,40.9,1444279.0,14679.0,11.2,-16.7,367.60025,5.364033,143937.69,2306.9678,2520.2993,25.136587,4228.7993,42.97961,230.69676,0.53640336,122966.86,1226.4286,360.04276,3.590941,0.35909408,1.6027545,1.6027545,1.4356188,646.0,645.0,641.0,637.0,646.0,25044.041019143944,92.68468377957984,United States,2,1,1,3,1,1,1,3,0,0,2,3,1,2,5,3,48.55,56.0,3,56.02,43.98,881980876,1089097945,435750739,3340.39,7910.57,371357187,3892.0,9730.95,3102955,3634481.0,324097,49.151,104403171,946.97
2021-12-10,United States,129708.0,49289328.0,1480.0,789388.0,857401.0,8338.0,40.5,29.3,1467452.0,14785.0,11.9,-16.2,379.78058,4.3333893,144317.47,2311.301,2510.441,24.41338,4296.6494,43.289974,231.13011,0.43333894,122485.86,1191.1428,358.6344,3.4876256,0.34876257,1.6015394,1.6015394,1.3540418,647.0,646.0,642.0,638.0,647.0,25049.80350006651,92.69339101912348,United States,2,1,1,3,1,1,1,3,0,0,2,3,1,2,5,3,48.54,55.98,3,56.02,43.98,887724021,1094999355,436944893,3347.02,7946.57,372360796,3899.86,9781.8,5743145,3941093.0,333532,49.131,108002237,968.83
2021-12-11,United States,137431.0,49426759.0,1162.0,790550.0,850963.0,8256.0,24.9,14.3,1532160.0,15482.0,16.9,-9.7,402.39328,3.4022963,144719.86,2314.7034,2491.5906,24.173286,4486.1123,45.33077,231.47034,0.34022963,121566.14,1179.4286,355.9415,3.4533265,0.34533265,1.5994372,1.5994372,1.4641231,648.0,647.0,643.0,639.0,648.0,25055.563944182068,92.70209518100548,United States,2,1,1,3,1,1,1,3,0,0,2,3,1,2,5,3,48.53,55.97,3,56.02,43.98,891652825,1100056975,437921760,3355.53,7988.8,373109413,3912.11,9817.83,3928804,3898169.0,336733,49.224,110252371,990.72003
2021-12-12,United States,135573.0,49562332.0,1971.0,792521.0,834969.0,8586.0,11.2,3.4,1585986.0,16890.0,25.0,5.8,396.95312,5.7710204,145116.81,2320.4744,2444.7607,25.139515,4643.713,49.453342,232.04744,0.57710207,119281.29,1226.5714,349.25153,3.5913591,0.35913593,1.599039,1.599039,1.4714376,649.0,648.0,644.0,640.0,649.0,25061.32235149044,92.71079626522555,United States,2,1,1,3,1,1,1,3,0,0,2,3,1,2,5,3,48.52,55.97,3,56.02,43.98,894307707,1100261835,438497418,3359.17,8008.03,373610994,3916.28,9822.64,2654882,3785168.0,328296,49.307,111855901,1002.32
2021-12-13,United States,63967.0,49626299.0,490.0,793011.0,831584.0,8504.0,8.5,-1.8,1598153.0,17166.0,27.7,9.8,187.29318,1.4347032,145304.11,2321.9092,2434.8496,24.899422,4679.3374,50.261463,232.19092,0.14347033,118797.71,1214.8572,347.83563,3.5570602,0.355706,1.5979652,1.5979652,1.3939818,650.0,649.0,645.0,641.0,650.0,25067.07872199157,92.71949427178365,United States,2,1,1,3,1,1,1,3,0,0,2,3,1,2,5,3,48.51,55.96,3,56.02,43.98,877532023,1077828720,429987948,3299.59,7875.14,366072744,3849.24,9645.54,2037187,3721063.0,318700,48.561,110547928,991.49
2021-12-14,United States,58109.0,49684408.0,306.0,793317.0,834379.0,8529.0,9.0,-2.5,1599725.0,17279.0,25.5,10.7,170.14116,0.8959575,145474.25,2322.8052,2443.0332,24.97262,4683.94,50.592323,232.2805,0.08959576,119197.0,1218.4286,349.00473,3.5675173,0.3567517,1.5967122,1.5967122,1.2520607,651.0,650.0,646.0,642.0,651.0,25072.833055685565,92.72818920067988,United States,2,1,1,3,1,1,1,3,0,0,2,3,1,2,5,3,48.5,55.95,3,56.02,43.98,879758118,1082714830,430486033,3304.41,7898.5103,366540957,3854.2,9687.2705,2226095,3633201.0,308794,48.501,111830999,1005.21
2021-12-15,United States,185683.0,49870091.0,1312.0,794629.0,836019.0,8553.0,-2.3,2.1,1691929.0,16928.0,37.0,4.5,543.67346,3.8414912,146017.92,2326.6465,2447.835,25.042892,4953.91,49.564606,232.66466,0.3841491,119431.29,1221.8572,349.69073,3.577556,0.3577556,1.593398,1.593398,1.1388557,652.0,651.0,647.0,643.0,652.0,25078.58535257244,92.73688105191432,United States,2,1,1,3,1,1,1,3,0,0,2,3,1,2,5,3,48.49,55.95,3,56.02,43.98,880698304,1084602330,430051392,3247.72,7775.37,366260497,3777.17,9521.0205,3087442,3516771.0,309811,47.752,113464103,1012.18
2021-12-16,United States,125442.0,49995533.0,1908.0,796537.0,835913.0,8629.0,-2.9,0.5,1696681.0,17214.0,34.8,5.3,367.2899,5.586559,146385.22,2332.2332,2447.5247,25.265417,4967.824,50.402004,233.22331,0.55865586,119416.14,1232.7142,349.6464,3.6093452,0.36093453,1.5932163,1.5932163,1.1256652,653.0,652.0,648.0,644.0,653.0,25084.33561265224,92.745569825487,United States,2,1,1,3,1,1,1,3,0,0,2,3,1,2,5,3,48.49,55.94,3,56.02,43.98,902944749,1112112185,439696406,3317.34,7956.67,374888400,3854.65,9741.51,3272061,3539202.0,313592,48.572,118068723,1051.36
2021-12-17,United States,146477.0,50142010.0,1900.0,798437.0,852682.0,9049.0,-0.6,8.5,1710083.0,17387.0,33.0,4.5,428.87964,5.563135,146814.1,2337.7961,2496.6238,26.495163,5007.0645,50.908543,233.77962,0.5563135,121811.71,1292.7142,356.66052,3.7850232,0.37850234,1.5923514,1.5923514,1.1823411,654.0,653.0,649.0,645.0,654.0,25090.083835924743,92.7542555213976,United States,2,1,1,3,1,1,1,3,0,0,2,3,1,2,5,3,48.48,55.93,3,56.02,43.98,906294428,1120358085,440498959,3322.33,7986.66,375452268,3862.02,9803.35,3349679,3199601.0,306664,48.463,120091147,1069.42
2021-12-18,United States,162668.0,50304678.0,1115.0,799552.0,877919.0,9002.0,3.2,9.0,1728882.0,17258.0,32.4,23.1,476.28635,3.2646818,147290.38,2341.061,2570.5168,26.357548,5062.1074,50.530834,234.1061,0.3264682,125417.0,1286.0,367.21667,3.765364,0.3765364,1.5894188,1.5894188,1.0517461,655.0,654.0,650.0,646.0,655.0,25095.83002239006,92.76293813964628,United States,2,1,1,3,1,1,1,3,0,0,2,3,1,2,5,3,48.47,55.93,3,56.02,43.98,414312386,510420655,199332758,3201.45,7706.46,171558419,3720.12,9405.52,1448739,3043630.0,285869,47.074,56931886,1041.78
2021-12-19,United States,156763.0,50461441.0,2034.0,801586.0,899109.0,9065.0,7.7,5.6,1734078.0,17651.0,29.1,26.1,458.9967,5.9554825,147749.38,2347.0164,2632.5603,26.54201,5077.3213,51.681526,234.70164,0.5955483,128444.14,1295.0,376.08005,3.7917159,0.37917158,1.588512,1.588512,1.0531293,656.0,655.0,651.0,647.0,656.0,25101.574172048364,92.7716176802333,United States,2,1,1,3,1,1,1,3,0,0,2,3,1,2,5,3,48.47,55.93,3,56.02,43.98,415527430,509767205,199622384,3204.37,7726.63,171717806,3724.8,9392.97,1215044,3036257.0,289503,47.255,57708988,1054.6
2021-12-20,United States,87584.0,50549025.0,590.0,802176.0,922726.0,9165.0,11.0,7.8,1754310.0,17669.0,28.6,24.5,256.44296,1.7274998,148005.81,2348.744,2701.7102,26.834806,5136.5596,51.73423,234.87439,0.17274998,131818.0,1309.2858,385.9586,3.8335438,0.3833544,1.5869267,1.5869267,1.0689281,657.0,656.0,652.0,648.0,657.0,25107.31628489954,92.78029414315851,United States,2,1,1,3,1,1,1,3,0,0,2,3,1,2,5,3,48.46,55.92,3,56.02,43.98,416391364,509030285,199849575,3206.43,7741.06,171842855,3728.34,9380.4795,863934,3061198.0,289958,47.401,58227361,1063.57
2021-12-21,United States,102213.0,50651238.0,286.0,802462.0,966830.0,9145.0,15.9,7.2,1801209.0,17674.0,30.4,23.6,299.27618,0.83739823,148305.1,2349.5813,2830.8452,26.776247,5273.8784,51.748867,234.95813,0.083739825,138118.58,1306.4286,404.40646,3.8251781,0.3825178,1.5842891,1.5842891,1.0746648,658.0,657.0,653.0,649.0,658.0,25113.056360943418,92.78896752842164,United States,2,1,1,3,1,1,1,3,0,0,2,3,1,2,5,3,48.45,55.91,3,56.02,43.98,916565215,1120658365,442695564,3292.6301,7991.66,377164880,3840.6,9697.57,1052998,3092303.0,292008,48.187,126610100,1115.2
2021-12-22,United States,266159.0,50917397.0,1467.0,803929.0,1047306.0,9300.0,25.3,8.7,1883325.0,17853.0,32.6,23.9,779.30444,4.2953258,149084.39,2353.8767,3066.476,27.230082,5514.311,52.272972,235.38766,0.4295326,149615.14,1328.5714,438.06802,3.8900118,0.38900116,1.5788887,1.5788887,1.1138138,659.0,658.0,654.0,650.0,659.0,25118.79440018017,92.79763783602291,United States,2,1,1,3,1,1,1,3,0,0,2,3,1,2,5,3,48.44,55.91,3,56.02,43.98,420545470,516772740,201926639,3235.92,7868.51,172779979,3774.6,9553.56,1355280,3042564.0,289602,47.337,59509919,1110.18
2021-12-23,United States,203318.0,51120715.0,2259.0,806188.0,1125182.0,9651.0,34.6,11.8,1961095.0,18280.0,35.8,24.5,595.30817,6.614275,149679.7,2360.491,3294.4944,28.257797,5742.019,53.523216,236.04909,0.6614275,160740.28,1378.7142,470.64206,4.0368285,0.40368283,1.577028,1.577028,1.1605562,660.0,659.0,655.0,651.0,660.0,25124.53040260985,92.80630506596248,United States,2,1,1,3,1,1,1,3,0,0,2,3,1,2,5,3,48.43,55.9,3,56.02,43.98,944353495,1157816835,454060157,3462.88,8420.32,386838292,4034.66,10254.43,1570305,2997159.0,285283,50.447,134076107,1199.73
2021-12-24,United States,237883.0,51358598.0,1854.0,808042.0,1216588.0,9605.0,42.7,6.1,2069270.0,18654.0,41.0,26.2,696.5133,5.4284487,150376.22,2365.9194,3562.1282,28.123112,6058.752,54.618275,236.59193,0.5428449,173798.28,1372.1428,508.87543,4.017587,0.40175873,1.5733335,1.5733335,1.1511555,661.0,660.0,656.0,652.0,661.0,25130.26436823234,92.8149692182401,United States,2,1,1,3,1,1,1,3,0,0,2,3,1,2,5,3,48.43,55.9,3,56.02,43.98,0,0,0,0.0,0.0,0,0.0,0.0,0,2715852.0,255652,0.0,0,0.0
2021-12-25,United States,278812.0,51637410.0,3177.0,811219.0,1332732.0,11667.0,51.8,29.6,2210651.0,20669.0,44.3,33.5,816.352,9.302148,151192.58,2375.2214,3902.1938,34.160576,6472.7104,60.518127,237.52216,0.93021476,190390.28,1666.7142,557.45624,4.8800826,0.48800826,1.5709909,1.5709909,1.3955425,662.0,661.0,657.0,653.0,662.0,25135.996297047648,92.82363029285582,United States,2,1,1,3,1,1,1,3,0,0,2,3,1,2,5,3,48.43,55.9,3,56.02,43.98,0,0,0,0.0,0.0,0,0.0,0.0,0,2510113.0,231099,0.0,0,0.0
2021-12-26,United States,241450.0,51878860.0,1368.0,812587.0,1417419.0,11001.0,57.6,21.4,2316528.0,20066.0,46.1,18.8,706.95734,4.0054574,151899.53,2379.227,4150.1543,32.210552,6782.715,58.752563,237.9227,0.40054572,202488.42,1571.5714,592.8792,4.6015077,0.46015075,1.5663162,1.5663162,1.316046,663.0,662.0,658.0,654.0,663.0,25141.72618905577,92.83228828980964,United States,2,1,1,3,1,1,1,3,0,0,2,3,1,2,5,3,48.43,55.9,3,56.02,43.98,0,0,0,0.0,0.0,0,0.0,0.0,0,2337759.0,214912,0.0,0,0.0
2021-12-27,United States,115824.0,51994684.0,262.0,812849.0,1445659.0,10673.0,56.7,16.5,2368385.0,19838.0,48.2,15.6,339.12872,0.76712704,152238.66,2379.9941,4232.8403,31.25018,6934.5503,58.084988,237.9994,0.076712705,206522.72,1524.7142,604.69147,4.464311,0.44643113,1.563331,1.563331,1.2516975,664.0,663.0,659.0,655.0,664.0,25147.454044256825,92.8409432091017,United States,2,1,1,4,1,1,1,3,0,0,2,3,1,2,5,3,51.2,57.68,3,58.8,46.76,930560674,1130414170,446566375,3407.1,8311.82,379528099,3974.3901,10050.45,0,2215566.0,206685,49.954998,134538901,1202.89
2021-12-28,United States,211284.0,52205968.0,266.0,813115.0,1554730.0,10653.0,60.8,16.5,2521560.0,19798.0,57.6,14.6,618.6323,0.77883893,152857.3,2380.773,4552.1963,31.19162,7383.0415,57.96787,238.07729,0.07788389,222104.28,1521.8572,650.3138,4.4559455,0.44559458,1.5575135,1.5575135,1.2134377,665.0,664.0,660.0,656.0,665.0,25153.179862650693,92.84959505073184,United States,2,1,1,4,1,1,1,3,0,0,2,3,1,2,5,3,51.19,57.67,3,58.8,46.76,933554030,1130416990,447296349,3411.91,8339.02,379962710,3980.74,10051.12,2993356,2285198.0,208546,50.099,136389560,1219.14
2021-12-29,United States,464495.0,52670463.0,1786.0,814901.0,1753066.0,10972.0,67.4,18.0,2800372.0,20272.0,65.5,19.8,1360.0255,5.2293468,154217.31,2386.0022,5132.9175,32.12564,8199.394,59.355724,238.60023,0.5229347,250438.0,1567.4286,733.2739,4.5893774,0.45893773,1.5471689,1.5471689,1.2203193,666.0,665.0,661.0,657.0,666.0,25158.903644237376,92.85824381470007,United States,2,1,1,4,1,1,1,3,0,0,2,3,1,2,5,3,51.18,57.67,3,58.8,46.76,935906341,1139007190,447959339,3415.46,8357.41,380352238,3985.5,10115.48,2352311,2218721.0,193211,49.911,137709566,1229.45
2021-12-30,United States,389514.0,53059977.0,2331.0,817232.0,1939262.0,11044.0,72.4,14.4,3064444.0,20695.0,80.6,20.2,1140.4836,6.8250885,155357.8,2392.8274,5678.093,32.336456,8972.587,60.594254,239.28273,0.6825088,277037.44,1577.7142,811.1561,4.6194935,0.46194935,1.5402042,1.5402042,1.1968883,667.0,666.0,662.0,658.0,667.0,25164.625389016877,92.8668895010064,United States,2,1,1,4,1,1,1,3,0,0,2,3,1,2,5,3,51.18,57.66,3,58.8,46.76,958338817,1164306675,457787771,3483.27,8538.09,388840876,4063.93,10315.71,2689594,2169710.0,184693,50.834,142447368,1268.8
2021-12-31,United States,474309.0,53534286.0,1823.0,819055.0,2175688.0,11013.0,78.8,14.7,3392276.0,20618.0,98.4,18.6,1388.7605,5.337682,156746.56,2398.165,6370.3403,32.24569,9932.468,60.3688,239.8165,0.5337682,310812.56,1573.2858,910.0486,4.606527,0.46065268,1.5299634,1.5299634,1.1390834,668.0,667.0,663.0,659.0,668.0,25170.345096989306,92.875532109651,United States,2,1,1,4,1,1,1,1,0,0,2,3,1,2,5,3,47.65,55.4,3,58.8,41.2,0,0,0,0.0,0.0,0,0.0,0.0,0,2221867.0,190857,0.0,0,0.0
2022-01-01,United States,584647.0,54118933.0,1334.0,820389.0,2481523.0,9170.0,86.2,-21.4,3814255.0,20837.0,120.6,20.7,1711.8264,3.9059064,158458.39,2402.071,7265.8145,26.849447,11168.008,61.010025,240.20709,0.39059064,354503.28,1310.0,1037.9735,3.8356352,0.38356352,1.5159001,1.5159001,0.87557983,669.0,668.0,664.0,660.0,669.0,25250.347,92.99641680199484,United States,2,1,1,4,1,1,1,1,0,0,2,3,1,2,5,3,47.65,55.39,3,58.8,41.2,0,0,0,0.0,0.0,0,0.0,0.0,0,2274027.0,197032,0.0,0,0.0
2022-01-02,United States,471965.0,54590898.0,1344.0,821733.0,2712038.0,9146.0,91.3,-16.9,4129457.0,20147.0,138.1,14.1,1381.8973,3.9351861,159840.28,2406.006,7940.7544,26.779175,12090.909,58.989727,240.60062,0.3935186,387434.0,1306.5714,1134.3936,3.8255966,0.38255966,1.5052564,1.5052564,0.8128463,670.0,669.0,665.0,661.0,670.0,25181.77840251266,92.89280809395451,United States,2,1,1,4,1,1,1,1,0,0,2,3,1,2,5,3,47.64,55.39,3,58.8,41.2,0,0,0,0.0,0.0,0,0.0,0.0,0,2326189.0,203182,0.0,0,0.0
2022-01-03,United States,302957.0,54893855.0,430.0,822163.0,2899171.0,9314.0,100.5,-12.7,4344830.0,19987.0,147.7,13.1,887.0477,1.2590253,160727.33,2407.2651,8488.674,27.271074,12721.514,58.52125,240.72652,0.12590253,414167.28,1330.5714,1212.6676,3.8958676,0.38958678,1.4977323,1.4977323,0.76558375,671.0,670.0,666.0,662.0,671.0,25187.49200006353,92.90144146961336,United States,2,1,1,4,1,1,1,1,0,0,2,3,1,2,5,3,47.63,55.38,3,58.8,41.2,0,0,0,0.0,0.0,0,0.0,0.0,0,2378343.0,209352,0.0,0,0.0
2022-01-04,United States,390858.0,55284713.0,374.0,822537.0,3078745.0,9422.0,98.0,-11.6,4633475.0,20075.0,157.2,13.6,1144.4188,1.0950593,161871.75,2408.36,9014.46,27.587294,13566.656,58.778915,240.83603,0.10950592,439820.72,1346.0,1287.78,3.941042,0.3941042,1.4878199,1.4878199,0.70696884,672.0,671.0,667.0,663.0,672.0,25193.203560807397,92.91007176761056,United States,2,1,1,4,1,1,1,1,0,0,2,3,1,2,5,3,47.62,55.38,3,58.8,41.2,967454178,1162579825,460367085,3499.18,8617.61,390238223,4084.83,10303.96,0,2205531.0,192754,51.34,147668410,1312.17
2022-01-05,United States,902391.0,56187104.0,1672.0,824209.0,3516641.0,9308.0,100.6,-15.2,5269707.0,20280.0,179.8,13.6,2642.17,4.895559,164513.92,2413.2559,10296.6045,27.253506,15429.522,59.379147,241.32558,0.4895559,502377.28,1329.7142,1470.9435,3.893358,0.3893358,1.4669007,1.4669007,0.65668654,673.0,672.0,668.0,664.0,673.0,25198.91308474407,92.91869898794582,United States,2,1,1,4,1,1,1,1,0,0,2,3,1,2,5,3,47.61,55.37,3,58.8,41.2,969618750,1169570065,460979384,3503.24,8636.75,390629235,4089.77,10359.38,2164572,2173081.0,193331,51.194,148851462,1322.49
2022-01-06,United States,732514.0,56919618.0,2840.0,827049.0,3859641.0,9817.0,99.0,-11.1,5798903.0,20861.0,195.7,14.1,2144.776,8.315423,166658.7,2421.5713,11300.896,28.743841,16978.99,61.080296,242.15712,0.8315423,551377.3,1402.4286,1614.4138,4.106263,0.4106263,1.4530122,1.4530122,0.6790675,674.0,673.0,669.0,665.0,674.0,25204.62057187344,92.92732313061902,United States,2,1,1,4,1,1,1,1,0,0,2,3,1,2,5,3,47.6,55.36,3,58.8,41.2,951890546,1173224790,452411446,3442.52,8499.57,382836472,4022.47,10399.56,2340814,2123949.0,188155,49.418,146899179,1308.8201
2022-01-07,United States,702790.0,57622408.0,1846.0,828895.0,4088122.0,9840.0,87.9,-10.7,6263810.0,20853.0,202.7,11.8,2057.745,5.405025,168716.44,2426.9763,11969.882,28.811184,18340.22,61.05687,242.69762,0.5405025,584017.44,1405.7142,1709.983,4.1158834,0.41158834,1.4384942,1.4384942,0.63290733,675.0,674.0,670.0,666.0,675.0,25210.326022195743,92.93594419563046,United States,2,1,1,4,1,1,1,1,0,0,2,3,1,2,5,3,47.59,55.35,3,58.8,41.2,974717571,1197178985,462391189,3511.47,8682.58,391426766,4101.41,10588.6,2669464,2251192.0,200177,50.393,151790556,1348.95
2022-01-08,United States,798436.0,58420844.0,2088.0,830983.0,4301911.0,10594.0,73.4,15.5,6783434.0,19764.0,206.9,-4.4,2337.7932,6.1135926,171054.23,2433.0898,12595.849,31.01887,19861.662,57.868317,243.30898,0.61135924,614558.7,1513.4286,1799.4069,4.4312673,0.4431267,1.4224085,1.4224085,0.60431266,676.0,675.0,671.0,667.0,676.0,25216.029435710923,92.94456218298008,United States,2,1,1,4,1,1,1,1,0,0,2,3,1,2,5,3,47.57,55.34,3,58.8,41.2,977348853,1210418835,463120775,3515.47,8705.08,391838760,4107.12,10703.22,2631282,2366649.0,209468,49.986,153305643,1361.86
2022-01-09,United States,852951.0,59273795.0,2466.0,833449.0,4682897.0,11716.0,72.7,28.1,7394935.0,20862.0,219.2,4.0,2497.4114,7.2203636,173551.64,2440.3103,13711.362,34.304047,21652.117,61.08322,244.03102,0.72203636,668985.3,1673.7142,1958.7661,4.900578,0.49005783,1.4061003,1.4061003,0.6041474,677.0,676.0,672.0,668.0,677.0,25221.730812418973,92.95317709266789,United States,2,1,1,4,1,1,1,1,0,0,2,3,1,2,5,3,47.57,55.34,3,58.8,41.2,979706699,1210325455,463775555,3518.12,8722.84,392215580,4111.5,10702.58,2357846,2443046.0,212210,50.086,154653387,1372.79
2022-01-10,United States,448743.0,59722538.0,869.0,834318.0,4828683.0,12155.0,66.6,30.5,7727854.0,21469.0,226.3,8.2,1313.9042,2.5444024,174865.55,2442.8545,14138.219,35.589424,22626.893,62.860497,244.28546,0.25444022,689811.9,1736.4286,2019.7455,5.0842037,0.50842035,1.3969902,1.3969902,0.55867386,678.0,677.0,673.0,669.0,678.0,25227.43015231978,92.96178892469366,United States,2,1,1,4,1,1,1,1,0,0,2,3,1,2,5,3,47.56,55.33,3,58.8,41.2,981207859,1210295565,464205017,3519.81,8733.76,392456630,4114.58,10702.59,1501160,2397062.0,205096,50.15,155495709,1379.09
2022-01-11,United States,486541.0,60209079.0,699.0,835017.0,4924366.0,12480.0,59.9,32.5,8003111.0,21902.0,217.4,10.6,1424.5754,2.046648,176290.12,2444.9011,14418.375,36.54101,23432.836,64.12831,244.49013,0.20466481,703480.9,1782.8572,2059.7678,5.2201447,0.5220145,1.3868623,1.3868623,0.50291693,679.0,678.0,674.0,670.0,679.0,25233.127455413454,92.97039767905764,United States,2,1,1,4,1,1,1,1,0,0,2,3,1,2,5,3,47.55,55.32,3,58.8,41.2,983111158,1214265195,464718268,3523.72,8756.19,392760870,4119.87,10736.46,1903299,2408517.0,214289,50.121002,156597527,1392.4
2022-01-12,United States,1265520.0,61474599.0,1962.0,836979.0,5287495.0,12770.0,50.4,37.2,8804136.0,22078.0,214.4,8.9,3705.3994,5.744669,179995.53,2450.646,15481.6045,37.390125,25778.209,64.64363,245.06459,0.5744669,755356.44,1824.2858,2211.6577,5.3414464,0.53414464,1.3615038,1.3615038,0.4708636,680.0,679.0,675.0,671.0,680.0,25238.822721700068,92.97900335575986,United States,2,1,1,4,1,1,1,1,0,0,2,3,1,2,5,3,47.54,55.32,3,58.8,41.2,965126006,1195118940,456082089,3462.97,8615.5,384953608,4051.83,10586.56,2416599,2450806.0,216547,49.211,154470065,1375.79
2022-01-13,United States,803539.0,62278138.0,3189.0,840168.0,5358520.0,13119.0,38.8,33.6,9218161.0,22936.0,200.8,10.8,2352.7346,9.337283,182348.27,2459.9832,15689.563,38.411983,26990.46,67.15582,245.99832,0.9337283,765502.9,1874.1428,2241.3662,5.4874263,0.54874265,1.3490577,1.3490577,0.45250866,681.0,680.0,676.0,672.0,681.0,25244.51595117949,92.98760595480016,United States,2,1,1,4,1,1,1,1,0,0,2,3,1,2,5,3,47.53,55.31,3,58.8,41.2,970617381,1201516200,457878699,3541.91,8824.26,386587101,4141.86,10837.939,2855267,2524262.0,218482,50.038,156627867,1420.5
2022-01-14,United States,855880.0,63134018.0,2480.0,842648.0,5511610.0,13753.0,34.8,39.8,9599732.0,23593.0,183.0,14.4,2505.9873,7.2613554,184854.25,2467.2446,16137.806,40.268314,28107.688,69.0795,246.72446,0.72613555,787372.9,1964.7142,2305.401,5.7526164,0.57526165,1.3346972,1.3346972,0.446708,682.0,681.0,677.0,673.0,682.0,25250.207143851672,92.99620547617847,United States,2,1,1,4,1,1,1,1,0,0,2,3,1,2,5,3,47.52,55.3,3,58.8,41.2,993730691,1230232385,467880267,3611.76,9013.16,395253962,4222.27,11066.17,2579559,2509051.0,221009,50.878,161707766,1464.09
2022-01-15,United States,892303.0,64026321.0,2179.0,844827.0,5605477.0,13844.0,30.3,30.7,9907388.0,24438.0,159.7,17.3,2612.6326,6.3800373,187466.88,2473.6245,16412.645,40.53476,29008.494,71.55363,247.36246,0.63800377,800782.44,1977.7142,2344.6636,5.79068,0.579068,1.3194995,1.3194995,0.39367113,683.0,682.0,678.0,674.0,683.0,25255.896299716725,93.00480191989496,United States,2,1,1,4,1,1,1,1,0,0,2,3,1,2,5,3,47.51,55.3,3,58.8,41.2,996138659,1235382525,468562505,3614.97,9033.9,395634631,4227.9,11103.36,2407968,2474826.0,216966,50.836998,163078037,1476.14
2022-01-16,United States,898407.0,64924728.0,3002.0,847829.0,5650933.0,14380.0,20.7,22.7,10333830.0,26096.0,150.2,29.5,2630.505,8.789753,190097.39,2482.4143,16545.738,42.10415,30257.102,76.408195,248.24144,0.87897533,807276.1,2054.2856,2363.677,6.0148783,0.6014878,1.3058646,1.3058646,0.37257352,684.0,683.0,679.0,675.0,684.0,25261.58341877465,93.01339528594964,United States,2,1,1,4,1,1,1,1,0,0,2,3,1,2,5,3,47.51,55.29,3,58.8,41.2,0,0,0,0.0,0.0,0,0.0,0.0,0,2341424.0,207161,0.0,0,0.0
2022-01-17,United States,465957.0,65390685.0,1380.0,849209.0,5668147.0,14891.0,17.4,22.5,10496830.0,27046.0,141.6,35.3,1364.3062,4.0405927,191461.69,2486.4548,16596.14,43.600338,30734.36,79.189766,248.6455,0.4040593,809735.3,2127.2856,2370.8772,6.22862,0.622862,1.2986697,1.2986697,0.3642504,685.0,684.0,680.0,676.0,685.0,25267.268501025508,93.02198557434254,United States,2,1,1,4,1,1,1,1,0,0,2,3,1,2,5,3,47.5,55.29,3,58.8,41.2,0,0,0,0.0,0.0,0,0.0,0.0,0,2330406.0,207176,0.0,0,0.0
2022-01-18,United States,418737.0,65809422.0,873.0,850082.0,5600343.0,15065.0,13.7,20.7,10524709.0,27545.0,127.1,37.2,1226.0476,2.5561142,192687.73,2489.011,16397.613,44.109806,30815.988,80.65082,248.90111,0.25561142,800049.0,2152.1428,2342.516,6.3014007,0.63014007,1.291733,1.291733,0.3501932,686.0,685.0,681.0,677.0,686.0,25272.951546469063,93.03057278507336,United States,2,1,1,4,1,1,1,1,0,0,2,3,1,2,5,3,47.49,55.28,3,58.8,41.2,468536585,581129160,219234103,3481.79,8723.18,185847627,4079.91,10693.87,0,2261946.0,190888,49.338,78035897,1437.47
2022-01-19,United States,968465.0,66777887.0,1453.0,851535.0,5303288.0,14556.0,0.3,14.0,10590783.0,27326.0,101.0,34.7,2835.6323,4.2543344,195523.38,2493.2654,15527.846,42.61947,31009.451,80.0096,249.32654,0.42543343,757612.56,2079.4285,2218.2637,6.0884957,0.6088496,1.2751751,1.2751751,0.31083322,687.0,686.0,682.0,678.0,687.0,25278.63255510549,93.03915691814235,United States,2,1,1,4,1,1,0,1,0,0,2,3,1,2,5,3,45.7,54.12,3,58.8,38.43,404995526,504365360,190603249,3165.1,7916.92,160978508,3716.57,9728.6,977776,2166210.0,200449,45.185,65957823,1288.13
2022-01-20,United States,856293.0,67634180.0,2642.0,854177.0,5356042.0,14009.0,-0.0,6.8,10714562.0,27128.0,84.8,30.0,2507.1965,7.735686,198030.56,2501.001,15682.308,41.01787,31371.871,79.429855,250.10011,0.7735686,765148.9,2001.2858,2240.3296,5.8596964,0.5859696,1.2629368,1.2629368,0.2901205,688.0,687.0,683.0,679.0,688.0,25284.311526934907,93.04773797354972,United States,2,1,1,4,1,1,0,1,0,0,2,3,1,2,5,3,45.69,54.11,3,58.8,38.43,446193330,555205095,209784896,3435.73,8599.33,177180095,4032.36,10555.47,923999,2000136.0,191722,48.472,73252546,1405.04
2022-01-21,United States,780466.0,68414646.0,3259.0,857436.0,5280628.0,14788.0,-4.2,7.5,10792238.0,28541.0,72.3,36.9,2285.1777,9.542241,200315.75,2510.5432,15461.498,43.29876,31599.305,83.56707,251.05434,0.95422405,754375.44,2112.5715,2208.7854,6.185537,0.6185537,1.253293,1.253293,0.30030262,689.0,688.0,684.0,680.0,689.0,25289.988461957026,93.05631595129498,United States,2,1,1,4,1,1,0,1,0,0,2,3,1,2,5,3,45.68,54.11,3,58.8,38.43,467877172,581730010,219458599,3504.78,8782.43,185645222,4111.26,10788.32,849411,1863759.0,180299,49.22,77422389,1445.2
2022-01-22,United States,776490.0,69191136.0,2901.0,860337.0,5164815.0,15510.0,-7.9,12.0,10770292.0,29354.0,58.8,48.5,2273.5361,8.494029,202589.28,2519.0374,15122.401,45.41275,31535.047,85.94751,251.90373,0.8494029,737830.7,2215.7144,2160.343,6.4875355,0.6487536,1.2434208,1.2434208,0.29333362,690.0,689.0,685.0,681.0,690.0,25295.66336017201,93.0648908513784,United States,2,1,1,4,1,1,0,1,0,0,2,3,1,2,5,3,45.68,54.1,3,58.8,38.43,468751778,584038080,219708728,3507.76,8798.09,185821692,4115.31,10828.17,874606,1758096.0,173610,49.136,77879970,1453.98
2022-01-23,United States,776480.0,69967616.0,3800.0,864137.0,5042888.0,16308.0,-10.8,13.4,10693821.0,30688.0,44.6,47.1,2273.5068,11.12627,204862.78,2530.1636,14765.403,47.749268,31311.143,89.85342,253.01636,1.112627,720412.56,2329.7144,2109.3435,6.821324,0.68213236,1.2350528,1.2350528,0.30433777,691.0,690.0,686.0,682.0,691.0,25301.33622157987,93.0734626738,United States,2,1,1,4,1,1,0,1,0,0,2,3,1,2,5,3,45.67,54.1,3,58.8,38.43,469454624,584109680,219906047,3509.84,8811.24,185951909,4118.55,10836.57,702846,1766127.0,175613,49.156,78262406,1462.0
2022-01-24,United States,328564.0,70296180.0,1218.0,865355.0,4905495.0,16146.0,-13.5,8.4,10573642.0,31037.0,36.8,44.6,962.0242,3.5662625,205824.81,2533.73,14363.122,47.274937,30959.262,90.875275,253.37299,0.35662624,700785.0,2306.5715,2051.8745,6.7535625,0.6753562,1.2310128,1.2310128,0.29294527,692.0,691.0,687.0,683.0,692.0,25307.007046180603,93.0820314185598,United States,2,1,1,4,1,1,0,1,0,0,2,3,1,2,5,3,45.66,54.09,3,58.8,38.43,469876544,584110480,220039047,3511.15,8820.38,186019462,4121.82,10836.6,421920,1734026.0,171930,49.211,78487747,1466.6
2022-01-25,United States,314947.0,70611127.0,960.0,866315.0,4801705.0,16233.0,-14.3,7.8,10402048.0,31298.0,30.0,42.9,922.15405,2.8108473,206746.97,2536.5408,14059.229,47.52967,30456.842,91.63947,253.65407,0.28108472,685957.9,2319.0,2008.4612,6.7899528,0.67899525,1.2268817,1.2268817,0.28959176,693.0,692.0,688.0,684.0,693.0,25312.67583397409,93.09059708565758,United States,2,1,1,4,1,1,0,1,0,0,2,3,1,2,5,3,45.65,54.08,3,58.8,38.43,449778182,560043685,210836641,3452.55,8680.73,177894441,4056.41,10681.63,910261,1775557.0,192866,48.35,75105812,1446.3099
2022-01-26,United States,1011148.0,71622275.0,2784.0,869099.0,4844388.0,17564.0,-8.7,20.7,10147676.0,32120.0,15.3,45.5,2960.6067,8.151457,209707.58,2544.6921,14184.202,51.426792,29712.049,94.046265,254.46922,0.8151457,692055.44,2509.1428,2026.3147,7.3466845,0.73466843,1.2134479,1.2134479,0.31081593,694.0,693.0,689.0,685.0,694.0,25318.342584960454,93.09915967509352,United States,2,1,1,4,1,1,0,1,0,0,2,3,1,2,5,3,45.64,54.08,3,58.8,38.43,445648033,555263925,208786168,3394.51,8545.24,176087032,3990.23,10519.71,625316,1725020.0,171540,47.519,74677145,1429.95
2022-01-27,United States,493232.0,72115507.0,3530.0,872629.0,4481327.0,18452.0,-16.3,31.7,9837369.0,32461.0,6.7,41.5,1444.1664,10.335719,211151.73,2555.0278,13121.172,54.026825,28803.48,95.0447,255.50279,1.033572,640189.56,2636.0,1874.4532,7.7181177,0.7718118,1.2100435,1.2100435,0.3255385,695.0,694.0,690.0,686.0,695.0,25324.007299139743,93.10771918686774,United States,2,1,1,4,1,1,0,1,0,0,2,3,1,2,5,3,45.63,54.07,3,58.8,38.43,1056290332,1307964585,492120880,3591.3,9047.58,416566306,4219.94,11124.061,748580,1699770.0,172741,50.022,180289331,1521.37
2022-01-28,United States,545225.0,72660732.0,3409.0,876038.0,4246086.0,18602.0,-19.6,25.8,9526714.0,33390.0,-0.8,41.5,1596.4001,9.981436,212748.14,2565.0093,12432.395,54.46602,27893.893,97.76478,256.50095,0.99814355,606583.7,2657.4285,1776.0564,7.78086,0.778086,1.2056553,1.2056553,0.33215824,696.0,695.0,691.0,687.0,696.0,25329.669976511854,93.11627562098003,United States,2,1,1,4,1,1,0,1,0,0,2,3,1,2,5,3,45.62,54.06,3,58.8,38.43,1079070012,1335870980,502047398,3660.15,9227.49,425279391,4298.78,11390.71,1662602,1682414.0,164300,50.591,185064101,1558.61
2022-01-29,United States,572820.0,73233552.0,2898.0,878936.0,4042416.0,18599.0,-21.7,19.9,9207231.0,34109.0,-7.1,39.6,1677.1974,8.485245,214425.34,2573.4946,11836.056,54.457237,26958.457,99.86999,257.34946,0.8485245,577488.0,2657.0,1690.8651,7.7796054,0.77796054,1.2001821,1.2001821,0.35070696,697.0,696.0,692.0,688.0,697.0,25335.33061707672,93.12482897743034,United States,2,1,1,4,1,1,0,1,0,0,2,3,1,2,5,3,45.61,54.06,3,58.8,38.43,1079676833,1337385455,501990281,3605.25,9096.95,425229200,4234.85,11223.35,1672401,1662676.0,162552,49.789,185756169,1541.69
2022-01-30,United States,523326.0,73756878.0,3604.0,882540.0,3789262.0,18403.0,-24.9,12.8,8832150.0,34711.0,-14.5,33.0,1532.2806,10.552389,215957.62,2584.0469,11094.83,53.883354,25860.232,101.63262,258.4047,1.0552388,541323.1,2629.0,1584.9757,7.6976223,0.7697622,1.1965529,1.1965529,0.34359327,698.0,697.0,693.0,689.0,698.0,25340.989220834454,93.1333792562188,United States,2,1,1,4,1,1,0,1,0,0,2,3,1,2,5,3,45.61,54.05,3,58.8,38.43,1081147462,1337414595,502386117,3607.25,9105.62,425553490,4237.19,11223.53,1470629,1638649.0,155305,49.832,186520103,1546.15
2022-01-31,United States,222172.0,73979050.0,1516.0,884056.0,3682870.0,18701.0,-24.9,15.8,8588365.0,34847.0,-18.2,28.8,650.512,4.438796,216608.12,2588.4858,10783.317,54.75589,25146.44,102.03082,258.84857,0.4438796,526124.3,2671.5715,1540.4739,7.82227,0.782227,1.1950086,1.1950086,0.35414347,699.0,698.0,694.0,690.0,699.0,25346.645787785063,93.14192645734543,United States,2,1,1,4,1,1,0,1,0,0,2,3,1,2,5,3,45.6,54.04,3,58.8,38.43,1060858909,1312139360,493105244,3542.64,8944.49,417400471,4163.62,11024.07,933119,1580979.0,150588,49.022,183053329,1518.22
2022-02-01,United States,158214.0,74137264.0,925.0,884981.0,3526137.0,18666.0,-26.6,15.0,8327842.0,34899.0,-20.9,26.7,463.24518,2.7083683,217071.38,2591.194,10324.408,54.65341,24383.637,102.18308,259.11942,0.27083683,503733.84,2666.5715,1474.9155,7.80763,0.78076303,1.193706,1.193706,0.36140695,700.0,699.0,695.0,691.0,700.0,25352.3003179286,93.15047058081036,United States,2,1,1,4,1,1,0,1,0,0,2,3,1,2,5,3,45.59,54.04,3,58.8,38.43,1061982461,1313653100,493400628,3545.48,8956.27,417663883,4167.3,11034.14,1123552,1476874.0,129230,49.042,183626970,1523.66
2022-02-02,United States,576521.0,74713785.0,2779.0,887760.0,3091510.0,18661.0,-36.2,6.2,7935898.0,36225.0,-25.1,32.6,1688.0338,8.136817,218759.4,2599.331,9051.836,54.63877,23236.04,106.06556,259.9331,0.8136817,441644.28,2665.8572,1293.1194,7.8055387,0.7805539,1.1882144,1.1882144,0.3700459,701.0,700.0,696.0,692.0,701.0,25357.95281126484,93.15901162661316,United States,2,1,1,4,1,1,0,1,0,0,2,3,1,2,5,3,45.58,54.03,3,58.8,38.43,1063340305,1316044220,493775920,3548.53,8969.17,418001930,4171.08,11061.98,1357844,1445972.0,128069,48.97,184285820,1529.83
2022-02-03,United States,296458.0,75010243.0,4076.0,891836.0,2894736.0,19207.0,-35.4,4.1,7376063.0,37659.0,-31.2,38.8,868.0189,11.934389,219627.42,2611.2654,8475.688,56.23744,21596.861,110.26427,261.12653,1.1934389,413533.72,2743.8572,1210.8126,8.03392,0.803392,1.1889523,1.1889523,0.3915405,702.0,701.0,697.0,693.0,702.0,25363.60326779395,93.16754959475416,United States,2,1,1,4,1,1,0,1,0,0,2,3,1,2,5,3,45.57,54.02,3,58.8,38.43,1065909472,1319875485,494685214,3611.43,9128.44,418826186,4243.04,11270.52,1503503,1418270.0,120562,49.731,185182277,1559.98
2022-02-04,United States,303405.0,75313648.0,3218.0,895054.0,2652916.0,19016.0,-37.5,2.2,6899002.0,37618.0,-36.1,31.8,888.3595,9.4221945,220515.78,2620.6875,7767.6475,55.6782,20200.043,110.14422,262.06876,0.9422194,378988.0,2716.5715,1109.664,7.954028,0.7954028,1.1884353,1.1884353,0.396026,703.0,702.0,698.0,694.0,703.0,25369.251687515996,93.1760844852334,United States,2,1,1,4,1,1,0,1,0,0,2,3,1,2,5,3,45.56,54.02,3,58.8,38.43,1088469206,1346727120,504554896,3680.75,9308.98,427544853,4321.75,11486.26,1232829,1356005.0,118930,50.583,189784359,1597.53
2022-02-05,United States,350050.0,75663698.0,2715.0,897769.0,2430146.0,18833.0,-39.9,1.3,6472562.0,37432.0,-39.9,27.5,1024.9344,7.949427,221540.72,2628.637,7115.3843,55.14238,18951.44,109.59962,262.8637,0.79494274,347163.72,2690.4285,1016.4835,7.877483,0.7877483,1.1865255,1.1865255,0.3887591,704.0,703.0,699.0,695.0,704.0,25374.89807043085,93.18461629805074,United States,2,1,1,4,1,1,0,1,0,0,2,3,1,2,5,3,45.55,54.01,3,58.8,38.43,1068441291,1321659185,495365431,3616.98,9150.16,419481345,4249.04,11288.71,1298990,1305083.0,111106,49.779,186405255,1570.42
2022-02-06,United States,281890.0,75945588.0,3425.0,901194.0,2188710.0,18654.0,-42.2,1.4,5977972.0,37057.0,-44.1,20.8,825.36426,10.028283,222366.1,2638.6653,6408.4683,54.618275,17503.297,108.50163,263.86652,1.0028282,312672.84,2664.8572,915.4954,7.802611,0.78026104,1.1866312,1.1866312,0.41626063,705.0,704.0,700.0,696.0,705.0,25380.54241653852,93.19314503320616,United States,2,1,1,4,1,1,0,1,0,0,2,3,1,2,5,3,45.54,54.01,3,58.8,38.43,1069502431,1321860285,495676877,3619.06,9159.21,419772210,4251.74,11290.4,1061140,1248997.0,111805,49.834,186876540,1574.8
2022-02-07,United States,104762.0,76050350.0,1254.0,902448.0,2071300.0,18392.0,-43.8,-1.7,5754170.0,37093.0,-45.6,19.5,306.73956,3.6716692,222672.83,2642.337,6064.696,53.851147,16848.014,108.60703,264.2337,0.3671669,295900.0,2627.4285,866.3851,7.6930213,0.7693021,1.1866454,1.1866454,0.43315184,706.0,705.0,701.0,697.0,706.0,25386.184725839004,93.20167069069969,United States,2,1,1,4,1,1,0,1,0,0,2,3,1,2,5,3,45.54,54.0,3,58.8,38.43,1063143463,1312191730,492484189,3565.74,9027.4,417147815,4187.77,11102.62,763377,1224825.0,112287,49.13,186136743,1556.4
2022-02-08,United States,96578.0,76146928.0,714.0,903162.0,2009664.0,18181.0,-43.0,-2.6,5535801.0,36847.0,-46.8,17.7,282.77707,2.0905676,222955.61,2644.4275,5884.2275,53.233345,16208.636,107.88676,264.44275,0.20905676,287094.84,2597.2856,840.60394,7.604764,0.7604764,1.1860781,1.1860781,0.4497558,707.0,706.0,702.0,698.0,707.0,25391.82499833242,93.21019327053143,United States,2,1,1,4,1,1,0,1,0,0,2,3,1,2,5,3,45.53,53.99,3,58.8,38.43,1064119856,1314526050,492742741,3569.65,9038.96,417416712,4190.48,11120.27,976393,1203885.0,111928,49.11,186594446,1561.25
2022-02-09,United States,305358.0,76452286.0,3301.0,906463.0,1738501.0,18703.0,-43.8,0.2,4830011.0,37364.0,-52.4,16.3,894.07776,9.6652155,223849.69,2654.0928,5090.2715,54.761745,14142.107,109.40051,265.40927,0.9665215,248357.28,2671.8572,727.18164,7.8231063,0.78231066,1.1856585,1.1856585,0.49357897,708.0,707.0,703.0,699.0,708.0,25397.46323401865,93.21871277270128,United States,2,1,1,4,1,1,0,1,0,0,2,3,1,2,5,3,45.52,53.99,3,58.8,38.43,1072478224,1327749965,496439251,3628.66,9189.78,420620544,4259.6,11336.08,1221898,1184547.0,111057,49.808,188274131,1588.16
2022-02-10,United States,197921.0,76650207.0,3804.0,910267.0,1639964.0,18431.0,-43.3,-4.0,4534700.0,37638.0,-53.9,15.9,579.5059,11.137982,224429.19,2665.2307,4801.759,53.96534,13277.446,110.202774,266.52307,1.1137981,234280.58,2633.0,685.9655,7.709334,0.7709334,1.1875597,1.1875597,0.5004521,709.0,708.0,704.0,700.0,709.0,25403.099432897696,93.22722919720924,United States,2,1,1,4,1,1,0,1,0,0,2,3,1,2,5,3,45.51,53.98,3,58.8,38.43,1069492982,1324283110,494681336,3572.64,9052.54,419243504,4190.04,11158.02,1372948,1165633.0,109371,49.024002,188313816,1572.46
2022-02-11,United States,196394.0,76846601.0,3005.0,913272.0,1532953.0,18218.0,-42.2,-4.2,4185869.0,37234.0,-56.1,11.5,575.0349,8.798537,225004.22,2674.0293,4488.434,53.341682,12256.081,109.01988,267.40292,0.8798537,218993.28,2602.5715,641.20483,7.62024,0.76202404,1.1884351,1.1884351,0.51665604,710.0,709.0,705.0,701.0,710.0,25408.733594969555,93.23574254405526,United States,2,1,1,4,1,1,0,1,0,0,2,3,1,2,5,3,45.5,53.97,3,58.8,38.43,1092007293,1352051545,504492458,3641.74,9230.92,427971729,4267.95,11389.94,1068985,1141970.0,104979,49.765,192916914,1608.74
2022-02-12,United States,165790.0,77012391.0,2579.0,915851.0,1348693.0,18082.0,-44.5,-4.0,3778839.0,36915.0,-59.0,8.2,485.42746,7.5512238,225489.66,2681.5803,3948.927,52.943478,11064.312,108.08586,268.15805,0.75512236,192670.42,2583.1428,564.13245,7.563354,0.7563354,1.1892256,1.1892256,0.58489215,711.0,710.0,706.0,702.0,711.0,25414.365720234346,93.24425281323954,United States,2,1,1,4,1,1,0,1,0,0,2,3,1,2,5,3,45.49,53.97,3,58.8,38.43,1093237794,1353756045,504828015,3644.77,9242.03,428306752,4271.02,11403.24,1230501,1130108.0,107181,49.771,193491195,1613.9
2022-02-13,United States,155309.0,77167700.0,2893.0,918744.0,1222112.0,17550.0,-44.2,-5.9,3410822.0,36204.0,-61.4,4.3,454.73944,8.470605,225944.39,2690.051,3578.3022,51.3858,9986.7705,106.004074,269.0051,0.8470605,174587.42,2507.1428,511.18604,7.3408284,0.7340829,1.1905811,1.1905811,0.6062729,712.0,711.0,707.0,703.0,712.0,25419.99580869201,93.252760004762,United States,2,1,1,4,1,1,0,1,0,0,2,3,1,2,5,3,45.49,53.97,3,58.8,38.43,1092857585,1352143235,504504908,3566.84,9034.4795,428076632,4180.42,11137.77,954932,1112958.0,103612,48.995,193626648,1567.4401
2022-02-14,United States,67888.0,77235588.0,969.0,919713.0,1185238.0,17265.0,-42.8,-6.1,3256538.0,35657.0,-62.1,2.3,198.77374,2.837199,226143.16,2692.8882,3470.3364,50.55133,9535.032,104.40248,269.28882,0.2837199,169319.72,2466.4285,495.76233,7.2216187,0.7221618,1.1907891,1.1907891,0.6507933,713.0,712.0,708.0,704.0,713.0,25425.623860342428,93.26126411862244,United States,2,1,1,4,1,1,0,1,0,0,2,3,1,2,5,3,45.48,53.96,3,58.8,38.43,1093518643,1352143435,504682732,3568.0,9038.59,428260590,4181.63,11137.77,661058,1095691.0,100068,49.017,193931623,1569.24
2022-02-15,United States,47904.0,77283492.0,727.0,920440.0,1136564.0,17278.0,-43.4,-5.0,3146228.0,35459.0,-62.2,1.6,140.26128,2.128631,226283.42,2695.0168,3327.8206,50.589394,9212.048,103.82274,269.50168,0.21286312,162366.28,2468.2856,475.40292,7.227056,0.7227056,1.1909918,1.1909918,0.7109861,714.0,713.0,709.0,705.0,714.0,25431.249875185666,93.269765154821,United States,2,1,1,4,1,1,0,1,0,0,2,3,1,2,5,3,45.48,53.96,3,58.8,38.43,1058746029,1307308785,488544200,3450.68,8745.29,414389479,4044.34,10751.5,927129,1093191.0,98526,47.496,188245883,1522.79
2022-02-16,United States,174293.0,77457785.0,2973.0,923413.0,1005499.0,16950.0,-42.2,-9.4,2744000.0,35653.0,-65.4,-1.6,510.32394,8.704843,226793.75,2703.7217,2944.0667,49.62902,8034.3384,104.39076,270.37216,0.87048423,143642.72,2421.4285,420.58096,7.08986,0.708986,1.19215,1.19215,0.7744288,715.0,714.0,710.0,706.0,715.0,25436.873853221827,93.27826311335778,United States,2,1,1,4,1,1,0,1,0,0,2,3,1,2,5,3,45.47,53.95,3,58.8,38.43,1059512941,1308396745,488743131,3421.81,8684.15,414577914,4010.42,10657.86,819261,1040216.0,90544,46.837,188633848,1521.11
2022-02-17,United States,108080.0,77565865.0,3370.0,926783.0,915658.0,16516.0,-44.2,-10.4,2555622.0,34947.0,-65.4,-7.2,316.45456,9.867245,227110.2,2713.5889,2681.0154,48.358284,7482.774,102.32362,271.3589,0.9867245,130808.29,2359.4285,383.0022,6.908326,0.6908326,1.1948336,1.1948336,0.79737365,716.0,715.0,711.0,707.0,716.0,25442.495794450864,93.28675799423276,United States,2,1,1,4,1,1,0,1,0,0,2,3,1,2,5,3,45.46,53.95,3,58.8,38.43,1075894148,1342007340,495845536,3480.3,8846.61,420856615,4078.29,10946.57,2121175,1151987.0,113753,47.289,191963957,1560.36
2022-02-18,United States,105714.0,77671579.0,2708.0,929491.0,824978.0,16219.0,-46.2,-11.0,2357931.0,34437.0,-65.8,-8.5,309.52698,7.928931,227419.73,2721.5178,2415.5073,47.488678,6903.9414,100.83036,272.1518,0.7928932,117854.0,2317.0,345.07248,6.7840967,0.6784097,1.1966939,1.1966939,0.80705035,717.0,716.0,712.0,708.0,717.0,25448.115698872654,93.29524979744572,United States,2,1,1,4,1,1,0,1,0,0,2,3,1,2,5,3,45.45,53.94,3,58.8,38.43,1095797296,1367126045,504481009,3472.31,8827.94,428560608,4067.63,10932.07,986633,1140427.0,116683,47.26,196030297,1555.66
2022-02-19,United States,100475.0,77772054.0,2316.0,931807.0,759663.0,15956.0,-43.7,-11.8,2108356.0,34038.0,-67.4,-9.1,294.18738,6.781169,227713.92,2728.299,2224.2673,46.718624,6173.1943,99.6621,272.8299,0.67811686,108523.29,2279.4285,317.75247,6.674089,0.6674089,1.1981257,1.1981257,0.91780216,718.0,717.0,713.0,709.0,718.0,25453.733566487324,93.3037385229969,United States,2,1,1,4,1,1,0,1,0,0,2,3,1,2,5,3,45.45,53.94,3,58.8,38.43,1082646433,1352333355,498137013,3396.92,8629.27,423510038,3973.37,10707.72,1026551,1113105.0,111405,46.377,193908267,1521.18
2022-02-20,United States,103802.0,77875856.0,2309.0,934116.0,708156.0,15372.0,-42.1,-12.4,1930268.0,32922.0,-67.7,-11.2,303.9287,6.760673,228017.84,2735.0598,2073.4565,45.00869,5651.759,96.39449,273.50598,0.6760673,101165.14,2196.0,296.20807,6.429813,0.6429813,1.1994938,1.1994938,0.93733764,719.0,718.0,714.0,710.0,719.0,25459.349397294864,93.3122241708862,United States,2,1,1,4,1,1,0,1,0,0,2,3,1,2,5,3,45.45,53.93,3,58.8,38.43,0,0,0,0.0,0.0,0,0.0,0.0,0,1067246.0,108369,0.0,0,0.0
2022-02-21,United States,40797.0,77916653.0,716.0,934832.0,681065.0,15119.0,-42.5,-12.4,1866303.0,32384.0,-67.6,-12.7,119.452225,2.0964236,228137.3,2737.1562,1994.135,44.267914,5464.471,94.819244,273.7156,0.20964235,97295.0,2159.8572,284.87643,6.323988,0.6323988,1.1997846,1.1997846,0.9862664,720.0,719.0,715.0,711.0,720.0,25464.963191295275,93.3207067411137,United States,2,1,1,4,1,1,0,1,0,0,2,3,1,2,5,3,45.44,53.93,3,58.8,38.43,0,0,0,0.0,0.0,0,0.0,0.0,0,1063364.0,108752,0.0,0,0.0
2022-02-22,United States,31174.0,77947827.0,588.0,935420.0,664335.0,14980.0,-41.5,-13.3,1800899.0,32258.0,-67.5,-12.5,91.276405,1.7216439,228228.58,2738.8777,1945.1501,43.860928,5272.9707,94.450325,273.8878,0.1721644,94905.0,2140.0,277.8786,6.2658467,0.6265847,1.200059,1.200059,1.1107049,721.0,720.0,716.0,712.0,721.0,25470.574948488444,93.3291862336792,United States,2,1,1,4,1,1,0,1,0,0,2,3,1,2,5,3,45.43,53.93,3,58.8,38.43,1062833772,1327176000,489033260,3333.51,8470.47,415493536,3901.02,10509.35,0,1014281.0,99998,45.578,190613808,1493.4
2022-02-23,United States,48413.0,77996240.0,1100.0,936520.0,538455.0,13107.0,-46.4,-22.7,1543954.0,30057.0,-68.0,-19.6,141.7516,3.2207625,228370.33,2742.0986,1576.5779,38.376846,4520.6445,88.00587,274.20987,0.32207623,76922.14,1872.4286,225.2254,5.482407,0.54824066,1.2007246,1.2007246,1.0724876,722.0,721.0,717.0,713.0,722.0,25476.184668874484,93.33766264858286,United States,2,1,1,4,1,1,0,1,0,0,2,3,1,2,5,3,45.43,53.92,3,58.8,38.43,1063698670,1328678100,489273476,3336.06,8479.46,415731418,3903.22,10519.24,864898,1017301.0,103850,45.586,191013082,1497.71
2022-02-24,United States,115022.0,78111262.0,3252.0,939772.0,545397.0,12989.0,-40.4,-21.4,1461055.0,29505.0,-67.8,-21.6,336.7805,9.521745,228707.11,2751.6204,1596.9038,38.03135,4277.919,86.38963,275.16202,0.9521745,77913.86,1855.5714,228.1291,5.4330497,0.543305,1.2031198,1.2031198,1.095898,723.0,722.0,718.0,714.0,723.0,25481.7923524534,93.3461359858247,United States,2,1,1,4,1,1,0,1,0,0,2,3,1,2,5,3,45.42,53.92,3,58.8,38.43,469432724,587572715,216117844,3130.83,7950.54,183797730,3657.66,9875.89,409208,816645.0,76398,43.127,83547839,1401.97
2022-02-25,United States,73662.0,78184924.0,2611.0,942383.0,513345.0,12892.0,-37.8,-20.5,1338323.0,29111.0,-68.0,-21.8,215.67982,7.644919,228922.78,2759.2651,1503.0566,37.747334,3918.564,85.236015,275.9265,0.76449186,73335.0,1841.7142,214.72237,5.3924766,0.53924763,1.2053257,1.2053257,1.1342961,724.0,723.0,719.0,715.0,724.0,25487.397999225184,93.35460624540472,United States,2,1,1,4,1,1,0,1,0,0,2,3,1,2,5,3,45.41,53.91,3,58.8,38.43,1105208474,1379204805,507575941,3674.5,9356.6,431576518,4296.55,11599.37,366686,776658.0,69661,49.559,199574396,1674.38
2022-02-26,United States,75062.0,78259986.0,2488.0,944871.0,487932.0,13064.0,-35.8,-18.1,1247595.0,29020.0,-67.0,-21.4,219.77898,7.284779,229142.56,2766.55,1428.6482,38.250946,3652.9155,84.96957,276.655,0.7284779,69704.57,1866.2858,204.0926,5.464421,0.5464421,1.2073488,1.2073488,1.2992554,725.0,724.0,720.0,716.0,725.0,25493.001609189785,93.3630734273228,United States,2,1,1,4,1,1,0,1,0,0,2,3,1,2,5,3,45.41,53.91,3,58.8,38.43,1018200199,1272399700,468391173,3466.96,8816.68,397628994,4058.19,10922.04,911754,765837.0,71437,47.159,183200147,1563.51
2022-02-27,United States,74142.0,78334128.0,2291.0,947162.0,458272.0,13046.0,-35.3,-15.1,1166428.0,28418.0,-65.8,-21.5,217.08524,6.7079697,229359.66,2773.258,1341.8048,38.198242,3415.2612,83.20693,277.3258,0.670797,65467.43,1863.7142,191.68639,5.4568915,0.54568917,1.2091308,1.2091308,1.4247677,726.0,725.0,721.0,717.0,726.0,25498.603182347146,93.3715375315789,United States,2,1,1,4,1,1,0,1,0,0,2,3,1,2,5,3,45.41,53.91,3,58.8,38.43,0,0,0,0.0,0.0,0,0.0,0.0,0,752057.0,75697,0.0,0,0.0
2022-02-28,United States,25662.0,78359790.0,576.0,947738.0,443137.0,12906.0,-34.9,-14.6,1124202.0,28025.0,-65.5,-21.4,75.13746,1.6865083,229434.78,2774.9446,1297.49,37.788326,3291.625,82.056244,277.49445,0.16865084,63305.285,1843.7142,185.35571,5.3983326,0.53983325,1.2094698,1.2094698,1.5644053,727.0,726.0,722.0,718.0,727.0,25504.20271869749,93.37999855817334,United States,2,1,1,0,1,1,0,1,0,0,2,3,1,2,5,3,37.1,48.57,3,53.24,28.7,1019173027,1273215500,468667395,3469.86,8831.11,397890977,4062.21,10927.98,0,738273.0,79960,47.224,183646612,1571.18
2022-03-01,United States,18169.0,78377959.0,360.0,948098.0,430132.0,12678.0,-35.3,-15.4,1094467.0,27658.0,-65.2,-22.0,53.19821,1.0540677,229487.98,2775.9985,1259.4117,37.12075,3204.562,80.98168,277.59985,0.10540677,61447.43,1811.1428,179.91597,5.302964,0.53029644,1.2096487,1.2096487,1.6688979,728.0,727.0,723.0,719.0,728.0,25509.80021824065,93.38845650710589,United States,2,1,1,0,1,1,0,1,0,0,2,3,1,2,5,3,37.1,48.57,3,53.24,28.7,1032478508,1290268310,474302185,3394.7,8651.47,402957930,3982.54,10717.33,570632,736682.0,81192,46.406,186591396,1544.0
2022-03-02,United States,76237.0,78454196.0,2302.0,950400.0,457956.0,13880.0,-14.9,5.9,996411.0,26987.0,-63.7,-24.3,223.21933,6.740177,229711.2,2782.7388,1340.8795,40.640167,2917.4573,79.01701,278.27386,0.6740177,65422.285,1982.8572,191.55421,5.805738,0.5805738,1.2114074,1.2114074,1.9600201,729.0,728.0,724.0,720.0,729.0,25515.395680976624,93.39691137837649,United States,2,1,1,0,1,1,0,1,0,0,2,3,1,2,5,3,37.09,48.57,3,53.24,28.7,1032862338,1291367990,474403950,3372.36,8591.87,403037856,3956.44,10668.1,720702,719672.0,81254,46.313,186759635,1527.6901
2022-03-03,United States,63819.0,78518015.0,1971.0,952371.0,406753.0,12599.0,-25.4,-3.0,952150.0,25588.0,-62.7,-26.8,186.85985,5.7710204,229898.06,2788.5098,1190.9589,36.889442,2787.8625,74.92079,278.85098,0.57710207,58107.57,1799.8572,170.13698,5.2699203,0.526992,1.2129331,1.2129331,1.8498969,730.0,729.0,725.0,721.0,730.0,25520.98910690536,93.4053631719851,United States,1,1,1,0,1,1,0,1,0,0,2,3,1,2,5,3,34.65,46.99,3,53.24,25.0,1083504978,1352707900,497272620,3459.37,8810.74,422581256,4050.57,10925.25,669689,713334.0,75119,47.165,196449256,1567.88
2022-03-04,United States,52784.0,78570799.0,1536.0,953907.0,385875.0,11524.0,-24.8,-10.6,899220.0,24416.0,-61.9,-29.1,154.54974,4.4973555,230052.61,2793.007,1129.8289,33.74188,2632.8855,71.48921,279.30072,0.44973555,55125.0,1646.2858,161.40411,4.820268,0.48202685,1.2140732,1.2140732,1.734667,731.0,730.0,726.0,722.0,731.0,25526.58049602708,93.41381188793208,United States,1,1,1,0,1,1,0,1,0,0,2,3,1,2,5,3,34.64,46.99,3,53.24,25.0,1106018829,1380865085,507111707,3528.74,8989.02,431331581,4128.19,11172.56,703732,710935.0,74857,47.86,201004203,1604.21
2022-03-05,United States,51622.0,78622421.0,1364.0,955271.0,362435.0,10400.0,-25.7,-20.4,850367.0,23464.0,-59.7,-31.1,151.14745,3.9937453,230203.77,2797.0007,1061.1973,30.450844,2489.8455,68.70179,279.70007,0.39937454,51776.43,1485.7142,151.59961,4.3501205,0.43501207,1.2150109,1.2150109,1.931452,732.0,731.0,727.0,723.0,732.0,25532.16984834167,93.4222575262172,United States,1,1,1,0,1,1,0,1,0,0,2,3,1,2,5,3,34.64,46.99,3,53.24,25.0,1084119200,1355002855,497327568,3411.91,8697.63,422647273,3995.66,10812.5,642842,666536.0,73260,46.244,196935557,1552.8
2022-03-06,United States,44216.0,78666637.0,1569.0,956840.0,332509.0,9678.0,-27.4,-25.8,790781.0,22724.0,-59.0,-31.0,129.46294,4.5939784,230333.22,2801.5947,973.575,28.336853,2315.3796,66.535095,280.1595,0.45939785,47501.285,1382.5714,139.08214,4.048122,0.4048122,1.2163225,1.2163225,1.7744873,733.0,732.0,728.0,724.0,733.0,25537.75716384896,93.43070008684025,United States,1,1,1,0,1,1,0,1,0,0,2,3,1,2,5,3,34.64,46.98,3,53.24,25.0,1084592125,1355028855,497461378,3413.49,8702.63,422779361,3997.37,10812.65,472925,658628.0,70143,46.276,197148274,1554.54
2022-03-07,United States,14292.0,78680929.0,322.0,957162.0,321139.0,9424.0,-27.5,-27.0,764276.0,22330.0,-59.0,-31.0,41.84649,0.942805,230375.08,2802.5376,940.284,27.59315,2237.774,65.38148,280.25375,0.094280496,45877.0,1346.2858,134.3263,3.9418786,0.39418787,1.2165108,1.2165108,1.8358024,734.0,733.0,729.0,725.0,734.0,25543.342442549125,93.43913956980144,United States,1,1,1,0,1,1,0,1,0,0,2,3,1,2,5,3,34.63,46.98,3,53.24,25.0,1085019637,1355036255,497580284,3415.6,8711.21,422888862,3999.03,10817.79,427512,644228.0,72168,46.292,197351468,1559.36
2022-03-08,United States,8941.0,78689870.0,367.0,957529.0,311911.0,9431.0,-27.5,-25.6,742043.0,22109.0,-58.8,-31.5,26.178942,1.0745635,230401.25,2803.6123,913.2648,27.613646,2172.6765,64.7344,280.3612,0.10745635,44558.715,1347.2858,130.4664,3.9448066,0.39448065,1.216839,1.216839,1.9328513,735.0,734.0,730.0,726.0,735.0,25548.925684442336,93.44757597510112,United States,1,1,1,0,1,1,0,1,0,0,2,3,1,2,5,3,34.63,46.98,3,53.24,25.0,1085510917,1355893355,497719319,3417.0,8716.13,423019836,4000.29,10824.8,491280,626761.0,71998,46.284,197579240,1561.7
2022-03-09,United States,57277.0,78747147.0,1530.0,959059.0,292951.0,8659.0,-36.0,-37.6,750907.0,22539.0,-51.4,-25.0,167.7051,4.479788,230568.95,2808.092,857.7505,25.353256,2198.6301,65.99342,280.8092,0.44797876,41850.145,1237.0,122.53579,3.6218936,0.36218938,1.2178968,1.2178968,1.8894892,736.0,735.0,731.0,727.0,736.0,25554.506889528187,93.4560093027386,United States,1,1,1,0,1,1,0,1,0,0,2,3,1,2,5,3,34.62,46.97,3,53.24,25.0,1041424262,1297521360,477188104,3358.26,8567.69,405690567,3930.68,10626.29,543314,600037.0,66703,45.534,190019878,1537.03
2022-03-10,United States,31172.0,78778319.0,1735.0,960794.0,260304.0,8423.0,-36.0,-33.1,667057.0,21022.0,-54.3,-28.8,91.27055,5.080021,230660.22,2813.1719,762.1612,24.662256,1953.1201,61.551697,281.3172,0.50800204,37186.285,1203.2858,108.88017,3.5231795,0.35231796,1.2196172,1.2196172,1.9007666,737.0,736.0,732.0,728.0,737.0,25560.086057806853,93.46443955271415,United States,1,1,1,0,1,1,0,1,0,0,2,3,1,2,5,3,34.62,46.97,3,53.24,25.0,471471523,587329435,216304897,3217.1,8200.82,184045199,3759.43,10191.21,280871,579446.0,72225,43.863,85424743,1472.11
2022-03-11,United States,46110.0,78824429.0,1957.0,962751.0,253630.0,8844.0,-34.3,-23.3,639505.0,20368.0,-52.2,-30.0,135.0085,5.730029,230795.23,2818.902,742.62,25.89493,1872.4487,59.636806,281.8902,0.57300293,36232.855,1263.4286,106.08857,3.6992757,0.36992756,1.2213866,1.2213866,2.056113,738.0,737.0,733.0,729.0,738.0,25565.663189278508,93.47286672502808,United States,1,1,1,0,1,1,0,1,0,0,2,3,1,2,5,3,34.61,46.97,3,53.24,25.0,1113098224,1390323300,509540735,3648.3,9326.13,433599798,4263.11,11577.1,219251,552197.0,69458,48.73,203586560,1700.03
2022-03-12,United States,39598.0,78864027.0,1258.0,964009.0,241606.0,8738.0,-33.3,-16.0,604041.0,19138.0,-51.6,-34.1,115.94159,3.683381,230911.17,2822.5854,707.4141,25.584566,1768.6115,56.03541,282.25854,0.3683381,34515.145,1248.2858,101.05916,3.654938,0.3654938,1.2223685,1.2223685,1.9080436,739.0,738.0,734.0,730.0,739.0,25571.238283942977,93.48129081968008,United States,1,1,1,0,1,1,0,1,0,0,2,3,1,2,5,3,34.61,46.96,3,53.24,25.0,1090540832,1362267605,499524461,3502.18,8946.72,424679122,4096.64,11095.29,662053,554899.0,73176,47.159,199306626,1620.81
2022-03-13,United States,36942.0,78900969.0,1437.0,965446.0,234332.0,8606.0,-29.5,-11.1,566841.0,18284.0,-51.4,-35.7,108.16492,4.207487,231019.34,2826.793,686.1161,25.198074,1659.691,53.534927,282.6793,0.42074868,33476.0,1229.4286,98.01659,3.5997248,0.35997248,1.2236174,1.2236174,2.1157804,740.0,739.0,735.0,731.0,740.0,25576.811341800203,93.48971183667008,United States,1,1,1,0,1,1,0,1,0,0,2,3,1,2,5,3,34.6,46.96,3,53.24,25.0,1090932389,1362267605,499639320,3502.87,8949.08,424794742,4097.34,11095.29,391557,543234.0,69236,47.167,199474698,1621.83
2022-03-14,United States,12159.0,78913128.0,506.0,965952.0,232199.0,8790.0,-27.7,-6.7,553338.0,18214.0,-50.8,-35.0,35.601135,1.4815507,231054.94,2828.2744,679.8707,25.73682,1620.1548,53.32997,282.82745,0.14815506,33171.285,1255.7142,97.12439,3.6766884,0.36766884,1.2240701,1.2240701,2.2779398,741.0,740.0,736.0,732.0,741.0,25582.3823628503,93.49812977599824,United States,1,1,1,0,1,1,0,1,0,0,2,3,1,2,5,3,34.6,46.96,3,53.24,25.0,1091235746,1363184505,499732875,3503.98,8955.79,424877278,4098.47,11103.54,303357,525456.0,66428,47.164,199605375,1626.35
2022-03-15,United States,9126.0,78922254.0,195.0,966147.0,232384.0,8618.0,-25.5,-8.6,544295.0,18049.0,-50.3,-34.7,26.720615,0.5709533,231081.66,2828.8455,680.4124,25.23321,1593.6771,52.846855,282.88455,0.057095334,33197.715,1231.1428,97.201775,3.6047442,0.3604744,1.2241756,1.2241756,2.3778057,742.0,741.0,737.0,733.0,742.0,25587.95134709333,93.50654463766466,United States,1,1,1,0,1,1,0,1,0,0,2,3,1,2,5,3,34.6,46.96,3,53.24,25.0,1091707477,1363844735,499883403,3421.86,8743.33,425019592,4005.59,10904.36,518523,529305.0,66403,46.108,199788786,1578.01
2022-03-17,United States,24495.0,79007718.0,1443.0,965153.0,229399.0,6796.0,-11.9,-19.3,489703.0,15219.0,-48.6,-40.5,71.72052,4.2250547,231331.89,2825.935,671.6724,19.898457,1433.8336,44.56071,282.5935,0.42250547,32771.285,1132.6666,95.9532,3.3164093,0.33164093,1.2215933,1.2215933,2.4689205,744.0,743.0,739.0,735.0,744.0,25599.08320515777,93.5233651280117,United States,1,1,1,0,1,1,1,1,0,0,2,3,1,2,5,3,38.31,49.34,3,58.8,27.78,1089989783,1362907335,498980549,3429.73,8770.12,424231781,4013.32,10885.32,500500,502216.0,62316,46.322,199649160,1590.59
2022-03-18,United States,37828.0,79045546.0,1500.0,966653.0,221117.0,6339.0,-12.8,-28.3,474747.0,15183.0,-47.2,-37.8,110.759094,4.3919487,231442.66,2830.327,647.42303,18.560375,1390.043,44.455307,283.03268,0.4391949,31588.143,1056.5,92.489006,3.093396,0.30933958,1.2229064,1.2229064,2.371029,745.0,744.0,740.0,736.0,745.0,25604.646078979247,93.53177075669238,United States,1,1,1,0,1,1,1,1,0,0,2,3,1,2,5,3,38.31,49.33,3,58.8,27.78,1040105168,1304312735,476233386,3427.85,8764.76,404938105,4008.23,10896.31,427062,499302.0,62815,46.259,190358169,1591.92
2022-03-19,United States,33159.0,79078705.0,1066.0,967719.0,214678.0,6147.0,-11.1,-29.7,456284.0,14885.0,-46.3,-36.6,97.08842,3.1212115,231539.75,2833.4482,628.5698,17.998205,1335.984,43.58277,283.34482,0.31212115,30668.285,1024.5,89.79569,2.999701,0.2999701,1.2237415,1.2237415,2.4480202,746.0,745.0,741.0,737.0,746.0,25610.20691599365,93.54017330771134,United States,1,1,1,0,1,1,1,1,0,0,2,3,1,2,5,3,38.3,49.33,3,58.8,27.78,445856027,563116705,205079566,3217.6,8219.37,174052522,3759.33,10240.16,184176,459948.0,55389,43.774,80324445,1490.15
2022-03-20,United States,31004.0,79109709.0,972.0,968691.0,208740.0,5682.0,-10.9,-34.0,443072.0,14288.0,-44.0,-37.1,90.778656,2.8459828,231630.53,2836.2942,611.1836,16.636702,1297.2997,41.834774,283.62943,0.2845983,29820.0,947.0,87.31194,2.7727835,0.27727836,1.2244906,1.2244906,2.5466378,747.0,746.0,742.0,738.0,747.0,25615.765716200927,93.54857278106846,United States,1,1,1,0,1,1,1,1,0,0,2,3,1,2,5,3,38.3,49.33,3,58.8,27.78,445978057,563117005,205114015,3218.2,8221.33,174084389,3759.9,10240.45,122030,450358.0,55409,43.781,80382038,1491.03
2022-03-21,United States,9881.0,79119590.0,200.0,968891.0,206462.0,5376.0,-11.1,-38.8,438661.0,14166.0,-42.6,-36.6,28.93123,0.58559316,231659.45,2836.8796,604.5137,15.740745,1284.3844,41.477566,283.688,0.058559317,29494.572,896.0,86.3591,2.6234574,0.26234573,1.2245905,1.2245905,2.4728935,748.0,747.0,743.0,739.0,748.0,25621.3224796009,93.55696917676347,United States,1,1,1,0,1,1,1,1,0,0,2,3,1,2,5,3,38.3,49.33,3,58.8,27.78,446075570,563117005,205141137,3219.65,8225.62,174108426,3761.28,10240.45,97513,449871.0,52440,43.81,80429356,1492.54
2022-03-22,United States,10038.0,79129628.0,150.0,969041.0,207374.0,5331.0,-10.8,-38.1,439758.0,13949.0,-40.7,-36.9,29.39092,0.4391949,231688.84,2837.3188,607.18396,15.608986,1287.5964,40.842194,283.7319,0.04391949,29624.857,888.5,86.74057,2.6014977,0.26014978,1.2246248,1.2246248,2.5742323,749.0,748.0,744.0,740.0,749.0,25626.87720619375,93.56536249479667,United States,1,1,1,0,1,1,1,1,0,0,2,3,1,2,5,3,38.29,49.32,3,58.8,27.78,1023375806,1282828390,468572545,3523.1,9026.94,398197729,4118.07,11202.88,167178,428587.0,51301,47.147,187590049,1661.51
2022-03-23,United States,38828.0,79168456.0,789.0,969830.0,185233.0,6120.0,-21.5,-13.7,421309.0,13208.0,-43.9,-41.4,113.68706,2.310165,231802.53,2839.6292,542.3559,17.919151,1233.5784,38.672573,283.96292,0.2310165,26461.857,874.2857,77.479416,2.5598786,0.25598788,1.2250208,1.2250208,2.611679,750.0,749.0,745.0,741.0,750.0,25632.429895979527,93.57375273516816,United States,1,1,1,0,1,1,1,1,0,0,2,3,1,2,5,3,38.29,49.32,3,58.8,27.78,1023861746,1284955390,468706506,3524.69,9032.77,398331977,4119.59,11221.57,485940,442293.0,54362,47.099,187815073,1664.24
2022-03-24,United States,24771.0,79193227.0,937.0,970767.0,185509.0,5614.0,-19.1,-17.4,414908.0,12410.0,-37.8,-41.0,72.52864,2.743504,231875.06,2842.3726,543.164,16.437601,1214.8364,36.336056,284.23727,0.2743504,26501.285,802.0,77.59486,2.3482287,0.23482285,1.2258208,1.2258208,2.4177537,751.0,750.0,746.0,742.0,751.0,25637.980548958178,93.5821398978778,United States,1,1,1,0,1,1,1,1,0,0,2,3,1,2,5,3,38.28,49.32,3,58.8,27.78,1024106030,1285385060,468729792,3526.75,9041.2,398342907,4121.34,11231.1,554377,459088.0,55321,46.184,188030800,1669.11
2022-03-25,United States,45160.0,79238387.0,1244.0,972011.0,192841.0,5358.0,-12.8,-15.5,413958.0,11697.0,-35.3,-42.6,132.22694,3.6423895,232007.3,2846.015,564.63184,15.688041,1212.0549,34.248417,284.6015,0.36423895,27548.715,765.4286,80.6617,2.2411487,0.22411487,1.2266921,1.2266921,2.3056664,752.0,751.0,747.0,743.0,752.0,25643.529165129527,93.59052398292536,United States,1,1,1,0,1,1,1,1,0,0,2,3,1,2,5,3,38.28,49.31,3,58.8,27.78,1024473542,1286298140,468820484,3527.55,9044.51,398430613,4122.15,11240.76,367512,451144.0,53617,46.158,188225436,1670.81
2022-03-26,United States,36077.0,79274464.0,895.0,972906.0,195759.0,5187.0,-8.8,-15.6,410437.0,11334.0,-32.1,-40.8,105.632225,2.6205294,232112.92,2848.6355,573.17566,15.187359,1201.7455,33.185566,284.86356,0.26205295,27965.572,741.0,81.88224,2.1696227,0.21696226,1.2272627,1.2272627,2.1971738,753.0,752.0,748.0,744.0,753.0,25649.075744493748,93.59890499031108,United States,1,1,1,0,1,1,1,1,0,0,2,3,1,2,5,3,38.27,49.31,3,58.8,27.78,1024944843,1287699240,468953200,3528.69,9049.4,398546192,4123.21,11251.92,471301,472460.0,53946,46.139,188455842,1673.52
2022-03-27,United States,28714.0,79303178.0,776.0,973682.0,193469.0,4991.0,-7.3,-12.2,402209.0,10673.0,-29.0,-41.6,84.07361,2.2721014,232197.0,2850.9077,566.47064,14.613478,1177.6542,31.25018,285.09076,0.22721015,27638.428,713.0,80.92438,2.0876396,0.20876396,1.2277969,1.2277969,2.1756852,754.0,753.0,749.0,745.0,754.0,25654.62028705096,93.60728292003516,United States,1,1,1,0,1,1,1,1,0,0,2,3,1,2,5,3,38.27,49.31,3,58.8,27.78,1025232520,1287729540,469041367,3529.32,9051.59,398620203,4123.94,11252.3,287677,476420.0,53869,46.147,188588021,1674.38
2022-03-28,United States,12511.0,79315689.0,180.0,973862.0,196099.0,4971.0,-5.0,-7.5,402561.0,10347.0,-27.2,-43.2,36.63178,0.52703387,232233.62,2851.4346,574.17114,14.554918,1178.6848,30.295662,285.14346,0.052703384,28014.143,710.1429,82.02445,2.079274,0.2079274,1.2278302,1.2278302,2.248131,755.0,754.0,750.0,746.0,755.0,25660.16279280093,93.6156577720972,United States,1,1,1,0,1,1,1,1,0,0,2,3,1,2,5,3,38.27,49.31,3,58.8,27.78,1025421524,1287729540,469099040,3530.0,9054.78,398663666,4124.88,11252.3,189004,469783.0,51961,46.167,188678378,1675.95
2022-03-29,United States,9753.0,79325442.0,95.0,973957.0,195814.0,4916.0,-5.6,-7.8,403188.0,10247.0,-25.9,-43.2,28.55645,0.27815676,232262.19,2851.713,573.3367,14.39388,1180.5206,30.002867,285.1713,0.027815675,27973.428,702.2857,81.90524,2.0562685,0.20562686,1.227799,1.227799,2.2899413,756.0,755.0,751.0,747.0,756.0,25665.703261743707,93.62402954649735,United States,1,1,1,0,1,1,1,1,0,0,2,3,1,2,5,3,38.26,49.3,3,58.8,27.78,1025806247,1288513840,469219252,3531.18,9059.77,398766038,4125.96,11257.68,384723,481157.0,53284,46.167,188846144,1678.77
2022-03-30,United States,32427.0,79357869.0,686.0,974643.0,189413.0,4813.0,2.3,-21.4,374646.0,10933.0,-29.2,-30.6,94.945145,2.0085845,232357.12,2853.7214,554.5948,14.092299,1096.9507,32.01145,285.37213,0.20085846,27059.0,687.5714,79.22783,2.0131857,0.20131856,1.2281618,1.2281618,2.3057392,757.0,756.0,752.0,748.0,757.0,25671.241693879303,93.6323982432356,United States,1,1,1,0,1,0,0,1,0,0,2,3,1,2,5,3,29.88,43.32,3,43.06,23.15,1026561029,1289776970,469486760,3532.27,9064.54,399007699,4127.16,11265.7,444426,475224.0,51686,47.072998,189113566,1681.24
2022-03-31,United States,24078.0,79381947.0,732.0,975375.0,188720.0,4608.0,1.7,-17.9,374229.0,10222.0,-23.6,-32.8,70.49956,2.143271,232427.62,2855.8647,552.56573,13.492066,1095.7297,29.929667,285.58646,0.2143271,26960.0,658.2857,78.93796,1.927438,0.19274381,1.2287114,1.2287114,2.2318878,758.0,757.0,753.0,749.0,758.0,25676.778089207888,93.6407638623122,United States,1,1,1,0,1,0,0,1,0,0,2,3,1,2,5,3,29.87,43.31,3,43.06,23.15,1027179294,1291188770,469654482,3533.37,9068.65,399142852,4128.41,11277.22,618265,484350.0,45414,47.05,189440013,1683.21
2022-04-01,United States,48239.0,79430186.0,1173.0,976548.0,191799.0,4537.0,-0.5,-15.3,384640.0,9895.0,-19.0,-34.8,141.24214,3.4345038,232568.88,2859.299,561.58093,13.284181,1126.2128,28.972221,285.92993,0.3434504,27399.857,648.1429,80.225845,1.8977401,0.189774,1.2294419,1.2294419,2.1878345,759.0,758.0,754.0,750.0,759.0,25861.292,93.91956857194864,United States,1,1,1,0,1,0,0,1,0,0,2,3,1,2,5,3,29.87,43.31,3,43.06,23.15,1020512899,1284658650,465616533,3534.85,9075.38,396137045,4129.82,11278.35,665634,528459.0,50347,45.98,189533033,1687.13
2022-04-02,United States,40063.0,79470249.0,704.0,977252.0,195785.0,4346.0,0.0,-16.2,391544.0,9533.0,-14.2,-36.0,117.30309,2.0612879,232686.17,2861.3604,573.2518,12.724939,1146.4275,27.912298,286.13605,0.20612879,27969.285,620.8571,81.89311,1.8178484,0.18178485,1.229708,1.229708,2.346234,760.0,759.0,755.0,751.0,760.0,25687.844769443385,93.65748586747948,United States,1,1,1,0,1,0,0,1,0,0,2,3,1,2,5,3,29.87,43.31,3,43.06,23.15,1021384447,1288742850,465744851,3536.54,9085.16,396265304,4132.25,11311.98,871548,587159.0,57372,45.907,190153872,1692.83
2022-04-03,United States,27393.0,79497642.0,602.0,977854.0,194464.0,4172.0,0.5,-16.4,387933.0,9163.0,-12.4,-35.9,80.205765,1.7626355,232766.38,2863.123,569.384,12.215473,1135.8546,26.82895,286.31232,0.17626354,27780.572,596.0,81.34056,1.7450676,0.17450677,1.2300415,1.2300415,2.2489474,761.0,760.0,756.0,752.0,761.0,25693.37505435041,93.6658422535703,United States,1,1,1,0,1,0,0,1,0,0,2,3,1,2,5,3,29.86,43.31,3,43.06,23.15,1022067074,1288743660,465826520,3453.41,8871.6,396350420,4038.6301,11108.08,729679,651825.0,61530,44.862,190671351,1645.12
2022-04-04,United States,11677.0,79509319.0,148.0,978002.0,193630.0,4140.0,-1.3,-16.7,389729.0,9111.0,-11.2,-35.7,34.189857,0.43333894,232800.56,2863.5564,566.942,12.1217785,1141.1132,26.676697,286.35565,0.043333896,27661.428,591.4286,80.991714,1.7316827,0.17316827,1.230047,1.230047,2.1468463,762.0,761.0,757.0,753.0,762.0,25698.903302450315,93.67419556199933,United States,1,1,1,0,1,0,0,1,0,0,2,3,1,2,5,3,29.86,43.3,3,43.06,23.15,1022684409,1288743660,465919963,3454.08,8875.96,396437958,4039.4,11108.08,617335,714539.0,63406,44.883,191110399,1648.08
2022-04-05,United States,10548.0,79519867.0,117.0,978119.0,194425.0,4162.0,-0.7,-15.3,390239.0,9078.0,-11.3,-34.9,30.884184,0.342572,232831.45,2863.899,569.2698,12.186193,1142.6064,26.580074,286.3899,0.0342572,27775.0,594.5714,81.32425,1.7408848,0.17408848,1.230031,1.230031,2.1260836,763.0,762.0,758.0,754.0,763.0,25704.42951374309,93.68254579276652,United States,1,1,1,0,1,0,0,1,0,0,2,3,1,2,5,3,29.86,43.3,3,43.06,23.15,1023634895,1290121960,466057694,3455.95,8888.16,396578248,4040.86,11120.72,950486,796880.0,73788,44.888,191788351,1657.01
2022-04-06,United States,26930.0,79546797.0,322.0,978441.0,188928.0,3798.0,-0.3,-21.1,378341.0,8611.0,-10.2,-34.8,78.85012,0.942805,232910.3,2864.8418,553.17474,11.120414,1107.7695,25.212713,286.4842,0.094280496,26989.715,542.5714,79.02496,1.5886306,0.15886305,1.2300193,1.2300193,1.9631052,764.0,763.0,759.0,755.0,764.0,25709.95368822862,93.69089294587172,United States,1,1,1,0,1,0,0,1,0,0,2,3,1,2,5,3,29.85,43.3,3,43.06,23.15,1024527417,1292616550,466174491,3541.3,9114.83,396740639,4136.81,11350.04,845383,855682.0,78185,45.898,192409378,1713.28
2022-04-07,United States,33374.0,79580171.0,524.0,978965.0,198224.0,3590.0,5.0,-22.1,386944.0,8198.0,-6.7,-33.9,97.71793,1.5342541,233008.02,2866.376,580.3931,10.511397,1132.9589,24.003464,286.6376,0.15342541,28317.715,512.8571,82.9133,1.5016282,0.15016282,1.230162,1.230162,1.8307079,765.0,764.0,760.0,756.0,765.0,25715.475825907022,93.69923702131508,United States,1,1,1,0,1,0,0,1,0,0,2,3,1,2,5,3,29.85,43.3,3,43.06,23.15,1025633942,1294735150,466361533,3542.67,9124.16,396911301,4138.17,11369.61,1106525,926959.0,85665,45.867,193164825,1720.04
2022-04-08,United States,42256.0,79622427.0,944.0,979909.0,192241.0,3361.0,0.2,-25.9,384040.0,7898.0,-7.2,-32.5,123.72412,2.7639997,233131.75,2869.1401,562.87506,9.840893,1124.456,23.125074,286.914,0.27639997,27463.0,480.14285,80.41073,1.4058418,0.14058419,1.2306948,1.2306948,1.7164248,766.0,765.0,761.0,757.0,766.0,25720.995926778294,93.70757801909662,United States,1,1,1,0,1,0,0,1,0,0,2,3,1,2,5,3,29.84,43.29,3,43.06,23.15,1013449772,1280515330,460729727,3388.42,8718.71,392021672,3960.21,10856.57,982343,973929.0,89474,44.275,191137655,1633.85
2022-04-09,United States,33806.0,79656233.0,523.0,980432.0,185984.0,3180.0,-5.0,-26.8,381769.0,7526.0,-7.0,-33.6,98.98281,1.5313262,233230.73,2870.6714,544.5548,9.310931,1117.8066,22.035872,287.06714,0.15313262,26569.143,454.2857,77.79354,1.3301331,0.13301331,1.230829,1.230829,1.678871,767.0,766.0,762.0,758.0,767.0,25726.513990842446,93.71591593921632,United States,1,1,1,0,1,0,0,1,0,0,2,3,1,2,5,3,29.84,43.29,3,43.06,23.15,1014490856,1280515930,460883403,3389.58,8727.54,392165275,3961.35,10857.15,1041084,999871.0,88794,44.312,191887575,1640.45
2022-04-10,United States,42601.0,79698834.0,889.0,981321.0,201192.0,3467.0,3.5,-16.9,395656.0,7639.0,-1.6,-28.4,124.734276,2.6029615,233355.47,2873.2744,589.0833,10.1512575,1158.4673,22.366732,287.32742,0.26029617,28741.715,495.2857,84.154755,1.4501797,0.14501797,1.2312865,1.2312865,1.8371131,768.0,767.0,763.0,759.0,768.0,25732.03001809941,93.72425078167412,United States,1,1,1,0,1,0,0,1,0,0,2,3,1,2,5,3,29.84,43.29,3,43.06,23.15,1015234011,1283610730,460989549,3391.22,8734.97,392263298,3963.24,10881.14,743155,1003521.0,92826,44.269,192430240,1644.4
2022-04-11,United States,14053.0,79712887.0,141.0,981462.0,203568.0,3460.0,5.1,-16.4,397198.0,7600.0,-1.3,-26.5,41.146706,0.41284317,233396.61,2873.6873,596.04016,10.130762,1162.9822,22.25254,287.3687,0.04128432,29081.143,494.2857,85.14859,1.4472517,0.14472517,1.2312464,1.2312464,1.8039719,769.0,768.0,764.0,760.0,769.0,25737.54400854913,93.73258254646991,United States,1,1,1,0,1,0,0,1,0,0,2,3,1,2,5,3,29.84,43.29,3,43.06,23.15,1013046620,1280292780,459868296,3313.26,8535.04,391284379,3874.49,10634.31,577160,1000180.0,95672,43.466,192214004,1601.38
2022-04-12,United States,17314.0,79730201.0,69.0,981531.0,210334.0,3412.0,8.2,-18.0,404759.0,7574.0,0.4,-26.1,50.6948,0.20202965,233447.3,2873.8892,615.85077,9.990219,1185.1205,22.176413,287.38892,0.020202965,30047.715,487.42856,87.97868,1.4271742,0.14271742,1.2310655,1.2310655,1.742728,770.0,769.0,765.0,761.0,770.0,25743.05596219184,93.74091123360408,United States,1,1,1,0,1,0,0,1,0,0,2,3,1,2,5,3,29.83,43.29,3,43.06,23.15,1014050797,1281723080,460023761,3314.53,8543.53,391432918,3875.61,10644.2,1004177,1010249.0,91382,43.466,192920459,1607.55
2022-04-13,United States,34571.0,79764772.0,323.0,981854.0,217975.0,3413.0,15.4,-10.1,406903.0,7211.0,8.6,-34.0,101.22271,0.94573295,233548.53,2874.835,638.2233,9.993147,1191.3981,21.113562,287.4835,0.0945733,31139.285,487.57144,91.17477,1.4275925,0.14275925,1.2309369,1.2309369,1.7550806,771.0,770.0,766.0,762.0,771.0,25748.56587902736,93.74923684307628,United States,1,1,1,0,1,0,0,1,0,0,2,3,1,2,5,3,29.83,43.28,3,43.06,23.15,1015162054,1283469380,460221282,3316.26,8554.0,391594994,3877.64,10656.56,1111257,1050628.0,96373,43.48,193679623,1614.4
2022-04-14,United States,28789.0,79793561.0,733.0,982587.0,213390.0,3622.0,7.7,0.9,411614.0,7212.0,10.0,-29.4,84.293205,2.146199,233632.81,2876.9812,624.79865,10.605092,1205.1918,21.11649,287.69812,0.21461989,30484.285,517.4286,89.25695,1.5150132,0.15150131,1.2314113,1.2314113,1.8705779,772.0,771.0,767.0,763.0,772.0,25754.07375905564,93.75755937488653,United States,1,1,1,0,1,0,0,1,0,0,2,3,1,2,5,3,29.83,43.28,3,43.06,23.15,446967864,568922730,203105348,3178.03,8181.47,172514572,3703.99,10195.04,475143,1043529.0,96431,41.86,84736640,1543.09
2022-04-15,United States,46149.0,79839710.0,603.0,983190.0,217283.0,3281.0,13.0,-2.4,409524.0,6642.0,6.5,-32.9,135.1227,1.7655634,233767.94,2878.7468,636.1972,9.606656,1199.0723,19.44755,287.87466,0.17655633,31040.428,468.7143,90.885315,1.3723794,0.13723794,1.2314548,1.2314548,1.6875402,773.0,772.0,768.0,764.0,773.0,25759.57960227679,93.76587882903492,United States,1,1,1,0,1,0,0,1,0,0,2,3,1,2,5,3,29.82,43.28,3,43.06,23.15,1033275996,1309546150,467429476,3553.98,9197.59,397951051,4149.26,11486.49,457695,1049956.0,97882,45.794,198737817,1771.56
2022-04-16,United States,62708.0,79902418.0,710.0,983900.0,246185.0,3468.0,32.4,9.1,432169.0,6648.0,10.4,-30.3,183.60689,2.0788558,233951.55,2880.8257,720.8213,10.154185,1265.3761,19.465117,288.08255,0.20788558,35169.285,495.42856,102.974464,1.4505979,0.1450598,1.231377,1.231377,1.8356199,774.0,773.0,769.0,765.0,774.0,25765.083408690876,93.77419520552158,United States,1,1,1,0,1,0,0,1,0,0,2,3,1,2,5,3,29.82,43.28,3,43.06,23.15,0,0,0,0.0,0.0,0,0.0,0.0,0,1029986.0,94281,0.0,0,0.0
2022-04-17,United States,44355.0,79946773.0,544.0,984444.0,247939.0,3123.0,23.2,-9.9,449131.0,6590.0,15.8,-28.1,129.86992,1.5928134,234081.42,2882.4185,725.9569,9.144037,1315.0402,19.295296,288.24185,0.15928134,35419.855,446.14285,103.70813,1.306291,0.1306291,1.2313743,1.2313743,1.5754904,775.0,774.0,770.0,766.0,775.0,25770.585178297828,93.7825085043464,United States,1,1,1,0,1,0,0,1,0,0,2,3,1,2,5,3,29.82,43.28,3,43.06,23.15,1035102700,1312286850,467740627,3555.77,9211.13,398217544,4151.11,11517.38,0,1052574.0,92669,45.728,199998865,1781.39
2022-04-18,United States,16817.0,79963590.0,49.0,984493.0,250703.0,3031.0,23.2,-12.4,454271.0,6491.0,16.6,-28.8,49.2396,0.14347033,234130.66,2882.5618,734.0498,8.874664,1330.09,19.005426,288.2562,0.014347033,35814.715,433.0,104.86426,1.2678092,0.12678093,1.2311766,1.2311766,1.5766668,776.0,775.0,771.0,767.0,776.0,25776.08491109748,93.79081872550915,United States,1,1,1,0,1,0,0,1,0,0,2,3,1,2,5,3,29.82,43.28,3,43.06,23.15,1035532277,1312286850,467807505,3556.17,9214.59,398271685,4151.71,11517.38,429577,1029086.0,88323,45.746,200309230,1783.89
2022-04-19,United States,18767.0,79982357.0,57.0,984550.0,252156.0,3019.0,19.9,-11.5,462490.0,6431.0,18.5,-29.2,54.949135,0.16689405,234185.61,2882.7288,738.30414,8.839529,1354.1549,18.829748,288.2729,0.016689405,36022.285,431.2857,105.47202,1.2627898,0.12627898,1.2309589,1.2309589,1.6232579,777.0,776.0,772.0,768.0,777.0,25781.582607090008,93.79912586901008,United States,1,1,1,0,1,0,0,1,0,0,2,3,1,2,5,3,29.81,43.27,3,43.06,23.15,1036414190,1312874150,467931034,3557.32,9222.4,398384623,4152.85,11521.83,881913,1009219.0,86177,45.771,200959009,1789.52
2022-04-20,United States,36003.0,80018360.0,366.0,984916.0,253588.0,3062.0,16.3,-10.3,471563.0,6475.0,24.6,-24.8,105.41555,1.0716355,234291.02,2883.8003,742.497,8.965431,1380.7203,18.958578,288.38004,0.10716355,36226.855,437.42856,106.071,1.2807759,0.1280776,1.2308625,1.2308625,1.5219293,778.0,777.0,773.0,769.0,778.0,25787.078266275465,93.80742993484924,United States,1,1,1,0,1,0,0,1,0,0,2,3,1,2,5,3,29.81,43.27,3,43.06,23.15,1037073932,1315403050,468029146,3558.1,9228.9,398475832,4153.65,11547.39,659742,942314.0,79310,45.696,201433126,1794.34
2022-04-21,United States,53418.0,80071778.0,427.0,985343.0,278217.0,2756.0,30.4,-23.9,491607.0,6378.0,27.0,-22.2,156.40608,1.2502414,234447.42,2885.0505,814.60986,8.069474,1439.4084,18.674566,288.50507,0.12502414,39745.285,393.7143,116.37284,1.152782,0.1152782,1.2305746,1.2305746,1.3538474,779.0,778.0,774.0,770.0,779.0,25792.571888653736,93.81573092302652,United States,1,1,0,0,1,0,0,1,0,0,2,3,1,2,5,3,27.96,42.08,3,43.06,20.37,1038323424,1317336650,468238107,3559.99,9239.55,398672320,4155.43,11572.07,1249492,969833.0,81180,45.643,202287272,1801.55
2022-04-22,United States,57408.0,80129186.0,547.0,985890.0,289476.0,2700.0,33.2,-17.7,506759.0,5981.0,32.0,-24.3,168.08867,1.6015973,234615.52,2886.6523,847.5758,7.9055076,1483.7731,17.512163,288.66522,0.16015974,41353.715,385.7143,121.08226,1.1293583,0.112935826,1.2303756,1.2303756,1.2836727,780.0,779.0,775.0,771.0,780.0,25798.063474224826,93.82402883354187,United States,1,1,0,0,1,0,0,1,0,0,2,3,1,2,5,3,27.95,42.07,3,43.06,20.37,0,0,0,0.0,0.0,0,0.0,0.0,0,950986.0,78972,0.0,0,0.0
2022-04-23,United States,49509.0,80178695.0,655.0,986545.0,276277.0,2645.0,12.2,-23.7,522462.0,6113.0,36.9,-18.8,144.96066,1.9178176,234760.48,2888.57,808.9296,7.7444696,1529.7509,17.898655,288.857,0.19178176,39468.145,377.85715,115.56137,1.1063528,0.11063528,1.2304329,1.2304329,1.213442,781.0,780.0,776.0,772.0,781.0,25803.553022988723,93.8323236663953,United States,1,1,0,0,1,0,0,1,0,0,2,3,1,2,5,3,27.95,42.07,3,43.06,20.37,1040138289,1321702750,468491841,3562.66,9257.35,398902071,4157.92,11612.83,0,950137.0,82003,45.576,203629139,1814.24
2022-04-24,United States,68799.0,80247494.0,342.0,986887.0,300721.0,2443.0,21.3,-21.8,548660.0,5566.0,38.7,-27.1,201.44112,1.0013644,234961.92,2889.5713,880.5008,7.1530204,1606.4578,16.297058,288.95715,0.10013643,42960.145,349.0,125.78583,1.0218601,0.10218601,1.2298042,1.2298042,1.1448522,782.0,781.0,777.0,773.0,782.0,25809.040534945558,93.840615421587,United States,1,1,0,0,1,0,0,1,0,0,2,3,1,2,5,3,27.95,42.07,3,43.06,20.37,1040839850,1321707450,468602475,3563.3801,9262.4,398997588,4158.84,11612.89,701561,919885.0,79591,45.6,204128520,1817.74
2022-04-25,United States,23458.0,80270952.0,72.0,986959.0,307362.0,2466.0,22.6,-18.6,558065.0,5497.0,40.5,-27.7,68.68422,0.21081354,235030.61,2889.7822,899.94543,7.2203636,1633.9952,16.095028,288.9782,0.021081354,43908.855,352.2857,128.56363,1.0314806,0.10314805,1.2295344,1.2295344,1.1349254,783.0,782.0,778.0,774.0,783.0,25814.52601009526,93.84890409911688,United States,1,1,0,0,1,0,0,1,0,0,2,3,1,2,5,3,27.94,42.07,3,43.06,20.37,1041222876,1321758950,468668396,3563.7,9264.86,399050270,4159.2803,11613.26,383026,913235.0,78184,45.61,204394920,1819.47
2022-04-26,United States,21103.0,80292055.0,61.0,987020.0,309698.0,2470.0,22.8,-18.2,561854.0,5489.0,38.8,-27.5,61.788864,0.17860591,235092.39,2889.961,906.78516,7.2320757,1645.0894,16.071604,288.9961,0.017860591,44242.57,352.85715,129.54074,1.0331537,0.10331537,1.2292873,1.2292873,1.0033106,784.0,783.0,779.0,775.0,784.0,25820.00944843772,93.85718969898474,United States,1,1,0,0,1,0,0,1,0,0,2,3,1,2,5,3,27.94,42.07,3,43.06,20.37,1042669973,1323024150,468775038,3565.04,9275.2,399148411,4160.54,11629.01,1447097,993974.0,81794,45.593,205640857,1827.25
2022-04-27,United States,49858.0,80341913.0,217.0,987237.0,323553.0,2321.0,27.6,-24.2,577141.0,5383.0,41.8,-25.4,145.98251,0.6353686,235238.38,2890.5962,947.3521,6.795809,1689.8491,15.76124,289.05963,0.06353686,46221.855,331.57144,135.33601,0.9708298,0.09708298,1.2287945,1.2287945,0.93611735,785.0,784.0,780.0,776.0,785.0,25825.49084997305,93.8654722211908,United States,1,1,0,0,1,0,0,1,0,0,2,3,1,2,5,3,27.94,42.07,3,43.06,20.37,1043884366,1324472820,468894340,3565.85,9283.98,399254593,4161.46,11643.5,1214393,1073210.0,85007,45.575,206635524,1834.25
2022-04-28,United States,64414.0,80406327.0,384.0,987621.0,334549.0,2278.0,20.2,-17.3,612766.0,5034.0,48.9,-30.2,188.60199,1.1243389,235426.98,2891.7205,979.54803,6.669906,1794.158,14.73938,289.17206,0.11243389,47792.715,325.42856,139.93544,0.9528437,0.09528437,1.2282877,1.2282877,0.9086449,786.0,785.0,781.0,777.0,786.0,25830.97021470132,93.87375166573509,United States,1,1,0,0,1,0,0,1,0,0,2,3,1,2,5,3,27.93,42.06,3,43.06,20.37,0,0,0,0.0,0.0,0,0.0,0.0,0,1027799.0,82867,0.0,0,0.0
2022-04-29,United States,77145.0,80483472.0,729.0,988350.0,354286.0,2460.0,22.4,-8.9,643762.0,5160.0,57.2,-22.3,225.87793,2.1344872,235652.86,2893.855,1037.3373,7.202796,1884.9131,15.108304,289.3855,0.2134487,50612.285,351.42856,148.19104,1.0289708,0.102897085,1.2280161,1.2280161,0.97558653,787.0,786.0,782.0,778.0,787.0,25836.44754262228,93.88202803261731,United States,1,1,0,0,1,0,0,1,0,0,2,3,1,2,5,3,27.93,42.06,3,43.06,20.37,1045747589,1328891520,469157123,3568.21,9302.22,399493091,4164.09,11678.68,0,1031251.0,83187,45.531002,208010873,1847.65
2022-04-30,United States,61915.0,80545387.0,288.0,988638.0,366692.0,2093.0,32.7,-20.9,642969.0,4738.0,48.8,-28.7,181.285,0.84325415,235834.14,2894.6982,1073.6616,6.1282325,1882.5913,13.872702,289.46982,0.08432542,52384.57,299.0,153.38023,0.87546176,0.08754618,1.2274297,1.2274297,0.8253545,788.0,787.0,783.0,779.0,788.0,25841.922833736116,93.89030132183768,United States,1,1,0,0,1,0,0,1,0,0,2,3,1,2,5,3,27.93,42.06,3,43.06,20.37,1046648625,1331125720,469290721,3569.59,9311.4,399612148,4165.9,11697.01,901036,1030338.0,83530,45.509,208665359,1853.73
2022-05-01,United States,80656.0,80626043.0,491.0,989129.0,378549.0,2242.0,25.9,-8.2,679270.0,4685.0,51.2,-28.9,236.158,1.4376312,236070.3,2896.136,1108.3785,6.5644994,1988.8794,13.71752,289.6136,0.14376312,54078.43,320.2857,158.3398,0.9377856,0.093778566,1.2268108,1.2268108,0.8058458,789.0,788.0,784.0,780.0,789.0,25847.39608804288,93.89857153339634,United States,1,1,0,0,1,0,0,1,0,0,2,3,1,2,5,3,27.93,42.06,3,43.06,20.37,1000542630,1269278385,448188957,3508.77,9154.55,381891031,4093.43,11483.97,632361,1021980.0,82579,44.775,200026006,1825.49
2022-05-02,United States,25939.0,80651982.0,90.0,989219.0,381030.0,2260.0,24.0,-8.4,688392.0,4726.0,51.5,-27.2,75.94851,0.26351693,236146.25,2896.3994,1115.6428,6.6172028,2015.5883,13.837566,289.63995,0.026351692,54432.855,322.85715,159.37755,0.9453147,0.09453147,1.2265278,1.2265278,0.780721,790.0,789.0,785.0,781.0,790.0,25852.86730554246,93.90683866729309,United States,1,1,0,0,1,0,0,1,0,0,2,3,1,2,5,3,27.92,42.06,3,43.06,20.37,403997709,514242945,181873802,3247.88,8458.82,154372349,3784.47,10588.42,113571,1043411.0,82759,41.673,79725777,1678.35
2022-05-03,United States,26774.0,80678756.0,133.0,989352.0,386701.0,2332.0,24.9,-5.6,696399.0,4802.0,50.6,-25.3,78.39336,0.38941947,236224.64,2896.7888,1132.2473,6.8280163,2039.0325,14.060092,289.6789,0.038941946,55243.0,333.14285,161.74962,0.9754309,0.09754309,1.2262857,1.2262857,0.8440804,791.0,790.0,786.0,782.0,791.0,25858.336486234854,93.9151027235279,United States,1,1,0,0,1,0,0,1,0,0,2,3,1,2,5,3,27.92,42.05,3,43.06,20.37,404461053,514631445,181934766,3249.4,8470.11,154432875,3786.08,10596.98,463344,962797.0,84864,41.694,80070220,1686.69
2022-05-04,United States,64100.0,80742856.0,180.0,989532.0,400943.0,2295.0,23.9,-1.1,724496.0,4616.0,53.6,-28.7,187.6826,0.52703387,236412.33,2897.316,1173.9474,6.7196817,2121.2996,13.515491,289.7316,0.052703384,57277.57,327.85715,167.70677,0.9599545,0.09599545,1.225535,1.225535,0.76316583,792.0,791.0,787.0,783.0,792.0,25863.803630120005,93.92336370210072,United States,1,1,0,0,1,0,0,1,0,0,2,3,1,2,5,3,27.92,42.05,3,43.06,20.37,404692124,515195145,181970620,3250.34,8476.67,154467468,3787.02,10608.17,231071,882240.0,82531,41.681,80233334,1691.49
2022-05-05,United States,72566.0,80815422.0,648.0,990180.0,409095.0,2559.0,22.3,12.3,743644.0,4837.0,51.3,-24.2,212.47076,1.8973218,236624.8,2899.2131,1197.8162,7.4926643,2177.3643,14.162571,289.92133,0.18973218,58442.145,365.57144,171.1166,1.0703807,0.107038066,1.2252364,1.2252364,0.83256876,793.0,792.0,788.0,784.0,793.0,25869.268737198203,93.93162160301196,United States,1,1,0,0,1,0,0,1,0,0,2,3,1,2,5,3,27.91,42.05,3,43.06,20.37,405073060,515753245,182024037,3251.85,8487.62,154517752,3788.58,10618.84,380936,863491.0,85764,41.695,80512732,1699.26
2022-05-06,United States,100537.0,80915959.0,804.0,990984.0,432487.0,2634.0,22.1,7.1,786773.0,5094.0,55.3,-14.8,294.3689,2.3540845,236919.16,2901.5674,1266.3071,7.712262,2303.6445,14.915058,290.15674,0.23540846,61783.855,376.2857,180.90102,1.1017517,0.11017517,1.2247077,1.2247077,0.85050595,794.0,793.0,789.0,785.0,794.0,25874.73180746916,93.9398764262612,United States,1,1,0,0,1,0,0,1,0,0,2,3,1,2,5,3,27.91,42.05,3,43.06,20.37,405392448,516535845,182072464,3253.22,8496.53,154563455,3790.42,10634.68,319388,835955.0,86273,41.681,80739843,1705.08
2022-05-07,United States,80010.0,80995969.0,300.0,991284.0,450582.0,2646.0,22.9,26.4,817274.0,4739.0,56.4,-22.5,234.26654,0.8783898,237153.42,2902.4456,1319.2887,7.7473974,2392.9504,13.87563,290.24457,0.08783898,64368.855,378.0,188.46982,1.1067711,0.11067711,1.2238684,1.2238684,0.8177949,795.0,794.0,790.0,786.0,795.0,25880.192840932927,93.94812817184854,United States,1,1,0,0,1,0,0,1,0,0,2,3,1,2,5,3,27.91,42.05,3,43.06,20.37,405685216,517021845,182115265,3253.97,8502.75,154604035,3791.36,10643.64,292768,808986.0,82798,41.68,80950966,1709.63
2022-05-08,United States,95732.0,81091701.0,486.0,991770.0,465658.0,2641.0,23.0,17.8,844207.0,4883.0,53.9,-12.3,280.30002,1.4229914,237433.73,2903.8687,1363.4307,7.7327576,2471.8093,14.297257,290.38687,0.14229915,66522.57,377.2857,194.77582,1.1046797,0.11046797,1.2230228,1.2230228,0.78942096,796.0,795.0,791.0,787.0,796.0,25885.65183758951,93.95637683977398,United States,1,1,0,0,1,0,0,1,0,0,2,3,1,2,5,3,27.91,42.05,3,43.06,20.37,405836169,517046045,182138705,3254.67,8507.94,154625374,3793.09,10644.13,150953,798604.0,84624,41.708,81057878,1712.42
2022-05-09,United States,27518.0,81119219.0,61.0,991831.0,467237.0,2612.0,22.6,15.6,848267.0,4872.0,52.0,-11.4,80.57176,0.17860591,237514.3,2904.0474,1368.054,7.6478467,2483.6968,14.26505,290.40472,0.017860591,66748.14,373.14285,195.43628,1.0925496,0.109254956,1.2226831,1.2226831,0.7372575,797.0,796.0,792.0,788.0,797.0,25891.108797439025,93.96462243003764,United States,1,1,0,0,1,0,0,1,0,0,2,3,1,2,5,3,27.9,42.04,3,43.06,20.37,405955907,517046645,182156478,3254.99,8510.73,154641787,3793.51,10645.29,119738,799484.0,85678,41.718,81144028,1714.46
2022-05-10,United States,31753.0,81150972.0,63.0,991894.0,472216.0,2542.0,22.1,9.0,858917.0,4874.0,52.9,-11.2,92.9717,0.18446185,237607.27,2904.2317,1382.6323,7.442889,2514.8796,14.2709055,290.4232,0.018446185,67459.43,363.14285,197.5189,1.0632699,0.10632699,1.2222823,1.2222823,0.69322485,798.0,797.0,793.0,789.0,798.0,25896.56372048141,93.97286494263952,United States,1,1,0,0,1,0,0,1,0,0,2,3,1,2,5,3,27.9,42.04,3,43.06,20.37,407092638,518472670,182548356,3306.96,8647.24,154991719,3852.7,10824.05,390679,789102.0,80399,42.477,81567740,1744.4401
2022-05-11,United States,100982.0,81251954.0,189.0,992083.0,509098.0,2551.0,27.0,11.2,910041.0,4846.0,57.7,-10.0,295.67184,0.55338556,237902.94,2904.7852,1490.6216,7.4692407,2664.5688,14.188922,290.47852,0.055338554,72728.29,364.42856,212.94594,1.0670344,0.10670344,1.2209959,1.2209959,0.673889,799.0,798.0,794.0,790.0,799.0,25902.016606716497,93.98110437757929,United States,1,1,0,0,1,0,0,1,0,0,2,3,1,2,5,3,26.51,41.15,3,38.89,20.37,0,0,0,0.0,0.0,0,0.0,0.0,0,793953.0,80461,0.0,0,0.0
2022-05-12,United States,100249.0,81352203.0,393.0,992476.0,536781.0,2296.0,31.2,-10.3,945876.0,4855.0,54.4,-3.6,293.52563,1.1506906,238196.47,2905.9358,1571.6764,6.7226095,2769.4927,14.215274,290.59357,0.115069054,76683.0,328.0,224.5252,0.9603728,0.096037276,1.2199743,1.2199743,0.6025772,800.0,799.0,795.0,791.0,800.0,25907.467456144517,93.98934073485732,United States,1,1,0,0,1,0,0,1,0,0,2,3,1,2,5,3,26.51,41.15,3,38.89,20.37,1064872412,1347476145,473352558,3510.23,9184.28,404580319,4084.46,11516.1,0,777390.0,74365,44.795002,218062124,1862.63
2022-05-13,United States,127795.0,81479998.0,566.0,993042.0,564039.0,2058.0,30.4,-21.9,996526.0,4692.0,54.8,-9.1,374.17938,1.6572287,238570.66,2907.593,1651.4869,6.0257535,2917.7942,13.738015,290.7593,0.16572286,80577.0,294.0,235.9267,0.86082196,0.0860822,1.2187556,1.2187556,0.53219414,801.0,800.0,796.0,792.0,801.0,25912.9162687654,93.99757401447351,United States,1,1,0,0,1,0,0,1,0,0,2,3,1,2,5,3,26.51,41.15,3,38.89,20.37,1065664815,1349787745,473436106,3511.05,9191.31,404668938,4085.39,11534.4,792403,779610.0,71121,44.768,218684525,1868.04
2022-05-14,United States,98705.0,81578703.0,262.0,993304.0,582734.0,2020.0,29.3,-23.7,1033316.0,4666.0,60.7,-1.5,289.00485,0.76712704,238859.66,2908.36,1706.2252,5.914491,3025.514,13.661888,290.83603,0.076712705,83247.71,288.57144,243.74646,0.84492725,0.08449273,1.2176021,1.2176021,0.50381225,802.0,801.0,797.0,793.0,802.0,25918.363044579164,94.00580421642788,United States,1,1,0,0,1,0,0,1,0,0,2,3,1,2,5,3,26.51,41.15,3,38.89,20.37,1066512259,1351478245,473552772,3511.91,9197.78,404775949,4086.32,11548.74,847444,793492.0,70903,44.743,219312481,1872.77
2022-05-15,United States,117953.0,81696656.0,432.0,993736.0,604955.0,1966.0,29.9,-25.6,1070613.0,4607.0,57.6,-1.7,345.36237,1.2648813,239205.02,2909.625,1771.2876,5.756381,3134.7183,13.489139,290.9625,0.12648812,86422.14,280.85715,253.04108,0.82234013,0.08223401,1.216373,1.216373,0.48057297,803.0,802.0,798.0,794.0,803.0,25923.80778358568,94.01403134072028,United States,1,1,0,0,1,0,0,1,0,0,2,3,1,2,5,3,26.51,41.15,3,38.89,20.37,1067035052,1351488845,473626024,3512.9,9203.24,404839034,4087.61,11548.82,522793,781250.0,70740,44.775,219700842,1875.96
2022-05-16,United States,29099.0,81725755.0,79.0,993815.0,606536.0,1984.0,29.8,-24.0,1073773.0,4596.0,56.0,-2.8,85.200874,0.2313093,239290.22,2909.8564,1775.9166,5.8090844,3143.9707,13.456931,290.98563,0.02313093,86648.0,283.42856,253.70238,0.82986915,0.08298691,1.2160364,1.2160364,0.4587421,804.0,803.0,799.0,795.0,804.0,25929.25048578501,94.02225538735073,United States,1,1,0,0,1,0,0,1,0,0,2,3,1,2,5,3,26.5,41.14,3,38.89,20.37,1067336920,1351700945,473669337,3513.2,9206.03,404876754,4087.92,11550.04,301868,741912.0,70149,44.785,219922703,1878.1
2022-05-17,United States,46227.0,81771982.0,66.0,993881.0,621010.0,1987.0,31.5,-21.8,1093226.0,4529.0,57.0,-5.7,135.35107,0.19324574,239425.56,2910.0496,1818.296,5.817868,3200.9285,13.260757,291.00497,0.019324575,88715.71,283.85715,259.7566,0.831124,0.083112404,1.2154298,1.2154298,0.4409852,805.0,804.0,800.0,796.0,805.0,25934.69115117728,94.03047635631944,United States,1,1,0,0,1,0,0,1,0,0,2,3,1,2,5,3,26.5,41.14,3,38.89,20.37,1068276891,1352379145,473798111,3514.16,9213.66,404992639,4088.98,11556.02,939971,755029.0,69676,44.8,220622228,1883.72
2022-05-18,United States,123395.0,81895377.0,231.0,994112.0,643423.0,2029.0,26.4,-20.5,1152521.0,4580.0,59.1,-0.8,361.29636,0.67636013,239786.86,2910.726,1883.9205,5.9408426,3374.542,13.410084,291.0726,0.06763601,91917.57,289.85715,269.1315,0.8486918,0.08486918,1.2138805,1.2138805,0.4357275,806.0,805.0,801.0,797.0,806.0,25940.129779762414,94.03869424762632,United States,1,1,0,0,1,0,0,1,0,0,2,3,1,2,5,3,26.5,41.14,3,38.89,20.37,1069018292,1353991045,473912262,3515.23,9221.11,405090972,4090.31,11568.15,741401,757723.0,70197,44.786,221156709,1888.82
2022-05-19,United States,129614.0,82024991.0,368.0,994480.0,672788.0,2004.0,25.3,-12.7,1209569.0,4300.0,62.7,-11.1,379.50537,1.0774914,240166.38,2911.8035,1969.9003,5.8676434,3541.5767,12.590253,291.18036,0.10774914,96112.57,286.2857,281.41434,0.8382348,0.08382348,1.2124109,1.2124109,0.42890438,807.0,806.0,802.0,798.0,807.0,25945.566371540302,94.0469090612712,United States,1,1,0,0,1,0,0,1,0,0,2,3,1,2,5,3,26.49,41.14,3,38.89,20.37,484132881,612867400,214849165,3394.91,8912.41,183420337,3951.82,11165.45,367369,758648.0,69692,43.255,99939819,1829.36
2022-05-20,United States,146420.0,82171411.0,606.0,995086.0,691413.0,2044.0,22.6,-0.7,1255452.0,4102.0,59.6,-19.5,428.71277,1.7743473,240595.08,2913.578,2024.4336,5.984762,3675.9207,12.010516,291.3578,0.17743473,98773.29,292.0,289.2048,0.85496604,0.085496604,1.210988,1.210988,0.43285277,808.0,807.0,803.0,799.0,808.0,25951.00092651107,94.05512079725428,United States,1,1,0,0,1,0,0,1,0,0,2,3,1,2,5,3,26.49,41.14,3,38.89,20.37,1067955044,1354571755,472931448,3462.29,9094.33,404272165,4030.51,11407.78,343712,746200.0,68597,44.006,221817103,1870.3
2022-05-21,United States,109730.0,82281141.0,252.0,995338.0,702438.0,2034.0,20.5,0.7,1285172.0,4054.0,57.3,-14.5,321.28568,0.7378474,240916.38,2914.3157,2056.7144,5.9554825,3762.9397,11.869973,291.43158,0.07378474,100348.29,290.57144,293.81635,0.8507832,0.08507832,1.2096794,1.2096794,0.39953014,809.0,808.0,804.0,800.0,809.0,25956.43344467471,94.06332945557553,United States,1,1,0,0,1,0,0,1,0,0,2,3,1,2,5,3,26.49,41.14,3,38.89,20.37,1068875205,1356597755,473056762,3463.31,9102.46,404389339,4031.58,11423.45,920161,756724.0,71040,43.985,222499944,1876.42
2022-05-22,United States,150010.0,82431151.0,479.0,995817.0,734495.0,2081.0,21.4,5.8,1339450.0,4047.0,58.7,-17.1,439.22415,1.4024956,241355.6,2915.7183,2150.5762,6.0930967,3921.8638,11.849478,291.5718,0.14024957,104927.86,297.2857,307.2252,0.8704424,0.08704424,1.2080591,1.2080591,0.3876814,810.0,809.0,805.0,801.0,810.0,25961.86392603128,94.07153503623502,United States,1,1,0,0,1,0,0,1,0,0,2,3,1,2,5,3,26.49,41.14,3,38.89,20.37,1069384687,1356633355,473130486,3463.77,9105.68,404449862,4032.09,11424.68,509482,754951.0,67984,43.996,222877269,1878.6901
2022-05-23,United States,36406.0,82467557.0,97.0,995914.0,741802.0,2099.0,22.3,5.8,1348338.0,4083.0,59.0,-16.2,106.59552,0.28401268,241462.19,2916.0022,2171.971,6.1458,3947.8877,11.954885,291.60022,0.028401269,105971.71,299.85715,310.28156,0.8779715,0.08779715,1.2076434,1.2076434,0.3721374,811.0,810.0,806.0,802.0,811.0,25967.292370580544,94.07973753923244,United States,1,1,0,0,1,0,0,1,0,0,2,3,1,2,5,3,26.49,41.13,3,38.89,20.37,1069673065,1356633355,473173987,3464.25,9109.01,404484494,4032.77,11424.68,288378,753156.0,68827,44.012,223088318,1880.88
2022-05-24,United States,44879.0,82512436.0,67.0,995981.0,740454.0,2100.0,19.2,5.7,1361464.0,4087.0,58.5,-16.1,131.40417,0.19617371,241593.6,2916.1982,2168.024,6.1487284,3986.32,11.966597,291.61984,0.019617371,105779.14,300.0,309.7177,0.8783898,0.08783898,1.2070677,1.2070677,0.36037025,812.0,811.0,807.0,803.0,812.0,25972.718778322625,94.08793696456792,United States,1,1,0,0,1,0,0,1,0,0,2,3,1,2,5,3,26.48,41.13,3,38.89,20.37,1069659633,1356860555,472827658,3409.5,8971.47,404185831,3968.2,11250.06,1101430,776408.0,70521,43.221,223687227,1857.93
2022-05-25,United States,110873.0,82623309.0,388.0,996369.0,727932.0,2257.0,13.1,11.2,1371355.0,4286.0,50.7,-11.6,324.63235,1.1360507,241918.22,2917.3345,2131.36,6.608419,4015.2805,12.549261,291.73343,0.113605075,103990.29,322.42856,304.48,0.94405985,0.09440599,1.2059176,1.2059176,0.3730856,813.0,812.0,808.0,804.0,813.0,25978.143149257696,94.09613331224176,United States,1,1,0,0,1,0,0,1,0,0,2,3,1,2,5,3,26.48,41.13,3,38.89,20.37,1071472929,1359842255,473426037,3465.98,9123.45,404697623,4034.68,11449.58,697655,770345.0,68028,43.987,224430890,1891.67
2022-05-26,United States,133342.0,82756651.0,471.0,996840.0,731660.0,2360.0,8.8,17.8,1404448.0,4364.0,48.5,-10.1,390.4208,1.379072,242308.64,2918.7134,2142.2754,6.9099994,4112.176,12.777643,291.87134,0.13790719,104522.86,337.14285,306.03937,0.98714274,0.09871428,1.2045437,1.2045437,0.3890948,814.0,813.0,809.0,805.0,814.0,25983.56548338558,94.10432658225368,United States,1,1,0,0,1,0,0,1,0,0,2,3,1,2,5,3,26.48,41.13,3,38.89,20.37,1072563646,1362490055,473571342,3466.99,9131.41,404836182,4035.7,11486.3,1090717,822159.0,70058,43.886,225244971,1897.76
2022-05-27,United States,153916.0,82910567.0,699.0,997539.0,739156.0,2453.0,6.9,20.0,1430569.0,4497.0,43.6,-4.2,450.6608,2.046648,242759.31,2920.76,2164.2234,7.1823,4188.657,13.167063,292.07602,0.20466481,105593.71,350.42856,309.17477,1.0260429,0.102604285,1.2031506,1.2031506,0.39500168,815.0,814.0,810.0,806.0,815.0,25988.98578070622,94.11251677460362,United States,1,1,0,0,1,0,0,1,0,0,2,3,1,2,5,3,26.48,41.13,3,38.89,20.37,996995860,1272803600,441088088,3395.51,8946.51,376279825,3954.6,11274.62,845416,849334.0,73393,43.017,208631995,1860.13
2022-05-28,United States,113174.0,83023741.0,327.0,997866.0,742600.0,2528.0,5.7,24.3,1445038.0,4562.0,39.8,-2.2,331.3696,0.95744485,243090.67,2921.7175,2174.3074,7.4018974,4231.022,13.35738,292.17175,0.09574448,106085.71,361.14285,310.61536,1.0574139,0.1057414,1.2019044,1.2019044,0.39289862,816.0,815.0,811.0,807.0,816.0,25994.404041219736,94.12070388929172,United States,1,1,0,0,1,0,0,1,0,0,2,3,1,2,5,3,26.48,41.13,3,38.89,20.37,0,0,0,0.0,0.0,0,0.0,0.0,0,772317.0,66180,0.0,0,0.0
2022-05-29,United States,148130.0,83171871.0,580.0,998446.0,740720.0,2629.0,0.8,26.3,1475215.0,4710.0,37.8,2.2,433.71957,1.6982201,243524.39,2923.4158,2168.8027,7.6976223,4319.379,13.790719,292.34158,0.16982202,105817.14,375.57144,309.82898,1.0996603,0.10996603,1.2004611,1.2004611,0.39076203,817.0,816.0,812.0,808.0,817.0,25999.82026492618,94.12888792631809,United States,1,1,0,0,1,0,0,1,0,0,2,3,1,2,5,3,26.47,41.13,3,38.89,20.37,0,0,0,0.0,0.0,0,0.0,0.0,0,753968.0,65907,0.0,0,0.0
2022-05-30,United States,36051.0,83207922.0,87.0,998533.0,740365.0,2619.0,-0.2,24.8,1482167.0,4718.0,38.0,2.7,105.5561,0.25473303,243629.95,2923.6704,2167.7634,7.6683426,4339.7344,13.814143,292.36703,0.025473302,105766.43,374.14285,309.68048,1.0954775,0.10954775,1.2000456,1.2000456,0.3787895,818.0,817.0,813.0,809.0,818.0,26005.234451825498,94.13706888568262,United States,1,1,0,0,1,0,0,1,0,0,2,3,1,2,5,3,26.47,41.13,3,38.89,20.37,0,0,0,0.0,0.0,0,0.0,0.0,0,767209.0,65620,0.0,0,0.0
2022-05-31,United States,35465.0,83243387.0,58.0,998591.0,730951.0,2610.0,-1.3,24.3,1471405.0,4710.0,34.6,4.0,103.84031,0.16982202,243733.8,2923.8403,2140.1995,7.6419907,4308.2236,13.790719,292.38403,0.016982201,104421.57,372.85715,305.7428,1.091713,0.10917129,1.199604,1.199604,0.37156305,819.0,818.0,814.0,810.0,819.0,26010.646601917517,94.14524676738506,United States,1,1,0,0,1,0,0,1,0,0,2,3,1,2,5,3,26.47,41.12,3,38.89,20.37,998323328,1274623000,441285210,3397.13,8958.33,376445522,3956.47,11290.28,0,664241.0,57451,43.023,209602322,1868.58
2022-06-01,United States,55525.0,83298912.0,78.0,998669.0,675603.0,2300.0,-7.2,1.9,1403535.0,4557.0,21.8,-0.5,162.5753,0.22838134,243896.38,2924.0686,1978.1425,6.7343216,4109.5024,13.34274,292.40686,0.022838134,96514.71,328.57144,282.5918,0.9620459,0.096204594,1.198898,1.198898,0.31314033,820.0,819.0,815.0,811.0,820.0,26016.0567152024,94.15342157142568,United States,1,1,0,0,1,0,0,1,0,0,2,3,1,2,5,3,26.47,41.12,3,38.89,20.37,997973751,1273728935,440890904,3335.31,8806.68,376089038,3887.43,11078.81,813452,687811.0,60137,42.3,209965441,1842.01
2022-06-02,United States,155982.0,83454894.0,366.0,999035.0,698243.0,2195.0,-4.6,-7.0,1429903.0,4555.0,18.2,5.9,456.70996,1.0716355,244353.08,2925.1404,2044.4316,6.426885,4186.707,13.3368845,292.51404,0.10716355,99749.0,313.57144,292.06168,0.9181264,0.09181264,1.1970958,1.1970958,0.29590106,821.0,820.0,816.0,812.0,821.0,26021.46479168022,94.16159329780456,United States,1,1,0,0,1,0,0,1,0,0,2,3,1,2,5,3,26.47,41.12,3,38.89,20.37,469642623,596960680,206805399,3266.16,8632.01,176709598,3802.15,10847.69,287913,627805.0,57347,41.54,99663017,1816.16
2022-06-03,United States,140951.0,83595845.0,575.0,999610.0,685278.0,2071.0,-7.3,-15.6,1424434.0,4524.0,13.5,10.3,412.6997,1.6835804,244765.78,2926.824,2006.4706,6.063817,4170.694,13.246118,292.6824,0.16835803,97896.86,295.85715,286.63864,0.8662596,0.08662596,1.1957651,1.1957651,0.27969328,822.0,821.0,817.0,813.0,822.0,26026.87083135085,94.16976194652152,United States,1,1,0,0,1,0,0,1,0,0,2,3,1,2,5,3,26.46,41.12,3,38.89,20.37,1099005388,1398695635,483264238,3478.59,9194.47,413651388,4048.02,11565.17,301547,590734.0,53589,43.898,233775097,1936.24
2022-06-04,United States,111559.0,83707404.0,354.0,999964.0,683663.0,2098.0,-7.9,-17.0,1426263.0,4626.0,11.0,14.1,326.64093,1.0364999,245092.42,2927.8604,2001.742,6.1428723,4176.0493,13.54477,292.78604,0.10364999,97666.14,299.7143,285.96313,0.87755316,0.087755315,1.1945945,1.1945945,0.28821373,823.0,822.0,818.0,814.0,823.0,26032.274834214302,94.17792751757656,United States,1,1,0,0,1,0,0,1,0,0,2,3,1,2,5,3,26.46,41.12,3,38.89,20.37,1099760652,1401323435,483384363,3479.47,9201.13,413751320,4048.96,11586.14,755264,642226.0,58727,43.854,234314428,1941.2
2022-06-05,United States,140094.0,83847498.0,461.0,1000425.0,675627.0,1979.0,-8.8,-24.7,1416347.0,4608.0,5.7,13.9,410.19043,1.3497922,245502.61,2929.2102,1978.2128,5.7944446,4147.0156,13.492066,292.92102,0.13497922,96518.14,282.7143,282.60184,0.82777774,0.082777776,1.1931483,1.1931483,0.2704808,824.0,823.0,819.0,815.0,824.0,26037.676800270565,94.1860900109697,United States,1,1,0,0,2,0,0,1,0,0,2,3,1,2,5,3,32.02,44.69,3,44.44,25.93,1077139955,1372979790,473784340,3411.01,9022.78,405068312,3973.24,11362.4795,421519,647420.0,59331,43.06,229354381,1902.1
2022-06-06,United States,47471.0,83894969.0,87.0,1000512.0,687047.0,1979.0,-7.2,-24.4,1427412.0,4598.0,5.9,12.6,138.99347,0.25473303,245641.61,2929.4648,2011.6501,5.7944446,4179.4136,13.462787,292.9465,0.025473302,98149.57,282.7143,287.3786,0.82777774,0.082777776,1.1925769,1.1925769,0.2677378,825.0,824.0,820.0,816.0,825.0,26043.07672951976,94.1942494267011,United States,1,1,0,0,2,0,0,1,0,0,2,3,1,2,5,3,32.02,44.69,3,44.44,25.93,1077365729,1372979790,473822256,3411.35,9024.95,405096634,3973.65,11362.4795,225774,624641.0,58019,43.071,229514715,1903.49
2022-06-07,United States,43315.0,83938284.0,127.0,1000639.0,694897.0,2048.0,-4.9,-21.5,1425848.0,4658.0,4.7,14.0,126.82484,0.37185165,245768.42,2929.837,2034.6346,5.996474,4174.834,13.638465,292.98367,0.037185166,99271.0,292.57144,290.6621,0.85663915,0.085663915,1.1921128,1.1921128,0.27578777,826.0,825.0,821.0,817.0,826.0,26048.474621961825,94.20240576477067,United States,1,1,0,0,2,0,0,1,0,0,2,3,1,2,5,3,32.02,44.69,3,44.44,25.93,473632015,603622740,208885129,3272.65,8660.24,178073316,3815.58,10902.49,321991,656993.0,64534,41.481,100278026,1824.48
2022-06-08,United States,99664.0,84037948.0,297.0,1000936.0,739036.0,2267.0,9.4,-1.4,1414639.0,4567.0,3.2,6.6,291.81277,0.86960584,246060.23,2930.7063,2163.872,6.6376987,4142.0146,13.37202,293.07065,0.086960584,105576.57,323.85715,309.1246,0.94824266,0.09482426,1.1910524,1.1910524,0.30605358,827.0,826.0,822.0,818.0,827.0,26053.87047759659,94.21055902517816,United States,1,1,0,0,2,0,0,1,0,0,2,3,1,2,5,3,32.01,44.68,3,44.44,25.93,491735103,627949435,216205099,3248.67,8607.23,184831839,3788.11,10925.31,240165,608841.0,59897,41.12,104847248,1820.97
2022-06-09,United States,152307.0,84190255.0,476.0,1001412.0,735361.0,2377.0,5.3,8.3,1433604.0,4572.0,2.1,4.8,445.94968,1.3937117,246506.19,2932.1,2153.1118,6.959775,4197.5435,13.38666,293.21002,0.13937117,105051.57,339.57144,307.5874,0.9942535,0.09942535,1.1894631,1.1894631,0.32105786,828.0,827.0,823.0,819.0,828.0,26059.264296424284,94.2187092079239,United States,1,1,0,0,2,0,0,1,0,0,2,3,1,2,5,3,32.01,44.68,3,44.44,25.93,1088304043,1391339410,477927813,3454.26,9171.86,408819934,4039.74,11663.9,285584,593255.0,59452,43.41,232884460,1943.62
2022-06-10,United States,144559.0,84334814.0,642.0,1002054.0,738969.0,2444.0,7.8,18.0,1424247.0,4515.0,-0.4,0.4,423.26382,1.8797541,246929.45,2933.98,2163.676,7.1559486,4170.1465,13.219766,293.39798,0.1879754,105567.0,349.14285,309.09656,1.0222783,0.10222784,1.1881855,1.1881855,0.33435893,829.0,828.0,824.0,820.0,829.0,26064.65607844485,94.2268563130078,United States,1,1,0,0,2,0,0,1,0,0,2,3,1,2,5,3,32.01,44.68,3,44.44,25.93,1112111350,1422199355,487678722,3523.96,9360.34,417638000,4116.83,11907.19,707492,602253.0,59709,44.179,238750044,1990.3
2022-06-11,United States,105965.0,84440779.0,264.0,1002318.0,733375.0,2354.0,7.3,12.2,1417038.0,4452.0,-1.9,-2.4,310.2619,0.77298295,247239.72,2934.753,2147.2969,6.8924317,4149.039,13.035304,293.47528,0.0772983,104767.86,336.2857,306.7567,0.9846331,0.098463304,1.1870071,1.1870071,0.34842947,830.0,829.0,825.0,821.0,830.0,26070.045823658293,94.2350003404299,United States,1,1,0,0,2,0,0,1,0,0,2,3,1,2,5,3,32.01,44.68,3,44.44,25.93,1095862781,1403141570,480413930,3450.8901,9167.99,411427227,4031.3801,11678.94,659984,588355.0,58328,43.338,235523406,1951.16
2022-06-12,United States,147763.0,84588542.0,391.0,1002709.0,741044.0,2284.0,9.7,15.4,1416671.0,4263.0,-4.0,-9.5,432.64502,1.1448346,247672.36,2935.8977,2169.7515,6.687474,4147.9644,12.481918,293.58978,0.11448346,105863.43,326.2857,309.9645,0.95535344,0.095535345,1.1853957,1.1853957,0.32710674,831.0,830.0,826.0,822.0,831.0,26075.43353206443,94.2431412901899,United States,1,1,0,0,2,0,0,1,0,0,2,3,1,2,5,3,32.01,44.68,3,44.44,25.93,1073103122,1374630925,470805111,3382.22,8987.86,402732989,3955.45,11454.84,363317,579385.0,56619,42.534,230444697,1910.7
2022-06-13,United States,37707.0,84626249.0,144.0,1002853.0,731280.0,2341.0,6.4,18.3,1418327.0,4320.0,-4.3,-8.4,110.40481,0.42162707,247782.77,2936.3193,2141.1628,6.854368,4152.813,12.648812,293.63193,0.04216271,104468.57,334.42856,305.8804,0.9791954,0.097919546,1.1850377,1.1850377,0.34161317,832.0,831.0,827.0,823.0,832.0,26080.81920366356,94.25127916228824,United States,1,1,0,0,2,0,0,1,0,0,2,3,1,2,5,3,32.0,44.68,3,44.44,25.93,1073281677,1374632025,470833784,3382.68,8990.39,402755557,3955.96,11454.84,178555,571983.0,57095,42.547,230572607,1912.27
2022-06-14,United States,38721.0,84664970.0,91.0,1002944.0,726686.0,2305.0,4.6,12.5,1421583.0,4353.0,-3.4,-7.6,113.373764,0.2664449,247896.14,2936.5857,2127.7117,6.7489614,4162.3467,12.745435,293.65857,0.026644489,103812.29,329.2857,303.95883,0.9641373,0.09641373,1.1846032,1.1846032,0.33715442,833.0,832.0,828.0,824.0,833.0,26086.20283845556,94.25941395672476,United States,1,1,0,0,2,0,0,1,0,0,2,3,1,2,5,3,32.0,44.68,3,44.44,25.93,1073830383,1375842925,470915468,3383.44,8995.25,402828821,3956.7,11465.78,548706,562339.0,53165,42.528,230969058,1915.63
2022-06-15,United States,91358.0,84756328.0,286.0,1003230.0,718380.0,2294.0,-2.8,1.2,1457416.0,4561.0,3.8,0.1,267.4931,0.83739823,248163.62,2937.423,2103.392,6.7167535,4267.264,13.354452,293.7423,0.083739825,102625.71,327.7143,300.4846,0.95953625,0.09595362,1.1836638,1.1836638,0.33953646,834.0,833.0,829.0,825.0,834.0,26091.58443644026,94.2675456734992,United States,1,1,0,0,2,0,0,1,0,0,2,3,1,2,5,3,32.0,44.68,3,44.44,25.93,1074909973,1377023825,471098089,3385.29,9004.75,403045471,3958.24,11475.91,1079590,640185.0,60677,42.535,231662629,1921.79
2022-06-16,United States,138010.0,84894338.0,419.0,1003649.0,704083.0,2237.0,-4.3,-5.9,1439444.0,4614.0,0.7,1.3,404.08856,1.2268177,248567.72,2938.65,2061.531,6.5498595,4214.643,13.509634,293.865,0.12268177,100583.29,319.57144,294.50443,0.9356942,0.09356942,1.1822331,1.1822331,0.32559636,835.0,834.0,830.0,826.0,835.0,26096.96399761783,94.2756743126118,United States,1,1,0,0,2,0,0,1,0,0,2,3,1,2,5,3,32.0,44.68,3,44.44,25.93,1075437239,1378283325,471188489,3385.98,9009.36,403119924,3959.08,11485.9795,527266,634037.0,58966,42.522,232028702,1925.01
2022-06-17,United States,143175.0,85037513.0,569.0,1004218.0,702699.0,2164.0,-4.9,-11.5,1441668.0,4608.0,1.2,1.9,419.21152,1.6660125,248986.94,2940.316,2057.4788,6.336118,4221.155,13.492066,294.0316,0.16660126,100385.57,309.14285,293.92554,0.9051597,0.09051597,1.1809118,1.1809118,0.31141305,836.0,835.0,831.0,827.0,836.0,26102.34152198833,94.28379987406268,United States,1,1,0,0,2,0,0,1,0,0,2,3,1,2,5,3,32.0,44.67,3,44.44,25.93,0,0,0,0.0,0.0,0,0.0,0.0,0,594229.0,55475,0.0,0,0.0
2022-06-18,United States,97574.0,85135087.0,301.0,1004519.0,694308.0,2201.0,-5.3,-6.5,1427683.0,4555.0,0.1,-1.5,285.69333,0.88131773,249272.62,2941.1973,2032.9102,6.444453,4180.207,13.3368845,294.11972,0.08813177,99186.86,314.42856,290.41574,0.9206361,0.09206361,1.1799119,1.1799119,0.2978204,837.0,836.0,832.0,828.0,837.0,26107.717009551707,94.2919223578517,United States,1,1,0,0,2,0,0,1,0,0,2,3,1,2,5,3,32.0,44.67,3,44.44,25.93,0,0,0,0.0,0.0,0,0.0,0.0,0,562130.0,52714,0.0,0,0.0
2022-06-19,United States,125711.0,85260798.0,392.0,1004911.0,672256.0,2202.0,-9.3,-3.6,1413300.0,4486.0,-0.2,-2.6,368.0775,1.1477627,249640.7,2942.345,1968.3427,6.4473805,4138.094,13.134854,294.2345,0.11477626,96036.57,314.57144,281.1918,0.92105436,0.09210544,1.1786319,1.1786319,0.29944476,838.0,837.0,833.0,829.0,838.0,26113.09046030778,94.30004176397864,United States,1,1,0,0,2,0,0,1,0,0,2,3,1,2,5,3,32.0,44.67,3,44.44,25.93,0,0,0,0.0,0.0,0,0.0,0.0,0,571401.0,54763,0.0,0,0.0
2022-06-20,United States,35853.0,85296651.0,96.0,1005007.0,670402.0,2154.0,-8.3,-8.0,1401682.0,4495.0,-1.8,-2.2,104.97636,0.28108472,249745.67,2942.6262,1962.9142,6.3068385,4104.077,13.161206,294.2626,0.028108472,95771.71,307.7143,280.41632,0.9009769,0.09009769,1.1782491,1.1782491,0.2914872,839.0,838.0,834.0,830.0,839.0,26118.461874256725,94.30815809244378,United States,1,1,0,0,2,0,0,1,0,0,2,3,1,2,5,3,31.99,44.67,3,44.44,25.93,0,0,0,0.0,0.0,0,0.0,0.0,0,607069.0,56520,0.0,0,0.0
2022-06-21,United States,35517.0,85332168.0,115.0,1005122.0,667198.0,2178.0,-8.2,-5.5,1393884.0,4483.0,-2.2,-3.8,103.99256,0.33671606,249849.67,2942.963,1953.533,6.3771095,4081.2446,13.126071,294.2963,0.033671606,95314.0,311.14285,279.07614,0.9110156,0.091101564,1.1778934,1.1778934,0.29698312,840.0,839.0,835.0,831.0,840.0,26123.8312513986,94.31627134324717,United States,1,1,0,0,2,0,0,1,0,0,2,3,1,2,5,3,31.99,44.67,3,44.44,25.93,0,0,0,0.0,0.0,0,0.0,0.0,0,589855.0,54879,0.0,0,0.0
2022-06-22,United States,52244.0,85384412.0,140.0,1005262.0,628084.0,2032.0,-12.6,-11.4,1346464.0,4326.0,-4.8,-5.3,152.96864,0.4099152,250002.64,2943.3728,1839.0085,5.9496264,3942.4006,12.66638,294.33728,0.040991522,89726.29,290.2857,262.71548,0.8499467,0.08499467,1.1773367,1.1773367,0.27420774,841.0,840.0,836.0,832.0,841.0,26129.19859173335,94.32438151638873,United States,1,1,0,0,2,0,0,1,0,0,2,3,1,2,5,3,31.99,44.67,3,44.44,25.93,980611436,1263416100,430101125,3076.48,8178.16,367265626,3587.85,10435.12,0,496804.0,46690,38.575,211565985,1751.57
2022-06-23,United States,186492.0,85570904.0,513.0,1005775.0,676566.0,2126.0,-3.9,-5.0,1380649.0,4363.0,-3.7,-4.6,546.0422,1.5020465,250548.69,2944.8748,1980.9622,6.2248554,4042.4932,12.774714,294.4875,0.15020464,96652.29,303.7143,282.9946,0.88926506,0.0889265,1.1753703,1.1753703,0.29072312,842.0,841.0,837.0,833.0,842.0,26134.563895260857,94.33248861186829,United States,1,1,0,0,2,0,0,1,0,0,2,3,1,2,5,3,31.99,44.67,3,44.44,25.93,0,0,0,0.0,0.0,0,0.0,0.0,0,494929.0,45105,0.0,0,0.0
2022-06-24,United States,134198.0,85705102.0,625.0,1006400.0,667589.0,2182.0,-5.0,0.8,1370288.0,4346.0,-3.8,-3.7,392.92715,1.8299786,250941.61,2946.7048,1954.6777,6.3888216,4012.1565,12.724939,294.67047,0.18299787,95369.86,311.7143,279.2397,0.9126888,0.091268875,1.1742592,1.1742592,0.30026725,843.0,842.0,838.0,834.0,843.0,26139.927161981177,94.34059262968591,United States,1,1,0,0,2,0,0,1,0,0,2,3,1,2,5,3,31.99,44.67,3,44.44,25.93,0,0,0,0.0,0.0,0,0.0,0.0,0,507201.0,44771,0.0,0,0.0
2022-06-25,United States,101869.0,85806971.0,492.0,1006892.0,671884.0,2373.0,-3.2,7.8,1366192.0,4574.0,-3.6,2.7,298.26895,1.4405591,251239.88,2948.1453,1967.2534,6.948063,4000.1636,13.392516,294.81454,0.14405592,95983.43,339.0,281.0362,0.9925804,0.09925804,1.1734384,1.1734384,0.33032656,844.0,843.0,839.0,835.0,844.0,26145.288391894428,94.3486935698418,United States,1,1,0,0,2,0,0,1,0,0,2,3,1,2,5,3,31.99,44.67,3,44.44,25.93,0,0,0,0.0,0.0,0,0.0,0.0,0,519474.0,44469,0.0,0,0.0
2022-06-26,United States,163464.0,85970435.0,520.0,1007412.0,709637.0,2501.0,5.6,13.6,1381893.0,4703.0,-2.5,10.3,478.617,1.5225422,251718.5,2949.668,2077.793,7.3228426,4046.1355,13.770224,294.9668,0.15225422,101376.71,357.2857,296.82755,1.0461204,0.10461204,1.1718122,1.1718122,0.3552138,845.0,844.0,840.0,836.0,845.0,26150.64758500055,94.35679143233588,United States,1,1,0,0,2,0,0,1,0,0,2,3,1,2,5,3,31.99,44.67,3,44.44,25.93,0,0,0,0.0,0.0,0,0.0,0.0,0,531751.0,44111,0.0,0,0.0
2022-06-27,United States,44012.0,86014447.0,107.0,1007519.0,717796.0,2512.0,7.1,16.6,1388198.0,4666.0,-2.1,8.0,128.86563,0.31329235,251847.36,2949.9812,2101.6821,7.35505,4064.5962,13.661888,294.9981,0.031329233,102542.29,358.85715,300.2403,1.0507214,0.10507215,1.171337,1.171337,0.3574788,846.0,845.0,841.0,837.0,846.0,26156.00474129943,94.36488621716796,United States,1,1,0,0,2,0,0,1,0,0,2,3,1,2,5,3,31.98,44.67,3,44.44,25.93,0,0,0,0.0,0.0,0,0.0,0.0,0,544029.0,43814,0.0,0,0.0
2022-06-28,United States,44178.0,86058625.0,76.0,1007595.0,726457.0,2473.0,8.9,13.5,1393655.0,4651.0,-2.0,6.8,129.35167,0.2225254,251976.72,2950.2036,2127.0413,7.2408595,4080.5742,13.6179695,295.0204,0.022252541,103779.57,353.2857,303.86304,1.0344085,0.10344085,1.1708239,1.1708239,0.35618198,847.0,846.0,842.0,838.0,847.0,26161.359860791126,94.37297792433812,United States,1,1,0,0,2,0,0,1,0,0,2,3,1,2,5,3,31.98,44.66,3,44.44,25.93,0,0,0,0.0,0.0,0,0.0,0.0,0,556297.0,43466,0.0,0,0.0
2022-06-29,United States,96530.0,86155155.0,256.0,1007851.0,770743.0,2589.0,22.7,27.4,1398827.0,4621.0,-4.0,1.3,282.63654,0.7495592,252259.34,2950.9534,2256.7092,7.5805035,4095.7175,13.53013,295.09534,0.074955925,110106.14,369.85715,322.38702,1.082929,0.10829291,1.1698093,1.1698093,0.38512114,848.0,847.0,843.0,839.0,848.0,26166.71294347581,94.38106655384662,United States,1,1,0,0,2,0,0,1,0,0,2,3,1,2,5,3,31.98,44.66,3,44.44,25.93,1141330991,1471577135,498630066,3690.54,9847.17,426037544,4306.24,12624.23,0,568576.0,43173,46.66,249340581,2134.78
2022-06-30,United States,154793.0,86309948.0,625.0,1008476.0,739044.0,2701.0,9.2,27.0,1415610.0,4827.0,-1.7,4.6,453.2286,1.8299786,252712.58,2952.7832,2163.8955,7.908436,4144.858,14.133291,295.27832,0.18299787,105577.71,385.85715,309.12793,1.1297765,0.112977654,1.1684355,1.1684355,0.4028926,849.0,848.0,844.0,840.0,849.0,26172.063989353308,94.3891521056932,United States,1,1,0,0,2,0,0,1,0,0,2,3,1,2,5,3,31.98,44.66,3,44.44,25.93,0,0,0,0.0,0.0,0,0.0,0.0,0,546680.0,43096,0.0,0,0.0
2022-07-01,United States,148959.0,86458907.0,555.0,1009031.0,753805.0,2631.0,12.9,20.6,1421394.0,4813.0,-1.4,4.4,436.14685,1.625021,253148.72,2954.4082,2207.1152,7.703478,4161.793,14.092299,295.44083,0.16250211,107686.43,375.85715,315.3022,1.1004969,0.11004969,1.1670643,1.1670643,0.39433572,850.0,849.0,845.0,841.0,850.0,26336.304,94.63732249177662,United States,1,1,0,0,2,0,0,1,0,0,2,3,1,2,5,3,31.98,44.66,3,44.44,25.93,0,0,0,0.0,0.0,0,0.0,0.0,0,524785.0,43016,0.0,0,0.0
2022-07-02,United States,112856.0,86571763.0,476.0,1009507.0,764792.0,2615.0,13.8,10.2,1436676.0,4988.0,0.6,9.5,330.4385,1.3937117,253479.16,2955.802,2239.285,7.6566305,4206.538,14.604693,295.5802,0.13937117,109256.0,373.57144,319.89783,1.0938044,0.10938044,1.1660926,1.1660926,0.4163456,851.0,850.0,846.0,842.0,851.0,26182.75997068663,94.40531397640048,United States,1,1,0,0,2,0,0,1,0,0,2,3,1,2,5,3,31.98,44.66,3,44.44,25.93,0,0,0,0.0,0.0,0,0.0,0.0,0,502892.0,42962,0.0,0,0.0
2022-07-03,United States,172444.0,86744207.0,547.0,1010054.0,773772.0,2642.0,9.0,5.6,1483409.0,5143.0,5.0,14.6,504.91013,1.6015973,253984.08,2957.4036,2265.578,7.735686,4343.371,15.058528,295.74036,0.16015974,110538.86,377.42856,323.654,1.105098,0.1105098,1.1644051,1.1644051,0.39050144,852.0,851.0,847.0,843.0,852.0,26188.10490614269,94.41339029526152,United States,1,1,0,0,2,0,0,1,0,0,2,3,1,2,5,3,31.98,44.66,3,44.44,25.93,0,0,0,0.0,0.0,0,0.0,0.0,0,480993.0,42876,0.0,0,0.0
2022-07-04,United States,48178.0,86792385.0,138.0,1010192.0,777938.0,2673.0,8.4,6.4,1495734.0,5185.0,6.7,15.4,141.06354,0.4040593,254125.14,2957.8076,2277.776,7.8264527,4379.458,15.181502,295.78076,0.04040593,111134.0,381.85715,325.39655,1.1180646,0.11180647,1.1639178,1.1639178,0.40039605,853.0,852.0,848.0,844.0,853.0,26193.44780479156,94.4214635364606,United States,1,1,0,0,2,0,0,1,0,0,2,3,1,2,5,3,31.98,44.66,3,44.44,25.93,0,0,0,0.0,0.0,0,0.0,0.0,0,459096.0,42801,0.0,0,0.0
2022-07-05,United States,46196.0,86838581.0,87.0,1010279.0,779956.0,2684.0,7.4,8.5,1506413.0,5157.0,8.1,15.0,135.26031,0.25473303,254260.39,2958.0625,2283.6846,7.85866,4410.7256,15.09952,295.80624,0.025473302,111422.29,383.42856,326.24063,1.1226658,0.11226658,1.1633987,1.1633987,0.39947373,854.0,853.0,849.0,845.0,854.0,26198.78866663319,94.42953369999772,United States,1,1,0,0,2,0,0,1,0,0,2,3,1,2,5,3,31.97,44.66,3,44.44,25.93,0,0,0,0.0,0.0,0,0.0,0.0,0,437205.0,42738,0.0,0,0.0
2022-07-06,United States,45747.0,86884328.0,119.0,1010398.0,729173.0,2547.0,-5.4,-1.6,1499916.0,5136.0,11.4,18.7,133.94565,0.34842792,254394.34,2958.411,2134.9937,7.457529,4391.7026,15.038033,295.8411,0.034842793,104167.57,363.85715,304.99908,1.0653613,0.10653613,1.1629232,1.1629232,0.3589159,855.0,854.0,850.0,846.0,855.0,26204.12749166769,94.437600785873,United States,1,1,0,0,2,0,0,1,0,0,2,3,1,2,5,3,31.97,44.66,3,44.44,25.93,1149397020,1485792785,501670053,3759.3,10040.95,428468803,4385.77,12899.89,0,415304.0,42643,47.363,252121039,2185.79
2022-07-07,United States,169689.0,87054017.0,469.0,1010867.0,744069.0,2391.0,0.7,-11.5,1483113.0,5092.0,7.4,16.7,496.8436,1.3732159,254891.19,2959.784,2178.6086,7.0007663,4342.5044,14.909202,295.9784,0.13732159,106295.57,341.57144,311.2298,1.0001094,0.10001095,1.1611952,1.1611952,0.333103,856.0,855.0,851.0,847.0,856.0,26209.464279895063,94.44566479408648,United States,1,1,0,0,2,0,0,1,0,0,2,3,1,2,5,3,31.97,44.66,3,44.44,25.93,0,0,0,0.0,0.0,0,0.0,0.0,0,423627.0,43550,0.0,0,0.0
2022-07-08,United States,145751.0,87199768.0,601.0,1011468.0,740861.0,2437.0,-1.7,-7.4,1494666.0,5068.0,9.1,16.6,426.75394,1.7597075,255317.94,2961.5437,2169.2156,7.1354527,4376.331,14.838931,296.1544,0.17597075,105837.29,348.14285,309.88797,1.0193504,0.10193504,1.1599435,1.1599435,0.33546376,857.0,856.0,852.0,848.0,857.0,26214.799031315317,94.45372572463808,United States,1,1,0,0,2,0,0,1,0,0,2,3,1,2,5,3,30.76,43.88,3,40.74,25.93,0,0,0,0.0,0.0,0,0.0,0.0,0,431948.0,44379,0.0,0,0.0
2022-07-09,United States,120595.0,87320363.0,491.0,1011959.0,748600.0,2452.0,-2.1,-6.2,1513392.0,5067.0,10.8,10.8,353.09805,1.4376312,255671.03,2962.9814,2191.8752,7.1793723,4431.16,14.836003,296.29813,0.14376312,106942.86,350.2857,313.12503,1.0256246,0.10256246,1.1589038,1.1589038,0.31813458,858.0,857.0,853.0,849.0,858.0,26220.13174592837,94.4617835775278,United States,1,1,0,0,2,0,0,1,0,0,2,3,1,2,5,3,30.76,43.88,3,40.74,25.93,0,0,0,0.0,0.0,0,0.0,0.0,0,440268.0,45257,0.0,0,0.0
2022-07-10,United States,167613.0,87487976.0,549.0,1012508.0,743769.0,2454.0,-3.9,-7.1,1517541.0,5096.0,9.8,8.4,490.76514,1.6074532,256161.8,2964.5889,2177.7302,7.1852283,4443.308,14.920914,296.4589,0.16074532,106252.71,350.57144,311.1043,1.0264611,0.10264612,1.1573111,1.1573111,0.3320506,859.0,858.0,854.0,850.0,859.0,26225.462423734192,94.46983835275552,United States,1,1,0,0,2,0,0,1,0,0,2,3,1,2,5,3,30.76,43.88,3,40.74,25.93,0,0,0,0.0,0.0,0,0.0,0.0,0,448590.0,46171,0.0,0,0.0
2022-07-11,United States,55577.0,87543553.0,106.0,1012614.0,751168.0,2422.0,-3.4,-9.4,1529106.0,5095.0,10.2,9.2,162.72755,0.31036437,256324.53,2964.8992,2199.3943,7.091533,4477.17,14.917986,296.48993,0.031036438,107309.71,346.0,314.1992,1.0130762,0.101307616,1.1566974,1.1566974,0.32130325,860.0,859.0,855.0,851.0,860.0,26230.791064733,94.47789005032158,United States,1,1,0,0,2,0,0,1,0,0,2,3,1,2,5,3,30.76,43.88,3,40.74,25.93,0,0,0,0.0,0.0,0,0.0,0.0,0,456908.0,47046,0.0,0,0.0
2022-07-12,United States,57136.0,87600689.0,111.0,1012725.0,762108.0,2446.0,-2.3,-8.9,1542064.0,5130.0,10.6,10.3,167.29225,0.32500422,256491.83,2965.224,2231.4263,7.161804,4515.111,15.020465,296.52243,0.03250042,108872.57,349.42856,318.77518,1.0231149,0.10231149,1.1560696,1.1560696,0.31982553,861.0,860.0,856.0,852.0,861.0,26236.11766892468,94.4859386702258,United States,1,1,0,0,2,0,0,1,0,0,2,3,1,2,5,3,30.76,43.88,3,40.74,25.93,0,0,0,0.0,0.0,0,0.0,0.0,0,465230.0,47935,0.0,0,0.0
2022-07-13,United States,113656.0,87714345.0,279.0,1013004.0,830017.0,2606.0,13.8,2.3,1559190.0,5153.0,11.5,11.5,332.78088,0.81690246,256824.61,2966.041,2430.2615,7.630279,4565.255,15.087808,296.6041,0.081690244,118573.86,372.2857,347.1802,1.0900398,0.10900398,1.1548898,1.1548898,0.33679172,862.0,861.0,857.0,853.0,862.0,26241.442236309056,94.49398421246796,United States,1,1,0,0,2,0,0,1,0,0,2,3,1,2,5,3,30.76,43.88,3,40.74,25.93,1152537773,1495851445,502436204,3764.11,10072.66,428913699,4393.1,12984.95,0,473550.0,48783,47.213,254068532,2205.64
2022-07-14,United States,184135.0,87898480.0,651.0,1013655.0,844463.0,2788.0,13.5,16.6,1588532.0,5179.0,12.2,7.3,539.141,1.9061058,257363.75,2967.9473,2472.5588,8.163169,4651.1675,15.163935,296.7947,0.19061057,120637.57,398.2857,353.2227,1.1661669,0.116616696,1.1532111,1.1532111,0.35838333,863.0,862.0,858.0,854.0,863.0,26246.764766886303,94.50202667704826,United States,1,1,0,0,2,0,0,1,0,0,2,3,1,2,5,3,30.75,43.87,3,40.74,25.93,0,0,0,0.0,0.0,0,0.0,0.0,0,495802.0,49686,0.0,0,0.0
2022-07-15,United States,156001.0,88054481.0,711.0,1014366.0,854713.0,2898.0,15.4,18.9,1595574.0,5335.0,12.3,10.8,456.7656,2.0817838,257820.52,2970.029,2502.5706,8.485245,4671.786,15.620698,297.0029,0.20817837,122101.86,414.0,357.51007,1.2121779,0.12121779,1.1519754,1.1519754,0.3715594,864.0,863.0,859.0,855.0,864.0,26252.085260656488,94.51006606396685,United States,1,1,0,0,2,0,0,1,0,0,2,3,1,2,5,3,30.75,43.87,3,40.74,25.93,0,0,0,0.0,0.0,0,0.0,0.0,0,518054.0,50572,0.0,0,0.0
2022-07-16,United States,138983.0,88193464.0,455.0,1014821.0,873101.0,2862.0,16.6,16.7,1621701.0,5314.0,12.9,6.5,406.93747,1.3322245,258227.45,2971.3613,2556.41,8.379838,4748.285,15.559211,297.1361,0.13322245,124728.71,408.85715,365.20142,1.1971197,0.11971197,1.150676,1.150676,0.39249945,865.0,864.0,860.0,856.0,865.0,26257.403717619483,94.51810237322351,United States,1,1,0,0,2,0,0,1,0,0,2,3,1,2,5,3,30.75,43.87,3,40.74,25.93,0,0,0,0.0,0.0,0,0.0,0.0,0,540301.0,51461,0.0,0,0.0
2022-07-17,United States,182741.0,88376205.0,472.0,1015293.0,888229.0,2785.0,19.4,13.5,1631998.0,5239.0,10.0,1.9,535.0594,1.3819999,258762.52,2972.7432,2600.704,8.154385,4778.4346,15.339613,297.27432,0.13819999,126889.86,397.85715,371.52917,1.1649121,0.11649121,1.1488308,1.1488308,0.37429324,866.0,865.0,861.0,857.0,866.0,26262.720137775294,94.52613560481824,United States,1,1,0,0,2,0,0,1,0,0,2,3,1,2,5,3,30.75,43.87,3,40.74,25.93,0,0,0,0.0,0.0,0,0.0,0.0,0,562555.0,52363,0.0,0,0.0
2022-07-18,United States,57577.0,88433782.0,154.0,1015447.0,890229.0,2833.0,18.5,17.0,1641397.0,5255.0,9.7,1.4,168.58348,0.45090672,258931.1,2973.194,2606.56,8.294928,4805.954,15.38646,297.3194,0.045090675,127175.57,404.7143,372.36572,1.1849896,0.11849896,1.1482569,1.1482569,0.3823929,867.0,866.0,862.0,858.0,867.0,26268.03452112392,94.5341657587511,United States,1,1,0,0,2,0,0,1,0,0,2,3,1,2,5,3,30.75,43.87,3,40.74,25.93,0,0,0,0.0,0.0,0,0.0,0.0,0,584802.0,53259,0.0,0,0.0
2022-07-19,United States,56070.0,88489852.0,173.0,1015620.0,889163.0,2895.0,16.7,18.4,1651271.0,5341.0,9.6,3.6,164.17105,0.5065381,259095.27,2973.7007,2603.439,8.476461,4834.865,15.638266,297.37006,0.050653808,127023.29,413.57144,371.91983,1.210923,0.121092305,1.1477249,1.1477249,0.38672188,868.0,867.0,863.0,859.0,868.0,26273.346867665477,94.5421928350222,United States,1,1,0,0,2,0,0,1,0,0,2,3,1,2,5,3,30.75,43.87,3,40.74,25.93,0,0,0,0.0,0.0,0,0.0,0.0,0,607056.0,54161,0.0,0,0.0
2022-07-20,United States,101687.0,88591539.0,351.0,1015971.0,877194.0,2967.0,5.7,13.9,1707211.0,5573.0,13.8,8.5,297.73605,1.027716,259393.0,2974.7283,2568.394,8.687275,4998.6553,16.317554,297.47284,0.1027716,125313.43,423.85715,366.91342,1.2410393,0.124103926,1.1468036,1.1468036,0.3989142,869.0,868.0,864.0,860.0,869.0,26278.657177399906,94.55021683363144,United States,1,1,0,0,2,0,0,1,0,0,2,3,1,2,5,3,30.75,43.87,3,40.74,25.93,1156768785,1504483645,503352474,3768.81,10108.74,429434422,4400.85,13061.11,0,629304.0,55075,47.114998,256881607,2229.48
2022-07-21,United States,179375.0,88770914.0,705.0,1016676.0,872434.0,3021.0,3.3,8.4,1716897.0,5809.0,15.8,14.1,525.20386,2.064216,259918.2,2976.7925,2554.457,8.845385,5027.0156,17.008553,297.67926,0.20642158,124633.43,431.57144,364.92242,1.2636263,0.12636264,1.1452805,1.1452805,0.40217367,870.0,869.0,865.0,861.0,870.0,26283.96545032703,94.55823775457864,United States,1,1,0,0,2,0,0,1,0,0,2,3,1,2,5,3,30.74,43.87,3,40.74,25.93,0,0,0,0.0,0.0,0,0.0,0.0,0,612172.0,56119,0.0,0,0.0
2022-07-22,United States,158884.0,88929798.0,675.0,1017351.0,875317.0,2985.0,2.4,3.0,1730030.0,5883.0,15.7,16.1,465.2069,1.9763769,260383.4,2978.769,2562.8982,8.739978,5065.4688,17.225224,297.8769,0.19763769,125045.29,426.42856,366.12833,1.2485683,0.12485683,1.1439934,1.1439934,0.39167678,871.0,870.0,866.0,862.0,871.0,26289.27168644709,94.56625559786409,United States,1,1,0,0,2,0,0,1,0,0,2,3,1,2,5,3,30.74,43.87,3,40.74,25.93,0,0,0,0.0,0.0,0,0.0,0.0,0,595042.0,57180,0.0,0,0.0
2022-07-23,United States,148445.0,89078243.0,494.0,1017845.0,884779.0,3024.0,1.3,5.7,1757880.0,5886.0,16.2,16.2,434.64188,1.4464151,260818.05,2980.2153,2590.6028,8.854169,5147.0127,17.234007,298.02155,0.14464152,126397.0,432.0,370.0861,1.2648813,0.12648812,1.1426415,1.1426415,0.36432987,872.0,871.0,867.0,863.0,872.0,26294.575885760016,94.5742703634877,United States,1,1,0,0,2,0,0,1,0,0,2,3,1,2,5,3,30.74,43.87,3,40.74,25.93,0,0,0,0.0,0.0,0,0.0,0.0,0,577918.0,58236,0.0,0,0.0
2022-07-24,United States,206657.0,89284900.0,635.0,1018480.0,908695.0,3187.0,2.3,14.4,1796924.0,5972.0,18.4,17.2,605.08466,1.8592583,261423.14,2982.0747,2660.628,9.331427,5261.332,17.485811,298.20746,0.18592583,129813.57,455.2857,380.0897,1.333061,0.1333061,1.140708,1.140708,0.3773996,873.0,872.0,868.0,864.0,873.0,26299.87804826582,94.58228205144948,United States,1,1,0,0,2,0,0,1,0,0,2,3,1,2,5,3,30.74,43.86,3,40.74,25.93,0,0,0,0.0,0.0,0,0.0,0.0,0,560786.0,59302,0.0,0,0.0
2022-07-25,United States,53259.0,89338159.0,159.0,1018639.0,904377.0,3192.0,1.6,12.7,1794606.0,6025.0,17.4,18.3,155.94054,0.46554658,261579.08,2982.5403,2647.9849,9.346066,5254.545,17.640995,298.25403,0.046554655,129196.71,456.0,378.28357,1.3351524,0.13351524,1.140206,1.140206,0.37345868,874.0,873.0,869.0,865.0,874.0,26305.17817396432,94.59029066174918,United States,1,1,0,0,2,0,0,1,0,0,2,3,1,2,5,3,30.74,43.86,3,40.74,25.93,0,0,0,0.0,0.0,0,0.0,0.0,0,543653.0,60346,0.0,0,0.0
2022-07-26,United States,54599.0,89392758.0,173.0,1018812.0,902906.0,3192.0,1.5,10.3,1792069.0,6087.0,16.2,18.7,159.86401,0.5065381,261738.94,2983.0466,2643.678,9.346066,5247.1167,17.822529,298.30466,0.050653808,128986.57,456.0,377.66827,1.3351524,0.13351524,1.139703,1.139703,0.36559343,875.0,874.0,870.0,866.0,875.0,26310.47626285575,94.59829619438712,United States,1,1,0,0,2,0,0,1,0,0,2,3,1,2,5,3,30.74,43.86,3,40.74,25.93,0,0,0,0.0,0.0,0,0.0,0.0,0,526523.0,61408,0.0,0,0.0
2022-07-27,United States,106403.0,89499161.0,303.0,1019115.0,907622.0,3144.0,3.5,6.0,1784816.0,6111.0,14.5,18.6,311.54434,0.88717365,262050.48,2983.9338,2657.486,9.205524,5225.8804,17.8928,298.3934,0.088717364,129660.29,449.14285,379.6409,1.3150749,0.1315075,1.1386867,1.1386867,0.35396278,876.0,875.0,871.0,867.0,876.0,26315.77231494005,94.60629864936328,United States,1,1,0,0,2,0,0,1,0,0,2,3,1,2,5,3,30.73,43.86,3,40.74,25.93,556522897,724320695,242218468,3656.08,9835.28,206461956,4271.68,12726.36,0,509389.0,62459,45.535,123641920,2188.39
2022-07-28,United States,168680.0,89667841.0,631.0,1019746.0,896927.0,3070.0,2.8,1.6,1769361.0,6091.0,11.4,17.6,493.88928,1.8475465,262544.38,2985.7815,2626.1716,8.988855,5180.6284,17.83424,298.57816,0.18475464,128132.43,438.57144,375.16736,1.2841221,0.12841222,1.1372483,1.1372483,0.3448551,877.0,876.0,872.0,868.0,877.0,26321.066330217232,94.61429802667756,United States,1,1,0,0,2,0,0,1,0,0,2,3,1,2,5,3,30.73,43.86,3,40.74,25.93,0,0,0,0.0,0.0,0,0.0,0.0,0,503324.0,61282,0.0,0,0.0
2022-07-29,United States,160831.0,89828672.0,696.0,1020442.0,898874.0,3091.0,2.7,3.6,1774191.0,6076.0,11.2,13.9,470.90768,2.0378642,263015.28,2987.8193,2631.8723,9.050343,5194.7705,17.79032,298.78192,0.20378642,128410.57,441.57144,375.98175,1.292906,0.12929061,1.1359869,1.1359869,0.3476303,878.0,877.0,873.0,869.0,878.0,26326.35830868717,94.6222943263299,United States,1,1,0,0,2,0,0,1,0,0,2,3,1,2,5,3,30.73,43.86,3,40.74,25.93,0,0,0,0.0,0.0,0,0.0,0.0,0,497252.0,60092,0.0,0,0.0
2022-07-30,United States,144834.0,89973506.0,520.0,1020962.0,895263.0,3117.0,1.2,3.1,1780042.0,6141.0,9.8,15.6,424.069,1.5225422,263439.34,2989.3418,2621.2996,9.12647,5211.9023,17.980639,298.93417,0.15225422,127894.71,445.2857,374.47134,1.3037814,0.13037814,1.1347363,1.1347363,0.3553376,879.0,878.0,874.0,870.0,879.0,26331.64825035003,94.63028754832044,United States,1,1,0,0,2,0,0,1,0,0,2,3,1,2,5,3,30.73,43.86,3,40.74,25.93,0,0,0,0.0,0.0,0,0.0,0.0,0,491185.0,58954,0.0,0,0.0
2022-07-31,United States,259377.0,90232883.0,631.0,1021593.0,947983.0,3113.0,4.3,-2.3,1856678.0,6300.0,13.8,20.3,759.447,1.8475465,264198.8,2991.1895,2775.6619,9.114758,5436.2896,18.446184,299.11893,0.18475464,135426.14,444.7143,396.52313,1.3021083,0.13021082,1.1321738,1.1321738,0.3568178,880.0,879.0,875.0,871.0,880.0,26336.936155205767,94.63827769264918,United States,1,1,0,0,2,0,0,1,0,0,2,3,1,2,5,3,30.73,43.86,3,40.74,25.93,0,0,0,0.0,0.0,0,0.0,0.0,0,485113.0,57755,0.0,0,0.0
2022-08-01,United States,37913.0,90270796.0,137.0,1021730.0,932637.0,3091.0,3.1,-3.2,1837014.0,6283.0,11.9,19.6,111.007965,0.40113133,264309.8,2991.5906,2730.7292,9.050343,5378.7144,18.39641,299.15906,0.040113132,133233.86,441.57144,390.1042,1.292906,0.12929061,1.13185,1.13185,0.3531292,881.0,880.0,876.0,872.0,881.0,26342.2220232542,94.64626475931584,United States,1,1,0,0,2,0,0,1,0,0,2,3,1,2,5,3,30.73,43.86,3,40.74,25.93,0,0,0,0.0,0.0,0,0.0,0.0,0,479048.0,56567,0.0,0,0.0
2022-08-02,United States,37944.0,90308740.0,118.0,1021848.0,915982.0,3036.0,1.4,-4.9,1818888.0,6228.0,10.2,16.6,111.09873,0.34549996,264420.9,2991.936,2681.964,8.889304,5325.642,18.23537,299.1936,0.034549996,130854.57,433.7143,383.13773,1.2699006,0.12699006,1.1315051,1.1315051,0.34313655,882.0,881.0,877.0,873.0,882.0,26347.50585449551,94.65424874832064,United States,1,1,0,0,2,1,0,1,0,0,2,3,1,2,5,3,32.58,45.05,3,42.59,27.78,0,0,0,0.0,0.0,0,0.0,0.0,0,472978.0,55433,0.0,0,0.0
2022-08-03,United States,119038.0,90427778.0,400.0,1022248.0,928617.0,3133.0,2.3,-0.3,1836239.0,6277.0,7.6,12.6,348.53918,1.1711863,264769.44,2993.1072,2718.9587,9.173317,5376.445,18.378841,299.31073,0.117118634,132659.58,447.57144,388.4227,1.3104738,0.13104738,1.130458,1.130458,0.34478015,883.0,882.0,878.0,874.0,883.0,26352.78764892975,94.66222965966374,United States,1,1,0,0,2,1,0,1,0,0,2,3,1,2,5,3,32.57,45.04,3,42.59,27.78,1213574876,1594777470,527014794,3895.71,10493.93,448808812,4552.2,13676.96,0,466906.0,54267,48.292,272064691,2345.94
2022-08-04,United States,161349.0,90589127.0,720.0,1022968.0,921286.0,3222.0,2.7,5.0,1818213.0,6292.0,5.9,8.3,472.42435,2.1081355,265241.88,2995.2153,2697.494,9.433906,5323.6655,18.422762,299.52155,0.21081354,131612.28,460.2857,385.35626,1.3477008,0.13477008,1.1292393,1.1292393,0.35626736,884.0,883.0,879.0,875.0,884.0,26358.06740655686,94.670207493345,United States,1,1,0,0,2,1,0,1,0,0,2,3,1,2,5,3,32.57,45.04,3,42.59,27.78,0,0,0,0.0,0.0,0,0.0,0.0,0,481289.0,53877,0.0,0,0.0
2022-08-05,United States,149835.0,90738962.0,715.0,1023683.0,910290.0,3241.0,1.3,4.9,1809164.0,6332.0,4.6,7.6,438.71176,2.0934956,265680.6,2997.3088,2665.298,9.489537,5297.1704,18.539879,299.7309,0.20934956,130041.43,463.0,380.75687,1.3556482,0.13556482,1.1281626,1.1281626,0.3589521,885.0,884.0,880.0,876.0,885.0,26363.345127376728,94.67818224936426,United States,1,1,0,0,2,1,0,1,0,0,2,3,1,2,5,3,32.57,45.04,3,42.59,27.78,0,0,0,0.0,0.0,0,0.0,0.0,0,495679.0,53559,0.0,0,0.0
2022-08-06,United States,131403.0,90870365.0,560.0,1024243.0,896859.0,3281.0,0.2,5.3,1792122.0,6398.0,1.9,8.7,384.7435,1.6396608,266065.3,2998.9485,2625.9724,9.606656,5247.272,18.733126,299.89484,0.16396609,128122.71,468.7143,375.13892,1.3723794,0.13723794,1.1271474,1.1271474,0.3614941,886.0,885.0,881.0,877.0,886.0,26368.62081138941,94.6861539277216,United States,1,1,0,0,2,1,0,1,0,0,2,3,1,2,5,3,32.57,45.04,3,42.59,27.78,0,0,0,0.0,0.0,0,0.0,0.0,0,510059.0,53173,0.0,0,0.0
2022-08-07,United States,150569.0,91020934.0,611.0,1024854.0,788051.0,3261.0,-16.9,4.8,1736034.0,6374.0,-3.4,6.7,440.8609,1.7889872,266506.2,3000.7375,2307.3865,9.548097,5083.0483,18.662853,300.07376,0.1788987,112578.71,465.85715,329.62662,1.3640138,0.13640139,1.1259542,1.1259542,0.36357474,887.0,886.0,882.0,878.0,887.0,26373.894458595023,94.69412252841718,United States,1,1,0,0,2,1,0,1,0,0,2,3,1,2,5,3,32.57,45.04,3,42.59,27.78,0,0,0,0.0,0.0,0,0.0,0.0,0,524437.0,52785,0.0,0,0.0
2022-08-08,United States,33241.0,91054175.0,162.0,1025016.0,783379.0,3286.0,-16.0,6.3,1716016.0,6377.0,-4.4,5.8,97.328514,0.47433046,266603.5,3001.212,2293.707,9.621296,5024.436,18.671638,300.1212,0.047433045,111911.29,469.42856,327.67242,1.3744708,0.13744707,1.125721,1.125721,0.3655685,888.0,887.0,883.0,879.0,888.0,26379.16606899351,94.70208805145096,United States,1,1,0,0,2,1,0,1,0,0,2,3,1,2,5,3,32.57,45.04,3,42.59,27.78,0,0,0,0.0,0.0,0,0.0,0.0,0,538822.0,52409,0.0,0,0.0
2022-08-09,United States,32807.0,91086982.0,121.0,1025137.0,778242.0,3289.0,-15.0,8.3,1694224.0,6325.0,-5.5,3.9,96.05778,0.35428387,266699.56,3001.5662,2278.666,9.630079,4960.63,18.519384,300.15662,0.035428386,111177.43,469.85715,325.5237,1.3757256,0.13757257,1.1254485,1.1254485,0.3673781,889.0,888.0,884.0,880.0,889.0,26384.43564258475,94.71005049682272,United States,1,1,0,0,2,1,0,1,0,0,2,3,1,2,5,3,32.57,45.04,3,42.59,27.78,0,0,0,0.0,0.0,0,0.0,0.0,0,553213.0,52095,0.0,0,0.0
2022-08-10,United States,98627.0,91185609.0,337.0,1025474.0,757831.0,3226.0,-18.4,3.0,1686448.0,6359.0,-5.5,4.1,288.7765,0.9867245,266988.34,3002.5527,2218.9033,9.445618,4937.8623,18.618935,300.25528,0.09867245,108261.57,460.85715,316.98618,1.3493739,0.13493739,1.1246006,1.1246006,0.34030145,890.0,889.0,885.0,881.0,890.0,26389.703179368807,94.7180098645326,United States,1,1,0,0,2,1,0,1,0,0,2,3,1,2,5,3,32.56,45.04,3,42.59,27.78,1217455148,1605232970,527808446,3903.36,10528.33,449749365,4560.69,13776.05,0,567595.0,51735,48.148,274232366,2364.39
2022-08-11,United States,137268.0,91322877.0,800.0,1026274.0,733750.0,3306.0,-20.4,2.6,1655036.0,6528.0,-6.5,7.2,401.91602,2.3423727,267390.25,3004.8953,2148.395,9.679855,4845.8887,19.11376,300.48953,0.23423727,104821.43,472.2857,306.91357,1.3828365,0.13828364,1.1237863,1.1237863,0.35447875,891.0,890.0,886.0,882.0,891.0,26394.968679345795,94.7259661545807,United States,1,1,0,0,2,1,0,1,0,0,2,3,1,2,5,3,32.56,45.04,3,42.59,27.78,0,0,0,0.0,0.0,0,0.0,0.0,0,546402.0,49834,0.0,0,0.0
2022-08-12,United States,138358.0,91461235.0,774.0,1027048.0,722273.0,3365.0,-20.7,3.8,1632563.0,6606.0,-8.0,8.7,405.10748,2.2662456,267795.38,3007.1614,2114.7908,9.852605,4780.089,19.342142,300.71616,0.22662455,103181.86,480.7143,302.11295,1.407515,0.1407515,1.1229326,1.1229326,0.3673653,892.0,891.0,887.0,883.0,892.0,26400.23214251565,94.733919366967,United States,1,1,0,0,2,1,0,1,0,0,2,3,1,2,5,3,32.56,45.04,3,42.59,27.78,0,0,0,0.0,0.0,0,0.0,0.0,0,525225.0,47964,0.0,0,0.0
2022-08-13,United States,125122.0,91586357.0,587.0,1027635.0,715992.0,3392.0,-20.2,3.4,1612851.0,6673.0,-9.4,8.7,366.35294,1.7187159,268161.72,3008.8801,2096.4001,9.93166,4722.3726,19.538317,300.88803,0.17187159,102284.57,484.57144,299.48572,1.4188086,0.14188085,1.1220394,1.1220394,0.36527437,893.0,892.0,888.0,884.0,893.0,26405.49356887827,94.7418695016913,United States,1,1,0,0,2,1,0,1,0,0,2,3,1,2,5,3,32.56,45.04,3,42.59,27.78,0,0,0,0.0,0.0,0,0.0,0.0,0,504046.0,46137,0.0,0,0.0
2022-08-14,United States,136195.0,91722552.0,661.0,1028296.0,701618.0,3442.0,-11.0,5.6,1489669.0,6703.0,-19.8,6.4,398.7743,1.9353855,268560.5,3010.8154,2054.3135,10.078058,4361.6997,19.626156,301.08154,0.19353855,100231.14,491.7143,293.47336,1.4397227,0.14397226,1.121094,1.121094,0.3736082,894.0,893.0,889.0,885.0,894.0,26410.75295843376,94.74981655875376,United States,1,1,0,0,2,1,0,1,0,0,2,3,1,2,5,3,32.56,45.04,3,42.59,27.78,0,0,0,0.0,0.0,0,0.0,0.0,0,482859.0,44246,0.0,0,0.0
2022-08-15,United States,30589.0,91753141.0,132.0,1028428.0,698966.0,3412.0,-10.8,3.8,1482345.0,6698.0,-19.3,6.6,89.563545,0.38649148,268650.06,3011.2021,2046.5486,9.990219,4340.2554,19.611515,301.1202,0.03864915,99852.29,487.42856,292.36407,1.4271742,0.14271742,1.120864,1.120864,0.3748256,895.0,894.0,890.0,886.0,895.0,26416.010311182123,94.7577605381544,United States,1,1,0,0,2,1,0,1,0,0,2,3,1,2,5,3,32.56,45.03,3,42.59,27.78,0,0,0,0.0,0.0,0,0.0,0.0,0,461676.0,42363,0.0,0,0.0
2022-08-16,United States,21098.0,91774239.0,117.0,1028545.0,687257.0,3408.0,-11.7,3.6,1465499.0,6697.0,-19.4,7.5,61.774223,0.342572,268711.84,3011.5447,2012.265,9.978508,4290.931,19.608587,301.15445,0.0342572,98179.57,486.85715,287.46643,1.4255011,0.14255011,1.1207339,1.1207339,0.37999284,896.0,895.0,891.0,887.0,896.0,26421.26562712336,94.7657014398932,United States,1,1,0,0,2,1,0,1,0,0,2,3,1,2,5,3,32.56,45.03,3,42.59,27.78,0,0,0,0.0,0.0,0,0.0,0.0,0,440495.0,40489,0.0,0,0.0
2022-08-17,United States,99341.0,91873580.0,343.0,1028888.0,687971.0,3414.0,-9.2,5.8,1445802.0,6640.0,-21.3,5.8,290.86707,1.0042922,269002.7,3012.5488,2014.3556,9.996076,4233.259,19.441692,301.25488,0.10042923,98281.57,487.7143,287.76508,1.4280107,0.14280108,1.1198955,1.1198955,0.43322068,897.0,896.0,892.0,888.0,897.0,26426.518906257348,94.77363926397,United States,1,1,0,0,0,1,0,1,0,0,2,3,1,2,5,3,24.22,39.68,3,34.26,19.44,1220297477,1612870270,528497753,3907.61,10553.54,450208895,4566.9,13860.0,0,419309.0,38619,47.976,275941810,2379.31
2022-08-18,United States,126626.0,92000206.0,730.0,1029618.0,677329.0,3344.0,-7.7,1.1,1411079.0,6650.0,-22.4,5.7,370.7566,2.1374152,269373.47,3014.6863,1983.1962,9.791118,4131.5913,19.470972,301.46863,0.21374151,96761.29,477.7143,283.31375,1.3987311,0.13987312,1.1191475,1.1191475,0.42686874,898.0,897.0,893.0,889.0,898.0,26431.77014858421,94.781574010385,United States,1,1,0,0,0,1,0,1,0,0,2,3,1,2,5,3,24.22,39.68,3,34.26,19.44,0,0,0,0.0,0.0,0,0.0,0.0,0,416684.0,39663,0.0,0,0.0
2022-08-19,United States,120016.0,92120222.0,759.0,1030377.0,658987.0,3329.0,-8.8,-1.1,1381260.0,6694.0,-23.7,5.7,351.40274,2.222326,269724.88,3016.9087,1929.4915,9.747198,4044.282,19.599804,301.69086,0.22223261,94141.0,475.57144,275.64163,1.3924569,0.13924569,1.1185133,1.1185133,0.42775896,899.0,898.0,894.0,890.0,899.0,26437.019354104006,94.78950567913824,United States,1,1,0,0,0,1,0,1,0,0,2,3,1,2,5,3,24.22,39.68,3,34.26,19.44,0,0,0,0.0,0.0,0,0.0,0.0,0,414059.0,40709,0.0,0,0.0
2022-08-20,United States,114305.0,92234527.0,536.0,1030913.0,648170.0,3278.0,-9.5,-3.4,1364162.0,6670.0,-23.9,4.3,334.68112,1.5693897,270059.53,3018.478,1897.8196,9.597872,3994.2197,19.529531,301.8478,0.15693897,92595.71,468.2857,271.1171,1.3711246,0.13711245,1.1177083,1.1177083,0.43255025,900.0,899.0,895.0,891.0,900.0,26442.26652281661,94.79743427022956,United States,1,1,0,0,0,1,0,1,0,0,2,3,1,2,5,3,24.22,39.68,3,34.26,19.44,0,0,0,0.0,0.0,0,0.0,0.0,0,411426.0,41767,0.0,0,0.0
2022-08-21,United States,132950.0,92367477.0,614.0,1031527.0,644925.0,3231.0,-8.1,-6.1,1346543.0,6673.0,-22.4,4.7,389.27307,1.797771,270448.8,3020.276,1888.3184,9.460258,3942.6318,19.538317,302.0276,0.1797771,92132.14,461.57144,269.75977,1.3514653,0.13514654,1.1167643,1.1167643,0.44034073,901.0,900.0,896.0,892.0,901.0,26447.51165472198,94.80535978365889,United States,1,1,0,0,0,1,0,1,0,0,2,3,1,2,5,3,24.22,39.68,3,34.26,19.44,0,0,0,0.0,0.0,0,0.0,0.0,0,408795.0,42831,0.0,0,0.0
2022-08-22,United States,28624.0,92396101.0,141.0,1031668.0,642960.0,3240.0,-8.0,-5.0,1341926.0,6652.0,-21.8,4.3,83.8101,0.41284317,270532.62,3020.6887,1882.565,9.486609,3929.1135,19.47683,302.06888,0.04128432,91851.43,462.85715,268.93784,1.3552299,0.13552299,1.116571,1.116571,0.44858384,902.0,901.0,897.0,893.0,902.0,26452.75474982022,94.81328221942638,United States,1,1,0,0,0,1,0,1,0,0,2,3,1,2,5,3,24.21,39.68,3,34.26,19.44,0,0,0,0.0,0.0,0,0.0,0.0,0,406169.0,43891,0.0,0,0.0
2022-08-23,United States,27897.0,92423998.0,129.0,1031797.0,649759.0,3252.0,-5.5,-4.6,1337016.0,6660.0,-21.1,5.3,81.681465,0.3777076,270614.3,3021.0664,1902.4722,9.521745,3914.737,19.500252,302.10663,0.03777076,92822.71,464.57144,271.78174,1.3602493,0.13602492,1.1163734,1.1163734,0.45419502,903.0,902.0,898.0,894.0,903.0,26457.995808111387,94.82120157753216,United States,1,1,0,0,0,1,0,1,0,0,2,3,1,2,5,3,24.21,39.68,3,34.26,19.44,0,0,0,0.0,0.0,0,0.0,0.0,0,403540.0,44944,0.0,0,0.0
2022-08-24,United States,81700.0,92505698.0,308.0,1032105.0,632118.0,3217.0,-8.1,-5.8,1320089.0,6631.0,-21.7,4.3,239.21481,0.90181345,270853.53,3021.9683,1850.82,9.419266,3865.1755,19.415342,302.1968,0.09018135,90302.57,459.57144,264.40283,1.3456094,0.13456094,1.1157205,1.1157205,0.45851162,904.0,903.0,899.0,895.0,904.0,26463.23482959537,94.829117857976,United States,1,1,0,0,0,1,0,1,0,0,2,3,1,2,5,3,24.21,39.67,3,34.26,19.44,1223010993,1620021170,529146629,3913.22,10583.97,450674675,4574.37,13935.2705,0,400908.0,45964,47.861,277556482,2396.69
2022-08-25,United States,115986.0,92621684.0,675.0,1032780.0,621478.0,3162.0,-8.2,-5.4,1298807.0,6506.0,-21.5,-0.3,339.60306,1.9763769,271193.12,3023.9446,1819.6664,9.258228,3802.8625,19.049345,302.39444,0.19763769,88782.57,451.7143,259.95233,1.322604,0.1322604,1.1150521,1.1150521,0.4523825,905.0,904.0,900.0,896.0,905.0,26468.47181427211,94.83703106075782,United States,1,1,0,0,0,1,0,1,0,0,2,3,1,2,5,3,24.21,39.67,3,34.26,19.44,0,0,0,0.0,0.0,0,0.0,0.0,0,394821.0,45208,0.0,0,0.0
2022-08-26,United States,130588.0,92752272.0,766.0,1033546.0,632050.0,3169.0,-4.1,-4.8,1291037.0,6498.0,-20.9,-1.6,382.3572,2.242822,271575.47,3026.1873,1850.6208,9.278724,3780.1123,19.025923,302.61874,0.22428218,90292.86,452.7143,264.3744,1.325532,0.13255319,1.114308,1.114308,0.46110845,906.0,905.0,901.0,897.0,906.0,26473.706762141723,94.84494118587784,United States,1,1,0,0,0,1,0,1,0,0,2,3,1,2,5,3,24.21,39.67,3,34.26,19.44,0,0,0,0.0,0.0,0,0.0,0.0,0,388731.0,44487,0.0,0,0.0
2022-08-27,United States,110093.0,92862365.0,538.0,1034084.0,627838.0,3171.0,-3.1,-3.3,1276008.0,6449.0,-20.9,-3.4,322.34854,1.5752456,271897.84,3027.7627,1838.2882,9.284579,3736.108,18.882452,302.77628,0.15752456,89691.14,453.0,262.6126,1.3263686,0.13263685,1.1135663,1.1135663,0.4609206,907.0,906.0,902.0,898.0,907.0,26478.939673204262,94.85284823333612,United States,1,1,0,0,0,1,0,1,0,0,2,3,1,2,5,3,24.21,39.67,3,34.26,19.44,0,0,0,0.0,0.0,0,0.0,0.0,0,382640.0,43723,0.0,0,0.0
2022-08-28,United States,115441.0,92977806.0,664.0,1034748.0,610329.0,3221.0,-5.4,-0.3,1255254.0,6452.0,-15.7,-3.7,338.0073,1.9441693,272235.84,3029.7068,1787.0225,9.430978,3675.3408,18.891235,302.97067,0.19441693,87189.86,460.14285,255.28893,1.3472825,0.13472825,1.1128979,1.1128979,0.4755444,908.0,907.0,903.0,899.0,908.0,26484.17054745968,94.86075220313258,United States,1,1,0,0,0,1,0,1,0,0,2,3,1,2,5,3,24.21,39.67,3,34.26,19.44,0,0,0,0.0,0.0,0,0.0,0.0,0,376552.0,42986,0.0,0,0.0
2022-08-29,United States,29176.0,93006982.0,162.0,1034910.0,610881.0,3242.0,-5.0,0.1,1253841.0,6482.0,-15.4,-3.2,85.42633,0.47433046,272321.25,3030.1812,1788.6387,9.492465,3671.2036,18.979074,303.0181,0.047433045,87268.71,463.14285,255.5198,1.3560665,0.13560665,1.1127229,1.1127229,0.49196723,909.0,908.0,904.0,900.0,909.0,26489.3993849078,94.86865309526696,United States,1,1,0,0,0,1,0,1,0,0,2,3,1,2,5,3,24.21,39.67,3,34.26,19.44,0,0,0,0.0,0.0,0,0.0,0.0,0,370462.0,42233,0.0,0,0.0
2022-08-30,United States,27073.0,93034055.0,129.0,1035039.0,610057.0,3242.0,-6.1,-0.3,1259816.0,6494.0,-14.0,-3.0,79.26882,0.3777076,272400.53,3030.5588,1786.2261,9.492465,3688.6982,19.01421,303.05588,0.03777076,87151.0,463.14285,255.17516,1.3560665,0.13560665,1.1125377,1.1125377,0.50017744,910.0,909.0,905.0,901.0,910.0,26494.626185548783,94.87655090973948,United States,1,1,0,0,0,1,0,1,0,0,2,3,1,2,5,3,24.2,39.67,3,34.26,19.44,0,0,0,0.0,0.0,0,0.0,0.0,0,364373.0,41463,0.0,0,0.0
2022-08-31,United States,78248.0,93112303.0,270.0,1035309.0,606605.0,3204.0,-4.0,-0.4,1238723.0,6421.0,-14.3,-3.3,229.10747,0.79055077,272629.66,3031.3494,1776.1187,9.381203,3626.9387,18.800468,303.13495,0.07905508,86657.86,457.7143,253.73125,1.3401718,0.13401718,1.1118928,1.1118928,0.49680194,911.0,910.0,906.0,902.0,911.0,26499.8509493827,94.88444564655026,United States,1,1,0,0,0,1,0,1,0,0,2,3,1,2,5,3,24.2,39.67,3,34.26,19.44,1145367287,1526057285,496456754,3844.57,10408.03,422030534,4497.19,13742.4,0,358280.0,40738,46.982,259161268,2361.53
2022-09-01,United States,116212.0,93228515.0,633.0,1035942.0,606831.0,3162.0,-2.4,0.0,1228309.0,6324.0,-13.0,-4.9,340.26477,1.8534024,272969.9,3033.203,1776.7804,9.258228,3596.4468,18.516457,303.32028,0.18534024,86690.14,451.7143,253.82578,1.322604,0.1322604,1.1111858,1.1111858,0.49178797,912.0,911.0,907.0,903.0,912.0,26505.07367640949,94.89233730569924,United States,1,1,0,0,0,1,0,1,0,0,2,3,1,2,5,3,24.2,39.67,3,34.26,19.44,0,0,0,0.0,0.0,0,0.0,0.0,0,343383.0,38652,0.0,0,0.0
2022-09-02,United States,120932.0,93349447.0,864.0,1036806.0,597175.0,3260.0,-5.5,2.9,1229225.0,6429.0,-11.0,-4.0,354.08478,2.5297625,273324.0,3035.7324,1748.5079,9.545169,3599.129,18.823893,303.57324,0.25297624,85310.71,465.7143,249.78685,1.3635955,0.13635956,1.1106718,1.1106718,0.5017245,913.0,912.0,908.0,904.0,913.0,26510.29436662904,94.9002258871862,United States,1,1,0,0,0,1,0,1,0,0,2,3,1,2,5,3,24.2,39.67,3,34.26,19.44,0,0,0,0.0,0.0,0,0.0,0.0,0,328479.0,36601,0.0,0,0.0
2022-09-03,United States,103592.0,93453039.0,500.0,1037306.0,590674.0,3222.0,-5.9,1.6,1218512.0,6393.0,-10.7,-4.2,303.31384,1.4639829,273627.3,3037.1965,1729.4733,9.433906,3567.7615,18.718485,303.71967,0.14639829,84382.0,460.2857,247.06761,1.3477008,0.13477008,1.1099757,1.1099757,0.50971496,914.0,913.0,909.0,905.0,914.0,26515.5130200414,94.90811139101126,United States,1,1,0,0,0,1,0,1,0,0,2,3,1,2,5,3,24.2,39.67,3,34.26,19.44,0,0,0,0.0,0.0,0,0.0,0.0,0,313581.0,34522,0.0,0,0.0
2022-09-04,United States,105130.0,93558169.0,532.0,1037838.0,580363.0,3090.0,-4.9,-4.1,1190692.0,6311.0,-11.6,-5.4,307.81705,1.5576779,273935.12,3038.7542,1699.2831,9.047415,3486.3054,18.478392,303.87543,0.15576778,82909.0,441.42856,242.75471,1.2924877,0.12924878,1.109297,1.109297,0.49720183,915.0,914.0,910.0,906.0,915.0,26520.72963664669,94.91599381717458,United States,1,1,0,0,0,1,0,1,0,0,2,3,1,2,5,3,24.2,39.67,3,34.26,19.44,0,0,0,0.0,0.0,0,0.0,0.0,0,298681.0,32418,0.0,0,0.0
2022-09-05,United States,24912.0,93583081.0,114.0,1037952.0,576099.0,3042.0,-5.7,-6.2,1186980.0,6284.0,-11.5,-5.5,72.94148,0.3337881,274008.06,3039.088,1686.7982,8.906872,3475.4368,18.399338,303.9088,0.03337881,82299.86,434.57144,240.97118,1.2724103,0.12724103,1.1091236,1.1091236,0.48129103,916.0,915.0,911.0,907.0,916.0,26525.944216444856,94.92387316567608,United States,1,1,0,0,0,1,0,1,0,0,2,3,1,2,5,3,24.2,39.67,3,34.26,19.44,0,0,0,0.0,0.0,0,0.0,0.0,0,283774.0,30322,0.0,0,0.0
2022-09-06,United States,24255.0,93607336.0,112.0,1038064.0,573281.0,3025.0,-6.0,-6.7,1183338.0,6267.0,-11.5,-5.9,71.017815,0.32793218,274079.1,3039.416,1678.5471,8.857097,3464.7732,18.349562,303.9416,0.032793216,81897.29,432.14285,239.79245,1.2652996,0.12652995,1.1089559,1.1089559,0.48181218,917.0,916.0,912.0,908.0,917.0,26531.156759435777,94.93174943651556,United States,1,1,0,0,0,1,0,1,0,0,2,3,1,2,5,3,24.2,39.67,3,34.26,19.44,0,0,0,0.0,0.0,0,0.0,0.0,0,268876.0,28285,0.0,0,0.0
2022-09-07,United States,22446.0,93629782.0,114.0,1038178.0,517479.0,2869.0,-14.7,-10.5,1124084.0,6073.0,-14.8,-8.4,65.72112,0.3337881,274144.8,3039.7498,1515.1608,8.400334,3291.2795,17.781536,303.97498,0.03337881,73925.57,409.85715,216.45155,1.2000477,0.12000477,1.1088117,1.1088117,0.47007433,918.0,917.0,913.0,909.0,918.0,26536.367265619512,94.93962262969312,United States,1,1,0,0,0,1,0,1,0,0,2,3,1,2,5,3,24.2,39.67,3,34.26,19.44,1146650269,1540317405,496831826,3848.15,10423.56,422523527,4501.86,13876.52,0,253974.0,26185,46.624,259590265,2368.89
2022-09-08,United States,118994.0,93748776.0,529.0,1038707.0,520261.0,2765.0,-14.3,-12.6,1127092.0,5927.0,-13.2,-8.9,348.41037,1.5488939,274493.22,3041.2986,1523.3064,8.095825,3300.087,17.354053,304.12985,0.15488939,74323.0,395.0,217.6152,1.1565465,0.11565465,1.1079686,1.1079686,0.45262498,919.0,918.0,914.0,910.0,919.0,26541.57573499618,94.94749274520896,United States,1,1,0,0,0,1,0,1,0,0,2,3,1,2,5,3,24.2,39.66,3,34.26,19.44,0,0,0,0.0,0.0,0,0.0,0.0,0,306315.0,30162,0.0,0,0.0
2022-09-09,United States,91690.0,93840466.0,688.0,1039395.0,491019.0,2589.0,-17.8,-20.6,1088194.0,5849.0,-15.7,-10.0,268.46518,2.0144405,274761.7,3043.313,1437.6869,7.5805035,3186.1948,17.125671,304.3313,0.20144404,70145.57,369.85715,205.38383,1.082929,0.10829291,1.1076192,1.1076192,0.42438656,920.0,919.0,915.0,911.0,920.0,26546.78216756572,94.95535978306296,United States,1,1,0,0,0,1,0,1,0,0,2,3,1,2,5,3,24.19,39.66,3,34.26,19.44,0,0,0,0.0,0.0,0,0.0,0.0,0,358662.0,34177,0.0,0,0.0
2022-09-10,United States,85271.0,93925737.0,473.0,1039868.0,472698.0,2562.0,-20.0,-20.5,1063372.0,5784.0,-16.7,-10.3,249.67058,1.3849279,275011.34,3044.698,1384.0436,7.5014486,3113.5168,16.935354,304.4698,0.13849278,67528.29,366.0,197.72052,1.0716355,0.10716355,1.1071172,1.1071172,0.42235062,921.0,920.0,916.0,912.0,921.0,26551.986563328013,94.96322374325496,United States,1,1,0,0,0,1,0,1,0,0,2,3,1,2,5,3,24.19,39.66,3,34.26,19.44,0,0,0,0.0,0.0,0,0.0,0.0,0,411002.0,38145,0.0,0,0.0
2022-09-11,United States,81941.0,94007678.0,595.0,1040463.0,449509.0,2625.0,-22.5,-15.0,1029872.0,5715.0,-18.0,-11.4,239.92044,1.7421397,275251.28,3046.4402,1316.147,7.68591,3015.43,16.733324,304.644,0.17421396,64215.57,375.0,188.021,1.0979872,0.10979872,1.1067852,1.1067852,0.43257514,922.0,921.0,917.0,913.0,922.0,26557.188922283123,94.97108462578504,United States,1,1,0,0,0,1,0,1,0,0,2,3,1,2,5,3,24.19,39.66,3,34.26,19.44,0,0,0,0.0,0.0,0,0.0,0.0,0,463357.0,42139,0.0,0,0.0
2022-09-12,United States,22131.0,94029809.0,135.0,1040598.0,446728.0,2646.0,-22.5,-13.0,1022827.0,5688.0,-18.4,-12.2,64.79881,0.39527538,275316.06,3046.8354,1308.0043,7.7473974,2994.8025,16.65427,304.68353,0.03952754,63818.285,378.0,186.85776,1.1067711,0.11067711,1.1066682,1.1066682,0.4430862,923.0,922.0,918.0,914.0,923.0,26562.389244431222,94.97894243065348,United States,1,1,0,0,0,1,0,1,0,0,2,3,1,2,5,3,24.19,39.66,3,34.26,19.44,0,0,0,0.0,0.0,0,0.0,0.0,0,515692.0,46109,0.0,0,0.0
2022-09-13,United States,20216.0,94050025.0,86.0,1040684.0,442689.0,2620.0,-22.8,-13.4,1015970.0,5645.0,-19.4,-13.1,59.191757,0.25180507,275375.25,3047.0872,1296.1782,7.6712704,2974.7253,16.528368,304.7087,0.025180506,63241.285,374.2857,185.16832,1.0958958,0.10958958,1.1065217,1.1065217,0.44356108,924.0,923.0,919.0,915.0,924.0,26567.587529772136,94.98679715786,United States,1,1,0,0,0,1,0,1,0,0,2,3,1,2,5,3,24.19,39.66,3,34.26,19.44,0,0,0,0.0,0.0,0,0.0,0.0,0,568036.0,50104,0.0,0,0.0
2022-09-14,United States,57915.0,94107940.0,264.0,1040948.0,478158.0,2770.0,-7.6,-3.5,995637.0,5639.0,-19.6,-12.2,169.57314,0.77298295,275544.84,3047.86,1400.0303,8.110465,2915.1912,16.5108,304.786,0.0772983,68308.29,395.7143,200.00433,1.1586379,0.11586379,1.1061213,1.1061213,0.4772875,925.0,924.0,920.0,916.0,925.0,26572.78377830581,94.99464880740452,United States,1,1,0,0,0,1,0,1,0,0,2,3,1,2,5,3,24.18,39.66,3,34.26,19.44,1150498130,1572230405,497420399,3853.27,10458.6,423024256,4508.47,14140.88,0,620384.0,54108,45.931,262359298,2392.32
2022-09-15,United States,57983.0,94165923.0,562.0,1041510.0,417147.0,2803.0,-19.8,1.4,937408.0,5568.0,-23.7,-12.0,169.77225,1.6455168,275714.6,3049.5056,1221.3922,8.207088,2744.6985,16.302914,304.95056,0.16455168,59592.43,400.42856,174.48459,1.1724411,0.11724412,1.106037,1.106037,0.4865483,926.0,925.0,921.0,917.0,926.0,26577.977990032407,95.00249737928732,United States,1,1,0,0,0,1,0,1,0,0,2,3,1,2,5,3,24.18,39.66,3,34.26,19.44,0,0,0,0.0,0.0,0,0.0,0.0,0,669997.0,58833,0.0,0,0.0
2022-09-16,United States,89519.0,94255442.0,799.0,1042309.0,414976.0,2914.0,-15.5,12.6,905995.0,5503.0,-26.3,-14.4,262.10858,2.3394446,275976.72,3051.8452,1215.0355,8.532092,2652.7224,16.112597,305.1845,0.23394448,59282.285,416.2857,173.5765,1.2188704,0.121887036,1.1058342,1.1058342,0.5083022,927.0,926.0,922.0,918.0,927.0,26583.17016495188,95.01034287350826,United States,1,1,0,0,0,1,0,1,0,0,2,3,1,2,5,3,24.18,39.65,3,34.26,19.44,0,0,0,0.0,0.0,0,0.0,0.0,0,719615.0,63612,0.0,0,0.0
2022-09-17,United States,97563.0,94353005.0,684.0,1042993.0,427268.0,3125.0,-9.6,22.0,899966.0,5687.0,-26.1,-11.0,285.66113,2.0027287,276262.38,3053.848,1251.0261,9.149893,2635.0696,16.651342,305.3848,0.20027286,61038.285,446.42856,178.71802,1.3071276,0.13071276,1.1054158,1.1054158,0.6038892,928.0,927.0,923.0,919.0,928.0,26588.36030306411,95.0181852900672,United States,1,1,0,0,0,1,0,1,0,0,2,3,1,2,5,3,24.18,39.65,3,34.26,19.44,0,0,0,0.0,0.0,0,0.0,0.0,0,769228.0,68373,0.0,0,0.0
2022-09-18,United States,61574.0,94414579.0,369.0,1043362.0,406901.0,2899.0,-9.5,10.4,856410.0,5524.0,-28.1,-12.5,180.28656,1.0804194,276442.66,3054.9282,1191.3922,8.488173,2507.5393,16.174084,305.49283,0.10804194,58128.715,414.14285,170.19888,1.2125962,0.121259615,1.1050857,1.1050857,0.55722034,929.0,928.0,924.0,920.0,929.0,26593.548404369158,95.02602462896424,United States,1,1,0,0,0,1,0,1,0,0,2,3,1,2,5,3,24.18,39.65,3,34.26,19.44,0,0,0,0.0,0.0,0,0.0,0.0,0,818840.0,73111,0.0,0,0.0
2022-09-19,United States,17572.0,94432151.0,98.0,1043460.0,402342.0,2862.0,-9.9,8.2,849070.0,5508.0,-28.5,-12.3,51.450214,0.28694066,276494.12,3055.2153,1178.0436,8.379838,2486.0479,16.127235,305.5215,0.028694065,57477.43,408.85715,168.29195,1.1971197,0.11971197,1.1049838,1.1049838,0.5828695,930.0,929.0,925.0,921.0,930.0,26598.73446886713,95.03386089019956,United States,1,1,0,0,0,1,0,1,0,0,2,3,1,2,5,3,24.17,39.65,3,34.26,19.44,0,0,0,0.0,0.0,0,0.0,0.0,0,868456.0,77890,0.0,0,0.0
2022-09-20,United States,20188.0,94452339.0,79.0,1043539.0,402314.0,2855.0,-9.1,9.0,845003.0,5475.0,-28.6,-12.6,59.109776,0.2313093,276553.22,3055.4465,1177.9617,8.359343,2474.14,16.030613,305.54465,0.02313093,57473.43,407.85715,168.28023,1.1941918,0.11941918,1.1048313,1.1048313,0.6039797,931.0,930.0,926.0,922.0,931.0,26603.918496557977,95.04169407377304,United States,1,1,0,0,0,1,0,1,0,0,2,3,1,2,5,3,24.17,39.65,3,34.26,19.44,0,0,0,0.0,0.0,0,0.0,0.0,0,918071.0,82634,0.0,0,0.0
2022-09-21,United States,44794.0,94497133.0,227.0,1043766.0,389193.0,2818.0,-18.6,1.7,867351.0,5588.0,-22.8,-8.0,131.1553,0.66464823,276684.38,3056.111,1139.5438,8.251008,2539.574,16.361473,305.6111,0.06646483,55599.0,402.57144,162.79198,1.1787153,0.11787154,1.1045477,1.1045477,0.6269063,932.0,931.0,927.0,923.0,932.0,26609.10048744158,95.04952417968452,United States,1,1,0,0,0,1,0,1,0,0,2,3,1,2,5,3,24.17,39.65,3,34.26,19.44,1150066618,1580673905,495191997,3714.33,10103.09,421240031,4342.31,13749.91,0,967688.0,87405,44.171,265718803,2328.6301
2022-09-22,United States,49594.0,94546727.0,504.0,1044270.0,380804.0,2760.0,-8.7,-1.5,797951.0,5563.0,-29.2,-6.1,145.20953,1.4756948,276829.6,3057.587,1114.9811,8.081185,2336.3733,16.288275,305.7587,0.14756948,54400.57,394.2857,159.28302,1.1544551,0.11544551,1.1045015,1.1045015,0.6178256,933.0,932.0,928.0,924.0,933.0,26614.280441518,95.05735120793406,United States,1,1,0,0,0,1,0,1,0,0,2,3,1,2,5,3,24.17,39.65,3,34.26,19.44,0,0,0,0.0,0.0,0,0.0,0.0,0,979964.0,89966,0.0,0,0.0
2022-09-23,United States,83979.0,94630706.0,698.0,1044968.0,375264.0,2659.0,-9.6,-8.8,790240.0,5573.0,-27.4,-4.7,245.88765,2.0437202,277075.47,3059.6306,1098.7601,7.785461,2313.7957,16.317554,305.96307,0.20437202,53609.145,379.85715,156.96574,1.1122087,0.111220874,1.1042589,1.1042589,0.6006474,934.0,933.0,929.0,925.0,934.0,26619.45835878735,95.06517515852188,United States,1,1,0,0,0,1,0,1,0,0,2,3,1,2,5,3,24.16,39.64,3,34.26,19.44,0,0,0,0.0,0.0,0,0.0,0.0,0,992241.0,92504,0.0,0,0.0
2022-09-24,United States,99198.0,94729904.0,754.0,1045722.0,376899.0,2729.0,-11.8,-12.7,804167.0,5854.0,-24.4,1.2,290.44836,2.2076862,277365.9,3061.8384,1103.5474,7.990419,2354.5735,17.140312,306.18384,0.22076863,53842.715,389.85715,157.64963,1.1414884,0.11414884,1.1038985,1.1038985,0.5707319,935.0,934.0,930.0,926.0,935.0,26624.63423924957,95.07299603144789,United States,1,1,0,0,0,1,0,1,0,0,2,3,1,2,5,3,24.16,39.64,3,34.26,19.44,0,0,0,0.0,0.0,0,0.0,0.0,0,1004519.0,95075,0.0,0,0.0
2022-09-25,United States,53400.0,94783304.0,345.0,1046067.0,368725.0,2705.0,-9.4,-6.7,775626.0,5604.0,-24.7,-1.9,156.35338,1.0101482,277522.28,3062.8484,1079.6143,7.9201474,2271.0063,16.408321,306.28485,0.10101482,52675.0,386.42856,154.2306,1.1314497,0.113144964,1.1036406,1.1036406,0.64845246,936.0,935.0,931.0,927.0,936.0,26629.80808290455,95.08081382671186,United States,1,1,0,0,0,1,0,1,0,0,2,3,1,2,5,3,24.16,39.64,3,34.26,19.44,0,0,0,0.0,0.0,0,0.0,0.0,0,1016797.0,97577,0.0,0,0.0
2022-09-26,United States,15871.0,94799175.0,102.0,1046169.0,367024.0,2709.0,-8.8,-5.3,769366.0,5571.0,-24.8,-2.1,46.469746,0.2986525,277568.75,3063.147,1074.6338,7.9318595,2252.6772,16.311697,306.3147,0.029865252,52432.0,387.0,153.5191,1.1331228,0.113312274,1.1035634,1.1035634,0.65280885,937.0,936.0,932.0,928.0,937.0,26634.9798897524,95.08862854431402,United States,1,1,0,0,0,1,0,1,0,0,2,3,1,2,5,3,24.16,39.64,3,34.26,19.44,0,0,0,0.0,0.0,0,0.0,0.0,0,1029071.0,100137,0.0,0,0.0
2022-09-27,United States,15295.0,94814470.0,85.0,1046254.0,362131.0,2715.0,-10.0,-4.9,764445.0,5570.0,-24.8,-1.3,44.783237,0.2488771,277613.53,3063.396,1060.3073,7.949427,2238.2688,16.30877,306.3396,0.024887709,51733.0,387.85715,151.47246,1.1356325,0.11356325,1.103475,1.103475,0.63543254,938.0,937.0,933.0,929.0,938.0,26640.149659793125,95.09644018425436,United States,1,1,0,0,0,1,0,1,0,0,2,3,1,2,5,3,24.16,39.64,3,34.26,19.44,0,0,0,0.0,0.0,0,0.0,0.0,0,1041347.0,102694,0.0,0,0.0
2022-09-28,United States,37642.0,94852112.0,232.0,1046486.0,354979.0,2720.0,-8.8,-3.5,744172.0,5538.0,-25.3,-1.8,110.21449,0.6792881,277723.75,3064.0752,1039.3663,7.964067,2178.9102,16.215075,306.40753,0.067928806,50711.285,388.57144,148.48091,1.1377239,0.113772385,1.1032817,1.1032817,0.6684673,939.0,938.0,934.0,930.0,939.0,26645.31739302672,95.10424874653287,United States,1,1,0,0,0,1,0,1,0,0,2,3,1,2,5,3,24.15,39.64,3,34.26,19.44,1145142095,1581347540,490465882,3817.81,10459.12,417347245,4464.22,14347.89,0,1053630.0,105243,44.627,269214168,2469.77
2022-09-29,United States,40387.0,94892499.0,462.0,1046948.0,345772.0,2678.0,-9.2,-3.0,726576.0,5438.0,-22.5,-2.3,118.251755,1.3527203,277842.0,3065.428,1012.40857,7.8410926,2127.3896,15.922278,306.5428,0.13527203,49396.0,382.57144,144.6298,1.120156,0.112015605,1.103299,1.103299,0.6656029,940.0,939.0,935.0,931.0,940.0,26650.483089453075,95.11205423114936,United States,1,1,0,0,0,1,0,1,0,0,2,3,1,2,5,3,24.15,39.64,3,34.26,19.44,0,0,0,0.0,0.0,0,0.0,0.0,0,1082863.0,106828,0.0,0,0.0
2022-09-30,United States,78175.0,94970674.0,1156.0,1048104.0,339968.0,3136.0,-9.4,17.9,715232.0,5795.0,-21.1,5.3,228.89372,3.3847284,278070.88,3068.8127,995.4147,9.182101,2094.1748,16.967562,306.88126,0.33847284,48566.855,448.0,142.2021,1.3117287,0.13117287,1.103608,1.103608,0.77949065,941.0,940.0,936.0,932.0,941.0,26655.6467490723,95.11985663810404,United States,1,1,0,0,0,1,0,1,0,0,2,3,1,2,5,3,24.15,39.64,3,34.26,19.44,0,0,0,0.0,0.0,0,0.0,0.0,0,1112097.0,108444,0.0,0,0.0
2022-10-01,United States,87152.0,95057826.0,596.0,1048700.0,327922.0,2978.0,-13.0,9.1,704821.0,5707.0,-21.7,0.4,255.17807,1.7450676,278326.06,3070.5579,960.1444,8.719482,2063.692,16.709902,307.0558,0.17450677,46846.0,425.42856,137.16348,1.2456403,0.12456403,1.1032232,1.1032232,0.7651731,942.0,941.0,937.0,933.0,942.0,26770.514,95.29342366296494,United States,1,1,0,0,0,1,0,1,0,0,2,3,1,2,5,3,24.15,39.63,3,34.26,19.44,0,0,0,0.0,0.0,0,0.0,0.0,0,1141335.0,110041,0.0,0,0.0
2022-10-02,United States,46712.0,95104538.0,349.0,1049049.0,321234.0,2982.0,-12.9,10.2,689959.0,5687.0,-19.4,3.0,136.77113,1.0218601,278462.84,3071.5796,940.5622,8.7311945,2020.1764,16.651342,307.15796,0.10218601,45890.57,426.0,134.36603,1.2473135,0.12473135,1.1030483,1.1030483,0.78308,943.0,942.0,938.0,934.0,943.0,26665.96795788943,95.13545221902802,United States,1,1,0,0,0,1,0,1,0,0,2,3,1,2,5,3,24.15,39.63,3,34.26,19.44,0,0,0,0.0,0.0,0,0.0,0.0,0,1170569.0,111605,0.0,0,0.0
2022-10-03,United States,12202.0,95116740.0,124.0,1049173.0,317565.0,3004.0,-13.5,10.9,684589.0,5713.0,-19.4,3.7,35.72704,0.36306778,278498.56,3071.9426,929.81946,8.795609,2004.4532,16.727468,307.19427,0.036306776,45366.43,429.14285,132.83136,1.2565156,0.12565157,1.1030371,1.1030371,0.80050313,944.0,943.0,939.0,935.0,944.0,26671.12550708716,95.14324539299704,United States,1,1,0,0,0,1,0,1,0,0,2,3,1,2,5,3,24.15,39.63,3,34.26,19.44,0,0,0,0.0,0.0,0,0.0,0.0,0,1199803.0,113203,0.0,0,0.0
2022-10-04,United States,13856.0,95130596.0,57.0,1049230.0,316126.0,2976.0,-12.7,9.6,678257.0,5691.0,-19.7,3.9,40.569893,0.16689405,278539.12,3072.1096,925.60614,8.713626,1985.9133,16.663054,307.21097,0.016689405,45160.855,425.14285,132.22945,1.2448038,0.124480374,1.1029364,1.1029364,0.78960145,945.0,944.0,940.0,936.0,945.0,26676.28101947776,95.15103548930423,United States,1,1,0,0,0,1,0,1,0,0,2,3,1,2,5,3,24.14,39.63,3,34.26,19.44,0,0,0,0.0,0.0,0,0.0,0.0,0,1229040.0,114769,0.0,0,0.0
2022-10-05,United States,32368.0,95162964.0,183.0,1049413.0,310852.0,2927.0,-12.4,7.6,665831.0,5647.0,-23.2,1.1,94.7724,0.53581774,278633.9,3072.6455,910.16406,8.570156,1949.5304,16.534224,307.26453,0.053581774,44407.43,418.14285,130.02344,1.224308,0.1224308,1.1027536,1.1027536,0.7938165,946.0,945.0,941.0,937.0,946.0,26681.43449506123,95.15882250794962,United States,1,1,0,0,0,1,0,1,0,0,2,3,1,2,5,3,24.14,39.63,3,34.26,19.44,1169225224,1623707785,498384473,3794.65,10446.31,424503299,4442.95,14477.18,0,1258275.0,116411,44.199,278548807,2503.13
2022-10-06,United States,37655.0,95200619.0,444.0,1049857.0,308120.0,2909.0,-10.9,8.6,653892.0,5587.0,-18.1,0.4,110.252556,1.3000169,278744.16,3073.9453,902.16486,8.517452,1914.5735,16.358545,307.39453,0.13000168,44017.145,415.57144,128.88069,1.216779,0.12167789,1.1027838,1.1027838,0.7925912,947.0,946.0,942.0,938.0,947.0,26686.585933837632,95.16660644893324,United States,1,1,0,0,0,1,0,1,0,0,2,3,1,2,5,3,24.14,39.63,3,34.26,19.44,0,0,0,0.0,0.0,0,0.0,0.0,0,1240183.0,116653,0.0,0,0.0
2022-10-07,United States,64193.0,95264812.0,767.0,1050624.0,294138.0,2520.0,-13.5,-19.6,634106.0,5656.0,-19.8,1.5,187.95491,2.2457497,278932.12,3076.1912,861.226,7.3784738,1856.6407,16.560575,307.6191,0.22457498,42019.715,360.0,123.03229,1.0540677,0.10540677,1.1028458,1.1028458,0.6958808,948.0,947.0,943.0,939.0,948.0,26691.73533580673,95.1743873122548,United States,1,1,0,0,0,1,0,1,0,0,2,3,1,2,5,3,24.13,39.63,3,34.26,19.44,0,0,0,0.0,0.0,0,0.0,0.0,0,1222084.0,116952,0.0,0,0.0
2022-10-08,United States,78599.0,95343411.0,651.0,1051275.0,285585.0,2575.0,-12.9,-13.5,613507.0,5553.0,-23.7,-5.1,230.1352,1.9061058,279162.25,3078.0972,836.1831,7.539512,1796.3275,16.258995,307.80972,0.19061057,40797.855,367.85715,119.454735,1.0770731,0.107707314,1.1026194,1.1026194,0.725395,949.0,948.0,944.0,940.0,949.0,26696.88270096871,95.1821650979145,United States,1,1,0,0,0,1,0,1,0,0,2,3,1,2,5,3,24.13,39.62,3,34.26,19.44,0,0,0,0.0,0.0,0,0.0,0.0,0,1203985.0,117185,0.0,0,0.0
2022-10-09,United States,41711.0,95385122.0,334.0,1051609.0,280584.0,2560.0,-12.7,-14.2,601818.0,5542.0,-22.4,-1.1,122.12838,0.97794056,279284.38,3079.0752,821.54034,7.4955926,1762.1025,16.226786,307.90753,0.097794056,40083.43,365.7143,117.36291,1.0707989,0.10707989,1.1024874,1.1024874,0.74037224,950.0,949.0,945.0,941.0,950.0,26702.028029323614,95.18993980591247,United States,1,1,0,0,0,1,0,1,0,0,2,3,1,2,5,3,24.13,39.62,3,34.26,19.44,0,0,0,0.0,0.0,0,0.0,0.0,0,1185889.0,117467,0.0,0,0.0
2022-10-10,United States,11333.0,95396455.0,72.0,1051681.0,279715.0,2508.0,-11.9,-16.5,597280.0,5512.0,-22.4,-1.1,33.182636,0.21081354,279317.56,3079.2861,818.996,7.3433385,1748.8154,16.138948,307.9286,0.021081354,39959.285,358.2857,116.99942,1.0490483,0.10490483,1.1024319,1.1024319,0.7377165,951.0,950.0,946.0,942.0,951.0,26707.171320871334,95.19771143624854,United States,1,1,0,0,0,1,0,1,0,0,2,3,1,2,5,3,24.13,39.62,3,34.26,19.44,0,0,0,0.0,0.0,0,0.0,0.0,0,1167792.0,117750,0.0,0,0.0
2022-10-11,United States,13220.0,95409675.0,78.0,1051759.0,279079.0,2529.0,-11.7,-15.0,595205.0,5505.0,-22.1,-1.2,38.707706,0.22838134,279356.28,3079.5144,817.1338,7.4048257,1742.7399,16.118452,307.95145,0.022838134,39868.43,361.2857,116.7334,1.0578322,0.105783224,1.102361,1.102361,0.77121997,952.0,951.0,947.0,943.0,952.0,26712.312575611868,95.20547998892268,United States,1,1,0,0,0,1,0,1,0,0,2,3,1,2,5,3,24.13,39.62,3,34.26,19.44,0,0,0,0.0,0.0,0,0.0,0.0,0,1149695.0,117996,0.0,0,0.0
2022-10-12,United States,24419.0,95434094.0,169.0,1051928.0,271130.0,2515.0,-12.8,-14.1,581982.0,5442.0,-21.8,-1.7,71.498,0.49482623,279427.78,3080.0093,793.8594,7.363834,1704.0234,15.9339905,308.00092,0.04948262,38732.855,359.2857,113.408485,1.0519763,0.10519763,1.102256,1.102256,0.7829184,953.0,952.0,948.0,944.0,953.0,26717.451793545217,95.21324546393492,United States,1,1,0,0,0,1,0,1,0,0,2,3,1,2,5,3,24.12,39.62,3,34.26,19.44,1163214753,1622333045,493787191,3738.44,10341.74,420510046,4376.0,14385.97,0,1131597.0,118282,43.324,280789686,2517.14
2022-10-13,United States,38156.0,95472250.0,398.0,1052326.0,271631.0,2469.0,-11.8,-15.1,579751.0,5378.0,-20.2,-1.1,111.71947,1.1653304,279539.5,3081.1746,795.3263,7.2291474,1697.4911,15.7466,308.11746,0.11653304,38804.43,352.7143,113.61804,1.0327353,0.10327354,1.1022323,1.1022323,0.77747864,954.0,953.0,949.0,945.0,954.0,26722.588974671497,95.22100786128544,United States,1,1,0,0,0,1,0,1,0,0,2,3,1,2,5,3,24.12,39.62,3,34.26,19.44,0,0,0,0.0,0.0,0,0.0,0.0,0,1164094.0,118226,0.0,0,0.0
2022-10-14,United States,57464.0,95529714.0,652.0,1052978.0,264902.0,2354.0,-9.9,-6.6,559040.0,4874.0,-21.8,-15.9,168.25262,1.9090338,279707.75,3083.0835,775.624,6.8924317,1636.85,14.2709055,308.30835,0.19090337,37843.145,336.2857,110.80343,0.9846331,0.098463304,1.1022518,1.1022518,0.7446398,955.0,954.0,950.0,946.0,955.0,26727.72411899059,95.22876718097402,United States,1,1,0,0,0,1,0,1,0,0,2,3,1,2,5,3,24.12,39.62,3,34.26,19.44,0,0,0,0.0,0.0,0,0.0,0.0,0,1196591.0,118237,0.0,0,0.0
2022-10-15,United States,72989.0,95602703.0,644.0,1053622.0,259292.0,2347.0,-9.2,-8.9,544877.0,4922.0,-22.7,-13.8,213.7093,1.88561,279921.44,3084.9692,759.1981,6.871936,1595.3812,14.411448,308.49692,0.18856099,37041.715,335.2857,108.45687,0.9817051,0.09817051,1.1020839,1.1020839,0.7550217,956.0,955.0,951.0,947.0,956.0,26732.8572265025,95.23652342300068,United States,1,1,0,0,0,1,0,1,0,0,2,3,1,2,5,3,24.12,39.62,3,34.26,19.44,0,0,0,0.0,0.0,0,0.0,0.0,0,1229082.0,118176,0.0,0,0.0
2022-10-16,United States,33699.0,95636402.0,261.0,1053883.0,251280.0,2274.0,-10.4,-11.2,531864.0,4834.0,-22.9,-15.0,98.66952,0.7641991,280020.12,3085.7334,735.73926,6.658194,1557.2797,14.153787,308.57333,0.076419905,35897.145,324.85715,105.105606,0.9511706,0.09511706,1.1019685,1.1019685,0.7380242,957.0,956.0,952.0,948.0,957.0,26737.988297207223,95.24427658736542,United States,1,1,0,0,0,1,0,1,0,0,2,3,1,2,5,3,24.12,39.61,3,34.26,19.44,0,0,0,0.0,0.0,0,0.0,0.0,0,1261581.0,118145,0.0,0,0.0
2022-10-17,United States,6050.0,95642452.0,26.0,1053909.0,245997.0,2228.0,-12.1,-11.2,525712.0,4736.0,-23.2,-17.1,17.714193,0.07612711,280037.84,3085.8096,720.2708,6.523508,1539.2667,13.866846,308.58096,0.0076127113,35142.43,318.2857,102.89583,0.9319297,0.09319297,1.101926,1.101926,0.75746757,958.0,957.0,953.0,949.0,958.0,26743.11733110488,95.25202667406845,United States,1,1,0,0,0,1,0,1,0,0,2,3,1,2,5,3,24.11,39.61,3,34.26,19.44,0,0,0,0.0,0.0,0,0.0,0.0,0,1294073.0,118139,0.0,0,0.0
2022-10-18,United States,11151.0,95653603.0,8.0,1053917.0,243928.0,2158.0,-12.6,-14.7,523007.0,4687.0,-22.9,-17.6,32.649746,0.023423726,280070.47,3085.833,714.2128,6.31855,1531.3467,13.723376,308.58328,0.0023423727,34846.855,308.2857,102.0304,0.90265006,0.090265006,1.1018058,1.1018058,0.75564194,959.0,958.0,954.0,950.0,959.0,26748.244328195404,95.25977368310964,United States,1,1,0,0,0,1,0,1,0,0,2,3,1,2,5,3,24.11,39.61,3,34.26,19.44,0,0,0,0.0,0.0,0,0.0,0.0,0,1326568.0,118098,0.0,0,0.0
2022-10-19,United States,33860.0,95687463.0,234.0,1054151.0,253369.0,2223.0,-6.6,-11.6,524499.0,4738.0,-21.2,-16.1,99.14092,0.685144,280169.62,3086.518,741.8558,6.508868,1535.7151,13.872702,308.65182,0.0685144,36195.57,317.57144,105.97939,0.9298383,0.09298383,1.1016605,1.1016605,0.7922761,960.0,959.0,955.0,951.0,960.0,26753.369288478687,95.2675176144888,United States,1,1,0,0,0,1,0,1,0,0,2,3,1,2,5,3,24.11,39.61,3,34.26,19.44,1172081744,1642734345,494661785,3744.6301,10419.68,421217416,4384.22,14573.47,0,1359066.0,118091,43.097,288074713,2580.58
2022-10-20,United States,38999.0,95726462.0,466.0,1054617.0,254212.0,2291.0,-6.4,-7.2,525843.0,4760.0,-19.6,-14.8,114.18774,1.3644321,280283.8,3087.8826,744.32404,6.7079697,1539.6504,13.937118,308.78824,0.13644321,36316.0,327.2857,106.33201,0.9582814,0.09582814,1.1016985,1.1016985,0.819048,961.0,960.0,956.0,952.0,961.0,26758.492211954785,95.27525846820608,United States,1,1,0,0,0,1,0,1,0,0,2,3,1,2,5,3,24.11,39.61,3,34.26,19.44,0,0,0,0.0,0.0,0,0.0,0.0,0,1339186.0,118786,0.0,0,0.0
2022-10-21,United States,0.0,95726462.0,0.0,1054617.0,196748.0,1639.0,-25.7,-30.4,461650.0,3993.0,-27.2,-29.4,0.0,0.0,280283.8,3087.8826,576.0714,4.798936,1351.6954,11.691367,308.78824,0.0,28106.857,234.14285,82.29591,0.6855623,0.06855623,1.1016985,1.1016985,0.5872889,962.0,961.0,957.0,953.0,962.0,26763.61309862387,95.28299624426172,United States,1,1,0,0,0,1,0,1,0,0,2,3,1,2,5,3,24.1,39.61,3,34.26,19.44,0,0,0,0.0,0.0,0,0.0,0.0,0,1319310.0,119465,0.0,0,0.0
2022-10-22,United States,193674.0,95920136.0,2221.0,1056838.0,317433.0,3216.0,22.4,37.0,576725.0,5563.0,-6.0,0.2,567.07086,6.503012,280850.88,3094.3855,929.433,9.416338,1688.6311,16.288275,309.43857,0.6503012,45347.57,459.42856,132.77614,1.3451911,0.13451912,1.1017895,1.1017895,1.1861469,963.0,962.0,958.0,954.0,963.0,26768.731948485714,95.29073094265532,United States,1,1,0,0,0,1,0,1,0,0,2,3,1,2,5,3,24.1,39.61,3,34.26,19.44,0,0,0,0.0,0.0,0,0.0,0.0,0,1299429.0,120135,0.0,0,0.0
2022-10-23,United States,0.0,95920136.0,0.0,1056838.0,283734.0,2955.0,12.9,29.9,535014.0,5229.0,-11.1,-5.6,0.0,0.0,280850.88,3094.3855,830.7634,8.652139,1566.5027,15.310333,309.43857,0.0,40533.43,422.14285,118.6805,1.2360198,0.12360199,1.1017895,1.1017895,1.0878729,964.0,963.0,959.0,955.0,964.0,26773.84876154037,95.29846256338702,United States,1,1,0,0,0,1,0,1,0,0,2,3,1,2,5,3,24.1,39.6,3,34.26,19.44,0,0,0,0.0,0.0,0,0.0,0.0,0,1279550.0,120822,0.0,0,0.0
2022-10-24,United States,0.0,95920136.0,0.0,1056838.0,277684.0,2929.0,12.9,31.5,523681.0,5157.0,-12.3,-6.4,0.0,0.0,280850.88,3094.3855,813.04926,8.576012,1533.3201,15.09952,309.43857,0.0,39669.145,418.42856,116.149895,1.2251445,0.12251446,1.1017895,1.1017895,1.1056919,965.0,964.0,960.0,956.0,965.0,26778.963537787906,95.30619110645692,United States,1,1,0,0,0,1,0,1,0,0,2,3,1,2,5,3,24.1,39.6,3,34.26,19.44,0,0,0,0.0,0.0,0,0.0,0.0,0,1259673.0,121495,0.0,0,0.0
2022-10-25,United States,0.0,95920136.0,0.0,1056838.0,266533.0,2921.0,9.3,35.4,510461.0,5079.0,-14.2,-7.7,0.0,0.0,280850.88,3094.3855,780.39954,8.552588,1494.6123,14.871139,309.43857,0.0,38076.145,417.2857,111.48564,1.2217983,0.12217983,1.1017895,1.1017895,1.1265292,966.0,965.0,961.0,957.0,966.0,26784.076277228305,95.31391657186497,United States,1,1,0,0,0,1,0,1,0,0,2,3,1,2,5,3,24.1,39.6,3,34.26,19.44,0,0,0,0.0,0.0,0,0.0,0.0,0,1239790.0,122167,0.0,0,0.0
2022-10-26,United States,0.0,95920136.0,0.0,1056838.0,232673.0,2687.0,-8.2,20.9,486042.0,4910.0,-16.5,-9.8,0.0,0.0,280850.88,3094.3855,681.2586,7.867444,1423.1144,14.376312,309.43857,0.0,33239.0,383.85715,97.322655,1.1239206,0.11239206,1.1017895,1.1017895,1.0693251,967.0,966.0,962.0,958.0,967.0,26789.18697986158,95.32163895961116,United States,1,1,0,0,0,1,0,1,0,0,2,3,1,2,5,3,24.09,39.6,3,34.26,19.44,1179831670,1657464975,495479139,3621.97,10147.88,421838948,4243.22,14300.75,0,1219912.0,122844,41.348,294380416,2557.7
2022-10-27,United States,0.0,95920136.0,0.0,1056838.0,193674.0,2221.0,-23.8,-3.1,447886.0,4512.0,-22.7,-16.1,0.0,0.0,280850.88,3094.3855,567.07086,6.503012,1311.3949,13.210981,309.43857,0.0,27667.715,317.2857,81.010124,0.92900175,0.09290017,1.1017895,1.1017895,0.9028565,968.0,967.0,963.0,959.0,968.0,26794.295645687613,95.3293582696954,United States,1,1,0,0,0,1,0,1,0,0,2,3,1,2,5,3,24.09,39.6,3,34.26,19.44,0,0,0,0.0,0.0,0,0.0,0.0,0,1218122.0,122073,0.0,0,0.0
2022-10-28,United States,255156.0,96175292.0,3081.0,1059919.0,448830.0,5302.0,128.1,223.5,645578.0,6941.0,15.5,42.4,747.0881,9.021063,281597.97,3103.4065,1314.1589,15.524075,1890.2303,20.323011,310.34067,0.9021063,64118.57,757.4286,187.73698,2.217725,0.22177249,1.10207,1.10207,2.173592,969.0,968.0,964.0,960.0,969.0,26799.40227470652,95.3370745021178,United States,1,1,0,0,0,1,0,1,0,0,2,3,1,2,5,3,24.09,39.6,3,34.26,19.44,0,0,0,0.0,0.0,0,0.0,0.0,0,1216330.0,121303,0.0,0,0.0
2022-10-29,United States,0.0,96175292.0,0.0,1059919.0,255156.0,3081.0,-19.6,-4.2,572589.0,6297.0,5.1,27.9,0.0,0.0,281597.97,3103.4065,747.0881,9.021063,1676.521,18.4374,310.34067,0.0,36450.855,440.14285,106.72687,1.2887232,0.12887232,1.10207,1.10207,1.216013,970.0,969.0,965.0,961.0,970.0,26804.50686691829,95.34478765687837,United States,1,1,0,0,0,1,0,1,0,0,2,3,1,2,5,3,24.09,39.6,3,34.26,19.44,0,0,0,0.0,0.0,0,0.0,0.0,0,1214536.0,120528,0.0,0,0.0
2022-10-30,United States,0.0,96175292.0,0.0,1059919.0,255156.0,3081.0,-10.1,4.3,538890.0,6036.0,1.3,24.9,0.0,0.0,281597.97,3103.4065,747.0881,9.021063,1577.8516,17.673203,310.34067,0.0,36450.855,440.14285,106.72687,1.2887232,0.12887232,1.10207,1.10207,1.2119806,971.0,970.0,966.0,962.0,971.0,26809.609422323003,95.35249773397716,United States,1,1,0,0,0,1,0,1,0,0,2,3,1,2,5,3,24.09,39.6,3,34.26,19.44,0,0,0,0.0,0.0,0,0.0,0.0,0,1212746.0,119736,0.0,0,0.0
2022-10-31,United States,0.0,96175292.0,0.0,1059919.0,255156.0,3081.0,-8.1,5.2,532840.0,6010.0,1.4,26.9,0.0,0.0,281597.97,3103.4065,747.0881,9.021063,1560.1373,17.597075,310.34067,0.0,36450.855,440.14285,106.72687,1.2887232,0.12887232,1.10207,1.10207,1.5659626,972.0,971.0,967.0,963.0,972.0,26814.70994092041,95.36020473341392,United States,1,1,0,0,0,1,0,1,0,0,2,3,1,2,5,3,24.09,39.59,3,34.26,19.44,0,0,0,0.0,0.0,0,0.0,0.0,0,1210955.0,118968,0.0,0,0.0
2022-11-01,United States,0.0,96175292.0,0.0,1059919.0,255156.0,3081.0,-4.3,5.5,521689.0,6002.0,-0.3,28.1,0.0,0.0,281597.97,3103.4065,747.0881,9.021063,1527.4875,17.57365,310.34067,0.0,36450.855,440.14285,106.72687,1.2887232,0.12887232,1.10207,1.10207,0.9705985,973.0,972.0,968.0,964.0,973.0,26819.80842271069,95.36790865518884,United States,1,1,0,0,0,1,1,1,0,0,2,3,1,2,5,3,28.77,42.61,3,37.04,25.0,0,0,0,0.0,0.0,0,0.0,0.0,0,1209161.0,118196,0.0,0,0.0
2022-11-02,United States,0.0,96175292.0,0.0,1059919.0,255156.0,3081.0,9.7,14.7,487829.0,5768.0,-7.0,21.7,0.0,0.0,281597.97,3103.4065,747.0881,9.021063,1428.3467,16.888506,310.34067,0.0,36450.855,440.14285,106.72687,1.2887232,0.12887232,1.10207,1.10207,1.0858762,974.0,973.0,969.0,965.0,974.0,26824.90486769396,95.37560949930209,United States,1,1,0,0,0,1,1,1,0,0,2,3,1,2,5,3,28.77,42.6,3,37.04,25.0,1201734707,1741860095,501901665,3913.72,11010.16,427468735,4576.48,15741.71,0,1207375.0,117428,43.693,304576251,2815.65
2022-11-03,United States,0.0,96175292.0,0.0,1059919.0,255156.0,3081.0,31.7,38.7,448830.0,5302.0,-14.6,11.4,0.0,0.0,281597.97,3103.4065,747.0881,9.021063,1314.1589,15.524075,310.34067,0.0,36450.855,440.14285,106.72687,1.2887232,0.12887232,1.10207,1.10207,1.1095346,975.0,974.0,970.0,966.0,975.0,26829.999275869923,95.38330726575326,United States,1,1,0,0,0,1,1,1,0,0,2,3,1,2,5,3,28.77,42.6,3,37.04,25.0,0,0,0,0.0,0.0,0,0.0,0.0,0,1249680.0,114971,0.0,0,0.0
2022-11-04,United States,267304.0,96442596.0,2463.0,1062382.0,267304.0,2463.0,-40.4,-53.5,716134.0,7765.0,55.1,94.5,782.657,7.21158,282380.62,3110.6182,782.657,7.21158,2096.816,22.735655,311.06183,0.72115797,38186.285,351.85715,111.808136,1.0302256,0.10302257,1.1015693,1.1015693,0.9240882,976.0,975.0,971.0,967.0,976.0,26835.091647238703,95.39100195454252,United States,1,1,0,0,0,1,1,1,0,0,2,3,1,2,5,3,28.77,42.6,3,37.04,25.0,0,0,0,0.0,0.0,0,0.0,0.0,0,1291993.0,112514,0.0,0,0.0
2022-11-05,United States,0.0,96442596.0,0.0,1062382.0,267304.0,2463.0,4.8,-20.1,522460.0,5544.0,-9.4,-0.3,0.0,0.0,282380.62,3110.6182,782.657,7.21158,1529.745,16.232643,311.06183,0.0,38186.285,351.85715,111.808136,1.0302256,0.10302257,1.1015693,1.1015693,1.0585672,977.0,976.0,972.0,968.0,977.0,26840.18198180041,95.39869356567004,United States,1,1,0,0,0,1,1,1,0,0,2,3,1,2,5,3,28.77,42.6,3,37.04,25.0,0,0,0,0.0,0.0,0,0.0,0.0,0,1334301.0,110055,0.0,0,0.0
2022-11-06,United States,0.0,96442596.0,0.0,1062382.0,267304.0,2463.0,4.8,-20.1,522460.0,5544.0,-2.3,6.0,0.0,0.0,282380.62,3110.6182,782.657,7.21158,1529.745,16.232643,311.06183,0.0,38186.285,351.85715,111.808136,1.0302256,0.10302257,1.1015693,1.1015693,1.2717247,978.0,977.0,973.0,969.0,978.0,26845.270279555,95.40638209913573,United States,1,1,0,0,0,1,1,1,0,0,2,3,1,2,5,3,28.77,42.6,3,37.04,25.0,0,0,0,0.0,0.0,0,0.0,0.0,0,1376610.0,107655,0.0,0,0.0
2022-11-07,United States,0.0,96442596.0,0.0,1062382.0,267304.0,2463.0,4.8,-20.1,522460.0,5544.0,-0.2,7.5,0.0,0.0,282380.62,3110.6182,782.657,7.21158,1529.745,16.232643,311.06183,0.0,38186.285,351.85715,111.808136,1.0302256,0.10302257,1.1015693,1.1015693,0.5487601,979.0,978.0,974.0,970.0,979.0,26850.35654050234,95.4140675549394,United States,1,1,0,0,0,1,1,1,0,0,2,3,1,2,5,3,28.76,42.6,3,37.04,25.0,0,0,0,0.0,0.0,0,0.0,0.0,0,1418917.0,105172,0.0,0,0.0
2022-11-08,United States,0.0,96442596.0,0.0,1062382.0,267304.0,2463.0,4.8,-20.1,522460.0,5544.0,2.4,9.2,0.0,0.0,282380.62,3110.6182,782.657,7.21158,1529.745,16.232643,311.06183,0.0,38186.285,351.85715,111.808136,1.0302256,0.10302257,1.1015693,1.1015693,0.9652918,980.0,979.0,975.0,971.0,980.0,26855.44076464249,95.4217499330812,United States,1,1,0,0,0,1,1,1,0,0,2,3,1,2,5,3,28.76,42.6,3,37.04,25.0,0,0,0,0.0,0.0,0,0.0,0.0,0,1461229.0,102715,0.0,0,0.0
2022-11-09,United States,0.0,96442596.0,0.0,1062382.0,267304.0,2463.0,4.8,-20.1,522460.0,5544.0,7.5,12.9,0.0,0.0,282380.62,3110.6182,782.657,7.21158,1529.745,16.232643,311.06183,0.0,38186.285,351.85715,111.808136,1.0302256,0.10302257,1.1015693,1.1015693,0.9652918,981.0,980.0,976.0,972.0,981.0,26860.52295197564,95.42942923356132,United States,1,1,0,0,0,1,1,1,0,0,2,3,1,2,5,3,28.76,42.6,3,37.04,25.0,1193065059,1675198375,493613074,3853.49,10899.4,421340363,4495.47,15223.14,0,1503537.0,100240,43.852,309833012,2841.39
2022-11-10,United States,0.0,96442596.0,0.0,1062382.0,267304.0,2463.0,4.8,-20.1,522460.0,5544.0,16.7,22.9,0.0,0.0,282380.62,3110.6182,782.657,7.21158,1529.745,16.232643,311.06183,0.0,38186.285,351.85715,111.808136,1.0302256,0.10302257,1.1015693,1.1015693,0.9652918,982.0,981.0,977.0,973.0,982.0,26865.6031025016,95.43710545637953,United States,1,1,0,0,0,1,1,1,0,0,2,3,1,2,5,3,28.76,42.6,3,37.04,25.0,0,0,0,0.0,0.0,0,0.0,0.0,0,1423864.0,98766,0.0,0,0.0
2022-11-11,United States,282897.0,96725493.0,2290.0,1064672.0,282897.0,2290.0,5.8,-7.0,550201.0,4753.0,-14.8,-31.5,828.31274,6.705042,283208.94,3117.3232,828.31274,6.705042,1610.9697,13.916621,311.73233,0.67050415,40413.855,327.14285,118.33039,0.9578631,0.09578631,1.100715,1.100715,0.89749014,983.0,982.0,978.0,974.0,983.0,26870.681216220317,95.44477860153572,United States,1,1,0,0,0,1,1,1,0,0,2,3,1,2,5,3,28.76,42.6,3,37.04,25.0,0,0,0,0.0,0.0,0,0.0,0.0,0,1344185.0,97210,0.0,0,0.0
2022-11-12,United States,0.0,96725493.0,0.0,1064672.0,282897.0,2290.0,5.8,-7.0,550201.0,4753.0,-3.9,-24.5,0.0,0.0,283208.94,3117.3232,828.31274,6.705042,1610.9697,13.916621,311.73233,0.0,40413.855,327.14285,118.33039,0.9578631,0.09578631,1.100715,1.100715,0.89749014,984.0,983.0,979.0,975.0,984.0,26875.7572931319,95.4524486690301,United States,1,1,0,0,0,1,1,1,0,0,2,3,1,2,5,3,28.76,42.6,3,37.04,25.0,0,0,0,0.0,0.0,0,0.0,0.0,0,1264512.0,95732,0.0,0,0.0
2022-11-13,United States,0.0,96725493.0,0.0,1064672.0,282897.0,2290.0,5.8,-7.0,550201.0,4753.0,2.1,-21.3,0.0,0.0,283208.94,3117.3232,828.31274,6.705042,1610.9697,13.916621,311.73233,0.0,40413.855,327.14285,118.33039,0.9578631,0.09578631,1.100715,1.100715,0.89749014,985.0,984.0,980.0,976.0,985.0,26880.83133323636,95.46011565886266,United States,1,1,0,0,0,1,1,1,0,0,2,3,1,2,5,3,28.76,42.59,3,37.04,25.0,0,0,0,0.0,0.0,0,0.0,0.0,0,1184829.0,94174,0.0,0,0.0
2022-11-14,United States,0.0,96725493.0,0.0,1064672.0,282897.0,2290.0,5.8,-7.0,550201.0,4753.0,3.3,-20.9,0.0,0.0,283208.94,3117.3232,828.31274,6.705042,1610.9697,13.916621,311.73233,0.0,40413.855,327.14285,118.33039,0.9578631,0.09578631,1.100715,1.100715,0.8567025,986.0,985.0,981.0,977.0,986.0,26885.903336533756,95.46777957103347,United States,1,1,0,0,0,1,1,1,0,0,2,3,1,2,5,3,28.76,42.59,3,37.04,25.0,0,0,0,0.0,0.0,0,0.0,0.0,0,1105155.0,92694,0.0,0,0.0
2022-11-15,United States,0.0,96725493.0,0.0,1064672.0,282897.0,2290.0,5.8,-7.0,550201.0,4753.0,5.5,-20.8,0.0,0.0,283208.94,3117.3232,828.31274,6.705042,1610.9697,13.916621,311.73233,0.0,40413.855,327.14285,118.33039,0.9578631,0.09578631,1.100715,1.100715,0.8567025,987.0,986.0,982.0,978.0,987.0,26890.97330302384,95.4754404055422,United States,1,1,0,0,0,1,1,1,0,0,2,3,1,2,5,3,28.75,42.59,3,37.04,25.0,0,0,0,0.0,0.0,0,0.0,0.0,0,1025480.0,91140,0.0,0,0.0
2022-11-16,United States,0.0,96725493.0,0.0,1064672.0,282897.0,2290.0,5.8,-7.0,550201.0,4753.0,12.8,-17.6,0.0,0.0,283208.94,3117.3232,828.31274,6.705042,1610.9697,13.916621,311.73233,0.0,40413.855,327.14285,118.33039,0.9578631,0.09578631,1.100715,1.100715,0.8567025,988.0,987.0,983.0,979.0,988.0,26896.041232706742,95.483098162389,United States,1,1,0,0,0,1,1,1,0,0,2,3,1,2,5,3,28.75,42.59,3,37.04,25.0,523910309,740157005,216953717,3719.09,10559.95,184835225,4342.99,14777.21,0,945799.0,89658,42.347,136116123,2778.78
2022-11-17,United States,0.0,96725493.0,0.0,1064672.0,282897.0,2290.0,5.8,-7.0,550201.0,4753.0,22.6,-10.4,0.0,0.0,283208.94,3117.3232,828.31274,6.705042,1610.9697,13.916621,311.73233,0.0,40413.855,327.14285,118.33039,0.9578631,0.09578631,1.100715,1.100715,0.8567025,989.0,988.0,984.0,980.0,989.0,26901.10712558264,95.49075284157416,United States,1,1,0,0,0,1,1,1,0,0,2,3,1,2,5,3,28.75,42.59,3,37.04,25.0,0,0,0,0.0,0.0,0,0.0,0.0,0,935777.0,89354,0.0,0,0.0
2022-11-18,United States,274984.0,97000477.0,2202.0,1066874.0,274984.0,2202.0,-2.8,-3.8,557881.0,4492.0,-22.1,-42.2,805.14374,6.4473805,284014.1,3123.7705,805.14374,6.4473805,1633.4565,13.152423,312.37708,0.6447381,39283.43,314.57144,115.02054,0.92105436,0.09210544,1.0998647,1.0998647,0.8237812,990.0,989.0,985.0,981.0,990.0,26906.170981651347,95.4984044430974,United States,1,1,0,0,0,1,1,1,0,0,2,3,1,2,5,3,28.75,42.59,3,37.04,25.0,0,0,0,0.0,0.0,0,0.0,0.0,0,925751.0,89065,0.0,0,0.0
2022-11-19,United States,0.0,97000477.0,0.0,1066874.0,274984.0,2202.0,-2.8,-3.8,557881.0,4492.0,6.8,-19.0,0.0,0.0,284014.1,3123.7705,805.14374,6.4473805,1633.4565,13.152423,312.37708,0.0,39283.43,314.57144,115.02054,0.92105436,0.09210544,1.0998647,1.0998647,0.8237812,991.0,990.0,986.0,982.0,991.0,26911.23280091287,95.50605296695876,United States,1,1,0,0,0,1,1,1,0,0,2,3,1,2,5,3,28.75,42.59,3,37.04,25.0,0,0,0,0.0,0.0,0,0.0,0.0,0,915730.0,88804,0.0,0,0.0
2022-11-20,United States,0.0,97000477.0,0.0,1066874.0,274984.0,2202.0,-2.8,-3.8,557881.0,4492.0,6.8,-19.0,0.0,0.0,284014.1,3123.7705,805.14374,6.4473805,1633.4565,13.152423,312.37708,0.0,39283.43,314.57144,115.02054,0.92105436,0.09210544,1.0998647,1.0998647,0.8237812,992.0,991.0,987.0,983.0,992.0,26916.292583367205,95.51369841315817,United States,1,1,0,0,0,1,1,1,0,0,2,3,1,2,5,3,28.75,42.59,3,37.04,25.0,0,0,0,0.0,0.0,0,0.0,0.0,0,905708.0,88505,0.0,0,0.0
2022-11-21,United States,0.0,97000477.0,0.0,1066874.0,274984.0,2202.0,-2.8,-3.8,557881.0,4492.0,6.8,-19.0,0.0,0.0,284014.1,3123.7705,805.14374,6.4473805,1633.4565,13.152423,312.37708,0.0,39283.43,314.57144,115.02054,0.92105436,0.09210544,1.0998647,1.0998647,0.77837515,993.0,992.0,988.0,984.0,993.0,26921.350329014476,95.52134078169584,United States,1,1,0,0,0,1,1,1,0,0,2,3,1,2,5,3,28.75,42.59,3,37.04,25.0,0,0,0,0.0,0.0,0,0.0,0.0,0,895682.0,88219,0.0,0,0.0
2022-11-22,United States,0.0,97000477.0,0.0,1066874.0,274984.0,2202.0,-2.8,-3.8,557881.0,4492.0,6.8,-19.0,0.0,0.0,284014.1,3123.7705,805.14374,6.4473805,1633.4565,13.152423,312.37708,0.0,39283.43,314.57144,115.02054,0.92105436,0.09210544,1.0998647,1.0998647,0.77837515,994.0,993.0,989.0,985.0,994.0,26926.406037854555,95.5289800725716,United States,1,1,0,0,0,1,1,1,0,0,2,3,1,2,5,3,28.75,42.59,3,37.04,25.0,0,0,0,0.0,0.0,0,0.0,0.0,0,885660.0,87965,0.0,0,0.0
2022-11-23,United States,0.0,97000477.0,0.0,1066874.0,274984.0,2202.0,-2.8,-3.8,557881.0,4492.0,6.8,-19.0,0.0,0.0,284014.1,3123.7705,805.14374,6.4473805,1633.4565,13.152423,312.37708,0.0,39283.43,314.57144,115.02054,0.92105436,0.09210544,1.0998647,1.0998647,0.77837515,995.0,994.0,990.0,986.0,995.0,26931.459709887396,95.53661628578536,United States,1,1,0,0,0,1,1,1,0,0,2,3,1,2,5,3,28.74,42.59,3,37.04,25.0,552376918,781790430,227231966,3794.69,10820.9,194027407,4428.87,15184.59,0,875639.0,87637,42.943,145739000,2883.23
2022-11-24,United States,0.0,97000477.0,0.0,1066874.0,274984.0,2202.0,-2.8,-3.8,557881.0,4492.0,6.8,-19.0,0.0,0.0,284014.1,3123.7705,805.14374,6.4473805,1633.4565,13.152423,312.37708,0.0,39283.43,314.57144,115.02054,0.92105436,0.09210544,1.0998647,1.0998647,0.77837515,996.0,995.0,991.0,987.0,996.0,26936.511345113104,95.5442494213373,United States,1,1,0,0,0,1,1,1,0,0,2,3,1,2,5,3,28.74,42.59,3,37.04,25.0,0,0,0,0.0,0.0,0,0.0,0.0,0,853160.0,82158,0.0,0,0.0
2022-11-25,United States,300171.0,97300648.0,2619.0,1069493.0,300171.0,2619.0,9.2,18.9,575155.0,4821.0,4.5,1.4,878.89044,7.6683426,284892.97,3131.439,878.89044,7.6683426,1684.0342,14.115724,313.1439,0.76683426,42881.57,374.14285,125.55578,1.0954775,0.10954775,1.0991633,1.0991633,0.9257786,997.0,996.0,992.0,988.0,997.0,26941.560943531804,95.55187947922758,United States,1,1,0,0,0,1,1,1,0,0,2,3,1,2,5,3,28.74,42.59,3,37.04,25.0,0,0,0,0.0,0.0,0,0.0,0.0,0,830693.0,76733,0.0,0,0.0
2022-11-26,United States,0.0,97300648.0,0.0,1069493.0,300171.0,2619.0,9.2,18.9,575155.0,4821.0,4.5,1.4,0.0,0.0,284892.97,3131.439,878.89044,7.6683426,1684.0342,14.115724,313.1439,0.0,42881.57,374.14285,125.55578,1.0954775,0.10954775,1.0991633,1.0991633,0.9257786,998.0,997.0,993.0,989.0,998.0,26946.60850514326,95.55950645945586,United States,1,1,0,0,0,1,1,1,0,0,2,3,1,2,5,3,28.74,42.59,3,37.04,25.0,0,0,0,0.0,0.0,0,0.0,0.0,0,808210.0,71193,0.0,0,0.0
2022-11-27,United States,0.0,97300648.0,0.0,1069493.0,300171.0,2619.0,9.2,18.9,575155.0,4821.0,4.5,1.4,0.0,0.0,284892.97,3131.439,878.89044,7.6683426,1684.0342,14.115724,313.1439,0.0,42881.57,374.14285,125.55578,1.0954775,0.10954775,1.0991633,1.0991633,0.9257786,999.0,998.0,994.0,990.0,999.0,26951.65402994753,95.56713036202224,United States,1,1,0,0,0,1,1,1,0,0,2,3,1,2,5,3,28.74,42.59,3,37.04,25.0,0,0,0,0.0,0.0,0,0.0,0.0,0,785738.0,65727,0.0,0,0.0
2022-11-28,United States,0.0,97300648.0,0.0,1069493.0,300171.0,2619.0,9.2,18.9,575155.0,4821.0,4.5,1.4,0.0,0.0,284892.97,3131.439,878.89044,7.6683426,1684.0342,14.115724,313.1439,0.0,42881.57,374.14285,125.55578,1.0954775,0.10954775,1.0991633,1.0991633,0.95241904,1000.0,999.0,995.0,991.0,1000.0,26956.697517944616,95.57475118692668,United States,1,1,0,0,0,1,1,1,0,0,2,3,1,2,5,3,28.74,42.59,3,37.04,25.0,0,0,0,0.0,0.0,0,0.0,0.0,0,763264.0,60231,0.0,0,0.0
2022-11-29,United States,0.0,97300648.0,0.0,1069493.0,300171.0,2619.0,9.2,18.9,575155.0,4821.0,4.5,1.4,0.0,0.0,284892.97,3131.439,878.89044,7.6683426,1684.0342,14.115724,313.1439,0.0,42881.57,374.14285,125.55578,1.0954775,0.10954775,1.0991633,1.0991633,0.95241904,1001.0,1000.0,996.0,992.0,1001.0,26961.738969134632,95.58236893416938,United States,1,1,0,0,0,1,1,1,0,0,2,3,1,2,5,3,28.74,42.58,3,37.04,25.0,0,0,0,0.0,0.0,0,0.0,0.0,0,740790.0,54753,0.0,0,0.0
2022-11-30,United States,0.0,97300648.0,0.0,1069493.0,300171.0,2619.0,9.2,18.9,575155.0,4821.0,4.5,1.4,0.0,0.0,284892.97,3131.439,878.89044,7.6683426,1684.0342,14.115724,313.1439,0.0,42881.57,374.14285,125.55578,1.0954775,0.10954775,1.0991633,1.0991633,0.95241904,1002.0,1001.0,997.0,993.0,1002.0,26966.77838351752,95.58998360375028,United States,1,1,0,0,0,1,1,1,0,0,2,3,1,2,5,3,28.74,42.58,3,37.04,25.0,1268478728,1782885835,517979023,3869.56,11059.24,442869371,4518.38,15506.72,0,718318.0,49287,43.688,340824561,2962.73
2022-12-01,United States,0.0,97300648.0,0.0,1069493.0,300171.0,2619.0,9.2,18.9,575155.0,4821.0,4.5,1.4,0.0,0.0,284892.97,3131.439,878.89044,7.6683426,1684.0342,14.115724,313.1439,0.0,42881.57,374.14285,125.55578,1.0954775,0.10954775,1.0991633,1.0991633,0.95241904,1003.0,1002.0,998.0,994.0,1003.0,26971.81576109311,95.59759519566909,United States,1,1,0,0,0,1,1,1,0,0,2,3,1,2,5,3,28.74,42.58,3,37.04,25.0,0,0,0,0.0,0.0,0,0.0,0.0,0,726778.0,53316,0.0,0,0.0
2022-12-02,United States,302599.0,97603247.0,1763.0,1071256.0,302599.0,1763.0,0.8,-32.7,602770.0,4382.0,8.0,-2.4,885.9995,5.1620035,285778.97,3136.601,885.9995,5.1620035,1764.89,12.830346,313.6601,0.51620036,43228.43,251.85715,126.57136,0.7374291,0.07374291,1.0975618,1.0975618,0.6411282,1004.0,1003.0,999.0,995.0,1004.0,26976.851101861623,95.60520370992612,United States,1,1,0,0,0,1,1,1,0,0,2,3,1,2,5,3,28.74,42.58,3,37.04,25.0,0,0,0,0.0,0.0,0,0.0,0.0,0,735240.0,57408,0.0,0,0.0
2022-12-03,United States,0.0,97603247.0,0.0,1071256.0,302599.0,1763.0,0.8,-32.7,602770.0,4382.0,8.0,-2.4,0.0,0.0,285778.97,3136.601,885.9995,5.1620035,1764.89,12.830346,313.6601,0.0,43228.43,251.85715,126.57136,0.7374291,0.07374291,1.0975618,1.0975618,0.6411282,1005.0,1004.0,1000.0,996.0,1005.0,26981.884405823017,95.61280914652136,United States,1,1,0,0,0,1,1,1,0,0,2,3,1,2,5,3,28.74,42.58,3,37.04,25.0,0,0,0,0.0,0.0,0,0.0,0.0,0,743699.0,61458,0.0,0,0.0
2022-12-04,United States,0.0,97603247.0,0.0,1071256.0,302599.0,1763.0,0.8,-32.7,602770.0,4382.0,8.0,-2.4,0.0,0.0,285778.97,3136.601,885.9995,5.1620035,1764.89,12.830346,313.6601,0.0,43228.43,251.85715,126.57136,0.7374291,0.07374291,1.0975618,1.0975618,0.6411282,1006.0,1005.0,1001.0,997.0,1006.0,26986.91567297728,95.62041150545475,United States,1,1,0,0,0,1,1,1,0,0,2,3,1,2,5,3,28.74,42.58,3,37.04,25.0,0,0,0,0.0,0.0,0,0.0,0.0,0,752159.0,65520,0.0,0,0.0
2022-12-05,United States,0.0,97603247.0,0.0,1071256.0,302599.0,1763.0,0.8,-32.7,602770.0,4382.0,8.0,-2.4,0.0,0.0,285778.97,3136.601,885.9995,5.1620035,1764.89,12.830346,313.6601,0.0,43228.43,251.85715,126.57136,0.7374291,0.07374291,1.0975618,1.0975618,0.5873319,1007.0,1006.0,1002.0,998.0,1007.0,26991.9449033243,95.62801078672616,United States,1,1,0,0,0,1,1,1,0,0,2,3,1,2,5,3,28.73,42.58,3,37.04,25.0,0,0,0,0.0,0.0,0,0.0,0.0,0,760620.0,69574,0.0,0,0.0
2022-12-06,United States,0.0,97603247.0,0.0,1071256.0,302599.0,1763.0,0.8,-32.7,602770.0,4382.0,8.0,-2.4,0.0,0.0,285778.97,3136.601,885.9995,5.1620035,1764.89,12.830346,313.6601,0.0,43228.43,251.85715,126.57136,0.7374291,0.07374291,1.0975618,1.0975618,0.5873319,1008.0,1007.0,1003.0,999.0,1008.0,26996.97209686413,95.63560699033565,United States,1,1,0,0,0,1,1,1,0,0,2,3,1,2,5,3,28.73,42.58,3,37.04,25.0,0,0,0,0.0,0.0,0,0.0,0.0,0,769084.0,73636,0.0,0,0.0
2022-12-07,United States,0.0,97603247.0,0.0,1071256.0,302599.0,1763.0,0.8,-32.7,602770.0,4382.0,8.0,-2.4,0.0,0.0,285778.97,3136.601,885.9995,5.1620035,1764.89,12.830346,313.6601,0.0,43228.43,251.85715,126.57136,0.7374291,0.07374291,1.0975618,1.0975618,0.5873319,1009.0,1008.0,1004.0,1000.0,1009.0,27001.99725359696,95.64320011628348,United States,1,1,0,0,0,1,1,1,0,0,2,3,1,2,5,3,28.73,42.58,3,37.04,25.0,1299819219,1828500820,528570884,3945.67,11317.04,452316856,4603.6,15881.49,0,777542.0,77725,44.359,352752405,3064.12
2022-12-08,United States,0.0,97603247.0,0.0,1071256.0,302599.0,1763.0,0.8,-32.7,602770.0,4382.0,8.0,-2.4,0.0,0.0,285778.97,3136.601,885.9995,5.1620035,1764.89,12.830346,313.6601,0.0,43228.43,251.85715,126.57136,0.7374291,0.07374291,1.0975618,1.0975618,0.5873319,1010.0,1009.0,1005.0,1001.0,1010.0,27007.020373522595,95.6507901645694,United States,1,1,0,0,0,1,1,1,0,0,2,3,1,2,5,3,28.73,42.58,3,37.04,25.0,0,0,0,0.0,0.0,0,0.0,0.0,0,770046.0,77021,0.0,0,0.0
2022-12-09,United States,462223.0,98065470.0,3035.0,1074291.0,462223.0,3035.0,52.8,72.1,764822.0,4798.0,33.0,-0.5,1353.3732,8.886376,287132.34,3145.4873,1353.3732,8.886376,2239.3726,14.04838,314.54874,0.8886376,66031.86,433.57144,193.33902,1.2694824,0.12694824,1.0954834,1.0954834,1.0110904,1011.0,1010.0,1006.0,1002.0,1011.0,27012.04145664099,95.65837713519332,United States,1,1,0,0,0,1,1,1,0,0,2,3,1,2,5,3,28.73,42.58,3,37.04,25.0,0,0,0,0.0,0.0,0,0.0,0.0,0,762546.0,76404,0.0,0,0.0
2022-12-10,United States,0.0,98065470.0,0.0,1074291.0,462223.0,3035.0,52.8,72.1,764822.0,4798.0,33.0,-0.5,0.0,0.0,287132.34,3145.4873,1353.3732,8.886376,2239.3726,14.04838,314.54874,0.0,66031.86,433.57144,193.33902,1.2694824,0.12694824,1.0954834,1.0954834,1.0110904,1012.0,1011.0,1007.0,1003.0,1012.0,27017.0605029522,95.66596102815534,United States,1,1,0,0,0,1,1,1,0,0,2,3,1,2,5,3,28.73,42.58,3,37.04,25.0,0,0,0,0.0,0.0,0,0.0,0.0,0,755048.0,75721,0.0,0,0.0
2022-12-11,United States,0.0,98065470.0,0.0,1074291.0,462223.0,3035.0,52.8,72.1,764822.0,4798.0,33.0,-0.5,0.0,0.0,287132.34,3145.4873,1353.3732,8.886376,2239.3726,14.04838,314.54874,0.0,66031.86,433.57144,193.33902,1.2694824,0.12694824,1.0954834,1.0954834,1.0110904,1013.0,1012.0,1008.0,1004.0,1013.0,27022.077512456395,95.6735418434557,United States,1,1,0,0,0,1,1,1,0,0,2,3,1,2,5,3,28.73,42.58,3,37.04,25.0,0,0,0,0.0,0.0,0,0.0,0.0,0,747555.0,75113,0.0,0,0.0
2022-12-12,United States,0.0,98065470.0,0.0,1074291.0,462223.0,3035.0,52.8,72.1,764822.0,4798.0,33.0,-0.5,0.0,0.0,287132.34,3145.4873,1353.3732,8.886376,2239.3726,14.04838,314.54874,0.0,66031.86,433.57144,193.33902,1.2694824,0.12694824,1.0954834,1.0954834,1.0029775,1014.0,1013.0,1009.0,1005.0,1014.0,27027.092485153407,95.68111958109412,United States,1,1,0,0,0,1,1,1,0,0,2,3,1,2,5,3,28.73,42.58,3,37.04,25.0,0,0,0,0.0,0.0,0,0.0,0.0,0,740052.0,74431,0.0,0,0.0
2022-12-13,United States,0.0,98065470.0,0.0,1074291.0,462223.0,3035.0,52.8,72.1,764822.0,4798.0,33.0,-0.5,0.0,0.0,287132.34,3145.4873,1353.3732,8.886376,2239.3726,14.04838,314.54874,0.0,66031.86,433.57144,193.33902,1.2694824,0.12694824,1.0954834,1.0954834,1.0029775,1015.0,1014.0,1010.0,1006.0,1015.0,27032.105421043176,95.68869424107056,United States,1,1,0,0,0,1,1,1,0,0,2,3,1,2,5,3,28.73,42.58,3,37.04,25.0,0,0,0,0.0,0.0,0,0.0,0.0,0,732563.0,73814,0.0,0,0.0
2022-12-14,United States,0.0,98065470.0,0.0,1074291.0,462223.0,3035.0,52.8,72.1,764822.0,4798.0,33.0,-0.5,0.0,0.0,287132.34,3145.4873,1353.3732,8.886376,2239.3726,14.04838,314.54874,0.0,66031.86,433.57144,193.33902,1.2694824,0.12694824,1.0954834,1.0954834,1.0029775,1016.0,1015.0,1011.0,1007.0,1016.0,27037.116320125817,95.69626582338518,United States,1,1,0,0,0,1,1,1,0,0,2,3,1,2,5,3,28.73,42.58,3,37.04,25.0,1310225655,1845911980,531482326,4013.55,11543.71,454711075,4686.45,16208.78,0,725062.0,73132,45.043,358027021,3145.72
2022-12-15,United States,0.0,98065470.0,0.0,1074291.0,462223.0,3035.0,52.8,72.1,764822.0,4798.0,33.0,-0.5,0.0,0.0,287132.34,3145.4873,1353.3732,8.886376,2239.3726,14.04838,314.54874,0.0,66031.86,433.57144,193.33902,1.2694824,0.12694824,1.0954834,1.0954834,1.0029775,1017.0,1016.0,1012.0,1008.0,1017.0,27042.12518240139,95.70383432803806,United States,1,1,0,0,0,1,1,1,0,0,2,3,1,2,5,3,28.73,42.57,3,37.04,25.0,0,0,0,0.0,0.0,0,0.0,0.0,0,694554.0,70046,0.0,0,0.0
2022-12-16,United States,446014.0,98511484.0,2652.0,1076943.0,446014.0,2652.0,-3.5,-12.6,908237.0,5687.0,50.7,29.8,1305.9137,7.7649655,288438.25,3153.2522,1305.9137,7.7649655,2659.2869,16.651342,315.32523,0.7764965,63716.285,378.85715,186.55911,1.1092808,0.11092807,1.0932157,1.0932157,0.8764074,1018.0,1017.0,1013.0,1009.0,1018.0,27047.13200786977,95.711399755029,United States,1,1,0,0,0,1,1,1,0,0,2,3,1,2,5,3,28.72,42.57,3,37.04,25.0,0,0,0,0.0,0.0,0,0.0,0.0,0,664038.0,66917,0.0,0,0.0
2022-12-17,United States,0.0,98511484.0,0.0,1076943.0,446014.0,2652.0,-3.5,-12.6,908237.0,5687.0,50.7,29.8,0.0,0.0,288438.25,3153.2522,1305.9137,7.7649655,2659.2869,16.651342,315.32523,0.0,63716.285,378.85715,186.55911,1.1092808,0.11092807,1.0932157,1.0932157,0.8764074,1019.0,1018.0,1014.0,1010.0,1019.0,27052.13679653092,95.71896210435796,United States,1,1,0,0,0,1,1,1,0,0,2,3,1,2,5,3,28.72,42.57,3,37.04,25.0,0,0,0,0.0,0.0,0,0.0,0.0,0,633529.0,63781,0.0,0,0.0
2022-12-18,United States,0.0,98511484.0,0.0,1076943.0,446014.0,2652.0,-3.5,-12.6,908237.0,5687.0,50.7,29.8,0.0,0.0,288438.25,3153.2522,1305.9137,7.7649655,2659.2869,16.651342,315.32523,0.0,63716.285,378.85715,186.55911,1.1092808,0.11092807,1.0932157,1.0932157,0.8764074,1020.0,1019.0,1015.0,1011.0,1020.0,27057.139548384934,95.72652137602508,United States,1,1,0,0,0,1,1,1,0,0,2,3,1,2,5,3,28.72,42.57,3,37.04,25.0,0,0,0,0.0,0.0,0,0.0,0.0,0,603014.0,60655,0.0,0,0.0
2022-12-19,United States,0.0,98511484.0,0.0,1076943.0,446014.0,2652.0,-3.5,-12.6,908237.0,5687.0,50.7,29.8,0.0,0.0,288438.25,3153.2522,1305.9137,7.7649655,2659.2869,16.651342,315.32523,0.0,63716.285,378.85715,186.55911,1.1092808,0.11092807,1.0932157,1.0932157,0.573749,1021.0,1020.0,1016.0,1012.0,1021.0,27062.14026343194,95.73407757003056,United States,1,1,0,0,0,1,1,1,0,0,2,3,1,2,5,3,28.72,42.57,3,37.04,25.0,0,0,0,0.0,0.0,0,0.0,0.0,0,572503.0,57553,0.0,0,0.0
2022-12-20,United States,0.0,98511484.0,0.0,1076943.0,446014.0,2652.0,-3.5,-12.6,908237.0,5687.0,50.7,29.8,0.0,0.0,288438.25,3153.2522,1305.9137,7.7649655,2659.2869,16.651342,315.32523,0.0,63716.285,378.85715,186.55911,1.1092808,0.11092807,1.0932157,1.0932157,0.573749,1022.0,1021.0,1017.0,1013.0,1022.0,27067.13894167164,95.74163068637397,United States,1,1,0,0,0,1,1,1,0,0,2,3,1,2,5,3,28.72,42.57,3,37.04,25.0,0,0,0,0.0,0.0,0,0.0,0.0,0,541994.0,54436,0.0,0,0.0
2022-12-21,United States,0.0,98511484.0,0.0,1076943.0,446014.0,2652.0,-3.5,-12.6,908237.0,5687.0,50.7,29.8,0.0,0.0,288438.25,3153.2522,1305.9137,7.7649655,2659.2869,16.651342,315.32523,0.0,63716.285,378.85715,186.55911,1.1092808,0.11092807,1.0932157,1.0932157,0.573749,1023.0,1022.0,1018.0,1014.0,1023.0,27072.135583104216,95.74918072505552,United States,1,1,0,0,0,1,1,1,0,0,2,3,1,2,5,3,28.72,42.57,3,37.04,25.0,1287409039,1821156215,521950454,3945.71,11370.95,446026160,4612.42,16027.67,0,511479.0,51297,44.169,352800493,3109.82
2022-12-22,United States,0.0,98511484.0,0.0,1076943.0,446014.0,2652.0,-3.5,-12.6,908237.0,5687.0,50.7,29.8,0.0,0.0,288438.25,3153.2522,1305.9137,7.7649655,2659.2869,16.651342,315.32523,0.0,63716.285,378.85715,186.55911,1.1092808,0.11092807,1.0932157,1.0932157,0.573749,1024.0,1023.0,1019.0,1015.0,1024.0,27077.130187729665,95.75672768607528,United States,1,1,0,0,0,1,1,1,0,0,2,3,1,2,5,3,28.72,42.57,3,37.04,25.0,0,0,0,0.0,0.0,0,0.0,0.0,0,509103.0,49208,0.0,0,0.0
2022-12-23,United States,508009.0,99019493.0,3033.0,1079976.0,508009.0,3033.0,13.9,14.4,954023.0,5685.0,24.7,18.5,1487.433,8.880521,289925.7,3162.1328,1487.433,8.880521,2793.3467,16.645485,316.2133,0.88805205,72572.71,433.2857,212.49043,1.2686458,0.12686458,1.0906701,1.0906701,0.6561768,1025.0,1024.0,1020.0,1016.0,1025.0,27082.122755547985,95.76427156943316,United States,1,1,0,0,0,1,1,1,0,0,2,3,1,2,5,3,28.72,42.57,3,37.04,25.0,0,0,0,0.0,0.0,0,0.0,0.0,0,506731.0,47171,0.0,0,0.0
2022-12-24,United States,0.0,99019493.0,0.0,1079976.0,508009.0,3033.0,13.9,14.4,954023.0,5685.0,24.7,18.5,0.0,0.0,289925.7,3162.1328,1487.433,8.880521,2793.3467,16.645485,316.2133,0.0,72572.71,433.2857,212.49043,1.2686458,0.12686458,1.0906701,1.0906701,0.6561768,1026.0,1025.0,1021.0,1017.0,1026.0,27087.113286559063,95.77181237512907,United States,1,1,0,0,0,1,1,1,0,0,2,3,1,2,5,3,28.72,42.57,3,37.04,25.0,0,0,0,0.0,0.0,0,0.0,0.0,0,504356.0,45107,0.0,0,0.0
2022-12-25,United States,0.0,99019493.0,0.0,1079976.0,508009.0,3033.0,13.9,14.4,954023.0,5685.0,24.7,18.5,0.0,0.0,289925.7,3162.1328,1487.433,8.880521,2793.3467,16.645485,316.2133,0.0,72572.71,433.2857,212.49043,1.2686458,0.12686458,1.0906701,1.0906701,0.6561768,1027.0,1026.0,1022.0,1018.0,1027.0,27092.10178076301,95.77935010316315,United States,1,1,0,0,0,1,1,1,0,0,2,3,1,2,5,3,28.72,42.57,3,37.04,25.0,0,0,0,0.0,0.0,0,0.0,0.0,0,501980.0,43032,0.0,0,0.0
2022-12-26,United States,0.0,99019493.0,0.0,1079976.0,508009.0,3033.0,13.9,14.4,954023.0,5685.0,24.7,18.5,0.0,0.0,289925.7,3162.1328,1487.433,8.880521,2793.3467,16.645485,316.2133,0.0,72572.71,433.2857,212.49043,1.2686458,0.12686458,1.0906701,1.0906701,0.6800235,1028.0,1027.0,1023.0,1019.0,1028.0,27097.088238159835,95.7868847535354,United States,1,1,0,0,0,1,1,1,0,0,2,3,1,2,5,3,28.72,42.57,3,37.04,25.0,0,0,0,0.0,0.0,0,0.0,0.0,0,499610.0,40950,0.0,0,0.0
2022-12-27,United States,0.0,99019493.0,0.0,1079976.0,508009.0,3033.0,13.9,14.4,954023.0,5685.0,24.7,18.5,0.0,0.0,289925.7,3162.1328,1487.433,8.880521,2793.3467,16.645485,316.2133,0.0,72572.71,433.2857,212.49043,1.2686458,0.12686458,1.0906701,1.0906701,0.6800235,1029.0,1028.0,1024.0,1020.0,1029.0,27102.07265874959,95.79441632624592,United States,1,1,0,0,0,1,1,1,0,0,2,3,1,2,5,3,28.72,42.57,3,37.04,25.0,0,0,0,0.0,0.0,0,0.0,0.0,0,497236.0,38891,0.0,0,0.0
2022-12-28,United States,0.0,99019493.0,0.0,1079976.0,508009.0,3033.0,13.9,14.4,954023.0,5685.0,24.7,18.5,0.0,0.0,289925.7,3162.1328,1487.433,8.880521,2793.3467,16.645485,316.2133,0.0,72572.71,433.2857,212.49043,1.2686458,0.12686458,1.0906701,1.0906701,0.6800235,1030.0,1029.0,1025.0,1021.0,1030.0,27107.05504253204,95.80194482129434,United States,1,1,0,0,0,1,1,1,0,0,2,3,1,2,5,3,28.72,42.57,3,37.04,25.0,1290707695,1824695015,522380814,3948.34,11395.0205,446310479,4615.9897,16057.7,0,494866.0,36854,44.187,355384470,3127.75
2022-12-29,United States,0.0,99019493.0,0.0,1079976.0,508009.0,3033.0,13.9,14.4,954023.0,5685.0,24.7,18.5,0.0,0.0,289925.7,3162.1328,1487.433,8.880521,2793.3467,16.645485,316.2133,0.0,72572.71,433.2857,212.49043,1.2686458,0.12686458,1.0906701,1.0906701,0.6800235,1031.0,1030.0,1026.0,1022.0,1031.0,27112.035389507306,95.80947023868086,United States,1,1,0,0,0,1,1,1,0,0,2,3,1,2,5,3,28.72,42.57,3,37.04,25.0,0,0,0,0.0,0.0,0,0.0,0.0,0,477945.0,37232,0.0,0,0.0
2022-12-30,United States,392203.0,99411696.0,2480.0,1082456.0,392203.0,2480.0,-22.8,-18.2,900212.0,5513.0,-0.9,-3.1,1148.3569,7.2613554,291074.06,3169.3943,1148.3569,7.2613554,2635.79,16.141876,316.93942,0.72613555,56029.0,354.2857,164.051,1.0373365,0.103733644,1.0888618,1.0888618,0.55603635,1032.0,1031.0,1027.0,1023.0,1032.0,27117.01369967556,95.81699257840572,United States,1,1,0,0,0,1,1,1,0,0,2,3,1,2,5,3,28.71,42.57,3,37.04,25.0,0,0,0,0.0,0.0,0,0.0,0.0,0,461030.0,37576,0.0,0,0.0
2022-12-31,United States,0.0,99411696.0,0.0,1082456.0,392203.0,2480.0,-22.8,-18.2,900212.0,5513.0,-0.9,-3.1,0.0,0.0,291074.06,3169.3943,1148.3569,7.2613554,2635.79,16.141876,316.93942,0.0,56029.0,354.2857,164.051,1.0373365,0.103733644,1.0888618,1.0888618,0.55603635,1033.0,1032.0,1028.0,1024.0,1033.0,27121.98997303669,95.82451184046874,United States,1,1,0,0,0,1,1,1,0,0,2,3,1,2,5,3,28.71,43.46,3,37.04,25.0,0,0,0,0.0,0.0,0,0.0,0.0,0,444111.0,37981,0.0,0,0.0
