country,date,new_cases,total_cases,new_deaths,total_deaths,weekly_cases,weekly_deaths,weekly_pct_growth_cases,weekly_pct_growth_deaths,biweekly_cases,biweekly_deaths,biweekly_pct_growth_cases,biweekly_pct_growth_deaths,new_cases_per_million,new_deaths_per_million,total_cases_per_million,total_deaths_per_million,weekly_cases_per_million,weekly_deaths_per_million,biweekly_cases_per_million,biweekly_deaths_per_million,total_deaths_per_100k,new_deaths_per_100k,new_cases_7_day_avg_right,new_deaths_7_day_avg_right,new_cases_per_million_7_day_avg_right,new_deaths_per_million_7_day_avg_right,new_deaths_per_100k_7_day_avg_right,cfr,cfr_100_cases,cfr_short_term,days_since_100_total_cases,days_since_5_total_deaths,days_since_1_total_cases_per_million,days_since_0_1_total_deaths_per_million,days_since_100_total_cases_and_5m_pop,total_deaths_last12m,total_deaths_per_100k_last12m,total_deaths_per_million_last12m
United States,2020-01-04,0.0,0,0,0,,,,,,,,,0.0,0.0,0.0,0.0,,,,,0.0,0.0,,,,,,,,,-59,-60,-64,-68,-59,,,
United States,2020-01-05,0.0,0,0,0,,,,,,,,,0.0,0.0,0.0,0.0,,,,,0.0,0.0,,,,,,,,,-58,-59,-63,-67,-58,,,
United States,2020-01-06,0.0,0,0,0,,,,,,,,,0.0,0.0,0.0,0.0,,,,,0.0,0.0,,,,,,,,,-57,-58,-62,-66,-57,,,
United States,2020-01-07,0.0,0,0,0,,,,,,,,,0.0,0.0,0.0,0.0,,,,,0.0,0.0,,,,,,,,,-56,-57,-61,-65,-56,,,
United States,2020-01-08,0.0,0,0,0,,,,,,,,,0.0,0.0,0.0,0.0,,,,,0.0,0.0,,,,,,,,,-55,-56,-60,-64,-55,,,
United States,2020-01-09,0.0,0,0,0,0,0,,,,,,,0.0,0.0,0.0,0.0,0.0,0.0,,,0.0,0.0,0.0,0.0,0.0,0.0,0.0,,,,-54,-55,-59,-63,-54,,,
United States,2020-01-10,0.0,0,0,0,0,0,,,,,,,0.0,0.0,0.0,0.0,0.0,0.0,,,0.0,0.0,0.0,0.0,0.0,0.0,0.0,,,,-53,-54,-58,-62,-53,,,
United States,2020-01-11,0.0,0,0,0,0,0,,,,,,,0.0,0.0,0.0,0.0,0.0,0.0,,,0.0,0.0,0.0,0.0,0.0,0.0,0.0,,,,-52,-53,-57,-61,-52,,,
United States,2020-01-12,0.0,0,0,0,0,0,,,,,,,0.0,0.0,0.0,0.0,0.0,0.0,,,0.0,0.0,0.0,0.0,0.0,0.0,0.0,,,,-51,-52,-56,-60,-51,,,
United States,2020-01-13,0.0,0,0,0,0,0,,,,,,,0.0,0.0,0.0,0.0,0.0,0.0,,,0.0,0.0,0.0,0.0,0.0,0.0,0.0,,,,-50,-51,-55,-59,-50,,,
United States,2020-01-14,0.0,0,0,0,0,0,,,,,,,0.0,0.0,0.0,0.0,0.0,0.0,,,0.0,0.0,0.0,0.0,0.0,0.0,0.0,,,,-49,-50,-54,-58,-49,,,
United States,2020-01-15,0.0,0,0,0,0,0,,,,,,,0.0,0.0,0.0,0.0,0.0,0.0,,,0.0,0.0,0.0,0.0,0.0,0.0,0.0,,,,-48,-49,-53,-57,-48,,,
United States,2020-01-16,0.0,0,0,0,0,0,,,0,0,,,0.0,0.0,0.0,0.0,0.0,0.0,0.0,0.0,0.0,0.0,0.0,0.0,0.0,0.0,0.0,,,,-47,-48,-52,-56,-47,,,
United States,2020-01-17,0.0,0,0,0,0,0,,,0,0,,,0.0,0.0,0.0,0.0,0.0,0.0,0.0,0.0,0.0,0.0,0.0,0.0,0.0,0.0,0.0,,,,-46,-47,-51,-55,-46,,,
United States,2020-01-18,0.0,0,0,0,0,0,,,0,0,,,0.0,0.0,0.0,0.0,0.0,0.0,0.0,0.0,0.0,0.0,0.0,0.0,0.0,0.0,0.0,,,,-45,-46,-50,-54,-45,,,
United States,2020-01-19,0.0,0,0,0,0,0,,,0,0,,,0.0,0.0,0.0,0.0,0.0,0.0,0.0,0.0,0.0,0.0,0.0,0.0,0.0,0.0,0.0,,,,-44,-45,-49,-53,-44,,,
United States,2020-01-20,1.0,1,0,0,1,0,,,1,0,,,0.0029279657,0.0,0.0029279657,0.0,0.0029279657,0.0,0.0029279657,0.0,0.0,0.0,0.14285715,0.0,0.00041828083,0.0,0.0,0.0,,,-43,-44,-48,-52,-43,,,
United States,2020-01-21,0.0,1,0,0,1,0,,,1,0,,,0.0,0.0,0.0029279657,0.0,0.0029279657,0.0,0.0029279657,0.0,0.0,0.0,0.14285715,0.0,0.00041828083,0.0,0.0,0.0,,,-42,-43,-47,-51,-42,,,
United States,2020-01-22,0.0,1,0,0,1,0,,,1,0,,,0.0,0.0,0.0029279657,0.0,0.0029279657,0.0,0.0029279657,0.0,0.0,0.0,0.14285715,0.0,0.00041828083,0.0,0.0,0.0,,,-41,-42,-46,-50,-41,,,
United States,2020-01-23,0.0,1,0,0,1,0,,,1,0,,,0.0,0.0,0.0029279657,0.0,0.0029279657,0.0,0.0029279657,0.0,0.0,0.0,0.14285715,0.0,0.00041828083,0.0,0.0,0.0,,,-40,-41,-45,-49,-40,,,
United States,2020-01-24,0.0,1,0,0,1,0,,,1,0,,,0.0,0.0,0.0029279657,0.0,0.0029279657,0.0,0.0029279657,0.0,0.0,0.0,0.14285715,0.0,0.00041828083,0.0,0.0,0.0,,,-39,-40,-44,-48,-39,,,
United States,2020-01-25,5.0,6,0,0,6,0,,,6,0,,,0.014639829,0.0,0.017567795,0.0,0.017567795,0.0,0.017567795,0.0,0.0,0.0,0.85714287,0.0,0.002509685,0.0,0.0,0.0,,,-38,-39,-43,-47,-38,,,
United States,2020-01-26,1.0,7,0,0,7,0,,,7,0,,,0.0029279657,0.0,0.020495761,0.0,0.020495761,0.0,0.020495761,0.0,0.0,0.0,1.0,0.0,0.0029279657,0.0,0.0,0.0,,,-37,-38,-42,-46,-37,,,
United States,2020-01-27,0.0,7,0,0,6,0,500.0,,7,0,,,0.0,0.0,0.020495761,0.0,0.017567795,0.0,0.020495761,0.0,0.0,0.0,0.85714287,0.0,0.002509685,0.0,0.0,0.0,,,-36,-37,-41,-45,-36,,,
United States,2020-01-28,1.0,8,0,0,7,0,600.0,,8,0,,,0.0029279657,0.0,0.023423726,0.0,0.020495761,0.0,0.023423726,0.0,0.0,0.0,1.0,0.0,0.0029279657,0.0,0.0,0.0,,,-35,-36,-40,-44,-35,,,
United States,2020-01-29,0.0,8,0,0,7,0,600.0,,8,0,,,0.0,0.0,0.023423726,0.0,0.020495761,0.0,0.023423726,0.0,0.0,0.0,1.0,0.0,0.0029279657,0.0,0.0,0.0,,,-34,-35,-39,-43,-34,,,
United States,2020-01-30,0.0,8,0,0,7,0,600.0,,8,0,,,0.0,0.0,0.023423726,0.0,0.020495761,0.0,0.023423726,0.0,0.0,0.0,1.0,0.0,0.0029279657,0.0,0.0,0.0,,,-33,-34,-38,-42,-33,,,
United States,2020-01-31,0.0,8,0,0,7,0,600.0,,8,0,,,0.0,0.0,0.023423726,0.0,0.020495761,0.0,0.023423726,0.0,0.0,0.0,1.0,0.0,0.0029279657,0.0,0.0,0.0,,,-32,-33,-37,-41,-32,,,
United States,2020-02-01,0.0,8,0,0,2,0,-66.7,,8,0,,,0.0,0.0,0.023423726,0.0,0.0058559314,0.0,0.023423726,0.0,0.0,0.0,0.2857143,0.0,0.00083656167,0.0,0.0,0.0,,,-31,-32,-36,-40,-31,,,
United States,2020-02-02,1.0,9,0,0,2,0,-71.4,,9,0,,,0.0029279657,0.0,0.026351692,0.0,0.0058559314,0.0,0.026351692,0.0,0.0,0.0,0.2857143,0.0,0.00083656167,0.0,0.0,0.0,,,-30,-31,-35,-39,-30,,,
United States,2020-02-03,1.0,10,0,0,3,0,-50.0,,9,0,800.0,,0.0029279657,0.0,0.029279659,0.0,0.008783897,0.0,0.026351692,0.0,0.0,0.0,0.42857143,0.0,0.0012548425,0.0,0.0,0.0,,,-29,-30,-34,-38,-29,,,
United States,2020-02-04,3.0,13,0,0,5,0,-28.6,,12,0,1100.0,,0.008783897,0.0,0.038063556,0.0,0.014639829,0.0,0.03513559,0.0,0.0,0.0,0.71428573,0.0,0.002091404,0.0,0.0,0.0,,,-28,-29,-33,-37,-28,,,
United States,2020-02-05,4.0,17,0,0,9,0,28.6,,16,0,1500.0,,0.011711863,0.0,0.049775418,0.0,0.026351692,0.0,0.04684745,0.0,0.0,0.0,1.2857143,0.0,0.0037645274,0.0,0.0,0.0,,,-27,-28,-32,-36,-27,,,
United States,2020-02-06,2.0,19,0,0,11,0,57.1,,18,0,1700.0,,0.0058559314,0.0,0.05563135,0.0,0.032207623,0.0,0.052703384,0.0,0.0,0.0,1.5714285,0.0,0.0046010893,0.0,0.0,0.0,,,-26,-27,-31,-35,-26,,,
United States,2020-02-07,0.0,19,0,0,11,0,57.1,,18,0,1700.0,,0.0,0.0,0.05563135,0.0,0.032207623,0.0,0.052703384,0.0,0.0,0.0,1.5714285,0.0,0.0046010893,0.0,0.0,0.0,,,-25,-26,-30,-34,-25,,,
United States,2020-02-08,0.0,19,0,0,11,0,450.0,,13,0,116.7,,0.0,0.0,0.05563135,0.0,0.032207623,0.0,0.038063556,0.0,0.0,0.0,1.5714285,0.0,0.0046010893,0.0,0.0,0.0,,,-24,-25,-29,-33,-24,,,
United States,2020-02-09,1.0,20,0,0,11,0,450.0,,13,0,85.7,,0.0029279657,0.0,0.058559317,0.0,0.032207623,0.0,0.038063556,0.0,0.0,0.0,1.5714285,0.0,0.0046010893,0.0,0.0,0.0,,,-23,-24,-28,-32,-23,,,
United States,2020-02-10,0.0,20,0,0,10,0,233.3,,13,0,85.7,,0.0,0.0,0.058559317,0.0,0.029279659,0.0,0.038063556,0.0,0.0,0.0,1.4285715,0.0,0.004182808,0.0,0.0,0.0,,,-22,-23,-27,-31,-22,,,
United States,2020-02-11,0.0,20,0,0,7,0,40.0,,12,0,50.0,,0.0,0.0,0.058559317,0.0,0.020495761,0.0,0.03513559,0.0,0.0,0.0,1.0,0.0,0.0029279657,0.0,0.0,0.0,,,-21,-22,-26,-30,-21,,,
United States,2020-02-12,0.0,20,0,0,3,0,-66.7,,12,0,50.0,,0.0,0.0,0.058559317,0.0,0.008783897,0.0,0.03513559,0.0,0.0,0.0,0.42857143,0.0,0.0012548425,0.0,0.0,0.0,,,-20,-21,-25,-29,-20,,,
United States,2020-02-13,0.0,20,0,0,1,0,-90.9,,12,0,50.0,,0.0,0.0,0.058559317,0.0,0.0029279657,0.0,0.03513559,0.0,0.0,0.0,0.14285715,0.0,0.00041828083,0.0,0.0,0.0,,,-19,-20,-24,-28,-19,,,
United States,2020-02-14,2.0,22,0,0,3,0,-72.7,,14,0,75.0,,0.0058559314,0.0,0.064415246,0.0,0.008783897,0.0,0.040991522,0.0,0.0,0.0,0.42857143,0.0,0.0012548425,0.0,0.0,0.0,,,-18,-19,-23,-27,-18,,,
United States,2020-02-15,1.0,23,0,0,4,0,-63.6,,15,0,87.5,,0.0029279657,0.0,0.06734321,0.0,0.011711863,0.0,0.04391949,0.0,0.0,0.0,0.5714286,0.0,0.0016731233,0.0,0.0,0.0,,,-17,-18,-22,-26,-17,,,
United States,2020-02-16,1.0,24,0,0,4,0,-63.6,,15,0,66.7,,0.0029279657,0.0,0.07027118,0.0,0.011711863,0.0,0.04391949,0.0,0.0,0.0,0.5714286,0.0,0.0016731233,0.0,0.0,0.0,,,-16,-17,-21,-25,-16,,,
United States,2020-02-17,0.0,24,0,0,4,0,-60.0,,14,0,55.6,,0.0,0.0,0.07027118,0.0,0.011711863,0.0,0.040991522,0.0,0.0,0.0,0.5714286,0.0,0.0016731233,0.0,0.0,0.0,,,-15,-16,-20,-24,-15,,,
United States,2020-02-18,0.0,24,0,0,4,0,-42.9,,11,0,-8.3,,0.0,0.0,0.07027118,0.0,0.011711863,0.0,0.032207623,0.0,0.0,0.0,0.5714286,0.0,0.0016731233,0.0,0.0,0.0,,,-14,-15,-19,-23,-14,,,
United States,2020-02-19,2.0,26,0,0,6,0,100.0,,9,0,-43.8,,0.0058559314,0.0,0.07612711,0.0,0.017567795,0.0,0.026351692,0.0,0.0,0.0,0.85714287,0.0,0.002509685,0.0,0.0,0.0,,,-13,-14,-18,-22,-13,,,
United States,2020-02-20,5.0,31,0,0,11,0,1000.0,,12,0,-33.3,,0.014639829,0.0,0.090766944,0.0,0.032207623,0.0,0.03513559,0.0,0.0,0.0,1.5714285,0.0,0.0046010893,0.0,0.0,0.0,,,-12,-13,-17,-21,-12,,,
United States,2020-02-21,3.0,34,0,0,12,0,300.0,,15,0,-16.7,,0.008783897,0.0,0.099550836,0.0,0.03513559,0.0,0.04391949,0.0,0.0,0.0,1.7142857,0.0,0.00501937,0.0,0.0,0.0,,,-11,-12,-16,-20,-11,,,
United States,2020-02-22,1.0,35,0,0,12,0,200.0,,16,0,23.1,,0.0029279657,0.0,0.1024788,0.0,0.03513559,0.0,0.04684745,0.0,0.0,0.0,1.7142857,0.0,0.00501937,0.0,0.0,0.0,,,-10,-11,-15,-19,-10,,,
United States,2020-02-23,5.0,40,0,0,16,0,300.0,,20,0,53.8,,0.014639829,0.0,0.117118634,0.0,0.04684745,0.0,0.058559317,0.0,0.0,0.0,2.2857144,0.0,0.0066924933,0.0,0.0,0.0,,,-9,-10,-14,-18,-9,,,
United States,2020-02-24,8.0,48,0,0,24,0,500.0,,28,0,115.4,,0.023423726,0.0,0.14054236,0.0,0.07027118,0.0,0.081983045,0.0,0.0,0.0,3.4285715,0.0,0.01003874,0.0,0.0,0.0,,,-8,-9,-13,-17,-8,,,
United States,2020-02-25,0.0,48,0,0,24,0,500.0,,28,0,133.3,,0.0,0.0,0.14054236,0.0,0.07027118,0.0,0.081983045,0.0,0.0,0.0,3.4285715,0.0,0.01003874,0.0,0.0,0.0,,,-7,-8,-12,-16,-7,,,
United States,2020-02-26,4.0,52,0,0,26,0,333.3,,32,0,166.7,,0.011711863,0.0,0.15225422,0.0,0.07612711,0.0,0.0936949,0.0,0.0,0.0,3.7142856,0.0,0.010875301,0.0,0.0,0.0,,,-6,-7,-11,-15,-6,,,
United States,2020-02-27,4.0,56,0,0,25,0,127.3,,36,0,200.0,,0.011711863,0.0,0.16396609,0.0,0.073199145,0.0,0.10540677,0.0,0.0,0.0,3.5714285,0.0,0.010457021,0.0,0.0,0.0,,,-5,-6,-10,-14,-5,,,
United States,2020-02-28,8.0,64,0,0,30,0,150.0,,42,0,200.0,,0.023423726,0.0,0.1873898,0.0,0.08783898,0.0,0.12297457,0.0,0.0,0.0,4.285714,0.0,0.012548425,0.0,0.0,0.0,,,-4,-5,-9,-13,-4,,,
United States,2020-02-29,5.0,69,1,1,34,1,183.3,,46,1,206.7,,0.014639829,0.0029279657,0.20202965,0.0029279657,0.099550836,0.0029279657,0.13468643,0.0029279657,0.00029279658,0.00029279658,4.857143,0.14285715,0.014221548,0.00041828083,4.1828083e-05,1.4492754,,,-3,-4,-8,-12,-3,,,
United States,2020-03-01,4.0,73,0,1,33,1,106.2,,49,1,226.7,,0.011711863,0.0,0.21374151,0.0029279657,0.09662287,0.0029279657,0.14347033,0.0029279657,0.00029279658,0.0,4.714286,0.14285715,0.013803268,0.00041828083,4.1828083e-05,1.369863,,,-2,-3,-7,-11,-2,,,
United States,2020-03-02,9.0,82,1,2,34,2,41.7,,58,2,314.3,,0.026351692,0.0029279657,0.2400932,0.0058559314,0.099550836,0.0058559314,0.16982202,0.0058559314,0.00058559317,0.00029279658,4.857143,0.2857143,0.014221548,0.00083656167,8.365617e-05,2.4390244,,,-1,-2,-6,-10,-1,,,
United States,2020-03-03,18.0,100,0,2,52,2,116.7,,76,2,590.9,,0.052703384,0.0,0.29279658,0.0058559314,0.15225422,0.0058559314,0.2225254,0.0058559314,0.00058559317,0.0,7.428571,0.2857143,0.021750603,0.00083656167,8.365617e-05,2.0,2.0,,0,-1,-5,-9,0,,,
United States,2020-03-04,35.0,135,6,8,83,8,219.2,,109,8,1111.1,,0.1024788,0.017567795,0.39527538,0.023423726,0.24302116,0.023423726,0.31914827,0.023423726,0.0023423727,0.0017567795,11.857142,1.1428572,0.03471731,0.0033462467,0.00033462467,5.9259257,5.9259257,,1,0,-4,-8,1,,,
United States,2020-03-05,51.0,186,3,11,130,11,420.0,,155,11,1191.7,,0.14932625,0.008783897,0.5446016,0.032207623,0.38063556,0.032207623,0.4538347,0.032207623,0.0032207624,0.00087838975,18.571428,1.5714285,0.05437651,0.0046010893,0.00046010892,5.9139786,5.9139786,,2,1,-3,-7,2,,,
United States,2020-03-06,70.0,256,2,13,192,13,540.0,,222,13,1380.0,,0.2049576,0.0058559314,0.7495592,0.038063556,0.56216943,0.038063556,0.65000844,0.038063556,0.0038063556,0.00058559317,27.428572,1.8571428,0.08030992,0.0054376507,0.0005437651,5.078125,5.078125,,3,2,-2,-6,3,,,
United States,2020-03-07,78.0,334,3,16,265,15,679.4,1400.0,299,16,1768.8,,0.22838134,0.008783897,0.97794056,0.04684745,0.7759109,0.04391949,0.87546176,0.04684745,0.0046847453,0.00087838975,37.857143,2.142857,0.11084442,0.0062742126,0.00062742125,4.790419,4.790419,,4,3,-1,-5,4,,,
United States,2020-03-08,130.0,464,3,19,391,18,1084.8,1700.0,424,19,2020.0,,0.38063556,0.008783897,1.3585762,0.05563135,1.1448346,0.052703384,1.2414575,0.05563135,0.0055631353,0.00087838975,55.857143,2.5714285,0.1635478,0.007529055,0.0007529055,4.0948277,4.0948277,,5,4,0,-4,5,,,
United States,2020-03-09,146.0,610,5,24,528,22,1452.9,1000.0,562,24,1907.1,,0.42748302,0.014639829,1.7860591,0.07027118,1.5459659,0.064415246,1.6455168,0.07027118,0.007027118,0.0014639829,75.42857,3.142857,0.22085229,0.009202179,0.00092021783,3.9344263,3.9344263,,6,5,1,-3,6,,,
United States,2020-03-10,212.0,822,4,28,722,26,1288.5,1200.0,774,28,2664.3,,0.62072873,0.011711863,2.4067879,0.081983045,2.1139913,0.07612711,2.2662456,0.081983045,0.008198304,0.0011711863,103.14286,3.7142856,0.30199876,0.010875301,0.0010875302,3.406326,3.406326,,7,6,2,-2,7,,,
United States,2020-03-11,390.0,1212,4,32,1077,24,1197.6,200.0,1160,32,3525.0,,1.1419066,0.011711863,3.5486946,0.0936949,3.1534193,0.07027118,3.3964403,0.0936949,0.009369491,0.0011711863,153.85715,3.4285715,0.45048845,0.01003874,0.001003874,2.640264,2.640264,,8,7,3,-1,8,,,
United States,2020-03-12,497.0,1709,7,39,1523,28,1071.5,154.5,1653,39,4491.7,,1.455199,0.020495761,5.0038934,0.11419067,4.459292,0.081983045,4.8399277,0.11419067,0.011419067,0.002049576,217.57143,4.0,0.6370417,0.011711863,0.0011711863,2.2820363,2.2820363,,9,8,4,0,9,,,
United States,2020-03-13,525.0,2234,12,51,1978,38,930.2,192.3,2170,51,5066.7,,1.5371821,0.03513559,6.5410757,0.14932625,5.7915163,0.1112627,6.353686,0.14932625,0.014932626,0.003513559,282.57144,5.428571,0.8273595,0.015894672,0.0015894672,2.2829006,2.2829006,,10,9,5,1,10,,,
United States,2020-03-14,727.0,2961,7,58,2627,42,891.3,180.0,2892,57,6187.0,5600.0,2.128631,0.020495761,8.669706,0.16982202,7.6917663,0.12297457,8.467677,0.16689405,0.016982201,0.002049576,375.2857,6.0,1.0988238,0.017567795,0.0017567795,1.9587977,1.9587977,,11,10,6,2,11,,,
United States,2020-03-15,968.0,3929,11,69,3465,50,786.2,177.8,3856,68,7769.4,6700.0,2.834271,0.032207623,11.503978,0.20202965,10.145402,0.14639829,11.290236,0.19910167,0.020202965,0.0032207624,495.0,7.142857,1.4493431,0.020914042,0.002091404,1.7561721,1.7561721,,12,11,7,3,12,,,
United States,2020-03-16,1219.0,5148,13,82,4538,58,759.5,163.6,5066,80,8634.5,3900.0,3.5691903,0.038063556,15.073168,0.2400932,13.287109,0.16982202,14.833075,0.23423727,0.024009319,0.0038063556,648.2857,8.285714,1.8981584,0.024260288,0.0024260287,1.5928516,1.5928516,,13,12,8,4,13,,,
United States,2020-03-17,2135.0,7283,18,100,6461,72,794.9,176.9,7183,98,9351.3,4800.0,6.251207,0.052703384,21.324375,0.29279658,18.917587,0.21081354,21.031578,0.28694066,0.029279659,0.0052703386,923.0,10.285714,2.7025125,0.03011622,0.003011622,1.3730606,1.3730606,,14,13,9,5,14,,,
United States,2020-03-18,2369.0,9652,21,121,8440,89,683.7,270.8,9517,113,8631.2,1312.5,6.936351,0.061487284,28.260727,0.35428387,24.712032,0.26058894,27.86545,0.33086014,0.035428386,0.006148728,1205.7142,12.714286,3.5302901,0.037226994,0.0037226994,1.2536262,1.2536262,,15,14,10,6,15,,,
United States,2020-03-19,3229.0,12881,28,149,11172,110,633.6,292.9,12695,138,8090.3,1154.5,9.454402,0.081983045,37.715126,0.4362669,32.711235,0.32207623,37.170525,0.4040593,0.043626692,0.008198304,1596.0,15.714286,4.673033,0.046010893,0.0046010893,1.1567425,1.1567425,,16,15,11,7,16,,,
United States,2020-03-20,4862.0,17743,64,213,15509,162,684.1,326.3,17487,200,7777.0,1438.5,14.23577,0.1873898,51.950897,0.62365675,45.40982,0.47433046,51.20134,0.58559316,0.062365673,0.018738981,2215.5715,23.142857,6.4871173,0.067761496,0.0067761494,1.2004734,1.2004734,,17,16,12,8,17,,,
United States,2020-03-21,6113.0,23856,69,282,20895,224,695.4,433.3,23522,266,7766.9,1562.5,17.898655,0.20202965,69.849556,0.82568634,61.179848,0.65586436,68.87161,0.77883893,0.08256864,0.020202965,2985.0,32.0,8.739978,0.0936949,0.009369491,1.1820925,1.1820925,,18,17,13,9,18,,,
United States,2020-03-22,7559.0,31415,92,374,27486,305,693.2,510.0,30951,355,7199.8,1768.4,22.132494,0.26937285,91.98205,1.0950593,80.478065,0.8930296,90.62347,1.0394279,0.10950592,0.026937285,3926.5715,43.57143,11.496867,0.12757565,0.012757566,1.1905141,1.1905141,,19,18,14,10,19,,,
United States,2020-03-23,9110.0,40525,112,486,35377,404,679.6,596.6,39915,462,7002.3,1825.0,26.673769,0.32793218,118.655815,1.4229914,103.58265,1.1828982,116.86976,1.3527203,0.14229915,0.032793216,5053.857,57.714287,14.797521,0.16898546,0.016898546,1.1992598,1.1992598,,20,19,15,11,20,,,
United States,2020-03-24,10765.0,51290,118,604,44007,504,581.1,600.0,50468,576,6420.4,1957.1,31.519552,0.34549996,150.17537,1.7684914,128.851,1.4756948,147.76859,1.6865083,0.17684914,0.034549996,6286.7144,72.0,18.407284,0.21081354,0.021081354,1.1776174,1.1776174,,21,20,16,12,21,,,
United States,2020-03-25,10754.0,62044,164,768,52392,647,520.8,627.0,60832,736,5144.1,2200.0,31.487345,0.4801864,181.6627,2.2486777,153.402,1.8943939,178.11401,2.1549828,0.22486778,0.048018638,7484.5713,92.42857,21.91457,0.2706277,0.02706277,1.2378312,1.2378312,,22,21,17,13,22,,,
United States,2020-03-26,11332.0,73376,209,977,60495,828,441.5,652.7,71667,938,4235.6,2305.1,33.17971,0.61194485,214.84242,2.8606226,177.12729,2.4243557,209.83853,2.7464318,0.28606227,0.061194487,8642.143,118.28571,25.3039,0.34633654,0.03463365,1.331498,1.331498,,23,22,18,14,23,,,
United States,2020-03-27,14115.0,87491,301,1278,69748,1065,349.7,557.4,85257,1227,3828.9,2305.9,41.32824,0.88131773,256.17065,3.7419403,204.21976,3.1182835,249.62958,3.5926142,0.37419403,0.08813177,9964.0,152.14285,29.174252,0.44546908,0.04454691,1.4607217,1.4607217,,24,23,19,15,24,,,
United States,2020-03-28,18474.0,105965,341,1619,82109,1337,293.0,496.9,103004,1561,3461.7,2638.6,54.09124,0.99843633,310.2619,4.7403765,240.41235,3.9146903,301.5922,4.5705547,0.47403768,0.099843636,11729.857,191.0,34.34462,0.5592415,0.055924147,1.527863,1.527863,,25,24,20,16,25,,,
United States,2020-03-29,20344.0,126309,487,2106,94894,1732,245.2,467.9,122380,2037,3073.8,2895.6,59.566536,1.4259194,369.82843,6.166296,277.84637,5.0712366,358.32446,5.9642663,0.6166296,0.14259194,13556.286,247.42857,39.69234,0.7244624,0.07244624,1.6673396,1.6673396,,26,25,21,17,26,,,
United States,2020-03-30,20673.0,146982,556,2662,106457,2176,200.9,438.6,141834,2580,2699.7,3125.0,60.52984,1.627949,430.35828,7.7942452,311.70245,6.3712535,415.2851,7.554152,0.7794245,0.1627949,15208.143,310.85715,44.528923,0.9101791,0.09101791,1.8111061,1.8111061,,27,26,22,18,27,,,
United States,2020-03-31,26161.0,173143,665,3327,121853,2723,176.9,440.3,165860,3227,2209.1,3192.9,76.59851,1.9470973,506.9568,9.741343,356.78143,7.972851,485.63242,9.448545,0.9741342,0.19470973,17407.572,389.0,50.968773,1.1389787,0.11389787,1.9215331,1.9215331,,28,27,23,19,28,,,
United States,2020-04-01,15536.0,188679,631,3958,126635,3190,141.7,393.0,179027,3837,1781.1,3295.6,45.488876,1.8475465,552.4457,11.588889,370.78296,9.340211,524.18494,11.234605,1.1588888,0.18475464,18090.715,455.7143,52.968994,1.3343159,0.13343158,2.0977428,2.0977428,,29,28,24,20,29,,,
United States,2020-04-02,23260.0,211939,982,4940,138563,3963,129.0,378.6,199058,4791,1468.0,3371.7,68.104485,2.8752625,620.5502,14.464151,405.70773,11.603529,582.835,14.0278845,1.4464151,0.28752625,19794.715,566.1429,57.95825,1.6576469,0.16576469,2.3308594,2.3308594,,30,29,25,21,30,,,
United States,2020-04-03,28674.0,240613,1121,6061,153122,4783,119.5,349.1,222870,5848,1174.5,2824.0,83.95649,3.2822497,704.50665,17.7464,448.33597,14.00446,652.5557,17.122744,1.7746401,0.32822496,21874.572,683.2857,64.048,2.0006373,0.20006372,2.5189826,2.5189826,,31,30,26,22,31,,,
United States,2020-04-04,29790.0,270403,1311,7372,164438,5753,100.3,330.3,246547,7090,948.2,2565.4,87.2241,3.8385632,791.7307,21.584965,481.46884,16.844587,721.88116,20.759277,2.1584964,0.38385633,23491.143,821.8571,68.781265,2.4063697,0.24063696,2.7263012,2.7263012,,32,31,27,23,32,,,
United States,2020-04-05,32057.0,302460,1376,8748,176151,6642,85.6,283.5,271045,8374,775.7,2258.9,93.8618,4.028881,885.5925,25.613846,515.7641,19.44755,793.6105,24.518785,2.5613844,0.4028881,25164.428,948.8571,73.68059,2.7782214,0.27782214,2.8922832,2.8922832,,33,32,28,24,33,,,
United States,2020-04-06,32134.0,334594,1540,10288,187612,7626,76.2,250.5,294069,9802,636.7,2021.6,94.08726,4.5090675,979.6798,30.122911,549.32153,22.328667,861.024,28.69992,3.0122912,0.45090672,26801.715,1089.4286,78.4745,3.1898096,0.31898096,3.0747712,3.0747712,,34,33,29,25,34,,,
United States,2020-04-07,26984.0,361578,1873,12161,188435,8834,54.6,224.4,310288,11557,514.8,1906.4,79.00823,5.48408,1058.688,35.60699,551.73126,25.86565,908.51263,33.8385,3.5606992,0.548408,26919.285,1262.0,78.81875,3.695093,0.36950928,3.363313,3.363313,,35,34,30,26,35,,,
United States,2020-04-08,28629.0,390207,1691,13852,201528,9894,59.1,210.2,328163,13084,439.5,1677.7,83.82473,4.95119,1142.5128,40.55818,590.0671,28.969294,960.85004,38.309505,4.055818,0.49511904,28789.715,1413.4286,84.295296,4.1384706,0.41384706,3.5499108,3.5499108,,36,35,31,27,36,,,
United States,2020-04-09,29355.0,419562,2093,15945,207623,11005,49.8,177.7,346186,14968,383.0,1495.7,85.95044,6.1282325,1228.4633,46.686417,607.913,32.222263,1013.6208,43.825794,4.6686416,0.61282325,29660.428,1572.1428,86.84472,4.6031804,0.46031806,3.800392,3.800392,,37,36,32,28,37,,,
United States,2020-04-10,34148.0,453710,2221,18166,213097,12105,39.2,153.1,366219,16888,329.5,1276.4,99.98418,6.503012,1328.4474,53.189426,623.94073,35.443027,1072.2767,49.447487,5.3189425,0.6503012,30442.428,1729.2858,89.13439,5.0632896,0.50632894,4.003879,4.003879,,38,37,33,29,38,,,
United States,2020-04-11,34743.0,488453,2230,20396,218050,13024,32.6,126.4,382488,18777,271.3,1102.9,101.72632,6.5293636,1430.1737,59.718792,638.44293,38.133827,1119.9117,54.978413,5.971879,0.6529364,31150.0,1860.5714,91.20614,5.4476895,0.5447689,4.175632,4.175632,,39,38,34,30,39,,,
United States,2020-04-12,33179.0,521632,2241,22637,219172,13889,24.4,109.1,395323,20531,223.0,907.9,97.14698,6.5615716,1527.3207,66.280365,641.72815,40.66652,1157.4922,60.114067,6.628036,0.65615714,31310.285,1984.1428,91.675446,5.8095026,0.58095026,4.339649,4.339649,,40,39,35,31,40,,,
United States,2020-04-13,31535.0,553167,2192,24829,218573,14541,16.5,90.7,406185,22167,186.4,759.2,92.333405,6.4181013,1619.654,72.69846,639.9743,42.57555,1189.2958,64.90422,7.2698464,0.6418101,31224.715,2077.2856,91.4249,6.0822215,0.6082222,4.4885178,4.4885178,,41,40,36,32,41,,,
United States,2020-04-14,27094.0,580261,1857,26686,218683,14525,16.1,64.4,407118,23359,145.5,623.9,79.33031,5.4372325,1698.9844,78.1357,640.2963,42.5287,1192.0276,68.394356,7.8135695,0.5437232,31240.428,2075.0,91.47091,6.075529,0.6075529,4.598965,4.598965,,42,41,37,33,42,,,
United States,2020-04-15,25244.0,605505,1905,28591,215298,14739,6.8,49.0,416826,24633,132.8,542.0,73.91357,5.577775,1772.898,83.71347,630.3852,43.15529,1220.4523,72.12458,8.371347,0.55777746,30756.857,2105.5715,90.05502,6.165041,0.61650413,4.7218437,4.7218437,,43,42,38,34,43,,,
United States,2020-04-16,25259.0,630764,2432,31023,211202,15078,1.7,37.0,418825,26083,110.4,444.4,73.95749,7.120813,1846.8555,90.83428,618.3922,44.14787,1226.3053,76.37013,9.083428,0.7120813,30171.715,2154.0,88.34175,6.3068385,0.63068384,4.918321,4.918321,,44,43,39,35,44,,,
United States,2020-04-17,25208.0,655972,2731,33754,202262,15588,-5.1,28.8,415359,27693,86.4,373.5,73.80816,7.9962745,1920.6636,98.83056,592.21625,45.641132,1216.157,81.08416,9.883056,0.7996275,28894.572,2226.8572,84.60232,6.5201616,0.65201616,5.1456466,5.1456466,,45,44,40,36,45,,,
United States,2020-04-18,31494.0,687466,2445,36199,199013,15803,-8.7,21.3,417063,28827,69.2,306.6,92.213356,7.1588764,2012.877,105.98943,582.70325,46.270645,1221.1462,84.40447,10.598944,0.71588767,28430.428,2257.5715,83.243324,6.610092,0.6610092,5.2655697,5.2655697,,46,45,41,37,46,,,
United States,2020-04-19,30316.0,717782,2336,38535,196150,15898,-10.5,14.5,415322,29787,53.2,255.7,88.76421,6.8397284,2101.641,112.82916,574.3205,46.5488,1216.0486,87.21532,11.282916,0.68397284,28021.428,2271.1428,82.045784,6.6498284,0.66498286,5.368622,5.368622,,47,46,42,38,47,,,
United States,2020-04-20,28281.0,746063,1848,40383,192896,15554,-11.7,7.0,411469,30095,39.9,207.0,82.8058,5.410881,2184.447,118.24004,564.7929,45.54158,1204.7672,88.117134,11.824004,0.5410881,27556.572,2222.0,80.6847,6.50594,0.650594,5.4128137,5.4128137,,48,47,43,39,48,,,
United States,2020-04-21,26070.0,772133,1993,42376,191872,15690,-12.3,8.0,410555,30215,32.3,161.4,76.33207,5.835436,2260.779,124.07548,561.7947,45.939785,1202.0911,88.46849,12.407548,0.5835436,27410.285,2241.4285,80.25638,6.562826,0.6562826,5.4881735,5.4881735,,49,48,44,40,49,,,
United States,2020-04-22,26428.0,798561,2077,44453,193056,15862,-10.3,7.6,408354,30601,24.4,133.9,77.38028,6.081385,2338.1594,130.15686,565.26135,46.443394,1195.6466,89.59868,13.015686,0.6081385,27579.428,2266.0,80.751625,6.6347704,0.66347706,5.566638,5.566638,,50,49,45,41,50,,,
United States,2020-04-23,25927.0,824488,2673,47126,193724,16103,-8.3,6.8,404926,31181,17.0,108.3,75.91337,7.8264527,2414.0728,137.98332,567.2172,47.149033,1185.6095,91.296906,13.798332,0.7826453,27674.857,2300.4285,81.03104,6.735576,0.67355764,5.71579,5.71579,,51,50,46,42,51,,,
United States,2020-04-24,30470.0,854958,2221,49347,198986,15593,-1.6,0.0,401248,31181,9.6,84.6,89.21512,6.503012,2503.2878,144.48633,582.6242,45.65577,1174.8405,91.296906,14.448633,0.6503012,28426.572,2227.5715,83.23203,6.522253,0.6522253,5.7718625,5.7718625,,52,51,47,43,52,,,
United States,2020-04-25,33211.0,888169,1984,51331,200703,15132,0.8,-4.2,399716,30935,4.5,64.7,97.24067,5.8090844,2600.5286,150.29541,587.65155,44.30598,1170.3547,90.57662,15.029541,0.5809084,28671.857,2161.7144,83.95022,6.3294253,0.63294256,5.779418,5.779418,,53,52,48,44,53,,,
United States,2020-04-26,34778.0,922947,2103,53434,205165,14899,4.6,-6.3,401315,30797,1.5,50.0,101.8288,6.157512,2702.3572,156.45293,600.7161,43.623764,1175.0366,90.17256,15.645292,0.6157512,29309.285,2128.4285,85.81659,6.231966,0.6231966,5.7894983,5.7894983,,54,53,49,45,54,,,
United States,2020-04-27,33603.0,956550,1892,55326,210487,14943,9.1,-3.9,403383,30497,-0.7,37.6,98.388435,5.5397115,2800.7456,161.99263,616.29877,43.752594,1181.0917,89.294174,16.199265,0.5539711,30069.572,2134.7144,88.04268,6.2503705,0.6250371,5.7839108,5.7839108,,55,54,50,46,55,,,
United States,2020-04-28,26063.0,982613,1535,56861,210480,14485,9.7,-7.7,402352,30175,-1.2,29.2,76.31158,4.4944277,2877.0574,166.48706,616.27826,42.411587,1178.0729,88.35137,16.648706,0.44944274,30068.572,2069.2856,88.03975,6.058798,0.6058798,5.7867136,5.7867136,,56,55,51,47,56,,,
United States,2020-04-29,23758.0,1006371,1489,58350,207810,13897,7.6,-12.4,400866,29759,-3.8,20.8,69.562614,4.359741,2946.6199,170.8468,608.4606,40.68994,1173.7219,87.13333,17.08468,0.43597412,29687.143,1985.2858,86.92294,5.8128486,0.5812849,5.7980604,5.7980604,,57,56,52,48,57,,,
United States,2020-04-30,23935.0,1030306,2111,60461,205818,13335,6.2,-17.2,399542,29438,-4.6,12.9,70.080864,6.180936,3016.7007,177.02774,602.62805,39.044426,1169.8453,86.19346,17.702774,0.6180936,29402.572,1905.0,86.08972,5.577775,0.55777746,5.8682566,5.8682566,,58,57,53,49,58,,,
United States,2020-05-01,26774.0,1057080,2417,62878,202122,13531,1.6,-13.2,401108,29124,-3.4,5.2,78.39336,7.0768933,3095.094,184.10463,591.80634,39.618305,1174.4305,85.27408,18.410463,0.70768934,28874.572,1933.0,84.543755,5.659758,0.5659758,5.9482727,5.9482727,,59,58,54,50,59,,,
United States,2020-05-02,31221.0,1088301,2238,65116,200132,13785,-0.3,-8.9,400835,28917,-3.9,0.3,91.414024,6.5527873,3186.508,190.65742,585.9797,40.362007,1173.6312,84.667984,19.065742,0.65527874,28590.285,1969.2858,83.71138,5.766001,0.57660013,5.983271,5.983271,,60,59,55,51,60,,,
United States,2020-05-03,33082.0,1121383,1953,67069,198436,13635,-3.3,-8.5,403601,28534,-2.8,-4.2,96.86297,5.718317,3283.371,196.37573,581.01385,39.922813,1181.73,83.54658,19.637573,0.5718317,28348.0,1947.8572,83.001976,5.703259,0.5703259,5.9809184,5.9809184,,61,60,56,52,61,,,
United States,2020-05-04,28292.0,1149675,1609,68678,193125,13352,-8.2,-10.6,403612,28295,-1.9,-6.0,82.83801,4.7110972,3366.2092,201.08684,565.4634,39.0942,1181.7621,82.846794,20.108685,0.4711097,27589.285,1907.4286,80.78049,5.5848856,0.55848855,5.973688,5.973688,,62,61,57,53,62,,,
United States,2020-05-05,25927.0,1175602,1412,70090,192989,13229,-8.3,-8.7,403469,27714,-1.7,-8.3,75.91337,4.134288,3442.1226,205.22113,565.0652,38.73406,1181.3434,81.145645,20.522112,0.41342878,27569.857,1889.8572,80.7236,5.5334373,0.5533437,5.962052,5.962052,,63,62,58,54,63,,,
United States,2020-05-06,22324.0,1197926,1271,71361,191555,13011,-7.8,-6.4,399365,26908,-2.2,-12.1,65.36391,3.7214446,3507.4863,208.94257,560.8665,38.095764,1169.327,78.785706,20.894257,0.37214446,27365.0,1858.7142,80.12379,5.4422517,0.5442252,5.9570456,5.9570456,,64,63,59,55,64,,,
United States,2020-05-07,22878.0,1220804,2434,73795,190498,13334,-7.4,-0.0,396316,26669,-2.1,-14.5,66.986,7.126669,3574.4724,216.06924,557.7716,39.041496,1160.3997,78.08592,21.606924,0.71266687,27214.0,1904.8572,79.68166,5.577357,0.5577357,6.044787,6.044787,,65,64,60,56,65,,,
United States,2020-05-08,25440.0,1246244,2341,76136,189164,13258,-6.4,-2.0,391286,26789,-2.5,-14.1,74.48745,6.854368,3648.96,222.9236,553.8657,38.81897,1145.672,78.43728,22.29236,0.6854368,27023.428,1894.0,79.12367,5.545567,0.5545567,6.109237,6.109237,,66,65,61,57,66,,,
United States,2020-05-09,28552.0,1274796,2033,78169,186495,13053,-6.8,-5.3,386627,26838,-3.3,-13.2,83.59928,5.9525547,3732.559,228.87616,546.05096,38.21874,1132.0306,78.58075,22.887615,0.59525543,26642.143,1864.7142,78.007286,5.45982,0.54598194,6.131883,6.131883,,67,66,62,58,67,,,
United States,2020-05-10,28833.0,1303629,1658,79827,182246,12758,-8.2,-6.4,380682,26393,-5.1,-14.3,84.422035,4.8545675,3816.9812,233.73073,533.61005,37.35499,1114.6239,77.2778,23.373074,0.48545673,26035.143,1822.5714,76.23001,5.3364267,0.5336427,6.1234446,6.1234446,,68,67,63,59,68,,,
United States,2020-05-11,25917.0,1329546,1491,81318,179871,12640,-6.9,-5.3,372996,25992,-7.5,-14.8,75.88409,4.3655972,3892.8652,238.09633,526.6561,37.009487,1092.1195,76.10369,23.809633,0.4365597,25695.857,1805.7142,75.236595,5.28707,0.52870697,6.1162233,6.1162233,,69,68,64,60,69,,,
United States,2020-05-12,20656.0,1350202,1073,82391,174600,12301,-9.5,-7.0,367589,25530,-8.6,-15.4,60.48006,3.1417074,3953.3452,241.23804,511.22284,36.016907,1076.2881,74.75097,24.123804,0.31417072,24942.857,1757.2858,73.03183,5.1452727,0.51452726,6.102124,6.102124,,70,69,65,61,70,,,
United States,2020-05-13,19950.0,1370152,1034,83425,172226,12064,-10.1,-7.3,363781,25075,-9.3,-15.7,58.412918,3.0275166,4011.7583,244.26555,504.27185,35.32298,1065.1383,73.41874,24.426556,0.30275166,24603.715,1723.4286,72.03883,5.04614,0.504614,6.0887403,6.0887403,,71,70,66,62,71,,,
United States,2020-05-14,23902.0,1394054,1533,84958,173250,11163,-9.1,-16.3,363748,24497,-9.0,-16.8,69.98424,4.4885716,4081.7424,248.75412,507.27008,32.684883,1065.0417,71.72638,24.875412,0.44885716,24750.0,1594.7142,72.467155,4.669269,0.4669269,6.094312,6.094312,,72,71,67,63,72,,,
United States,2020-05-15,17336.0,1411390,1507,86465,165146,10329,-12.7,-22.1,354310,23587,-11.7,-19.0,50.759216,4.4124446,4132.5015,253.16656,483.54184,30.242958,1037.4076,69.06193,25.316656,0.44124445,23592.285,1475.5714,69.07741,4.3204226,0.43204227,6.1262302,6.1262302,,73,72,68,64,73,,,
United States,2020-05-16,34643.0,1446033,1943,88408,171237,10239,-8.2,-21.6,357732,23292,-10.8,-19.5,101.43352,5.689038,4233.935,258.8556,501.3761,29.979443,1047.4271,68.19818,25.885561,0.56890374,24462.428,1462.7142,71.62515,4.2827773,0.42827773,6.11383,6.11383,,74,73,69,65,74,,,
United States,2020-05-17,26628.0,1472661,1549,89957,169032,10130,-7.3,-20.6,351278,22888,-13.0,-19.8,77.96587,4.535419,4311.901,263.39102,494.91992,29.660294,1028.53,67.01528,26.339102,0.4535419,24147.428,1447.1428,70.70284,4.237185,0.42371848,6.108466,6.108466,,75,74,70,66,75,,,
United States,2020-05-18,26081.0,1498742,1239,91196,169196,9878,-5.9,-21.9,349067,22518,-13.5,-20.4,76.36427,3.6277497,4388.265,267.01877,495.40012,28.922447,1022.0563,65.93194,26.701878,0.36277497,24170.857,1411.1428,70.77145,4.1317782,0.41317782,6.0848365,6.0848365,,76,75,71,67,76,,,
United States,2020-05-19,19917.0,1518659,927,92123,168457,9732,-3.5,-20.9,343057,22033,-15.0,-20.5,58.316296,2.7142243,4446.5815,269.733,493.23633,28.494963,1004.45917,64.51187,26.973299,0.27142245,24065.285,1390.2858,70.46233,4.070709,0.4070709,6.0660753,6.0660753,,77,76,72,68,77,,,
United States,2020-05-20,22744.0,1541403,946,93069,171251,9644,-0.6,-20.1,343477,21708,-14.0,-19.3,66.59366,2.7698557,4513.1753,272.50284,501.41708,28.237303,1005.6889,63.560284,27.250284,0.27698556,24464.428,1377.7142,71.63101,4.0339003,0.40339002,6.037941,6.037941,,78,77,73,69,78,,,
United States,2020-05-21,21923.0,1563326,1179,94248,169272,9290,-2.3,-16.8,342522,20453,-13.6,-23.3,64.1898,3.4520717,4577.365,275.95493,495.62262,27.200802,1002.8927,59.885685,27.595491,0.34520718,24181.715,1327.1428,70.80323,3.885829,0.3885829,6.028685,6.028685,,79,78,74,70,79,,,
United States,2020-05-22,23506.0,1586832,1374,95622,175442,9157,6.2,-11.3,340588,19486,-13.0,-27.3,68.82477,4.023025,4646.19,279.97794,513.6882,26.811382,997.23004,57.05434,27.997795,0.4023025,25063.143,1308.1428,73.384026,3.8301976,0.38301975,6.0259686,6.0259686,,80,79,75,71,80,,,
United States,2020-05-23,26191.0,1613023,1083,96705,166990,8297,-2.5,-19.0,338227,18536,-12.5,-30.9,76.686356,3.170987,4722.876,283.14893,488.941,24.293333,990.3171,54.272774,28.314894,0.3170987,23855.715,1185.2858,69.84872,3.4704762,0.3470476,5.995265,5.995265,,81,80,76,72,81,,,
United States,2020-05-24,25963.0,1638986,1810,98515,166325,8558,-1.6,-15.5,335357,18688,-11.9,-29.2,76.018776,5.2996182,4798.895,288.44855,486.99393,25.057531,981.9138,54.717827,28.844856,0.5299618,23760.715,1222.5714,69.57056,3.5796473,0.35796472,6.0107284,6.0107284,,82,81,77,73,82,,,
United States,2020-05-25,21465.0,1660451,937,99452,161709,8256,-4.4,-16.4,330905,18134,-11.3,-30.2,62.848785,2.743504,4861.7437,291.19205,473.47842,24.173286,968.87854,53.095734,29.119205,0.2743504,23101.285,1179.4286,67.63978,3.4533265,0.34533265,5.989457,5.989457,,83,82,78,74,83,,,
United States,2020-05-26,20651.0,1681102,788,100240,162443,8117,-3.6,-16.6,330900,17849,-10.0,-30.1,60.465424,2.3072371,4922.209,293.4993,475.62756,23.766298,968.8639,52.26126,29.34993,0.23072371,23206.143,1159.5714,67.94679,3.3951855,0.33951855,5.962755,5.962755,,84,83,79,75,84,,,
United States,2020-05-27,19379.0,1700481,687,100927,159078,7858,-7.1,-18.5,330329,17502,-9.2,-30.2,56.74105,2.0115125,4978.95,295.5108,465.77493,23.007956,967.192,51.24526,29.55108,0.20115125,22725.428,1122.5714,66.539276,3.2868507,0.32868508,5.935203,5.935203,,85,84,80,76,85,,,
United States,2020-05-28,17510.0,1717991,811,101738,154665,7490,-8.6,-19.4,323937,16780,-10.9,-31.5,51.26868,2.3745804,5030.2188,297.88538,452.85382,21.930464,948.47644,49.131268,29.788538,0.23745804,22095.0,1070.0,64.693405,3.1329234,0.31329235,5.921917,5.921917,,86,85,81,77,86,,,
United States,2020-05-29,19508.0,1737499,1285,103023,150667,7401,-14.1,-19.2,326109,16558,-8.0,-29.8,57.11876,3.7624362,5087.338,301.64783,441.14783,21.669874,954.836,48.48126,30.164782,0.37624362,21523.857,1057.2858,63.02112,3.0956964,0.30956966,5.9293847,5.9293847,,87,86,82,78,87,,,
United States,2020-05-30,24182.0,1761681,1251,104274,148658,7569,-11.0,-8.8,315648,15866,-11.8,-31.9,70.80407,3.6628852,5158.1416,305.3107,435.26553,22.161774,924.20654,46.455105,30.53107,0.3662885,21236.857,1081.2858,62.180794,3.1659677,0.31659678,5.919006,5.919006,,88,87,83,79,88,,,
United States,2020-05-31,23741.0,1785422,1051,105325,146436,6810,-12.0,-20.4,312761,15368,-11.0,-32.9,69.51284,3.077292,5227.655,308.388,428.7596,19.939447,915.75354,44.99698,30.8388,0.3077292,20919.428,972.8571,61.251373,2.8484924,0.28484926,5.8991656,5.8991656,,89,88,84,80,89,,,
United States,2020-06-01,24127.0,1809549,906,106231,149098,6779,-7.8,-17.9,310807,15035,-11.0,-33.2,70.64303,2.6527371,5298.298,311.04074,436.55386,19.84868,910.0323,44.021965,31.104074,0.2652737,21299.715,968.4286,62.364834,2.8355258,0.2835526,5.870579,5.870579,,90,89,85,81,90,,,
United States,2020-06-02,21466.0,1831015,673,106904,149913,6664,-7.7,-17.9,312356,14781,-8.9,-32.9,62.851715,1.970521,5361.1494,313.01126,438.94016,19.511965,914.5677,43.278263,31.301126,0.1970521,21416.143,952.0,62.705734,2.7874234,0.27874234,5.8385105,5.8385105,,91,90,86,82,91,,,
United States,2020-06-03,17157.0,1848172,691,107595,147691,6668,-7.2,-15.1,306769,14526,-10.7,-33.1,50.23511,2.0232244,5411.3843,315.0345,432.4342,19.523676,898.20917,42.53163,31.503448,0.20232244,21098.715,952.5714,61.776314,2.7890966,0.27890965,5.821698,5.821698,,92,91,87,83,92,,,
United States,2020-06-04,20974.0,1869146,934,108529,151155,6791,-2.3,-9.3,305820,14281,-10.7,-30.2,61.411156,2.73472,5472.7954,317.7692,442.57666,19.883816,895.4305,41.81428,31.77692,0.273472,21593.572,970.1429,63.22524,2.8405452,0.28405452,5.8063416,5.8063416,,93,92,88,84,93,,,
United States,2020-06-05,20695.0,1889841,1022,109551,152342,6528,1.1,-11.8,303009,13929,-11.0,-28.5,60.594254,2.992381,5533.3896,320.7616,446.05215,19.11376,887.2,40.783634,32.076157,0.29923812,21763.143,932.5714,63.721737,2.7305372,0.27305374,5.796837,5.796837,,94,93,89,85,94,,,
United States,2020-06-06,20870.0,1910711,885,110436,149030,6162,0.3,-18.6,297688,13731,-12.0,-25.9,61.106647,2.5912497,5594.4966,323.35284,436.35474,18.042126,871.6203,40.2039,32.335285,0.25912496,21290.0,880.2857,62.33639,2.5774465,0.25774464,5.779838,5.779838,,95,94,90,86,95,,,
United States,2020-06-07,24491.0,1935202,876,111312,149780,5987,2.3,-12.1,296216,12797,-11.7,-31.5,71.70881,2.564898,5666.205,325.91772,438.55072,17.529732,867.3103,37.469177,32.591774,0.2564898,21397.143,855.2857,62.650105,2.5042474,0.25042474,5.751958,5.751958,,96,95,91,87,96,,,
United States,2020-06-08,23285.0,1958487,669,111981,148938,5750,-0.1,-15.2,298036,12529,-9.9,-30.9,68.17768,1.9588091,5734.383,327.87653,436.0854,16.835804,872.6392,36.684483,32.787655,0.19588092,21276.857,821.4286,62.29791,2.405115,0.24051148,5.71773,5.71773,,97,96,92,88,97,,,
United States,2020-06-09,18455.0,1976942,593,112574,145927,5670,-2.7,-14.9,295840,12334,-10.6,-30.9,54.03561,1.7362838,5788.4185,329.61282,427.26926,16.601566,866.2094,36.11353,32.96128,0.17362837,20846.715,810.0,61.038467,2.3716524,0.23716523,5.6943502,5.6943502,,98,97,93,89,98,,,
United States,2020-06-10,18151.0,1995093,776,113350,146921,5755,-0.5,-13.7,294612,12423,-10.8,-29.0,53.145508,2.2721014,5841.564,331.88492,430.17966,16.850443,862.6139,36.37412,33.18849,0.22721015,20988.715,822.1429,61.45424,2.4072063,0.24072061,5.6814394,5.6814394,,99,98,94,90,99,,,
United States,2020-06-11,18581.0,2013674,827,114177,144528,5648,-4.4,-16.8,295683,12439,-8.7,-25.9,54.404533,2.4214277,5895.9688,334.30637,423.17303,16.537151,865.7497,36.420967,33.430634,0.24214277,20646.857,806.8571,60.453293,2.3624501,0.23624502,5.6700835,5.6700835,,100,99,95,91,100,,,
United States,2020-06-12,22181.0,2035855,882,115059,146014,5508,-4.2,-15.6,298356,12036,-8.5,-27.3,64.94521,2.582466,5960.914,336.88882,427.524,16.127235,873.5762,35.240997,33.68888,0.2582466,20859.143,786.8571,61.074856,2.3038907,0.23038909,5.6516304,5.6516304,,101,100,96,92,101,,,
United States,2020-06-13,22890.0,2058745,888,115947,148034,5511,-0.7,-10.6,297064,11673,-5.9,-26.4,67.02114,2.6000338,6027.935,339.48886,433.4385,16.136019,869.7932,34.178146,33.948887,0.26000336,21147.715,787.2857,61.919785,2.3051457,0.23051457,5.631926,5.631926,,102,101,97,93,102,,,
United States,2020-06-14,28333.0,2087078,735,116682,151876,5370,1.4,-10.3,301656,11357,-3.6,-26.1,82.95805,2.1520548,6110.893,341.6409,444.68774,15.723176,883.23846,33.252907,34.16409,0.21520549,21696.572,767.1429,63.52682,2.2461681,0.22461681,5.5906873,5.5906873,,103,102,98,94,103,,,
United States,2020-06-15,26434.0,2113512,685,117367,155025,5386,4.1,-6.3,303963,11136,-2.2,-25.9,77.39785,2.0056565,6188.291,343.64658,453.9079,15.770024,889.9933,32.605827,34.36466,0.20056567,22146.428,769.4286,64.84399,2.2528605,0.22528605,5.553174,5.553174,,104,103,99,95,104,,,
United States,2020-06-16,20778.0,2134290,489,117856,157348,5282,7.8,-6.8,303275,10952,-2.9,-25.9,60.837273,1.4317753,6249.1284,345.07834,460.70956,15.465515,887.9788,32.06708,34.507835,0.14317752,22478.285,754.5714,65.81565,2.2093594,0.22093594,5.5220237,5.5220237,,105,104,100,96,105,,,
United States,2020-06-17,20591.0,2154881,525,118381,159788,5031,8.8,-12.6,306709,10786,-0.0,-25.7,60.289745,1.5371821,6309.418,346.6155,467.8538,14.730596,898.03345,31.58104,34.661552,0.1537182,22826.857,718.7143,66.83626,2.1043708,0.21043709,5.4936213,5.4936213,,106,105,101,97,106,,,
United States,2020-06-18,24777.0,2179658,674,119055,165984,4878,14.8,-13.6,310512,10526,1.5,-26.3,72.54621,1.973449,6381.9644,348.58896,485.99548,14.282618,909.1685,30.819769,34.8589,0.1973449,23712.0,696.8571,69.427925,2.0403738,0.20403738,5.4620953,5.4620953,,107,106,102,98,107,,,
United States,2020-06-19,25816.0,2205474,684,119739,169619,4680,16.2,-15.0,315633,10188,4.2,-26.9,75.58836,2.0027287,6457.5527,350.5917,496.63864,13.70288,924.16266,29.830116,35.05917,0.20027286,24231.285,668.5714,70.94838,1.9575543,0.19575542,5.429173,5.429173,,108,107,103,99,108,,,
United States,2020-06-20,28520.0,2233994,643,120382,175249,4435,18.4,-19.5,323283,9946,8.6,-27.6,83.505585,1.882682,6541.058,352.4744,513.1231,12.985528,946.5616,29.121548,35.247437,0.1882682,25035.572,633.5714,73.3033,1.8550755,0.18550755,5.3886447,5.3886447,,109,108,104,100,109,,,
United States,2020-06-21,33105.0,2267099,755,121137,180021,4455,18.5,-17.0,331897,9825,12.0,-23.2,96.930305,2.2106142,6637.9883,354.685,527.09534,13.044087,971.7831,28.767263,35.4685,0.22106142,25717.285,636.4286,75.29933,1.8634411,0.18634412,5.3432603,5.3432603,,110,109,105,101,110,,,
United States,2020-06-22,33467.0,2300566,576,121713,187054,4346,20.7,-19.3,342079,9732,14.8,-22.3,97.990234,1.6865083,6735.9785,356.3715,547.68774,12.724939,1001.59564,28.494963,35.63715,0.16865084,26722.0,620.8571,78.241104,1.8178484,0.18178485,5.2905674,5.2905674,,111,110,106,102,111,,,
United States,2020-06-23,27345.0,2327911,413,122126,193621,4270,23.1,-19.2,350969,9552,18.6,-22.6,80.06522,1.2092499,6816.044,357.58075,566.91565,12.502414,1027.6252,27.96793,35.758076,0.12092499,27660.143,610.0,80.98795,1.7860591,0.17860591,5.246163,5.246163,,112,111,107,103,112,,,
United States,2020-06-24,28698.0,2356609,415,122541,201728,4160,26.2,-17.3,361516,9191,22.7,-26.0,84.026764,1.2151058,6900.071,358.79587,590.6527,12.180338,1058.5065,26.910934,35.879585,0.12151058,28818.285,594.2857,84.37895,1.7400483,0.17400482,5.199887,5.199887,,113,112,108,104,113,,,
United States,2020-06-25,37887.0,2394496,746,123287,214838,4232,29.4,-13.2,380822,9110,28.8,-26.8,110.93184,2.1842625,7011.0024,360.98013,629.0383,12.391151,1115.0338,26.673769,36.09801,0.21842626,30691.143,604.5714,89.86262,1.7701645,0.17701645,5.148766,5.148766,,114,113,109,105,114,,,
United States,2020-06-26,37320.0,2431816,692,123979,226342,4240,33.4,-9.4,395961,8920,32.7,-25.9,109.27168,2.0261524,7120.274,363.0063,662.7216,12.414575,1159.3602,26.117455,36.30063,0.20261523,32334.572,605.7143,94.67452,1.7735107,0.17735107,5.0982065,5.0982065,,115,114,110,106,115,,,
United States,2020-06-27,47021.0,2478837,2533,126512,244843,6130,39.7,38.2,420092,10565,41.4,-9.5,137.67589,7.4165373,7257.95,370.42282,716.8919,17.948431,1230.015,30.933958,37.042282,0.74165374,34977.57,875.7143,102.41313,2.5640614,0.25640616,5.1036835,5.1036835,,116,115,111,107,116,,,
United States,2020-06-28,46540.0,2525377,706,127218,258278,6081,43.5,36.5,438299,10536,45.3,-7.2,136.26753,2.067144,7394.218,372.48996,756.2292,17.80496,1283.3245,30.849049,37.248997,0.20671439,36896.855,868.7143,108.03274,2.5435658,0.25435656,5.0375843,5.0375843,,117,116,112,108,117,,,
United States,2020-06-29,43653.0,2569030,593,127811,268464,6098,43.5,40.3,455518,10444,49.9,-6.2,127.81449,1.7362838,7522.032,374.22623,786.0534,17.854736,1333.7411,30.579676,37.422623,0.17362837,38352.0,871.1429,112.29334,2.5506766,0.25506765,4.9750686,4.9750686,,118,117,113,109,118,,,
United States,2020-06-30,37583.0,2606613,439,128250,278702,6124,43.9,43.4,472323,10394,55.7,-5.1,110.04174,1.285377,7632.0737,375.51163,816.0299,17.930862,1382.9456,30.433277,37.551163,0.1285377,39814.57,874.8571,116.57571,2.5615518,0.2561552,4.920178,4.920178,,119,118,114,110,119,,,
United States,2020-07-01,38517.0,2645130,461,128711,288521,6170,43.0,48.3,490249,10330,59.8,-4.2,112.77646,1.3497922,7744.85,376.86142,844.7796,18.06555,1435.4324,30.245888,37.686142,0.13497922,41217.285,881.4286,120.6828,2.5807927,0.25807926,4.865961,4.865961,,120,119,115,111,120,,,
United States,2020-07-02,47253.0,2692383,662,129373,297887,6086,38.7,43.8,512725,10318,65.1,-2.0,138.35516,1.9383134,7883.2056,378.7997,872.20294,17.8196,1501.2413,30.21075,37.87997,0.19383134,42555.285,869.4286,124.600426,2.5456572,0.25456572,4.8051486,4.8051486,,121,120,116,112,121,,,
United States,2020-07-03,59342.0,2751725,782,130155,319909,6176,41.3,45.7,546251,10416,73.1,2.2,173.75134,2.2896693,8056.9565,381.0894,936.6826,18.083117,1599.4043,30.497692,38.10894,0.22896692,45701.285,882.2857,133.8118,2.5833025,0.25833026,4.7299423,4.7299423,,122,121,117,113,122,,,
United States,2020-07-04,55452.0,2807177,704,130859,328340,4347,34.1,-29.1,573183,10477,77.3,5.3,162.36156,2.0612879,8219.318,383.15067,961.3683,12.727867,1678.2603,30.676298,38.315067,0.20612879,46905.715,621.0,137.33833,1.8182667,0.18182668,4.661587,4.661587,,123,122,118,114,123,,,
United States,2020-07-05,60366.0,2867543,810,131669,342166,4451,32.5,-26.8,600444,10532,80.9,7.2,176.74959,2.3716524,8396.068,385.52234,1001.85034,13.032376,1758.0795,30.837336,38.552235,0.23716523,48880.855,635.8571,143.12148,1.861768,0.18617679,4.591701,4.591701,,124,123,119,115,124,,,
United States,2020-07-06,48978.0,2916521,539,132208,347491,4397,29.4,-27.9,615955,10495,80.1,7.8,143.40591,1.5781736,8539.474,387.1005,1017.4418,12.874266,1803.4952,30.729002,38.71005,0.15781736,49641.57,628.1429,145.34883,1.8391808,0.18391809,4.533072,4.533072,,125,124,120,116,125,,,
United States,2020-07-07,40413.0,2956934,460,132668,350321,4418,25.7,-27.9,629023,10542,79.2,10.4,118.32788,1.3468642,8657.802,388.44736,1025.7279,12.935753,1841.7578,30.866615,38.844738,0.13468643,50045.855,631.1429,146.53256,1.8479648,0.18479647,4.4866743,4.4866743,,126,125,121,117,126,,,
United States,2020-07-08,50763.0,3007697,598,133266,362567,4555,25.7,-26.2,651088,10725,80.1,16.7,148.63232,1.7509235,8806.434,390.1983,1061.5837,13.3368845,1906.3634,31.402433,39.01983,0.17509235,51795.285,650.7143,151.65483,1.9052691,0.19052692,4.430832,4.430832,,127,126,122,118,127,,,
United States,2020-07-09,56754.0,3064451,928,134194,372068,4821,24.9,-20.8,669955,10907,75.9,19.7,166.17377,2.7171524,8972.607,392.91544,1089.4023,14.115724,1961.6053,31.935324,39.291546,0.27171522,53152.57,688.7143,155.6289,2.016532,0.20165318,4.379055,4.379055,,128,127,123,119,128,,,
United States,2020-07-10,64775.0,3129226,1079,135273,377501,5118,18.0,-17.1,697410,11294,76.1,26.6,189.65898,3.159275,9162.267,396.0747,1105.31,14.985329,2041.9927,33.068447,39.60747,0.3159275,53928.715,731.1429,157.90143,2.1407614,0.21407613,4.3228903,4.3228903,,129,128,124,120,129,,,
United States,2020-07-11,61943.0,3191169,961,136234,383992,5375,16.9,23.6,712332,9722,69.6,-8.0,181.36699,2.813775,9343.634,398.8885,1124.3154,15.737816,2085.6838,28.465683,39.88885,0.28137752,54856.0,767.8571,160.6165,2.2482595,0.22482595,4.269094,4.269094,,130,129,125,121,130,,,
United States,2020-07-12,68579.0,3259748,964,137198,392205,5529,14.6,24.2,734371,9980,67.6,-5.3,200.79697,2.822559,9544.431,401.71106,1148.3628,16.188723,2150.2131,29.2211,40.171104,0.28225592,56029.285,789.8571,164.05183,2.3126748,0.23126747,4.208853,4.208853,,131,130,126,122,131,,,
United States,2020-07-13,68262.0,3328010,889,138087,411489,5879,18.4,33.7,758980,10276,66.6,-1.6,199.8688,2.6029615,9744.3,404.31403,1204.8257,17.21351,2222.2676,30.087776,40.4314,0.26029617,58784.145,839.8571,172.11797,2.459073,0.2459073,4.149236,4.149236,,132,131,127,123,132,,,
United States,2020-07-14,58680.0,3386690,840,138927,429756,6259,22.7,41.7,780077,10677,65.2,2.7,171.81303,2.4594913,9916.112,406.7735,1258.3109,18.326138,2284.0388,31.26189,40.67735,0.24594913,61393.715,894.1429,179.7587,2.6180198,0.26180196,4.102147,4.102147,,133,132,128,124,133,,,
United States,2020-07-15,56287.0,3442977,731,139658,435280,6392,20.1,40.3,797847,10947,62.7,6.0,164.80641,2.140343,10080.919,408.91385,1274.485,18.715557,2336.0688,32.05244,40.891384,0.2140343,62182.855,913.1429,182.06927,2.673651,0.2673651,4.0563154,4.0563154,,134,133,129,125,134,,,
United States,2020-07-16,64516.0,3507493,914,140572,443042,6378,19.1,32.3,815110,11199,59.0,8.5,188.90065,2.6761608,10269.819,411.59003,1297.2118,18.674566,2386.6143,32.79029,41.159,0.26761606,63291.715,911.1429,185.31598,2.6677952,0.2667795,4.007763,4.007763,,135,134,130,126,135,,,
United States,2020-07-17,72389.0,3579882,1122,141694,450656,6421,19.4,25.5,828157,11539,51.6,10.8,211.95251,3.2851777,10481.772,414.87518,1319.5054,18.800468,2424.8154,33.785797,41.48752,0.32851776,64379.43,917.2857,188.50076,2.6857812,0.2685781,3.9580634,3.9580634,,136,135,131,127,136,,,
United States,2020-07-18,69181.0,3649063,1089,142783,457894,6549,19.2,21.8,841886,11924,46.9,13.8,202.5596,3.1885548,10684.332,418.06375,1340.698,19.17525,2465.0134,34.913063,41.806374,0.31885546,65413.43,935.5714,191.52829,2.7393212,0.27393213,3.9128675,3.9128675,,137,136,132,128,137,,,
United States,2020-07-19,76952.0,3726015,1081,143864,466267,6666,18.9,20.6,858472,12195,43.0,15.8,225.31282,3.165131,10909.645,421.22888,1365.2139,19.51782,2513.5767,35.706543,42.122887,0.3165131,66609.57,952.2857,195.03055,2.78826,0.278826,3.8610687,3.8610687,,138,137,133,129,138,,,
United States,2020-07-20,67324.0,3793339,1005,144869,465329,6782,13.1,15.4,876818,12661,42.4,20.6,197.12238,2.9426057,11106.767,424.17148,1362.4674,19.857464,2567.2932,37.070976,42.41715,0.29426056,66475.57,968.8571,194.6382,2.8367805,0.28367805,3.8190365,3.8190365,,139,138,134,130,139,,,
United States,2020-07-21,60012.0,3853351,932,145801,466661,6874,8.6,9.8,896417,13133,42.5,24.6,175.71309,2.7288642,11282.48,426.90036,1366.3674,20.126837,2624.6782,38.452976,42.690033,0.27288643,66665.86,982.0,195.19536,2.8752625,0.28752625,3.7837455,3.7837455,,140,139,135,131,140,,,
United States,2020-07-22,58519.0,3911870,867,146668,468893,7010,7.7,9.7,904173,13402,38.9,25.0,171.34163,2.5385463,11453.821,429.4389,1372.9027,20.52504,2647.3877,39.240597,42.94389,0.25385463,66984.71,1001.4286,196.12895,2.9321487,0.29321486,3.7493067,3.7493067,,141,140,136,132,141,,,
United States,2020-07-23,63336.0,3975206,1193,147861,467713,7289,5.6,14.3,910755,13667,35.9,25.3,185.44565,3.4930632,11639.268,432.93195,1369.4476,21.341944,2666.6594,40.01651,43.293194,0.34930632,66816.14,1041.2858,195.63538,3.0488489,0.3048849,3.719581,3.719581,,142,141,137,133,142,,,
United States,2020-07-24,72416.0,4047622,1191,149052,467740,7358,3.8,14.6,918396,13779,31.7,22.0,212.03157,3.4872074,11851.299,436.41916,1369.5267,21.543972,2689.032,40.34444,43.641914,0.34872073,66820.0,1051.1428,195.64668,3.0777104,0.30777103,3.6824584,3.6824584,,143,142,138,134,143,,,
United States,2020-07-25,73142.0,4120764,1254,150306,471701,7523,3.0,14.9,929595,14072,30.5,44.7,214.15727,3.6716692,12065.456,440.09082,1381.1244,22.027086,2721.8225,41.202335,44.009083,0.3671669,67385.86,1074.7142,197.30348,3.1467266,0.31467268,3.6475275,3.6475275,,144,143,139,135,144,,,
United States,2020-07-26,73152.0,4193916,1284,151590,467901,7726,0.4,15.9,934168,14392,27.2,44.2,214.18655,3.7595081,12279.643,443.85034,1369.9982,22.621464,2735.212,42.139286,44.385033,0.3759508,66843.0,1103.7142,195.71402,3.2316377,0.32316378,3.6145215,3.6145215,,145,144,140,136,145,,,
United States,2020-07-27,61596.0,4255512,1148,152738,462173,7869,-0.7,16.0,927502,14651,22.2,42.6,180.35098,3.3613048,12459.994,447.21164,1353.2268,23.040163,2715.694,42.89763,44.721165,0.33613047,66024.71,1124.1428,193.3181,3.291452,0.3291452,3.5891802,3.5891802,,146,145,141,137,146,,,
United States,2020-07-28,57759.0,4313271,951,153689,459920,7888,-1.4,14.8,926581,14762,18.8,38.3,169.11638,2.7844956,12629.11,449.99615,1346.63,23.095795,2712.9976,43.222633,44.999615,0.27844954,65702.86,1126.8572,192.37572,3.2993991,0.32993993,3.563166,3.563166,,147,146,142,138,147,,,
United States,2020-07-29,54007.0,4367278,936,154625,455408,7957,-2.9,13.5,924301,14967,15.8,36.7,158.13065,2.740576,12787.241,452.73672,1333.4191,23.297825,2706.3218,43.822865,45.27367,0.2740576,65058.285,1136.7142,190.48843,3.3282607,0.33282605,3.540535,3.540535,,148,147,143,139,148,,,
United States,2020-07-30,58708.0,4425986,1163,155788,450780,7927,-3.6,8.8,918493,15216,12.7,35.9,171.89502,3.4052243,12959.136,456.14194,1319.8684,23.209986,2689.3162,44.55193,45.614193,0.34052244,64397.145,1132.4286,188.55263,3.3157122,0.33157122,3.5198483,3.5198483,,149,148,144,140,149,,,
United States,2020-07-31,64855.0,4490841,1179,156967,443219,7915,-5.2,7.6,910959,15273,10.0,32.4,189.89322,3.4520717,13149.029,459.59402,1297.7301,23.174849,2667.2568,44.718822,45.9594,0.34520718,63317.0,1130.7142,185.39001,3.3106928,0.3310693,3.4952695,3.4952695,,150,149,145,141,150,,,
United States,2020-08-01,66141.0,4556982,1400,158367,436218,8061,-7.5,7.2,907919,15584,7.8,30.7,193.65858,4.099152,13342.6875,463.69318,1277.2314,23.602333,2658.3557,45.62942,46.369316,0.4099152,62316.855,1151.5714,182.46162,3.3717618,0.33717617,3.4752605,3.4752605,,151,150,146,142,151,,,
United States,2020-08-02,68184.0,4625166,1369,159736,431250,8146,-7.8,5.4,899151,15872,4.7,30.2,199.64043,4.008385,13542.328,467.70154,1262.6853,23.85121,2632.6833,46.472675,46.770153,0.40083852,61607.145,1163.7142,180.3836,3.4073157,0.34073156,3.4536273,3.4536273,,152,151,147,143,152,,,
United States,2020-08-03,56412.0,4681578,1164,160900,426066,8162,-7.8,3.7,888239,16031,1.3,26.6,165.17241,3.408152,13707.5,471.1097,1247.5067,23.898058,2600.7334,46.93822,47.11097,0.34081522,60866.57,1166.0,178.21524,3.4140081,0.3414008,3.4368753,3.4368753,,153,152,148,144,153,,,
United States,2020-08-04,50849.0,4732427,922,161822,419156,8133,-8.9,3.1,879076,16021,-1.9,22.0,148.88414,2.6995845,13856.385,473.8093,1227.2744,23.813147,2573.9045,46.90894,47.380928,0.26995844,59879.43,1161.8572,175.32492,3.401878,0.3401878,3.4194293,3.4194293,,154,153,149,145,154,,,
United States,2020-08-05,45329.0,4777756,853,162675,410478,8050,-9.9,1.2,865886,16007,-4.2,19.4,132.72176,2.4975548,13989.106,476.30685,1201.8656,23.570126,2535.2847,46.86795,47.630684,0.24975549,58639.715,1150.0,171.69508,3.3671608,0.33671606,3.4048412,3.4048412,,155,154,150,146,155,,,
United States,2020-08-06,52056.0,4829812,1072,163747,403826,7959,-10.4,0.4,854606,15886,-6.2,16.2,152.41818,3.1387794,14141.524,479.44562,1182.3887,23.30368,2502.257,46.513664,47.94456,0.31387794,57689.43,1137.0,168.91267,3.329097,0.3329097,3.390339,3.390339,,156,155,151,147,156,,,
United States,2020-08-07,55592.0,4885404,1260,165007,394563,8040,-11.0,1.6,837782,15955,-8.8,15.8,162.77147,3.6892369,14304.296,483.13486,1155.267,23.540846,2452.997,46.715694,48.313484,0.3689237,56366.145,1148.5714,165.03815,3.362978,0.33629778,3.3775508,3.3775508,,157,156,152,148,157,,,
United States,2020-08-08,53165.0,4938569,1211,166218,381587,7851,-12.5,-2.6,817805,15912,-12.0,13.1,155.6653,3.5457666,14459.961,486.68063,1117.2737,22.98746,2394.5051,46.58979,48.668064,0.35457665,54512.43,1121.5714,159.61053,3.283923,0.32839227,3.365712,3.365712,,158,157,153,149,158,,,
United States,2020-08-09,62506.0,5001075,1317,167535,375909,7799,-12.8,-4.3,807159,15945,-13.6,10.8,183.01543,3.856131,14642.977,490.53674,1100.6487,22.835205,2363.334,46.686417,49.053677,0.3856131,53701.285,1114.1428,157.23553,3.2621722,0.32621723,3.3499796,3.3499796,,159,158,154,150,159,,,
United States,2020-08-10,51679.0,5052754,1043,168578,371176,7678,-12.9,-5.9,797242,15840,-14.0,8.1,151.31435,3.0538683,14794.291,493.59064,1086.7906,22.48092,2334.2974,46.37898,49.359062,0.30538684,53025.145,1096.8572,155.25581,3.2115602,0.32115602,3.3363588,3.3363588,,160,159,155,151,160,,,
United States,2020-08-11,46473.0,5099227,900,169478,366800,7656,-12.5,-5.9,785956,15789,-15.2,7.0,136.07135,2.6351693,14930.362,496.2258,1073.9779,22.416506,2301.2522,46.229652,49.622578,0.26351693,52400.0,1093.7142,153.42542,3.202358,0.32023582,3.3236017,3.3236017,,161,160,156,152,161,,,
United States,2020-08-12,43377.0,5142604,795,170273,364848,7598,-11.1,-5.6,775326,15648,-16.1,4.6,127.00637,2.3277328,15057.369,498.55353,1068.2625,22.246685,2270.128,45.81681,49.855354,0.23277329,52121.145,1085.4286,152.60893,3.1780977,0.3178098,3.3110268,3.3110268,,162,161,157,153,162,,,
United States,2020-08-13,58958.0,5201562,1098,171371,371750,7624,-7.9,-4.2,775576,15583,-15.6,2.4,172.62701,3.2149065,15229.996,501.76843,1088.4713,22.322811,2270.86,45.62649,50.17684,0.32149065,53107.145,1089.1428,155.4959,3.188973,0.3188973,3.2946064,3.2946064,,163,162,158,154,163,,,
United States,2020-08-14,54392.0,5255954,1326,172697,370550,7690,-6.1,-4.4,765113,15730,-16.0,3.0,159.25792,3.8824828,15389.254,505.6509,1084.9578,22.516058,2240.2246,46.056904,50.56509,0.38824826,52935.715,1098.5714,154.99396,3.2165797,0.32165796,3.2857404,3.2857404,,164,163,159,155,164,,,
United States,2020-08-15,51522.0,5307476,1195,173892,368907,7674,-3.3,-2.3,750494,15525,-17.3,-0.4,150.85466,3.4989192,15540.108,509.14984,1080.1471,22.46921,2197.421,45.45667,50.91498,0.34989193,52701.0,1096.2858,154.30673,3.209887,0.3209887,3.2763596,3.2763596,,165,164,160,156,165,,,
United States,2020-08-16,56261.0,5363737,1047,174939,362662,7404,-3.5,-5.1,738571,15203,-17.9,-4.2,164.73029,3.0655801,15704.839,512.2154,1061.8619,21.67866,2162.5107,44.513863,51.221542,0.306558,51808.855,1057.7142,151.69456,3.0969512,0.30969512,3.2615135,3.2615135,,166,165,161,157,166,,,
United States,2020-08-17,51137.0,5414874,952,175891,362120,7313,-2.4,-4.8,733296,14991,-17.4,-6.5,149.72739,2.7874234,15854.566,515.0028,1060.275,21.412214,2147.0657,43.893135,51.500282,0.27874234,51731.43,1044.7142,151.46785,3.0588877,0.30588877,3.2482934,3.2482934,,167,166,162,158,167,,,
United States,2020-08-18,41495.0,5456369,889,176780,357142,7302,-2.6,-4.6,723942,14958,-17.6,-6.6,121.49594,2.6029615,15976.062,517.6058,1045.6996,21.380007,2119.6775,43.796513,51.76058,0.26029617,51020.285,1043.1428,149.38565,3.0542867,0.30542865,3.2398834,3.2398834,,168,167,163,159,168,,,
United States,2020-08-19,41589.0,5497958,637,177417,355354,7144,-2.6,-6.0,720202,14742,-16.8,-7.9,121.77117,1.8651142,16097.833,519.4709,1040.4644,20.917387,2108.7268,43.164074,51.94709,0.18651143,50764.855,1020.5714,148.63777,2.9881983,0.29881984,3.2269616,3.2269616,,169,168,164,160,169,,,
United States,2020-08-20,41625.0,5539583,928,178345,338021,6974,-9.1,-8.5,709771,14598,-16.9,-8.1,121.87658,2.7171524,16219.71,522.18805,989.7139,20.419634,2078.1853,42.742447,52.218807,0.27171522,48288.715,996.2857,141.38771,2.9170904,0.29170907,3.2194662,3.2194662,,170,169,165,161,170,,,
United States,2020-08-21,46574.0,5586157,1264,179609,330203,6912,-10.9,-10.1,700753,14602,-16.4,-8.5,136.36708,3.7009487,16356.077,525.88904,966.8231,20.2381,2051.7808,42.754158,52.5889,0.37009487,47171.855,987.4286,138.11758,2.8911572,0.2891157,3.2152514,3.2152514,,171,170,166,162,171,,,
United States,2020-08-22,46187.0,5632344,1000,180609,324868,6717,-11.9,-12.5,693775,14391,-15.2,-9.6,135.23396,2.9279659,16491.31,528.81696,951.2024,19.667147,2031.3495,42.136356,52.8817,0.29279658,46409.715,959.5714,135.88606,2.8095922,0.28095925,3.20664,3.20664,,172,171,167,163,172,,,
United States,2020-08-23,47181.0,5679525,1007,181616,315788,6677,-12.9,-9.8,678450,14081,-15.9,-11.7,138.14435,2.9484615,16629.455,531.76544,924.61646,19.550028,1986.4784,41.228687,53.176544,0.29484615,45112.57,953.8571,132.08807,2.7928612,0.27928612,3.1977322,3.1977322,,173,172,168,164,173,,,
United States,2020-08-24,42550.0,5722075,1006,182622,307201,6731,-15.2,-8.0,669321,14044,-16.0,-11.3,124.584946,2.9455335,16754.041,534.711,899.474,19.708138,1959.749,41.120354,53.471096,0.29455337,43885.855,961.5714,128.49629,2.8154483,0.28154483,3.1915345,3.1915345,,174,173,169,165,174,,,
United States,2020-08-25,36210.0,5758285,836,183458,301916,6678,-15.5,-8.5,659058,13980,-16.1,-11.5,106.021645,2.4477794,16860.062,537.15875,883.99976,19.552956,1929.6993,40.93296,53.715874,0.24477795,43130.855,954.0,126.285675,2.7932794,0.27932793,3.1859834,3.1859834,,175,174,170,166,175,,,
United States,2020-08-26,35716.0,5794001,584,184042,296043,6625,-16.7,-7.3,651397,13769,-16.0,-12.0,104.575226,1.7099321,16964.637,538.8687,866.8038,19.397774,1907.2682,40.315163,53.886868,0.17099321,42291.855,946.4286,123.82911,2.7711105,0.27711105,3.1764233,3.1764233,,176,175,171,167,176,,,
United States,2020-08-27,40574.0,5834575,880,184922,294992,6577,-12.7,-5.7,633013,13551,-18.4,-13.0,118.799286,2.5766098,17083.436,541.4453,863.7265,19.25723,1853.4404,39.676865,54.14453,0.25766098,42141.715,939.5714,123.389496,2.751033,0.2751033,3.169417,3.169417,,177,176,172,168,177,,,
United States,2020-08-28,46430.0,5881005,1062,185984,294848,6375,-10.7,-7.8,625051,13287,-18.3,-15.5,135.94545,3.1094997,17219.38,544.5548,863.3049,18.665783,1830.1279,38.90388,54.45548,0.31094998,42121.145,910.7143,123.32927,2.6665404,0.26665404,3.1624527,3.1624527,,178,177,173,169,178,,,
United States,2020-08-29,46920.0,5927925,940,186924,295581,6315,-9.0,-6.0,620449,13032,-17.3,-16.1,137.38016,2.7522879,17356.762,547.30707,865.45105,18.490105,1816.6534,38.15725,54.73071,0.2752288,42225.855,902.1429,123.635864,2.6414435,0.26414433,3.1532788,3.1532788,,179,178,174,170,179,,,
United States,2020-08-30,46546.0,5974471,1035,187959,294946,6343,-6.6,-5.0,610734,13020,-17.3,-14.4,136.2851,3.0304446,17493.047,550.3375,863.5918,18.572086,1788.2083,38.122116,55.033752,0.30304447,42135.145,906.1429,123.370255,2.6531553,0.26531553,3.146036,3.146036,,180,179,175,171,180,,,
United States,2020-08-31,40908.0,6015379,839,188798,293304,6176,-4.5,-8.2,600505,12907,-18.1,-13.9,119.77723,2.4565632,17612.824,552.79407,858.7841,18.083117,1758.258,37.791256,55.279408,0.24565633,41900.57,882.2857,122.68344,2.5833025,0.25833026,3.1385887,3.1385887,,181,180,176,172,181,,,
United States,2020-09-01,36635.0,6052014,717,189515,293729,6057,-2.7,-9.3,595645,12735,-17.7,-14.9,107.26603,2.0993514,17720.09,554.89343,860.0285,17.73469,1744.0282,37.287643,55.489346,0.20993514,41961.285,865.2857,122.86121,2.533527,0.2533527,3.1314368,3.1314368,1.8644496,182,181,177,173,182,,,
United States,2020-09-02,38696.0,6090710,553,190068,296709,6026,0.2,-9.0,592752,12651,-17.7,-14.2,113.30057,1.6191651,17833.39,556.51263,868.7538,17.643923,1735.5576,37.041695,55.65126,0.16191651,42387.0,860.8571,124.10769,2.5205603,0.25205603,3.1206214,3.1206214,1.9082422,183,182,178,174,183,,,
United States,2020-09-03,39178.0,6129888,860,190928,295313,6006,0.1,-8.7,590305,12583,-16.8,-13.8,114.711845,2.5180507,17948.104,559.03064,864.6664,17.585363,1728.3928,36.842594,55.903065,0.25180507,42187.57,858.0,123.523766,2.5121946,0.25121948,3.1147063,3.1147063,1.9550718,184,183,179,175,184,,,
United States,2020-09-04,43647.0,6173535,884,191812,292530,5828,-0.8,-8.6,587378,12203,-16.2,-16.4,127.79692,2.5883217,18075.9,561.61896,856.5178,17.064184,1719.8228,35.729965,56.1619,0.2588322,41790.0,832.5714,122.359695,2.4377408,0.24377407,3.1070044,3.1070044,1.9303383,185,184,180,176,185,,,
United States,2020-09-05,45272.0,6218807,948,192760,290882,5836,-1.6,-7.6,586463,12151,-15.5,-15.6,132.55487,2.7757115,18208.455,564.3947,851.69257,17.087608,1717.1437,35.577713,56.43947,0.27757117,41554.57,833.7143,121.670364,2.441087,0.24410869,3.0996299,3.0996299,1.9713353,186,185,181,177,186,,,
United States,2020-09-06,50917.0,6269724,904,193664,295253,5705,0.1,-10.1,590199,12048,-13.0,-14.4,149.08324,2.646881,18357.537,567.04156,864.4907,16.704044,1728.0825,35.27613,56.70416,0.2646881,42179.0,815.0,123.49867,2.3862922,0.23862922,3.088876,3.088876,1.9339508,187,186,182,178,187,,,
United States,2020-09-07,41129.0,6310853,801,194465,295474,5667,0.7,-8.2,588778,11843,-12.0,-15.7,120.42431,2.3453007,18477.96,569.3869,865.13776,16.592783,1723.9219,34.6759,56.938686,0.23453006,42210.57,809.5714,123.59111,2.3703976,0.23703974,3.0814376,3.0814376,1.9220073,188,187,183,179,188,,,
United States,2020-09-08,34237.0,6345090,685,195150,293076,5635,-0.2,-7.0,586805,11692,-11.0,-16.4,100.24477,2.0056565,18578.207,571.3925,858.1165,16.499088,1718.145,34.233776,57.13925,0.20056567,41868.0,805.0,122.58807,2.3570125,0.23570125,3.0756066,3.0756066,1.9064149,189,188,184,180,189,,,
United States,2020-09-09,24876.0,6369966,417,195567,279256,5499,-5.9,-8.7,575965,11525,-11.6,-16.3,72.836075,1.2209617,18651.043,572.61346,817.65204,16.100883,1686.4059,33.744804,57.26135,0.12209617,39893.715,785.5714,116.807434,2.3001263,0.23001263,3.070142,3.070142,1.8644091,190,189,185,181,190,,,
United States,2020-09-10,28054.0,6398020,553,196120,268132,5192,-9.2,-13.6,563445,11198,-11.0,-17.4,82.14115,1.6191651,18733.184,574.23267,785.08136,15.201999,1649.7477,32.78736,57.423267,0.16191651,38304.57,741.7143,112.15447,2.171714,0.2171714,3.0653234,3.0653234,1.770177,191,190,186,182,191,,,
United States,2020-09-11,34660.0,6432680,826,196946,259145,5134,-11.4,-11.9,551675,10962,-11.7,-17.5,101.4833,2.4184997,18834.668,576.6512,758.7677,15.032177,1615.2855,32.096363,57.665115,0.24184997,37020.715,733.4286,108.395386,2.1474538,0.21474537,3.0616477,3.0616477,1.7478696,192,191,187,183,192,,,
United States,2020-09-12,38583.0,6471263,832,197778,252456,5018,-13.2,-14.0,543338,10854,-12.4,-16.7,112.9697,2.4360676,18947.637,579.0872,739.18256,14.692533,1590.8751,31.780142,57.908722,0.24360676,36065.145,716.8571,105.5975,2.0989332,0.20989332,3.0562503,3.0562503,1.6912193,193,192,188,184,193,,,
United States,2020-09-13,44082.0,6515345,863,198641,245621,4977,-16.8,-12.8,540874,10682,-11.4,-18.0,129.07059,2.5268345,19076.707,581.6141,719.1699,14.572486,1583.6606,31.276531,58.161407,0.25268346,35088.715,711.0,102.738556,2.0817838,0.20817837,3.0488179,3.0488179,1.6853305,194,193,189,185,194,,,
United States,2020-09-14,40371.0,6555716,662,199303,244863,4838,-17.1,-14.6,540337,10505,-10.0,-18.6,118.20491,1.9383134,19194.912,583.55237,716.9505,14.165499,1582.0883,30.758282,58.355236,0.19383134,34980.43,691.1429,102.4215,2.0236428,0.20236427,3.0401409,3.0401409,1.6538475,195,194,190,186,195,,,
United States,2020-09-15,32888.0,6588604,720,200023,243514,4873,-16.9,-13.5,536590,10508,-9.9,-17.5,96.29494,2.1081355,19291.207,585.6605,713.0007,14.267978,1571.1172,30.767065,58.56605,0.21081354,34787.715,696.1429,101.85724,2.0382824,0.20382825,3.0358934,3.0358934,1.6752498,196,195,191,187,196,,,
United States,2020-09-16,34336.0,6622940,359,200382,252974,4815,-9.4,-12.4,532230,10314,-10.2,-18.5,100.53464,1.0511397,19391.742,586.7117,740.6992,14.098155,1558.3512,30.19904,58.671165,0.105113976,36139.145,687.8571,105.81418,2.014022,0.20140222,3.0255747,3.0255747,1.6308048,197,196,192,188,197,,,
United States,2020-09-17,36815.0,6659755,801,201183,261735,5063,-2.4,-2.5,529867,10255,-10.2,-18.5,107.79306,2.3453007,19499.535,589.05695,766.35114,14.824291,1551.4325,30.026289,58.905693,0.23453006,37390.715,723.2857,109.47874,2.117756,0.21177559,3.020877,3.020877,1.7135179,198,197,193,189,198,,,
United States,2020-09-18,43910.0,6703665,1099,202282,270985,5336,4.6,3.9,530130,10470,-9.7,-14.2,128.56699,3.2178345,19628.102,592.2748,793.4348,15.623626,1552.2025,30.655802,59.227478,0.32178345,38712.145,762.2857,113.34783,2.2319465,0.22319466,3.0174837,3.0174837,1.8206881,199,198,194,190,199,,,
United States,2020-09-19,44530.0,6748195,732,203014,276932,5236,9.7,4.3,529388,10254,-9.7,-15.6,130.38232,2.143271,19758.484,594.418,810.8474,15.330829,1550.03,30.023361,59.441807,0.2143271,39561.715,748.0,115.83535,2.1901186,0.21901184,3.0084193,3.0084193,1.8749821,200,199,195,191,200,,,
United States,2020-09-20,48127.0,6796322,803,203817,280977,5176,14.4,4.0,526598,10153,-10.8,-15.7,140.91422,2.3511565,19899.398,596.7692,822.69104,15.155151,1541.861,29.727636,59.67692,0.23511566,40139.57,739.4286,117.52729,2.1650217,0.21650216,2.998931,2.998931,1.9303925,201,200,196,192,201,,,
United States,2020-09-21,42181.0,6838503,674,204491,282787,5188,15.5,7.2,527650,10026,-10.4,-15.3,123.504524,1.973449,20022.902,598.7427,827.99066,15.190287,1544.9412,29.355785,59.874268,0.1973449,40398.145,741.1429,118.28438,2.1700408,0.21700409,2.990289,2.990289,2.001968,202,201,197,193,202,,,
United States,2020-09-22,34450.0,6872953,484,204975,284349,4952,16.8,1.6,527863,9825,-10.0,-16.0,100.86842,1.4171355,20123.771,600.1598,832.56415,14.499287,1545.5648,28.767263,60.01598,0.14171354,40621.285,707.4286,118.93774,2.0713267,0.20713267,2.9823425,2.9823425,1.96153,203,202,198,194,203,,,
United States,2020-09-23,41398.0,6914351,537,205512,291411,5130,15.2,6.5,544385,9945,-5.5,-13.7,121.21193,1.5723176,20244.984,601.7321,853.24146,15.020465,1593.9407,29.11862,60.17321,0.15723176,41630.145,732.8571,121.89163,2.1457806,0.21457806,2.9722528,2.9722528,2.0885837,204,203,199,195,204,,,
United States,2020-09-24,49528.0,6963879,660,206172,304124,4989,16.2,-1.5,565859,10052,0.4,-10.2,145.0163,1.9324574,20390.0,603.66455,890.46466,14.607621,1656.8158,29.431913,60.36646,0.19324574,43446.285,712.7143,127.209236,2.086803,0.2086803,2.9605913,2.9605913,2.0374658,205,204,200,196,205,,,
United States,2020-09-25,41641.0,7005520,903,207075,301855,4793,11.4,-10.2,572840,10129,3.8,-7.6,121.92342,2.643953,20511.924,606.30853,883.8211,14.03374,1677.256,29.657366,60.63085,0.26439533,43122.145,684.7143,126.26016,2.00482,0.200482,2.9558833,2.9558833,1.9682647,206,205,201,197,206,,,
United States,2020-09-26,45961.0,7051481,740,207815,303286,4801,9.5,-8.3,580218,10037,6.8,-7.5,134.57224,2.1666946,20646.496,608.4752,888.01105,14.057164,1698.8585,29.387993,60.847523,0.21666947,43326.57,685.8571,126.85872,2.0081663,0.20081663,2.9471114,2.9471114,1.8978235,207,206,202,198,207,,,
United States,2020-09-27,49615.0,7101096,778,208593,304774,4776,8.5,-7.7,585751,9952,8.3,-6.8,145.27103,2.2779574,20791.766,610.7532,892.36786,13.983965,1715.059,29.139116,61.075317,0.22779574,43539.145,682.2857,127.481125,1.9977093,0.19977093,2.9374762,2.9374762,1.8247464,208,207,203,199,208,,,
United States,2020-09-28,42035.0,7143131,664,209257,304628,4766,7.7,-8.1,587415,9954,8.7,-5.2,123.07704,1.9441693,20914.844,612.6973,891.94037,13.954685,1719.931,29.144972,61.269733,0.19441693,43518.285,680.8571,127.42005,1.9935265,0.19935265,2.9294858,2.9294858,1.7587689,209,208,204,200,209,,,
United States,2020-09-29,35551.0,7178682,502,209759,305729,4784,7.5,-3.4,590078,9736,10.0,-7.3,104.09211,1.4698389,21018.936,614.1672,895.16406,14.007388,1727.7283,28.506676,61.416718,0.14698389,43675.57,683.4286,127.88058,2.0010555,0.20010555,2.9219708,2.9219708,1.7274998,210,209,205,201,210,,,
United States,2020-09-30,38402.0,7217084,400,210159,302733,4647,3.9,-9.4,594144,9777,11.6,-5.2,112.43974,1.1711863,21131.375,615.3384,886.3919,13.606257,1739.6333,28.626722,61.533836,0.117118634,43247.57,663.8571,126.62741,1.943751,0.1943751,2.9119656,2.9119656,1.653872,211,210,206,202,211,,,
United States,2020-10-01,38881.0,7255965,795,210954,292086,4782,-4.0,-4.1,596210,9771,12.5,-4.7,113.84224,2.3277328,21245.217,617.6661,855.21783,14.001533,1745.6825,28.609154,61.76661,0.23277329,41726.57,683.1429,122.17397,2.0002189,0.2000219,2.9073184,2.9073184,1.6910254,212,211,207,203,212,,,
United States,2020-10-02,45920.0,7301885,686,211640,296365,4565,-1.8,-4.8,598220,9358,12.8,-10.6,134.4522,2.0085845,21379.67,619.6747,867.7466,13.366164,1751.5677,27.399904,61.96747,0.20085846,42337.855,652.1429,123.9638,1.909452,0.1909452,2.8984296,2.8984296,1.6054215,213,212,208,204,213,,,
United States,2020-10-03,46624.0,7348509,733,212373,297028,4558,-2.1,-5.1,600314,9359,13.4,-8.7,136.51347,2.146199,21516.184,621.82086,869.6878,13.345668,1757.6989,27.402832,62.182087,0.21461989,42432.57,651.1429,124.24112,1.9065241,0.1906524,2.890015,2.890015,1.5641139,214,213,209,205,214,,,
United States,2020-10-04,50935.0,7399444,907,213280,298348,4687,-2.1,-1.9,603122,9463,14.5,-6.8,149.13594,2.655665,21665.318,624.47656,873.55273,13.723376,1765.9207,27.70734,62.447655,0.2655665,42621.145,669.5714,124.79325,1.9604822,0.19604823,2.8823788,2.8823788,1.5411477,215,214,210,206,215,,,
United States,2020-10-05,47727.0,7447171,565,213845,304040,4588,-0.2,-3.7,608668,9354,15.4,-6.7,139.74303,1.6543007,21805.062,626.13086,890.21875,13.433507,1782.159,27.388193,62.613087,0.16543007,43434.285,655.4286,127.1741,1.9190725,0.19190724,2.871493,2.871493,1.519935,216,215,211,207,216,,,
United States,2020-10-06,35774.0,7482945,598,214443,304263,4684,-0.5,-2.1,609992,9468,15.6,-3.6,104.74505,1.7509235,21909.807,627.8818,890.87164,13.714592,1786.0358,27.721981,62.788177,0.17509235,43466.145,669.1429,127.26738,1.9592274,0.19592275,2.8657568,2.8657568,1.5444168,217,216,212,208,217,,,
United States,2020-10-07,41602.0,7524547,508,214951,307463,4792,1.6,3.1,610196,9439,12.1,-5.1,121.809235,1.4874066,22031.617,629.3692,900.24115,14.030812,1786.633,27.63707,62.936916,0.14874066,43923.285,684.5714,128.60588,2.0044017,0.20044017,2.8566637,2.8566637,1.5723126,218,217,213,209,218,,,
United States,2020-10-08,41654.0,7566201,635,215586,310236,4632,6.2,-3.1,602322,9414,6.4,-6.3,121.96149,1.8592583,22153.578,631.22845,908.3604,13.562338,1763.5782,27.56387,63.122845,0.18592583,44319.43,661.7143,129.76578,1.9374769,0.19374768,2.8493295,2.8493295,1.5205431,219,218,214,210,219,,,
United States,2020-10-09,52594.0,7618795,782,216368,316910,4728,6.9,3.6,613275,9293,7.1,-8.3,153.99344,2.2896693,22307.572,633.5181,927.9017,13.843423,1795.6482,27.209587,63.35181,0.22896692,45272.855,675.4286,132.55737,1.9776318,0.19776317,2.839924,2.839924,1.5464677,220,219,215,211,220,,,
United States,2020-10-10,56104.0,7674899,735,217103,326390,4730,9.9,3.8,623418,9288,7.4,-7.5,164.2706,2.1520548,22471.842,635.67017,955.65875,13.849278,1825.3466,27.194946,63.567017,0.21520549,46627.145,675.7143,136.52267,1.9784683,0.19784683,2.8287408,2.8287408,1.5624329,221,220,216,212,221,,,
United States,2020-10-11,58794.0,7733693,792,217895,334249,4615,12.0,-1.5,632597,9302,8.0,-6.5,172.14682,2.318949,22643.988,637.98914,978.6697,13.512563,1852.2224,27.235939,63.798912,0.2318949,47749.855,659.2857,139.80995,1.930366,0.1930366,2.8174767,2.8174767,1.5800141,222,221,217,213,222,,,
United States,2020-10-12,54216.0,7787909,681,218576,340738,4731,12.1,3.1,644778,9319,9.8,-6.4,158.7426,1.9939448,22802.73,639.98303,997.6692,13.852206,1887.888,27.285713,63.998306,0.19939448,48676.855,675.8571,142.52417,1.9788866,0.19788866,2.806607,2.806607,1.5963423,223,222,218,214,223,,,
United States,2020-10-13,44423.0,7832332,573,219149,349387,4706,14.8,0.5,653650,9390,10.8,-3.6,130.06903,1.6777244,22932.8,641.66077,1022.9932,13.779007,1913.8649,27.493599,64.16608,0.16777244,49912.43,672.2857,146.14189,1.9684296,0.19684295,2.7980044,2.7980044,1.5843624,224,223,219,215,224,,,
United States,2020-10-14,49144.0,7881476,497,219646,356929,4695,16.1,-2.0,664392,9487,11.8,-3.0,143.89195,1.455199,23076.691,643.11597,1045.0759,13.746799,1945.317,27.777613,64.3116,0.1455199,50989.855,670.7143,149.29655,1.9638286,0.19638285,2.7868638,2.7868638,1.5736656,225,224,220,216,225,,,
United States,2020-10-15,50497.0,7931973,652,220298,365772,4712,17.9,1.7,676008,9344,13.4,-4.4,147.85349,1.9090338,23224.545,645.025,1070.9679,13.796575,1979.3284,27.358913,64.5025,0.19090337,52253.145,673.1429,152.99542,1.9709393,0.19709393,2.7773418,2.7773418,1.5497961,226,225,221,217,226,,,
United States,2020-10-16,57229.0,7989202,821,221119,370407,4751,16.9,0.5,687317,9479,14.9,1.3,167.56456,2.4038599,23392.111,647.4289,1084.5391,13.910766,2012.4407,27.754189,64.74289,0.240386,52915.285,678.7143,154.93414,1.9872522,0.19872522,2.7677233,2.7677233,1.561478,227,226,222,218,227,,,
United States,2020-10-17,63046.0,8052248,697,221816,377349,4713,15.6,-0.4,703739,9443,17.2,0.9,184.59653,2.0407922,23576.707,649.46967,1104.865,13.799503,2060.5237,27.64878,64.94697,0.20407921,53907.0,673.2857,157.83786,1.9713576,0.19713576,2.754709,2.754709,1.5328673,228,227,223,219,228,,,
United States,2020-10-18,69079.0,8121327,880,222696,387634,4801,16.0,4.0,721883,9416,19.7,-0.5,202.26096,2.5766098,23778.969,652.04626,1134.9791,14.057164,2113.6487,27.569727,65.20463,0.25766098,55376.285,685.8571,162.13988,2.0081663,0.20081663,2.7421134,2.7421134,1.5475316,229,228,224,220,229,,,
United States,2020-10-19,54548.0,8175875,693,223389,387966,4813,13.9,1.7,728704,9544,19.7,2.0,159.71468,2.0290804,23938.682,654.0754,1135.9512,14.092299,2133.6204,27.944506,65.40754,0.20290804,55423.715,687.5714,162.27875,2.0131857,0.20131856,2.7322948,2.7322948,1.5187277,230,229,225,221,230,,,
United States,2020-10-20,48887.0,8224762,733,224122,392430,4973,12.3,5.7,741817,9679,21.6,2.2,143.13947,2.146199,24081.822,656.22156,1149.0216,14.560774,2172.015,28.33978,65.622154,0.21461989,56061.43,710.4286,164.14595,2.0801105,0.20801106,2.7249663,2.7249663,1.5236374,231,230,226,222,231,,,
United States,2020-10-21,61362.0,8286124,612,224734,404648,5088,13.4,8.4,761577,9783,24.8,3.6,179.66583,1.791915,24261.488,658.0135,1184.7955,14.8974905,2229.8713,28.644289,65.801346,0.17919151,57806.855,726.8571,169.2565,2.128213,0.21282129,2.7121727,2.7121727,1.5222185,232,231,227,223,232,,,
United States,2020-10-22,58741.0,8344865,791,225525,412892,5227,12.9,10.9,778664,9939,29.3,5.6,171.99164,2.316021,24433.48,660.32947,1208.9337,15.304478,2279.9016,29.101053,66.03295,0.2316021,58984.57,746.7143,172.7048,2.186354,0.2186354,2.7025602,2.7025602,1.5340232,233,232,228,224,233,,,
United States,2020-10-23,68657.0,8413522,1059,226584,424320,5465,14.6,15.0,794727,10216,29.6,9.9,201.02534,3.1007159,24634.504,663.43024,1242.3944,16.001333,2326.9336,29.912098,66.34302,0.3100716,60617.145,780.7143,177.48492,2.2859046,0.22859047,2.6930933,2.6930933,1.5641681,234,233,229,225,234,,,
United States,2020-10-24,74903.0,8488425,916,227500,436177,5684,15.6,20.6,813526,10397,30.5,11.9,219.31343,2.6820166,24853.818,666.11224,1277.1113,16.642557,2381.9763,30.44206,66.61122,0.26820168,62311.0,812.0,182.44447,2.3775082,0.23775083,2.6801202,2.6801202,1.5924736,235,234,230,226,235,,,
United States,2020-10-25,82340.0,8570765,919,228419,449438,5723,15.9,19.2,837072,10524,32.3,13.1,241.0887,2.6908007,25094.906,668.80304,1315.9391,16.756748,2450.9182,30.813911,66.8803,0.26908007,64205.43,817.5714,187.9913,2.3938212,0.23938212,2.6650946,2.6650946,1.5646359,236,235,231,227,236,,,
United States,2020-10-26,76181.0,8646946,836,229255,471071,5866,21.4,21.9,859037,10679,33.2,14.6,223.05536,2.4477794,25317.963,671.2508,1379.2798,17.175447,2515.231,31.267748,67.125084,0.24477795,67295.86,838.0,197.03996,2.4536355,0.24536353,2.6512828,2.6512828,1.5836633,237,236,232,228,237,,,
United States,2020-10-27,65610.0,8712556,601,229856,487794,5734,24.3,15.3,880224,10707,34.7,14.0,192.10384,1.7597075,25510.066,673.0105,1428.2441,16.788956,2577.2659,31.34973,67.30105,0.17597075,69684.86,819.1429,204.03488,2.3984222,0.23984224,2.6382155,2.6382155,1.5195482,238,237,233,229,238,,,
United States,2020-10-28,69584.0,8782140,682,230538,496016,5804,22.6,14.1,900664,10892,35.6,14.8,203.73958,1.9968727,25713.807,675.0074,1452.3179,16.993914,2637.1135,31.891403,67.50074,0.19968727,70859.43,829.1429,207.47398,2.427702,0.2427702,2.6250777,2.6250777,1.4972887,239,238,234,230,239,,,
United States,2020-10-29,74961.0,8857101,896,231434,512236,5909,24.1,13.0,925128,11136,36.9,19.2,219.48325,2.6234574,25933.29,677.63086,1499.8094,17.30135,2708.7432,32.605827,67.763084,0.26234573,73176.57,844.1429,214.2585,2.4716215,0.24716215,2.6129768,2.6129768,1.5230716,240,239,235,231,240,,,
United States,2020-10-30,84410.0,8941511,1063,232497,527989,5913,24.4,8.2,952309,11378,38.6,20.0,247.1496,3.1124277,26180.44,680.7433,1545.9337,17.313063,2788.3281,33.314396,68.074326,0.31124276,75427.0,844.7143,220.84767,2.4732945,0.24732946,2.600198,2.600198,1.5067655,241,240,236,232,241,,,
United States,2020-10-31,91130.0,9032641,1110,233607,544216,6107,24.8,7.4,980393,11791,39.3,24.9,266.82553,3.250042,26447.264,683.9933,1593.4458,17.881086,2870.5571,34.523643,68.39933,0.32500422,77745.14,872.4286,227.63512,2.554441,0.2554441,2.5862536,2.5862536,1.509213,242,241,237,233,242,,,
United States,2020-11-01,97518.0,9130159,908,234515,559394,6096,24.5,6.5,1008832,11819,39.8,25.5,285.52936,2.658593,26732.793,686.6519,1637.8865,17.848879,2953.8257,34.60563,68.66519,0.2658593,79913.43,870.8571,233.9838,2.54984,0.254984,2.5685751,2.5685751,1.4764152,243,242,238,234,243,,,
United States,2020-11-02,92783.0,9222942,942,235457,575996,6202,22.3,5.7,1047067,12068,43.7,26.4,271.66547,2.758144,27004.459,689.41003,1686.4966,18.159245,3065.7764,35.33469,68.941,0.27581438,82285.14,886.0,240.92809,2.5941777,0.25941777,2.552949,2.552949,1.4616327,244,243,239,235,244,,,
United States,2020-11-03,141582.0,9364524,708,236165,651968,6309,33.7,10.0,1139762,12043,53.6,24.4,414.54727,2.0729997,27419.006,691.48303,1908.9401,18.472536,3337.184,35.261494,69.14831,0.20729998,93138.29,901.2857,272.70572,2.6389337,0.26389337,2.5219114,2.5219114,1.4464312,245,244,240,236,245,,,
United States,2020-11-04,87188.0,9451712,738,236903,669572,6365,35.0,9.7,1165588,12169,53.0,24.4,255.28348,2.1608388,27674.29,693.64386,1960.4839,18.636503,3412.8018,35.630417,69.36439,0.21608388,95653.14,909.2857,280.06912,2.6623576,0.26623574,2.506456,2.506456,1.4162132,246,245,241,237,246,,,
United States,2020-11-05,98499.0,9550211,1031,237934,693110,6500,35.3,10.0,1205346,12409,54.8,24.9,288.4017,3.0187328,27962.691,696.6626,2029.4023,19.031778,3529.212,36.333126,69.66626,0.30187327,99015.71,928.5714,289.91464,2.7188253,0.27188253,2.4914005,2.4914005,1.3798344,247,246,242,238,247,,,
United States,2020-11-06,113875.0,9664086,1298,239232,722575,6735,36.9,13.9,1250564,12648,57.4,23.8,333.42212,3.8004997,28296.113,700.46313,2115.6748,19.71985,3661.6086,37.032913,70.04631,0.38004997,103225.0,962.1429,302.23926,2.8171215,0.28171214,2.4754746,2.4754746,1.3807058,248,247,243,239,248,,,
United States,2020-11-07,122830.0,9786916,1227,240459,754275,6852,38.6,12.2,1298491,12959,59.6,24.6,359.64203,3.5926142,28655.756,704.0557,2208.4915,20.062422,3801.9373,37.94351,70.40557,0.3592614,107753.57,978.8571,315.49878,2.8660603,0.286606,2.4569435,2.4569435,1.381407,249,248,244,240,249,,,
United States,2020-11-08,133337.0,9920253,1260,241719,790094,7204,41.2,18.2,1349488,13300,61.2,26.4,390.4062,3.6892369,29046.162,707.745,2313.3682,21.093065,3951.2546,38.941944,70.7745,0.3689237,112870.57,1029.1428,330.48117,3.0132952,0.30132952,2.4366214,2.4366214,1.406383,250,249,245,241,250,,,
United States,2020-11-09,129810.0,10050063,1095,242814,827121,7357,43.6,18.6,1403117,13559,63.3,27.0,380.07925,3.2061226,29426.24,710.9511,2421.782,21.541044,4108.279,39.700287,71.09511,0.32061225,118160.14,1051.0,345.96887,3.077292,0.3077292,2.4160445,2.4160445,1.3934002,251,250,246,242,251,,,
United States,2020-11-10,111648.0,10161711,882,243696,797187,7531,22.3,19.4,1449155,13840,64.6,29.3,326.90152,2.582466,29753.143,713.53357,2334.1362,22.05051,4243.076,40.52305,71.353355,0.2582466,113883.86,1075.8572,333.44803,3.150073,0.3150073,2.3981788,2.3981788,1.3838255,252,251,247,243,252,,,
United States,2020-11-11,124487.0,10286198,930,244626,834486,7723,24.6,21.3,1504058,14088,67.0,29.3,364.49368,2.7230082,30117.637,716.2566,2443.3464,22.61268,4403.8306,41.249184,71.625656,0.2723008,119212.29,1103.2858,349.0495,3.230383,0.32303828,2.3781965,2.3781965,1.3806012,253,252,248,244,253,,,
United States,2020-11-12,145951.0,10432149,1674,246300,881938,8366,27.2,28.7,1575048,14866,70.3,33.5,427.33954,4.901415,30544.977,721.15796,2582.2844,24.495361,4611.6865,43.52714,72.1158,0.49014148,125991.14,1195.1428,368.89777,3.4993374,0.34993374,2.360971,2.360971,1.4524406,254,253,249,245,254,,,
United States,2020-11-13,153660.0,10585809,1518,247818,921723,8586,27.6,27.5,1644298,15321,72.7,34.7,449.91122,4.444652,30994.887,725.60266,2698.7734,25.139515,4814.448,44.859364,72.560265,0.44446522,131674.72,1226.5714,385.53906,3.5913591,0.35913593,2.34104,2.34104,1.3169358,255,254,250,246,255,,,
United States,2020-11-14,162300.0,10748109,1347,249165,961193,8706,27.4,27.1,1715468,15558,75.0,31.9,475.20886,3.94397,31470.096,729.54663,2814.3403,25.49087,5022.8315,45.55329,72.95466,0.394397,137313.28,1243.7142,402.0486,3.641553,0.3641553,2.3182218,2.3182218,1.3002336,256,255,251,247,256,,,
United States,2020-11-15,176989.0,10925098,1271,250436,1004845,8717,27.2,21.0,1794939,15921,77.9,34.7,518.2178,3.7214446,31988.314,733.26807,2942.1519,25.523079,5255.52,46.616142,73.326805,0.37214446,143549.28,1245.2858,420.3074,3.646154,0.3646154,2.2922997,2.2922997,1.2576647,257,256,252,248,257,,,
United States,2020-11-16,164239.0,11089337,1472,251908,1039274,9094,25.6,23.6,1866395,16451,78.2,36.3,480.88617,4.3099656,32469.2,737.578,3042.9587,26.62692,5464.7407,48.167965,73.757805,0.43099657,148467.72,1299.1428,434.7084,3.803846,0.3803846,2.2716236,2.2716236,1.2585545,258,257,253,249,258,,,
United States,2020-11-17,137564.0,11226901,1027,252935,1065190,9239,33.6,22.7,1862377,16770,63.4,39.3,402.78268,3.007021,32871.984,740.585,3118.8398,27.051476,5452.976,49.101986,74.0585,0.3007021,152170.0,1319.8572,445.54855,3.8644967,0.38644966,2.2529368,2.2529368,1.2248849,259,258,254,250,259,,,
United States,2020-11-18,153374.0,11380275,1018,253953,1094077,9327,31.1,20.8,1928563,17050,65.5,40.1,449.07382,2.9806693,33321.055,743.56573,3203.4202,27.309137,5646.7666,49.921818,74.35657,0.2980669,156296.72,1332.4286,457.63144,3.9013054,0.39013052,2.231519,2.231519,1.1804924,260,259,255,251,260,,,
United States,2020-11-19,167352.0,11547627,1591,255544,1115478,9244,26.5,10.5,1997416,17610,65.7,41.9,490.00095,4.658394,33811.06,748.2241,3266.0815,27.066116,5848.3657,51.561478,74.82241,0.46583936,159354.0,1320.5714,466.58307,3.866588,0.3866588,2.212957,2.212957,1.1176115,261,260,256,252,261,,,
United States,2020-11-20,170904.0,11718531,1833,257377,1132722,9559,22.9,11.3,2054445,18145,64.3,43.5,500.40106,5.3669615,34311.457,753.59106,3316.5713,27.988426,6015.3447,53.12794,75.35911,0.53669614,161817.42,1365.5714,473.7959,3.9983466,0.39983463,2.1963248,2.1963248,1.1990913,262,261,257,253,262,,,
United States,2020-11-21,188681.0,11907212,1920,259297,1159103,10132,20.6,16.4,2120296,18838,63.3,45.4,552.45154,5.6216946,34863.91,759.21277,3393.814,29.66615,6208.1543,55.15702,75.92127,0.56216943,165586.14,1447.4286,484.83057,4.2380214,0.42380214,2.1776466,2.1776466,1.2141606,263,262,258,254,263,,,
United States,2020-11-22,193369.0,12100581,1959,261256,1175483,10820,17.0,24.1,2180328,19537,61.6,46.9,566.1778,5.735885,35430.086,764.94867,3441.7742,31.68059,6383.926,57.203667,76.494865,0.5735885,167926.14,1545.7142,491.682,4.525799,0.45257986,2.1590369,2.1590369,1.2268436,264,263,259,255,264,,,
United States,2020-11-23,173861.0,12274442,1724,262980,1185105,11072,14.0,21.8,2224379,20166,58.5,48.7,509.05905,5.047813,35939.15,769.99646,3469.947,32.418438,6512.906,59.04536,76.99965,0.5047813,169300.72,1581.7142,495.7067,4.6312056,0.46312055,2.1425006,2.1425006,1.2012286,265,264,260,256,265,,,
United States,2020-11-24,149783.0,12424225,1303,264283,1197324,11348,12.4,22.8,2262514,20587,56.1,48.8,438.5595,3.8151395,36377.707,773.8116,3505.7236,33.226555,6624.5635,60.278034,77.38116,0.38151395,171046.28,1621.1428,500.8177,4.7466507,0.47466508,2.1271589,2.1271589,1.1806161,266,265,261,257,266,,,
United States,2020-11-25,160411.0,12584636,1413,265696,1204361,11743,10.1,25.9,2298438,21070,52.8,49.6,469.67792,4.1372156,36847.383,777.9488,3526.328,34.383102,6729.748,61.69224,77.79488,0.41372156,172051.58,1677.5714,503.7611,4.911872,0.49118719,2.1112728,2.1112728,1.168638,267,266,262,258,267,,,
United States,2020-11-26,175183.0,12759819,1889,267585,1212192,12041,8.7,30.3,2327670,21285,47.8,43.2,512.9298,5.5309277,37360.312,783.47974,3549.2568,35.25564,6815.3384,62.321754,78.34798,0.5530927,173170.28,1720.1428,507.03668,5.0365195,0.503652,2.097091,2.097091,1.1585972,268,267,263,259,268,,,
United States,2020-11-27,194100.0,12953919,2289,269874,1235388,12497,9.1,30.7,2368110,22056,44.0,44.0,568.3182,6.7021136,37928.633,790.1818,3617.1738,36.59079,6933.745,64.579216,79.01819,0.6702114,176484.0,1785.2858,516.73914,5.2272553,0.5227256,2.0833387,2.0833387,1.1732179,269,268,264,260,269,,,
United States,2020-11-28,145029.0,13098948,1674,271548,1191736,12251,2.8,20.9,2350839,22383,37.0,43.9,424.63995,4.901415,38353.273,795.08325,3489.3623,35.87051,6883.1763,65.53666,79.50832,0.49014148,170248.0,1750.1428,498.48032,5.1243587,0.51243585,2.073052,2.073052,1.1197567,270,269,265,261,270,,,
United States,2020-11-29,164034.0,13262982,1658,273206,1162401,11950,-1.1,10.4,2337884,22770,30.2,43.0,480.28595,4.8545675,38833.56,799.9378,3403.4705,34.989193,6845.2446,66.669785,79.99378,0.48545673,166057.28,1707.1428,486.21005,4.998456,0.4998456,2.0599139,2.0599139,1.0712897,271,270,266,262,271,,,
United States,2020-11-30,144575.0,13407557,1506,274712,1133115,11732,-4.4,6.0,2318220,22804,24.2,38.6,423.31067,4.4095163,39256.867,804.34735,3317.722,34.350895,6787.669,66.76933,80.43474,0.44095165,161873.58,1676.0,473.9603,4.907271,0.49072707,2.048934,2.048934,1.0357351,272,271,267,263,272,,,
United States,2020-12-01,141072.0,13548629,1281,275993,1124404,11710,-6.1,3.2,2321728,23058,24.7,37.5,413.054,3.7507243,39669.92,808.0981,3292.2166,34.28648,6797.9404,67.51304,80.80981,0.37507242,160629.14,1672.8572,470.31665,4.8980684,0.48980686,2.0370548,2.0370548,1.0102639,273,272,268,264,273,,,
United States,2020-12-02,151905.0,13700534,1546,277539,1115898,11843,-7.3,0.9,2320259,23586,20.3,38.3,444.77264,4.526635,40114.695,812.6247,3267.3113,34.6759,6793.639,69.059006,81.262474,0.4526635,159414.0,1691.8572,466.75876,4.9537,0.49537,2.0257533,2.0257533,1.0075008,274,273,269,265,274,,,
United States,2020-12-03,192718.0,13893252,2379,279918,1133433,12333,-6.5,2.4,2345625,24374,17.4,38.4,564.2717,6.9656305,40678.97,819.59033,3318.653,36.110603,6867.9097,71.36624,81.95903,0.69656307,161919.0,1761.8572,474.0933,5.1586576,0.51586574,2.0147767,2.0147767,1.0406673,275,274,270,266,275,,,
United States,2020-12-04,210074.0,14103326,2756,282674,1149407,12800,-7.0,2.4,2384795,25297,16.1,39.4,615.0895,8.069474,41294.055,827.6598,3365.4243,37.477962,6982.598,74.06875,82.76598,0.8069474,164201.0,1828.5714,480.7749,5.353995,0.53539944,2.0043073,2.0043073,1.0690507,276,275,271,267,276,,,
United States,2020-12-05,216782.0,14320108,2740,285414,1221160,13866,2.5,13.2,2412896,26117,13.8,38.6,634.7303,8.022626,41928.785,835.68243,3575.5146,40.599174,7064.877,76.46968,83.568245,0.80226266,174451.42,1980.8572,510.7878,5.799882,0.5799882,1.9930995,1.9930995,1.1513159,277,276,272,268,277,,,
United States,2020-12-06,223806.0,14543914,2593,288007,1280932,14801,10.2,23.9,2443333,26751,12.1,36.9,655.2963,7.5922155,42584.082,843.27466,3750.5251,43.336823,7153.9956,78.32601,84.32747,0.75922155,182990.28,2114.4285,535.7893,6.1909747,0.6190975,1.9802579,1.9802579,1.2210112,278,277,273,269,278,,,
United States,2020-12-07,205575.0,14749489,2376,290383,1341932,15671,18.4,33.6,2475047,27403,11.3,35.9,601.91656,6.9568467,43186.0,850.2315,3929.131,45.88415,7246.853,80.23505,85.02315,0.6956847,191704.58,2238.7144,561.30444,6.5548787,0.6554879,1.9687666,1.9687666,1.2685083,279,278,274,270,279,,,
United States,2020-12-08,176909.0,14926398,1588,291971,1377769,15978,22.5,36.4,2502173,27688,10.6,34.5,517.9835,4.6496096,43703.984,854.8811,4034.0605,46.78304,7326.277,81.06952,85.48811,0.46496096,196824.14,2282.5715,576.2944,6.683291,0.6683291,1.9560714,1.9560714,1.3407332,280,279,275,271,280,,,
United States,2020-12-09,183091.0,15109489,1973,293944,1408955,16405,26.3,38.5,2524853,28248,9.9,34.1,536.08417,5.7768764,44240.066,860.65796,4125.372,48.03328,7392.683,82.709175,86.065796,0.5776877,201279.28,2343.5715,589.33887,6.861897,0.6861897,1.9454265,1.9454265,1.411303,281,280,276,272,281,,,
United States,2020-12-10,226982.0,15336471,2561,296505,1443219,16587,27.3,34.5,2576652,28920,10.7,35.9,664.5955,7.4985204,44904.664,868.1565,4225.696,48.56617,7544.349,84.67677,86.81565,0.74985206,206174.14,2369.5715,603.67084,6.938024,0.6938024,1.9333327,1.9333327,1.4638408,282,281,277,273,282,,,
United States,2020-12-11,221251.0,15557722,3323,299828,1454396,17154,26.5,34.0,2603803,29954,10.0,35.8,647.81537,9.72963,45552.477,877.8861,4258.422,50.226326,7623.846,87.704285,87.78861,0.97296304,207770.86,2450.5715,608.34595,7.1751895,0.7175189,1.9271973,1.9271973,1.5256082,283,282,278,274,283,,,
United States,2020-12-12,208835.0,15766557,2705,302533,1446449,17119,18.4,23.5,2667609,30985,13.5,38.4,611.46173,7.9201474,46163.94,885.8063,4235.1533,50.123848,7810.668,90.72302,88.58063,0.7920148,206635.58,2445.5715,605.0219,7.1605496,0.716055,1.9188273,1.9188273,1.5341008,284,283,279,275,284,,,
United States,2020-12-13,245839.0,16012396,3188,305721,1468482,17714,14.6,19.7,2749414,32515,17.6,42.8,719.80817,9.334355,46883.75,895.1406,4299.665,51.865986,8050.1904,95.20281,89.51406,0.9334355,209783.14,2530.5715,614.23785,7.4094267,0.74094266,1.9092771,1.9092771,1.5628625,285,284,280,276,285,,,
United States,2020-12-14,217153.0,16229549,2440,308161,1480060,17778,10.3,13.4,2821992,33449,21.7,46.7,635.8166,7.1442366,47519.566,902.28485,4333.565,52.053375,8262.696,97.93753,90.228485,0.71442366,211437.14,2539.7144,619.08075,7.436197,0.7436197,1.898765,1.898765,1.5467106,286,285,281,277,286,,,
United States,2020-12-15,181275.0,16410824,2037,310198,1484426,18227,7.7,14.1,2862195,34205,23.3,48.3,530.767,5.9642663,48050.332,908.24915,4346.3486,53.368034,8380.409,100.15107,90.82491,0.59642667,212060.86,2603.8572,620.9069,7.624005,0.76240045,1.8902037,1.8902037,1.4925972,287,286,282,278,287,,,
United States,2020-12-16,198204.0,16609028,1955,312153,1499539,18209,6.4,11.0,2908494,34614,25.4,46.8,580.33453,5.724173,48630.668,913.9733,4390.599,53.31533,8515.971,101.34861,91.39733,0.5724173,214219.86,2601.2856,627.2284,7.6164756,0.7616476,1.8794177,1.8794177,1.4215431,288,287,283,279,288,,,
United States,2020-12-17,198650.0,16807678,2758,314911,1471207,18406,1.9,11.0,2914426,34993,24.2,43.6,581.6404,8.07533,49212.31,922.04865,4307.644,53.89214,8533.34,102.458305,92.204865,0.80753297,210172.42,2629.4285,615.3777,7.698877,0.7698877,1.873614,1.873614,1.3716046,289,288,284,280,289,,,
United States,2020-12-18,240266.0,17047944,3389,318300,1490222,18472,2.5,7.7,2944618,35626,23.5,40.8,703.49066,9.922876,49915.797,931.9715,4363.319,54.085384,8621.741,104.311714,93.19715,0.99228764,212888.86,2638.8572,623.3313,7.7264833,0.77264833,1.8670874,1.8670874,1.3407183,290,289,285,281,290,,,
United States,2020-12-19,246505.0,17294449,3338,321638,1527892,19105,5.6,11.6,2974341,36224,23.3,38.7,721.75824,9.77355,50637.555,941.74506,4473.6157,55.938786,8708.769,106.06264,94.17451,0.977355,218270.28,2729.2856,639.08795,7.9912553,0.79912555,1.8597759,1.8597759,1.3559695,291,290,286,282,291,,,
United States,2020-12-20,235875.0,17530324,2949,324587,1517928,18866,3.4,6.5,2986410,36580,22.2,36.7,690.6339,8.634571,51328.19,950.37964,4444.4414,55.239002,8744.106,107.10499,95.037964,0.86345714,216846.86,2695.1428,634.92017,7.8912864,0.7891286,1.8515744,1.8515744,1.3072168,292,291,287,283,292,,,
United States,2020-12-21,202289.0,17732613,2727,327314,1503064,19153,1.6,7.7,2983124,36931,20.5,34.8,592.2953,7.984563,51920.484,958.3642,4400.92,56.07933,8734.485,108.132706,95.83642,0.79845625,214723.42,2736.1428,628.7029,8.0113325,0.8011333,1.8458306,1.8458306,1.3169041,293,292,288,284,293,,,
United States,2020-12-22,186429.0,17919042,2090,329404,1508218,19206,1.6,5.4,2992644,37433,19.6,35.2,545.8577,6.1194487,52466.344,964.48364,4416.0107,56.234512,8762.359,109.60255,96.448364,0.61194485,215459.72,2743.7144,630.8587,8.033502,0.80335015,1.8382902,1.8382902,1.3278035,294,293,289,285,294,,,
United States,2020-12-23,183553.0,18102595,2129,331533,1493567,19380,-0.4,6.4,2993106,37589,18.5,33.1,537.4369,6.2336392,53003.78,970.7173,4373.1133,56.743977,8763.712,110.05931,97.07173,0.6233639,213366.72,2768.5715,624.73047,8.106282,0.81062824,1.8314115,1.8314115,1.3197302,295,294,290,286,295,,,
United States,2020-12-24,197759.0,18300354,2891,334424,1492676,19513,1.5,6.0,2963883,37919,15.0,31.1,579.0316,8.464749,53582.812,979.18207,4370.5044,57.133396,8678.148,111.025536,97.918205,0.84647495,213239.42,2787.5715,624.3578,8.161914,0.8161914,1.8274182,1.8274182,1.3183925,296,295,291,287,296,,,
United States,2020-12-25,226200.0,18526554,3238,337662,1478610,19362,-0.8,4.8,2968832,37834,14.0,26.3,662.30585,9.480753,54245.117,988.6628,4329.3193,56.691273,8692.639,110.77666,98.86628,0.94807535,211230.0,2766.0,618.47424,8.098754,0.80987537,1.8225839,1.8225839,1.3043425,297,296,292,288,297,,,
United States,2020-12-26,202550.0,18729104,3021,340683,1434655,19045,-6.1,-0.3,2962547,38150,11.1,23.1,593.05945,8.845385,54838.176,997.5082,4200.6206,55.763107,8674.236,111.7019,99.75082,0.8845385,204950.72,2720.7144,600.0887,7.9661584,0.79661584,1.8190032,1.8190032,1.270057,298,297,293,289,298,,,
United States,2020-12-27,161342.0,18890446,2237,342920,1360122,18333,-10.4,-2.8,2878050,37199,4.7,14.4,472.40387,6.5498595,55310.582,1004.05804,3982.3906,53.6784,8426.832,108.917404,100.40581,0.65498596,194303.14,2619.0,568.91296,7.6683426,0.76683426,1.8153092,1.8153092,1.2461197,299,298,294,290,299,,,
United States,2020-12-28,147119.0,19037565,1650,344570,1304952,17256,-13.2,-9.9,2808016,36409,-0.5,8.8,430.7594,4.8311434,55741.34,1008.88916,3820.855,50.52498,8221.774,106.60431,100.888916,0.48311436,186421.72,2465.1428,545.8364,7.217854,0.7217854,1.8099478,1.8099478,1.1579483,300,299,295,291,300,,,
United States,2020-12-29,154342.0,19191907,1903,346473,1272865,17069,-15.6,-11.1,2781083,36275,-2.8,6.1,451.9081,5.571919,56193.246,1014.4611,3726.9053,49.977448,8142.916,106.21196,101.44611,0.5571919,181837.86,2438.4285,532.41504,7.1396356,0.71396357,1.8053079,1.8053079,1.1171601,301,300,296,292,301,,,
United States,2020-12-30,176774.0,19368681,2180,348653,1266086,17120,-15.2,-11.7,2759653,36500,-5.1,5.4,517.58826,6.3829656,56710.836,1020.84406,3707.0566,50.126774,8080.1694,106.87075,102.084404,0.63829654,180869.42,2445.7144,529.5795,7.160968,0.71609676,1.8000864,1.8000864,1.1278533,302,301,297,293,302,,,
United States,2020-12-31,208904.0,19577585,3351,352004,1277231,17580,-14.4,-9.9,2769907,37093,-5.0,6.0,611.66376,9.811613,57322.5,1030.6556,3739.6887,51.47364,8110.193,108.60703,103.06557,0.98116136,182461.58,2511.4285,534.2413,7.353377,0.7353377,1.797995,1.797995,1.1696109,303,302,298,294,303,,,
United States,2021-01-01,235818.0,19813403,3763,355767,1286849,18105,-13.0,-6.5,2765459,37467,-6.1,5.2,690.46704,11.017936,58012.97,1041.6736,3767.8499,53.010822,8097.1694,109.702095,104.16736,1.1017935,183835.58,2586.4285,538.2643,7.5729747,0.75729746,1.7955875,1.7955875,1.2004232,304,303,299,295,304,,,
United States,2021-01-02,229492.0,20042895,3754,359521,1313791,18838,-8.4,-1.1,2748446,37883,-7.6,4.6,671.94476,10.991584,58684.91,1052.6652,3846.735,55.15702,8047.356,110.92013,105.26652,1.0991584,187684.42,2691.1428,549.53357,7.8795743,0.78795743,1.7937578,1.7937578,1.2612759,305,304,300,296,305,,,
United States,2021-01-03,228546.0,20271441,3049,362570,1380995,19650,1.5,7.2,2741117,37983,-8.2,3.8,669.17487,8.927368,59354.086,1061.5925,4043.506,57.534527,8025.897,111.21293,106.159256,0.8927368,197285.0,2807.1428,577.64374,8.219218,0.8219218,1.7885754,1.7885754,1.3164277,306,305,301,297,306,,,
United States,2021-01-04,225318.0,20496759,2384,364954,1459194,20384,11.8,18.1,2764146,37640,-7.3,1.9,659.7234,6.9802704,60013.81,1068.5729,4272.47,59.683655,8093.325,110.20863,106.857285,0.6980271,208456.28,2912.0,610.3529,8.526237,0.85262364,1.7805449,1.7805449,1.378592,307,306,302,298,307,,,
United States,2021-01-05,205458.0,20702217,2044,366998,1510310,20525,18.7,20.2,2783175,37594,-7.0,0.4,601.574,5.984762,60615.383,1074.5576,4422.136,60.0965,8149.0415,110.073944,107.45576,0.59847623,215758.58,2932.1428,631.7337,8.585214,0.8585214,1.7727473,1.7727473,1.4306575,308,307,303,299,308,,,
United States,2021-01-06,174314.0,20876531,2029,369027,1507850,20374,19.1,19.0,2773936,37494,-7.3,-0.3,510.38544,5.9408426,61125.77,1080.4984,4414.933,59.654377,8121.9897,109.78115,108.04984,0.59408426,215407.14,2910.5715,630.7048,8.522054,0.8522054,1.7676643,1.7676643,1.4979539,309,308,304,300,309,,,
United States,2021-01-07,242441.0,21118972,3496,372523,1541387,20519,20.7,16.7,2818618,38099,-4.9,0.5,709.85895,10.236169,61835.63,1090.7346,4513.1284,60.07893,8252.817,111.55257,109.07346,1.0236169,220198.14,2931.2856,644.73267,8.582705,0.85827047,1.7639258,1.7639258,1.572395,310,309,305,301,310,,,
United States,2021-01-08,257750.0,21376722,3855,376378,1563319,20611,21.5,13.8,2850168,38716,-4.0,2.3,754.68317,11.287309,62590.312,1102.022,4577.3447,60.348305,8345.194,113.35912,110.202194,1.1287308,223331.28,2944.4285,653.9064,8.621186,0.8621186,1.7606909,1.7606909,1.6192604,311,310,306,302,311,,,
United States,2021-01-09,269765.0,21646487,3978,380356,1603592,20835,22.1,10.6,2917383,39673,-1.5,4.0,789.8627,11.647448,63380.176,1113.6693,4695.2627,61.00417,8541.998,116.16119,111.366936,1.1647449,229084.58,2976.4285,670.7518,8.714881,0.8714881,1.7571257,1.7571257,1.6456228,312,311,307,303,312,,,
United States,2021-01-10,292105.0,21938592,3711,384067,1667151,21497,20.7,9.4,3048146,41147,5.9,10.6,855.27344,10.865682,64235.45,1124.535,4881.3613,62.942482,8924.867,120.47701,112.45351,1.0865681,238164.42,3071.0,697.3373,8.991783,0.8991783,1.7506456,1.7506456,1.6830941,313,312,308,304,313,,,
United States,2021-01-11,256294.0,22194886,3411,387478,1698127,22524,16.4,10.5,3157321,42908,12.4,17.8,750.42004,9.987291,64985.867,1134.5223,4972.0576,65.9495,9244.528,125.633156,113.45223,0.99872917,242589.58,3217.7144,710.29395,9.421357,0.94213575,1.7457986,1.7457986,1.7503219,314,313,309,305,314,,,
United States,2021-01-12,224484.0,22419370,2555,390033,1717153,23035,13.7,12.2,3227463,43560,16.1,20.1,657.2815,7.4809527,65643.15,1142.0033,5027.765,67.445694,9449.901,127.54219,114.20033,0.7480953,245307.58,3290.7144,718.2522,9.635099,0.9635099,1.7397144,1.7397144,1.753323,315,314,310,306,315,,,
United States,2021-01-13,204122.0,22623492,2534,392567,1746961,23540,15.9,15.5,3254811,43914,17.9,20.3,597.66223,7.4194655,66240.81,1149.4227,5115.042,68.92432,9529.976,128.57869,114.942276,0.7419465,249565.86,3362.8572,730.7203,9.846331,0.9846331,1.7352184,1.7352184,1.704568,316,315,311,307,316,,,
United States,2021-01-14,217776.0,22841268,3600,396167,1722296,23644,11.7,15.2,3263683,44163,17.8,19.1,637.6407,10.540677,66878.45,1159.9634,5042.8237,69.22882,9555.952,129.30775,115.996346,1.0540677,246042.28,3377.7144,720.4034,9.889832,0.9889832,1.7344352,1.7344352,1.6203465,317,316,312,308,317,,,
United States,2021-01-15,226378.0,23067646,4066,400233,1690924,23855,8.2,15.7,3254243,44466,17.7,18.7,662.827,11.905109,67541.28,1171.8685,4950.968,69.84663,9528.3125,130.19493,117.18685,1.1905109,241560.58,3407.8572,707.2811,9.978089,0.99780893,1.7350405,1.7350405,1.5794771,318,317,313,309,318,,,
United States,2021-01-16,223583.0,23291229,3762,403995,1644742,23639,2.6,13.5,3248334,44474,18.2,17.4,654.6434,11.015007,68195.92,1182.8835,4815.7485,69.21419,9511.011,130.21835,118.28835,1.1015007,234963.14,3377.0,687.96405,9.88774,0.98877406,1.7345371,1.7345371,1.5677289,319,318,314,310,319,,,
United States,2021-01-17,237318.0,23528547,3384,407379,1589955,23312,-4.6,8.4,3257106,44809,18.8,18.0,694.859,9.9082365,68890.78,1192.7917,4655.334,68.25674,9536.695,131.19922,119.27918,0.9908236,227136.42,3330.2856,665.0477,9.750963,0.9750963,1.7314243,1.7314243,1.5124041,320,319,315,311,320,,,
United States,2021-01-18,209511.0,23738058,3549,410928,1543172,23450,-9.1,4.1,3241299,45974,17.3,22.1,613.44104,10.391351,69504.22,1203.1831,4518.355,68.6608,9490.413,134.6103,120.31831,1.0391351,220453.14,3350.0,645.47925,9.808685,0.9808686,1.7310936,1.7310936,1.5000137,321,320,316,312,321,,,
United States,2021-01-19,186583.0,23924641,2600,413528,1505271,23495,-12.3,2.0,3222424,46530,15.8,23.8,546.30865,7.612711,70050.53,1210.7959,4407.382,68.79256,9435.147,136.23825,121.07958,0.7612711,215038.72,3356.4285,629.626,9.827508,0.98275083,1.7284607,1.7284607,1.4651482,322,321,317,313,322,,,
United States,2021-01-20,154205.0,24078846,2250,415778,1455354,23211,-16.7,-1.4,3202315,46751,15.4,24.7,451.50696,6.587923,70502.04,1217.3838,4261.2266,67.96101,9376.269,136.88533,121.73838,0.6587923,207907.72,3315.8572,608.7467,9.708716,0.9708716,1.7267356,1.7267356,1.3922554,323,322,318,314,323,,,
United States,2021-01-21,150233.0,24229079,2738,418516,1387811,22349,-19.4,-5.5,3110107,45993,10.3,20.7,439.87708,8.01677,70941.914,1225.4005,4063.4631,65.43711,9106.287,134.66594,122.540054,0.80167705,198258.72,3192.7144,580.49475,9.348158,0.9348158,1.7273294,1.7273294,1.3160971,324,323,319,315,324,,,
United States,2021-01-22,188266.0,24417345,3826,422342,1349699,22109,-20.2,-7.3,3040623,45964,6.7,18.7,551.2364,11.202397,71493.15,1236.6029,3951.8726,64.7344,8902.84,134.58102,123.66029,1.1202397,192814.14,3158.4285,564.5532,9.247771,0.9247771,1.7296803,1.7296803,1.2875382,325,324,320,316,325,,,
United States,2021-01-23,187644.0,24604989,3853,426195,1313760,22200,-20.1,-6.1,2958502,45839,1.4,15.5,549.4152,11.281452,72042.57,1247.8844,3846.6443,65.00084,8662.393,134.21503,124.78844,1.1281452,187680.0,3171.4285,549.5206,9.285834,0.92858344,1.7321488,1.7321488,1.2707782,326,325,321,317,326,,,
United States,2021-01-24,189419.0,24794408,3679,429874,1265861,22495,-20.4,-3.5,2855816,45807,-6.3,11.3,554.61237,10.771986,72597.18,1258.6564,3706.3977,65.86459,8361.731,134.12134,125.86564,1.0771986,180837.28,3213.5715,529.4854,9.409227,0.94092274,1.7337538,1.7337538,1.3061054,327,326,322,318,327,,,
United States,2021-01-25,165512.0,24959920,3073,432947,1221862,22019,-20.8,-6.1,2765034,45469,-12.4,6.0,484.61346,8.997639,73081.79,1267.654,3577.57,64.47088,8095.9253,133.13168,126.7654,0.8997639,174551.72,3145.5715,511.08145,9.210126,0.9210126,1.7345688,1.7345688,1.3021874,328,327,323,319,328,,,
United States,2021-01-26,141554.0,25101474,2477,435424,1176833,21896,-21.8,-6.8,2682104,45391,-16.9,4.2,414.46527,7.2525716,73496.26,1274.9066,3445.7268,64.11074,7853.109,132.90329,127.49066,0.72525716,168119.0,3128.0,492.24667,9.158677,0.9158677,1.7346551,1.7346551,1.3312726,329,328,324,320,329,,,
United States,2021-01-27,135591.0,25237065,2037,437461,1158219,21683,-20.4,-6.6,2613573,44894,-19.7,2.2,397.00583,5.9642663,73893.266,1280.8708,3391.2256,63.487083,7652.4526,131.4481,128.08708,0.59642667,165459.86,3097.5715,484.46082,9.069583,0.90695834,1.7334068,1.7334068,1.3637493,330,329,325,321,330,,,
United States,2021-01-28,145943.0,25383008,3576,441037,1153929,22521,-16.9,0.8,2541740,44870,-22.1,1.6,427.31613,10.470406,74320.58,1291.3413,3378.6648,65.94072,7442.128,131.37782,129.13412,1.0470406,164847.0,3217.2856,482.66638,9.420103,0.9420103,1.7375286,1.7375286,1.4593966,331,330,326,322,331,,,
United States,2021-01-29,158965.0,25541973,3950,444987,1124628,22645,-16.7,2.4,2474327,44754,-24.0,0.6,465.4441,11.565465,74786.02,1302.9067,3292.8723,66.30379,7244.745,131.03818,130.29068,1.1565465,160661.14,3235.0,470.41034,9.47197,0.94719696,1.7421794,1.7421794,1.5043802,332,331,327,323,332,,,
United States,2021-01-30,156822.0,25698795,3870,448857,1093806,22662,-16.7,2.1,2407566,44862,-25.9,0.9,459.16946,11.331227,75245.195,1314.2379,3202.6265,66.35356,7049.271,131.3544,131.4238,1.1331228,156258.0,3237.4285,457.5181,9.47908,0.94790804,1.7466072,1.7466072,1.5571469,333,332,328,324,333,,,
United States,2021-01-31,164238.0,25863033,3266,452123,1068625,22249,-15.6,-1.1,2334486,44744,-28.3,-0.1,480.88324,9.5627365,75726.08,1323.8007,3128.8975,65.14431,6835.2954,131.0089,132.38007,0.9562736,152660.72,3178.4285,446.98535,9.306331,0.930633,1.7481438,1.7481438,1.6031722,334,333,329,325,334,,,
United States,2021-02-01,138823.0,26001856,2827,454950,1041936,22003,-14.7,-0.1,2263798,44022,-30.2,-4.2,406.469,8.277359,76132.55,1332.078,3050.753,64.424034,6628.323,128.89491,133.20781,0.82773596,148848.0,3143.2856,435.82187,9.203433,0.92034334,1.7496828,1.7496828,1.6302153,335,334,330,326,335,,,
United States,2021-02-02,111938.0,26113794,2291,457241,1012320,21817,-14.0,-0.4,2189153,43713,-32.1,-6.1,327.75064,6.7079697,76460.3,1338.786,2964.0383,63.87943,6409.765,127.99017,133.8786,0.670797,144617.14,3116.7144,423.43405,9.125633,0.91256326,1.7509558,1.7509558,1.6606534,336,335,331,327,336,,,
United States,2021-02-03,129043.0,26242837,2229,459470,1005772,22009,-13.2,1.5,2163991,43692,-32.4,-6.5,377.8335,6.526436,76838.13,1345.3125,2944.866,64.4416,6336.092,127.92868,134.53125,0.65264356,143681.72,3144.1428,420.69516,9.205943,0.9205943,1.7508397,1.7508397,1.7386585,337,336,332,328,337,,,
United States,2021-02-04,121330.0,26364167,2947,462417,981159,21380,-15.0,-5.1,2135088,43901,-31.4,-4.5,355.2501,8.6287155,77193.38,1353.9412,2872.8,62.59991,6251.465,128.54063,135.39412,0.8628715,140165.58,3054.2856,410.4,8.942844,0.8942844,1.7539603,1.7539603,1.7497884,338,337,333,329,338,,,
United States,2021-02-05,108669.0,26472836,3280,465697,930863,20710,-17.2,-8.5,2055491,43355,-32.4,-5.7,318.1791,9.603728,77511.56,1363.5449,2725.5352,60.638172,6018.407,126.941956,136.35449,0.9603728,132980.42,2958.5715,389.36215,8.662596,0.8662596,1.7591504,1.7591504,1.759808,339,338,334,330,339,,,
United States,2021-02-06,122620.0,26595456,3127,468824,896661,19967,-18.0,-11.9,1990467,42629,-32.7,-7.0,359.02716,9.155749,77870.586,1372.7007,2625.3928,58.462692,5828.0195,124.81625,137.27007,0.9155749,128094.43,2852.4285,375.05612,8.351813,0.83518136,1.7627974,1.7627974,1.7239399,340,339,335,331,340,,,
United States,2021-02-07,124827.0,26720283,3399,472223,857250,20100,-19.8,-9.7,1925875,42349,-32.6,-7.5,365.4892,9.952156,78236.08,1382.6528,2509.9988,58.85211,5638.896,123.99642,138.26527,0.9952156,122464.29,2871.4285,358.57126,8.407445,0.8407445,1.767283,1.767283,1.7418749,341,340,336,332,341,,,
United States,2021-02-08,110180.0,26830463,2803,475026,828607,20076,-20.5,-8.8,1870543,42079,-32.4,-7.5,322.60327,8.207088,78558.68,1390.8599,2426.133,58.78184,5476.8857,123.20587,139.08598,0.8207088,118372.43,2868.0,346.59042,8.397406,0.8397406,1.7704726,1.7704726,1.7851236,342,341,337,333,342,,,
United States,2021-02-09,92931.0,26923394,1771,476797,809600,19556,-20.0,-10.4,1821920,41373,-32.1,-8.9,272.0988,5.1854277,78830.78,1396.0453,2370.4812,57.2593,5334.5195,121.13873,139.60454,0.51854277,115657.14,2793.7144,338.64017,8.1799,0.81799,1.7709395,1.7709395,1.7878855,343,342,338,334,343,,,
United States,2021-02-10,80726.0,27004120,1668,478465,761283,18995,-24.3,-13.7,1767055,41004,-32.4,-8.7,236.36298,4.8838468,79067.14,1400.9292,2229.0105,55.61671,5173.8765,120.05831,140.09291,0.4883847,108754.71,2713.5715,318.43008,7.9452443,0.79452443,1.7718222,1.7718222,1.7775178,344,343,339,335,344,,,
United States,2021-02-11,91417.0,27095537,2470,480935,731370,18518,-25.5,-13.4,1712529,39898,-32.6,-11.1,267.66586,7.2320757,79334.805,1408.1613,2141.4263,54.22007,5014.2266,116.81998,140.81613,0.72320753,104481.43,2645.4285,305.91806,7.7457247,0.77457243,1.7749602,1.7749602,1.7772685,345,344,340,336,345,,,
United States,2021-02-12,98339.0,27193876,2813,483748,721040,18051,-22.5,-12.8,1651903,38761,-33.2,-13.4,287.93323,8.236368,79622.74,1416.3976,2111.1804,52.85271,4836.7153,113.49088,141.63976,0.8236368,103005.71,2578.7144,301.5972,7.5503874,0.75503874,1.7788858,1.7788858,1.7831318,346,345,341,337,346,,,
United States,2021-02-13,99548.0,27293424,3252,487000,697968,18176,-22.2,-9.0,1594629,38143,-33.8,-15.0,291.47314,9.521745,79914.21,1425.9193,2043.6265,53.218708,4669.019,111.681404,142.59193,0.9521745,99709.71,2596.5715,291.94662,7.6026726,0.76026726,1.7843126,1.7843126,1.8071691,347,346,342,338,347,,,
United States,2021-02-14,97431.0,27390855,5061,492061,670572,19838,-21.8,-1.3,1527822,39938,-34.6,-10.7,285.27463,14.818435,80199.484,1440.7378,1963.4119,58.084988,4473.4106,116.937096,144.07378,1.4818435,95796.0,2834.0,280.48743,8.297855,0.8297855,1.7964426,1.7964426,2.0218945,348,347,343,339,348,,,
United States,2021-02-15,85221.0,27476076,3316,495377,645613,20351,-22.1,1.4,1474220,40427,-34.9,-8.2,249.52417,9.709135,80449.01,1450.4469,1890.3328,59.587032,4316.466,118.36887,145.0447,0.97091347,92230.43,2907.2856,270.04755,8.512433,0.8512433,1.8029394,1.8029394,2.186251,349,348,344,340,349,,,
United States,2021-02-16,67413.0,27543489,1572,496949,620095,20152,-23.4,3.0,1429695,39708,-34.7,-9.2,197.38297,4.602762,80646.39,1455.0497,1815.617,59.004368,4186.098,116.263664,145.50497,0.46027622,88585.0,2878.8572,259.37384,8.429195,0.8429195,1.804234,1.804234,2.2474492,350,349,345,341,350,,,
United States,2021-02-17,58066.0,27601555,1387,498336,597435,19871,-21.5,4.6,1358718,38866,-37.2,-11.0,170.01526,4.0610886,80816.41,1459.1107,1749.2693,58.18161,3978.2798,113.79832,145.91107,0.40610886,85347.86,2838.7144,249.89561,8.311659,0.83116585,1.8054636,1.8054636,2.3179936,351,350,346,342,351,,,
United States,2021-02-18,56871.0,27658426,1407,499743,562889,18808,-23.0,1.6,1294259,37326,-39.4,-15.0,166.51634,4.119648,80982.93,1463.2305,1648.1198,55.06918,3789.5461,109.28925,146.32304,0.4119648,80412.71,2686.8572,235.44568,7.867026,0.7867026,1.8068382,1.8068382,2.2698336,352,351,347,343,352,,,
United States,2021-02-19,63770.0,27722196,2181,501924,528320,18176,-26.7,0.7,1249360,36227,-39.2,-16.4,186.71638,6.3858933,81169.64,1469.6163,1546.903,53.218708,3658.0835,106.07142,146.96164,0.6385893,75474.29,2596.5715,220.98613,7.6026726,0.76026726,1.8105493,1.8105493,2.2450593,353,352,348,344,353,,,
United States,2021-02-20,68568.0,27790764,2247,504171,497340,17171,-28.7,-5.5,1195308,35347,-39.9,-17.1,200.76476,6.579139,81370.41,1476.1954,1456.1946,50.2761,3499.821,103.494804,147.61955,0.6579139,71048.57,2453.0,208.02779,7.1823,0.71823,1.8141675,1.8141675,2.2555344,354,353,349,345,354,,,
United States,2021-02-21,73576.0,27864340,2322,506493,473485,14432,-29.4,-27.3,1144057,34270,-40.6,-19.1,215.42801,6.7987366,81585.836,1482.9941,1386.3479,42.2564,3349.7598,100.34139,148.29942,0.67987365,67640.71,2061.7144,198.0497,6.036629,0.6036629,1.8177104,1.8177104,1.973283,355,354,350,346,355,,,
United States,2021-02-22,65510.0,27929850,1839,508332,453774,12955,-29.7,-36.3,1099387,33306,-41.2,-20.8,191.81104,5.384529,81777.65,1488.3788,1328.6348,37.931797,3218.9675,97.51883,148.83788,0.5384529,64824.855,1850.7142,189.80496,5.418828,0.5418828,1.8200313,1.8200313,1.7967103,356,355,351,347,356,,,
United States,2021-02-23,56628.0,27986478,1525,509857,442989,12908,-28.6,-35.9,1063084,33060,-41.7,-20.1,165.80486,4.465148,81943.45,1492.8439,1297.0566,37.79418,3112.6736,96.79855,149.2844,0.4465148,63284.145,1844.0,185.29381,5.399169,0.5399169,1.8217976,1.8217976,1.8493685,357,356,352,348,357,,,
United States,2021-02-24,55821.0,28042299,1487,511344,440744,13008,-26.2,-34.5,1038179,32879,-41.2,-19.8,163.44199,4.353885,82106.89,1497.1978,1290.4834,38.08698,3039.7527,96.268585,149.71977,0.4353885,62963.43,1858.2858,184.35477,5.440997,0.5440997,1.8234739,1.8234739,1.9398364,358,357,353,349,358,,,
United States,2021-02-25,70162.0,28112461,1718,513062,454035,13319,-19.3,-29.2,1016924,32127,-40.6,-19.5,205.43195,5.0302453,82312.33,1502.228,1329.3989,38.997578,2977.5188,94.06676,150.2228,0.5030245,64862.145,1902.7142,189.91414,5.5710826,0.5571082,1.8250341,1.8250341,2.0630007,359,358,354,350,359,,,
United States,2021-02-26,72358.0,28184819,1975,515037,462623,13113,-12.4,-27.9,990943,31289,-40.0,-19.3,211.86176,5.7827325,82524.19,1508.0107,1354.5443,38.394417,2901.4473,91.61312,150.80107,0.57827324,66089.0,1873.2858,193.50633,5.4849167,0.54849166,1.8273561,1.8273561,2.114676,360,359,355,351,360,,,
United States,2021-02-27,71998.0,28256817,2850,517887,466053,13716,-6.3,-20.1,963393,30887,-39.6,-19.0,210.80768,8.344703,82734.99,1516.3555,1364.5873,40.15998,2820.7817,90.43608,151.63554,0.8344703,66579.0,1959.4286,194.94104,5.7371397,0.573714,1.8327861,1.8327861,2.2958145,361,360,356,352,361,,,
United States,2021-02-28,73274.0,28330091,1966,519853,465751,13360,-1.6,-7.4,939236,27792,-38.5,-30.4,214.54376,5.756381,82949.54,1522.1118,1363.703,39.117622,2750.051,81.37402,152.21118,0.57563806,66535.86,1908.5714,194.81471,5.588232,0.55882317,1.8349853,1.8349853,2.3734698,362,361,357,353,362,,,
United States,2021-03-01,68298.0,28398389,1634,521487,468539,13155,3.3,1.5,922313,26110,-37.4,-35.4,199.97421,4.784296,83149.516,1526.8961,1371.8662,38.51739,2700.501,76.44919,152.6896,0.47842962,66934.14,1879.2858,195.98088,5.5024843,0.55024844,1.836326,1.836326,2.4899683,363,362,358,354,363,,,
United States,2021-03-02,52570.0,28450959,1026,522513,464481,12656,4.9,-2.0,907470,25564,-36.5,-35.6,153.92316,3.004093,83303.44,1529.9001,1359.9845,37.056335,2657.0413,74.85052,152.99002,0.3004093,66354.43,1808.0,194.2835,5.293762,0.5293762,1.8365391,1.8365391,2.544738,364,363,359,355,364,,,
United States,2021-03-03,51114.0,28502073,1323,523836,459774,12492,4.3,-4.0,900518,25500,-33.7,-34.4,149.66005,3.8736987,83453.09,1533.7739,1346.2025,36.57615,2636.686,74.66313,153.3774,0.38736987,65682.0,1784.5714,192.31465,5.225164,0.5225164,1.8378874,1.8378874,2.6383095,365,364,360,356,365,,,
United States,2021-03-04,53761.0,28555834,1128,524964,443373,11902,-2.3,-10.6,897408,25221,-30.7,-32.4,157.41037,3.3027453,83610.51,1537.0767,1298.181,34.848648,2627.5798,73.84623,153.70767,0.33027455,63339.0,1700.2858,185.45442,4.9783783,0.49783784,1.8383774,1.8383774,2.6228917,366,365,361,357,366,,,
United States,2021-03-05,66043.0,28621877,1896,526860,437058,11823,-5.5,-9.8,899681,24936,-28.0,-31.2,193.37164,5.551423,83803.875,1542.628,1279.6909,34.61734,2634.235,73.01176,154.2628,0.55514234,62436.855,1689.0,182.81299,4.9453344,0.49453342,1.8407598,1.8407598,2.668915,367,366,362,358,367,,,
United States,2021-03-06,64859.0,28686736,1515,528375,429919,10488,-7.8,-23.5,895972,24204,-25.0,-31.5,189.90494,4.4358683,83993.78,1547.064,1258.7881,30.708506,2623.3755,70.868484,154.70639,0.44358683,61417.0,1498.2858,179.82687,4.3869295,0.43869293,1.8418791,1.8418791,2.3796127,368,367,363,359,368,,,
United States,2021-03-07,64094.0,28750830,1924,530299,420739,10446,-9.7,-21.8,886490,23806,-22.5,-30.5,187.66504,5.633406,84181.445,1552.6974,1231.9094,30.585531,2595.6123,69.703156,155.26973,0.5633406,60105.57,1492.2858,175.98706,4.3693614,0.43693617,1.844465,1.844465,2.3007038,369,368,364,360,369,,,
United States,2021-03-08,57710.0,28808540,1277,531576,410151,10089,-12.5,-23.3,878690,23244,-20.1,-30.2,168.9729,3.7390122,84350.42,1556.4364,1200.9081,29.540247,2572.7742,68.05764,155.64363,0.37390125,58593.0,1441.2858,171.5583,4.2200356,0.42200354,1.8452028,1.8452028,2.1808255,370,369,365,361,370,,,
United States,2021-03-09,43758.0,28852298,895,532471,401339,9958,-13.6,-21.3,865820,22614,-18.6,-31.6,128.12193,2.6205294,84478.54,1559.0569,1175.1069,29.156683,2535.0913,66.21302,155.90569,0.26205295,57334.145,1422.5714,167.8724,4.1652403,0.41652405,1.8455064,1.8455064,2.1366668,371,370,366,362,371,,,
United States,2021-03-10,42703.0,28895001,802,533273,392928,9437,-14.5,-24.5,852702,21929,-17.9,-33.3,125.03292,2.3482287,84603.58,1561.4052,1150.4797,27.631214,2496.6824,64.20736,156.14052,0.23482285,56132.57,1348.1428,164.35425,3.9473162,0.3947316,1.8455545,1.8455545,2.02619,372,371,367,363,372,,,
United States,2021-03-11,54088.0,28949089,1201,534474,393255,9510,-11.3,-20.1,836628,21412,-17.7,-33.4,158.36781,3.516487,84761.945,1564.9216,1151.4373,27.844955,2449.6182,62.693604,156.49216,0.3516487,56179.285,1358.5714,164.49103,3.9778507,0.39778507,1.846255,1.846255,2.0297136,373,372,368,364,373,,,
United States,2021-03-12,61755.0,29010844,1576,536050,388967,9190,-11.0,-22.3,826025,21013,-16.6,-32.8,180.81653,4.6144743,84942.76,1569.5361,1138.8821,26.908007,2418.573,61.525345,156.95361,0.46144742,55566.715,1312.8572,162.69743,3.8440008,0.3844001,1.8477573,1.8477573,1.9785525,374,373,369,365,374,,,
United States,2021-03-13,59764.0,29070608,1317,537367,383872,8992,-10.7,-14.3,813791,19480,-15.5,-36.9,174.98695,3.856131,85117.75,1573.3922,1123.9641,26.328268,2382.7522,57.036774,157.33922,0.3856131,54838.855,1284.5714,160.5663,3.7611814,0.37611812,1.848489,1.848489,1.9557434,375,374,370,366,375,,,
United States,2021-03-14,64222.0,29134830,1491,538858,384000,8559,-8.7,-18.1,804739,19005,-14.3,-31.6,188.03983,4.3655972,85305.79,1577.7578,1124.3389,25.06046,2356.2483,55.645992,157.77579,0.4365597,54857.145,1222.7142,160.61984,3.5800657,0.35800657,1.849532,1.849532,1.9304287,376,375,371,367,376,,,
United States,2021-03-15,52274.0,29187104,958,539816,378564,8240,-7.7,-18.3,788715,18329,-14.5,-29.8,153.05649,2.8049912,85458.84,1580.5627,1108.4225,24.126438,2309.3306,53.666687,158.05627,0.28049913,54080.57,1177.1428,158.34607,3.446634,0.3446634,1.8495017,1.8495017,1.8853333,377,376,372,368,377,,,
United States,2021-03-16,47230.0,29234334,651,540467,382036,7996,-4.8,-19.7,783375,17954,-13.7,-29.8,138.28783,1.9061058,85597.13,1582.4689,1118.5884,23.412014,2293.6953,52.5687,158.24689,0.19061057,54576.57,1142.2858,159.79834,3.3445735,0.33445737,1.8487406,1.8487406,1.8598852,378,377,373,369,378,,,
United States,2021-03-17,43532.0,29277866,693,541160,382865,7887,-2.6,-16.4,775793,17324,-13.9,-32.1,127.460205,2.0290804,85724.59,1584.4979,1121.0156,23.092867,2271.4954,50.72408,158.4498,0.20290804,54695.0,1126.7142,160.1451,3.298981,0.3298981,1.8483588,1.8483588,1.8745588,379,378,374,370,379,,,
United States,2021-03-18,51806.0,29329672,853,542013,380583,7539,-3.2,-20.7,773838,17049,-13.8,-32.4,151.6862,2.4975548,85876.27,1586.9955,1114.334,22.073935,2265.7712,49.918888,158.69955,0.24975549,54369.0,1077.0,159.19057,3.1534193,0.31534192,1.8480023,1.8480023,1.8381035,380,379,375,371,380,,,
United States,2021-03-19,59588.0,29389260,1075,543088,378416,7038,-2.7,-23.4,767383,16228,-14.7,-34.9,174.47163,3.1475632,86050.75,1590.1431,1107.9891,20.607023,2246.871,47.51503,159.01431,0.31475633,54059.43,1005.4286,158.28416,2.9438605,0.29438606,1.8479131,1.8479131,1.7536297,381,380,376,372,381,,,
United States,2021-03-20,63099.0,29452359,956,544044,381751,6677,-0.6,-25.7,765623,15669,-14.5,-35.3,184.75171,2.7991354,86235.5,1592.9423,1117.7539,19.550028,2241.718,45.878296,159.29422,0.27991354,54535.855,953.8571,159.67912,2.7928612,0.27928612,1.8472,1.8472,1.6992935,382,381,377,373,382,,,
United States,2021-03-21,62022.0,29514381,1078,545122,379551,6264,-1.2,-26.8,763551,14823,-13.9,-37.7,181.5983,3.1563473,86417.1,1596.0986,1111.3124,18.340778,2235.6511,43.401237,159.60986,0.31563473,54221.57,894.8571,158.75891,2.6201112,0.2620111,1.8469708,1.8469708,1.5928596,383,382,378,374,383,,,
United States,2021-03-22,58456.0,29572837,718,545840,385733,6024,1.9,-26.9,764297,14264,-13.0,-38.6,171.15717,2.1022794,86588.26,1598.2008,1129.4131,17.638065,2237.8354,41.764503,159.82008,0.21022795,55104.715,860.5714,161.34473,2.5197237,0.25197238,1.8457478,1.8457478,1.5487175,384,383,379,375,384,,,
United States,2021-03-23,45228.0,29618065,553,546393,383731,5926,0.4,-25.9,765767,13922,-11.6,-38.4,132.42604,1.6191651,86720.68,1599.8201,1123.5513,17.351126,2242.1396,40.76314,159.98201,0.16191651,54818.715,846.5714,160.50732,2.478732,0.24787322,1.8447964,1.8447964,1.5437437,385,384,380,376,385,,,
United States,2021-03-24,48228.0,29666293,938,547331,388427,6171,1.5,-21.8,771292,14058,-9.5,-35.9,141.20993,2.7464318,86861.89,1602.5664,1137.301,18.068478,2258.3167,41.161343,160.25665,0.27464318,55489.57,881.5714,162.47157,2.581211,0.2581211,1.8449591,1.8449591,1.6070312,386,385,381,377,386,,,
United States,2021-03-25,57684.0,29723977,753,548084,394305,6071,3.6,-19.5,774888,13610,-7.4,-36.4,168.89677,2.2047582,87030.79,1604.7712,1154.5116,17.77568,2268.8457,39.849613,160.47713,0.22047582,56329.285,867.2857,164.93022,2.539383,0.2539383,1.8439121,1.8439121,1.6036918,387,386,382,378,387,,,
United States,2021-03-26,68021.0,29791998,1126,549210,402738,6122,6.4,-13.0,781154,13160,-5.4,-37.4,199.16316,3.2968895,87229.95,1608.0681,1179.2031,17.925007,2287.1921,38.532032,160.80681,0.32968897,57534.0,874.5714,168.45758,2.5607152,0.25607154,1.8434815,1.8434815,1.6024668,388,387,383,379,388,,,
United States,2021-03-27,65367.0,29857365,981,550191,405006,6147,6.1,-7.9,786757,12824,-3.3,-34.2,191.39235,2.8723345,87421.34,1610.9404,1185.8438,17.998205,2303.5977,37.548233,161.09404,0.28723344,57858.0,878.1429,169.40625,2.5711722,0.25711724,1.8427312,1.8427312,1.6055268,389,388,384,380,389,,,
United States,2021-03-28,74834.0,29932199,1042,551233,417818,6111,10.1,-2.4,797369,12375,-0.9,-34.9,219.11139,3.0509403,87640.45,1613.9913,1223.3568,17.8928,2334.6692,36.233578,161.39914,0.30509403,59688.285,873.0,174.76526,2.5561142,0.25561142,1.8416054,1.8416054,1.6056944,390,389,385,381,390,,,
United States,2021-03-29,63203.0,29995402,851,552084,422565,6244,9.5,3.7,808298,12268,2.5,-33.1,185.05623,2.491699,87825.516,1616.483,1237.2559,18.282219,2366.669,35.920284,161.64832,0.24916989,60366.43,892.0,176.75084,2.6117456,0.26117456,1.8405621,1.8405621,1.650036,391,390,386,382,391,,,
United States,2021-03-30,53256.0,30048658,618,552702,430593,6309,12.2,6.5,814324,12235,4.0,-31.9,155.93175,1.8094829,87981.445,1618.2926,1260.7616,18.472536,2384.3127,35.82366,161.82925,0.18094829,61513.285,901.2857,180.1088,2.6389337,0.26389337,1.8393567,1.8393567,1.652648,392,391,387,383,392,,,
United States,2021-03-31,58014.0,30106672,548,553250,440379,5919,13.4,-4.1,828806,12090,6.8,-30.2,169.863,1.6045253,88151.305,1619.8971,1289.4147,17.33063,2426.7156,35.399105,161.98972,0.16045253,62911.285,845.5714,184.20209,2.4758043,0.24758042,1.8376325,1.8376325,1.5594742,393,392,388,384,393,,,
United States,2021-04-01,61789.0,30168461,729,553979,444484,5895,12.7,-2.9,838789,11966,8.4,-29.8,180.91608,2.1344872,88332.23,1622.0316,1301.434,17.260359,2455.9456,35.036037,162.20316,0.2134487,63497.715,842.1429,185.91914,2.4657655,0.24657655,1.8362852,1.8362852,1.5282592,394,393,389,385,394,,,
United States,2021-04-02,69567.0,30238028,948,554927,446030,5717,10.7,-6.6,848768,11839,10.6,-27.0,203.6898,2.7757115,88535.914,1624.8073,1305.9606,16.739182,2485.1638,34.66419,162.48073,0.27757117,63718.57,816.7143,186.5658,2.3913114,0.23913115,1.8351958,1.8351958,1.4898458,395,394,390,386,395,,,
United States,2021-04-03,73685.0,30311713,816,555743,454348,5552,12.2,-9.7,859354,11699,12.2,-25.3,215.74716,2.38922,88751.66,1627.1965,1330.3154,16.256065,2516.1592,34.254272,162.71965,0.23892201,64906.855,793.1429,190.04506,2.3222952,0.23222952,1.8334266,1.8334266,1.4293548,396,395,391,387,396,,,
United States,2021-04-04,70446.0,30382159,842,556585,449960,5352,7.7,-12.4,867778,11463,13.7,-22.7,206.26347,2.4653473,88957.92,1629.6619,1317.4675,15.670473,2540.8242,33.56327,162.96619,0.24653472,64280.0,764.5714,188.20964,2.238639,0.2238639,1.8319468,1.8319468,1.357325,397,396,392,388,397,,,
United States,2021-04-05,63695.0,30445854,708,557293,450452,5209,6.6,-16.6,873017,11453,14.2,-19.7,186.49678,2.0729997,89144.42,1631.7349,1318.9081,15.251774,2556.1638,33.533993,163.1735,0.20729998,64350.285,744.1429,188.41544,2.178825,0.21788248,1.8304397,1.8304397,1.2933967,398,397,393,389,398,,,
United States,2021-04-06,45722.0,30491576,532,557825,442918,5123,2.9,-18.8,873511,11432,14.1,-17.9,133.87245,1.5576779,89278.29,1633.2925,1296.8488,14.999969,2557.6104,33.472504,163.32925,0.15576778,63274.0,731.8571,185.26411,2.1428528,0.21428527,1.8294398,1.8294398,1.2649195,399,398,394,390,399,,,
United States,2021-04-07,56400.0,30547976,362,558187,441304,4937,0.2,-16.6,881683,10856,14.3,-22.8,165.13727,1.0599236,89443.43,1634.3524,1292.123,14.455367,2581.5376,31.785997,163.43524,0.10599236,63043.43,705.2857,184.589,2.0650525,0.20650525,1.827247,1.827247,1.181615,400,399,395,391,400,,,
United States,2021-04-08,63657.0,30611633,749,558936,443172,4957,-0.3,-15.9,887656,10852,14.6,-20.3,186.38551,2.1930463,89629.81,1636.5455,1297.5925,14.5139265,2599.0264,31.774284,163.65456,0.21930464,63310.285,708.1429,185.37035,2.0734181,0.2073418,1.8258941,1.8258941,1.173074,401,400,396,392,401,,,
United States,2021-04-09,74627.0,30686260,821,559757,448232,4830,0.5,-15.5,894262,10547,14.5,-19.9,218.50531,2.4038599,89848.32,1638.9493,1312.408,14.142075,2618.3687,30.881256,163.89494,0.240386,64033.145,690.0,187.48685,2.0202963,0.20202965,1.8241291,1.8241291,1.1217089,402,401,397,393,402,,,
United States,2021-04-10,75434.0,30761694,867,560624,449981,4881,-1.0,-12.1,904329,10433,14.9,-18.6,220.86818,2.5385463,90069.19,1641.4879,1317.5289,14.291401,2647.8445,30.547468,164.14879,0.25385463,64283.0,697.2857,188.21843,2.0416288,0.20416288,1.8224744,1.8224744,1.1083635,403,402,398,394,403,,,
United States,2021-04-11,76415.0,30838109,864,561488,455950,4903,1.3,-8.4,905910,10255,13.6,-17.1,223.74051,2.5297625,90292.93,1644.0177,1335.006,14.355817,2652.4736,30.026289,164.40176,0.25297624,65135.715,700.4286,190.71515,2.0508308,0.20508309,1.8207601,1.8207601,1.1030768,404,403,399,395,404,,,
United States,2021-04-12,68111.0,30906220,740,562228,460366,4935,2.2,-5.3,910818,10144,12.7,-17.3,199.42668,2.1666946,90492.36,1646.1843,1347.9359,14.449512,2666.844,29.701284,164.61844,0.21666947,65766.57,705.0,192.56227,2.064216,0.20642158,1.8191419,1.8191419,1.1064278,405,404,400,396,405,,,
United States,2021-04-13,53239.0,30959459,468,562696,467883,4871,5.6,-4.9,910801,9994,11.8,-18.3,155.88197,1.370288,90648.234,1647.5547,1369.9454,14.262121,2666.7942,29.26209,164.75546,0.1370288,66840.43,695.8571,195.7065,2.037446,0.20374459,1.8175253,1.8175253,1.0720857,406,405,401,397,406,,,
United States,2021-04-14,60435.0,31019894,533,563229,471918,5042,6.9,2.1,913222,9979,10.2,-17.5,176.95161,1.5606058,90825.19,1649.1152,1381.7598,14.762804,2673.8828,29.21817,164.91153,0.15606058,67416.86,720.2857,197.39426,2.108972,0.21089719,1.8157026,1.8157026,1.1205441,407,406,402,398,407,,,
United States,2021-04-15,72206.0,31092100,751,563980,480467,5044,8.4,1.8,923639,10001,10.1,-16.4,211.4167,2.1989024,91036.61,1651.3142,1406.791,14.76866,2704.3835,29.282587,165.13142,0.21989024,68638.14,720.5714,200.97014,2.1098084,0.21098085,1.8139013,1.8139013,1.1197641,408,407,403,399,408,,,
United States,2021-04-16,70654.0,31162754,782,564762,476494,5005,6.3,3.6,924726,9835,8.9,-16.9,206.8725,2.2896693,91243.48,1653.6039,1395.1582,14.654469,2707.5662,28.796543,165.36038,0.22896692,68070.57,715.0,199.3083,2.0934956,0.20934956,1.812298,1.812298,1.130006,409,408,404,400,409,,,
United States,2021-04-17,71498.0,31234252,794,565556,472558,4932,5.0,1.0,922539,9813,7.4,-16.1,209.3437,2.3248048,91452.82,1655.9286,1383.6337,14.440727,2701.1626,28.732128,165.59286,0.23248048,67508.29,704.5714,197.66196,2.062961,0.2062961,1.8106917,1.8106917,1.117597,410,409,405,401,410,,,
United States,2021-04-18,71074.0,31305326,807,566363,467217,4875,2.5,-0.6,923167,9778,6.4,-14.7,208.10225,2.3628683,91660.92,1658.2915,1367.9954,14.273833,2703.0015,28.62965,165.82915,0.23628685,66745.29,696.4286,195.42792,2.039119,0.2039119,1.8091586,1.8091586,1.1000243,411,410,406,402,411,,,
United States,2021-04-19,77212.0,31382538,627,566990,476318,4762,3.5,-3.5,936684,9697,7.3,-15.3,226.0741,1.8358346,91887.0,1660.1273,1394.6428,13.942973,2742.5789,28.392485,166.01274,0.18358345,68045.43,680.2857,199.2347,1.9918534,0.19918533,1.8067054,1.8067054,1.0623963,412,411,407,403,412,,,
United States,2021-04-20,49337.0,31431875,499,567489,472416,4793,1.0,-1.6,940299,9664,7.6,-15.5,144.45705,1.4610549,92031.45,1661.5884,1383.2179,14.03374,2753.1633,28.295862,166.15884,0.1461055,67488.0,684.7143,197.60255,2.00482,0.200482,1.805457,1.805457,1.0651561,413,412,408,404,413,,,
United States,2021-04-21,35281.0,31467156,463,567952,447262,4723,-5.2,-6.3,919180,9765,4.3,-10.0,103.30156,1.3556482,92134.76,1662.9441,1309.5679,13.828783,2691.3276,28.591587,166.2944,0.13556482,63894.57,674.7143,187.08112,1.9755404,0.19755404,1.8049041,1.8049041,1.0358592,414,413,409,405,414,,,
United States,2021-04-22,57318.0,31524474,746,568698,432374,4718,-10.0,-6.5,912841,9762,2.8,-10.0,167.82515,2.1842625,92302.586,1665.1283,1265.9763,13.814143,2672.7673,28.582802,166.51283,0.21842626,61767.715,674.0,180.85376,1.973449,0.1973449,1.8039888,1.8039888,1.0248368,415,414,410,406,415,,,
United States,2021-04-23,63049.0,31587523,767,569465,424769,4703,-10.9,-6.0,901263,9708,0.8,-8.0,184.60532,2.2457497,92487.19,1667.374,1243.7091,13.770224,2638.8672,28.424692,166.73741,0.22457498,60681.285,671.8571,177.67273,1.9671748,0.19671747,1.8028163,1.8028163,1.0051658,416,415,411,407,416,,,
United States,2021-04-24,61479.0,31649002,784,570249,414750,4693,-12.2,-4.8,887308,9625,-1.9,-7.7,180.0084,2.2955253,92667.195,1669.6696,1214.3738,13.740944,2598.0076,28.181671,166.96696,0.22955252,59250.0,670.4286,173.48198,1.962992,0.1962992,1.8017914,1.8017914,0.9944524,417,416,412,408,417,,,
United States,2021-04-25,62419.0,31711421,835,571084,406095,4721,-13.1,-3.2,873312,9596,-3.6,-6.4,182.7607,2.4448514,92849.95,1672.1144,1189.0322,13.8229265,2557.0276,28.09676,167.21144,0.24448514,58013.57,674.4286,169.86176,1.9747038,0.19747038,1.8008779,1.8008779,0.98258567,418,417,413,409,418,,,
United States,2021-04-26,51698.0,31763119,654,571738,380581,4748,-20.1,-0.3,856899,9510,-5.9,-6.2,151.36998,1.9148897,93001.33,1674.0293,1114.3281,13.901981,2508.971,27.844955,167.40294,0.19148897,54368.715,678.2857,159.18974,1.9859974,0.19859974,1.8000058,1.8000058,0.9964449,419,418,414,410,419,,,
United States,2021-04-27,40847.0,31803966,435,572173,372091,4684,-21.2,-2.3,844507,9477,-7.3,-5.2,119.59862,1.2736652,93120.92,1675.303,1089.4697,13.714592,2472.6877,27.748333,167.5303,0.12736651,53155.855,669.1429,155.63853,1.9592274,0.19592275,1.7990618,1.7990618,0.9912011,420,419,415,411,420,,,
United States,2021-04-28,30199.0,31834165,467,572640,367009,4688,-17.9,-0.7,814271,9411,-10.8,-5.7,88.42164,1.36736,93209.34,1676.6704,1074.5898,13.726304,2384.1577,27.555086,167.66704,0.136736,52429.855,669.7143,153.51283,1.9609005,0.19609006,1.7988222,1.7988222,1.0033882,421,420,416,412,421,,,
United States,2021-04-29,50313.0,31884478,546,573186,360004,4488,-16.7,-4.9,792378,9206,-14.2,-7.9,147.31474,1.5986693,93356.664,1678.269,1054.0795,13.140711,2320.0557,26.954853,167.8269,0.15986693,51429.145,641.1429,150.58278,1.8772444,0.18772444,1.797696,1.797696,0.94222766,422,421,417,413,422,,,
United States,2021-04-30,54396.0,31938874,832,574018,351351,4553,-17.3,-3.2,776120,9256,-16.1,-5.9,159.26962,2.4360676,93515.93,1680.7051,1028.7438,13.331028,2272.453,27.101252,168.07051,0.24360676,50193.0,650.4286,146.9634,1.9044327,0.19044326,1.7972393,1.7972393,0.9637692,423,422,418,414,423,,,
United States,2021-05-01,55643.0,31994517,753,574771,345515,4522,-16.7,-3.6,760265,9215,-17.6,-6.1,162.9208,2.2047582,93678.85,1682.9098,1011.6561,13.240261,2226.03,26.981205,168.29099,0.22047582,49359.285,646.0,144.52231,1.8914659,0.1891466,1.7964672,1.7964672,1.0110404,424,423,419,415,424,,,
United States,2021-05-02,55311.0,32049828,806,575577,338407,4493,-16.7,-4.8,744502,9214,-19.4,-5.8,161.94872,2.3599405,93840.805,1685.2698,990.8441,13.155351,2179.8765,26.978277,168.52698,0.23599404,48343.855,641.8571,141.54916,1.8793358,0.18793358,1.7958817,1.7958817,1.0391467,425,424,420,416,425,,,
United States,2021-05-03,48352.0,32098180,616,576193,335061,4455,-12.0,-6.2,715642,9203,-23.6,-5.1,141.573,1.8036269,93982.375,1687.0734,981.0472,13.044087,2095.3752,26.94607,168.70734,0.1803627,47865.855,636.4286,140.1496,1.8634411,0.18634412,1.7950956,1.7950956,1.0488054,426,425,421,417,426,,,
United States,2021-05-04,36593.0,32134773,500,576693,330807,4520,-11.1,-3.5,702898,9204,-25.2,-4.8,107.14305,1.4639829,94089.516,1688.5374,968.5916,13.2344055,2058.0613,26.948997,168.85374,0.14639829,47258.145,645.7143,138.37022,1.8906294,0.18906294,1.7946074,1.7946074,1.0898131,427,426,422,418,427,,,
United States,2021-05-05,32953.0,32167726,470,577163,333561,4523,-9.1,-3.5,700570,9211,-23.8,-5.7,96.48526,1.3761439,94186.0,1689.9136,976.6552,13.24319,2051.245,26.969494,168.99135,0.1376144,47651.57,646.1429,139.52217,1.8918842,0.18918842,1.79423,1.79423,1.1137788,428,427,423,419,428,,,
United States,2021-05-06,42552.0,32210278,674,577837,325800,4651,-9.5,3.6,685804,9139,-24.9,-6.4,124.590805,1.973449,94310.59,1691.887,953.9313,13.6179695,2008.0106,26.75868,169.1887,0.1973449,46542.855,664.4286,136.2759,1.9454242,0.19454241,1.7939522,1.7939522,1.2220789,429,428,424,420,429,,,
United States,2021-05-07,44541.0,32254819,714,578551,315945,4533,-10.1,-0.4,667296,9086,-26.0,-6.4,130.41452,2.0905676,94441.01,1693.9775,925.0762,13.2724695,1953.8198,26.603497,169.39775,0.20905676,45135.0,647.5714,132.15373,1.896067,0.1896067,1.7936885,1.7936885,1.2182504,430,429,425,421,430,,,
United States,2021-05-08,42692.0,32297511,671,579222,302994,4451,-12.3,-1.6,648509,8973,-26.9,-6.8,125.00072,1.964665,94566.01,1695.9423,887.15607,13.032376,1898.8121,26.272636,169.59422,0.1964665,43284.855,635.8571,126.73658,1.861768,0.18617679,1.7933952,1.7933952,1.2127768,431,430,426,422,431,,,
United States,2021-05-09,44641.0,32342152,806,580028,292324,4451,-13.6,-0.9,630731,8944,-27.8,-6.8,130.70732,2.3599405,94696.72,1698.3021,855.9147,13.032376,1846.7588,26.187727,169.83022,0.23599404,41760.57,635.8571,122.27353,1.861768,0.18617679,1.7934119,1.7934119,1.2363751,432,431,427,423,432,,,
United States,2021-05-10,37021.0,32379173,609,580637,280993,4444,-16.1,-0.2,616054,8899,-28.1,-6.4,108.396225,1.7831312,94805.11,1700.0853,822.7379,13.01188,1803.785,26.055967,170.00853,0.17831312,40141.855,634.8571,117.53399,1.85884,0.185884,1.7932422,1.7932422,1.264832,433,432,428,424,433,,,
United States,2021-05-11,27538.0,32406711,408,581045,271938,4352,-17.8,-3.7,602745,8872,-28.6,-6.4,80.630325,1.19461,94885.74,1701.2799,796.22516,12.742507,1764.8168,25.976913,170.12799,0.11946101,38848.285,621.7143,113.74645,1.8203582,0.18203582,1.7929773,1.7929773,1.259569,434,433,429,425,434,,,
United States,2021-05-12,24383.0,32431094,395,581440,263368,4277,-21.0,-5.4,596929,8800,-26.7,-6.5,71.39259,1.1565465,94957.13,1702.4364,771.1325,12.52291,1747.7877,25.7661,170.24365,0.11565465,37624.0,611.0,110.16179,1.7889872,0.1788987,1.7928473,1.7928473,1.2638627,435,434,430,426,435,,,
United States,2021-05-13,33073.0,32464167,598,582038,253889,4201,-22.1,-9.7,579689,8852,-26.8,-3.8,96.83662,1.7509235,95053.97,1704.1874,743.3783,12.3003845,1697.3096,25.918354,170.41873,0.17509235,36269.855,600.1429,106.1969,1.7571977,0.17571978,1.7928629,1.7928629,1.2538016,436,435,431,427,436,,,
United States,2021-05-14,35784.0,32499951,679,582717,245132,4166,-22.4,-8.1,561077,8699,-27.7,-6.0,104.77433,1.9880888,95158.74,1706.1754,717.7381,12.197906,1642.8143,25.470375,170.61755,0.19880888,35018.855,595.1429,102.53402,1.742558,0.17425579,1.792978,1.792978,1.2593446,437,436,432,428,437,,,
United States,2021-05-15,40435.0,32540386,583,583300,242875,4078,-19.8,-8.4,545869,8529,-28.2,-7.4,118.392296,1.7070041,95277.14,1707.8824,711.1297,11.940245,1598.2858,24.97262,170.78825,0.1707004,34696.43,582.5714,101.58996,1.7057493,0.17057492,1.7925417,1.7925417,1.2225649,438,437,433,429,438,,,
United States,2021-05-16,35116.0,32575502,701,584001,233350,3973,-20.2,-10.7,525674,8424,-29.4,-8.6,102.81845,2.052504,95379.95,1709.9349,683.24084,11.632809,1539.1555,24.665184,170.9935,0.2052504,33335.715,567.5714,97.605835,1.6618297,0.16618298,1.7927613,1.7927613,1.2194598,439,438,434,430,439,,,
United States,2021-05-17,29837.0,32605339,442,584443,226166,3806,-19.5,-14.4,507159,8250,-29.1,-10.4,87.36172,1.2941608,95467.32,1711.2291,662.2063,11.143838,1484.9442,24.155718,171.12291,0.1294161,32309.428,543.7143,94.60091,1.5919769,0.15919769,1.7924764,1.7924764,1.20464,440,439,435,431,440,,,
United States,2021-05-18,21375.0,32626714,437,584880,220003,3835,-19.1,-11.9,491941,8187,-30.0,-11.0,62.58527,1.2795211,95529.91,1712.5087,644.16125,11.228749,1440.3865,23.971256,171.25087,0.12795211,31429.0,547.8571,92.02304,1.604107,0.1604107,1.7926414,1.7926414,1.2657017,441,440,436,432,441,,,
United States,2021-05-19,19453.0,32646167,362,585242,215073,3802,-18.3,-11.1,478441,8079,-31.7,-12.3,56.957718,1.0599236,95586.86,1713.5686,629.7264,11.132126,1400.8589,23.655035,171.35686,0.10599236,30724.715,543.1429,89.960915,1.5903038,0.15903038,1.7926822,1.7926822,1.3006116,442,441,437,433,442,,,
United States,2021-05-20,27639.0,32673806,610,585852,209639,3814,-17.4,-9.2,463528,8015,-32.4,-12.3,80.92605,1.7860591,95667.79,1715.3546,613.81586,11.167262,1357.1941,23.467646,171.53546,0.17860591,29948.428,544.8571,87.68797,1.5953231,0.15953231,1.7930326,1.7930326,1.3573291,443,442,438,434,443,,,
United States,2021-05-21,27491.0,32701297,583,586435,201346,3718,-17.9,-10.8,446478,7884,-33.1,-13.2,80.49271,1.7070041,95748.28,1717.0616,589.5342,10.886177,1307.2723,23.084082,171.70616,0.1707004,28763.715,531.1429,84.21917,1.5551682,0.15551682,1.793308,1.793308,1.3672234,444,443,439,435,444,,,
United States,2021-05-22,27948.0,32729245,541,586976,188859,3676,-22.2,-9.9,431734,7754,-33.4,-13.6,81.83079,1.5840296,95830.11,1718.6456,552.9727,10.763203,1264.1024,22.703447,171.86456,0.15840295,26979.857,525.1429,78.9961,1.5376004,0.15376003,1.7934297,1.7934297,1.3957657,445,444,440,436,445,,,
United States,2021-05-23,27866.0,32757111,649,587625,181609,3624,-22.2,-8.8,414959,7597,-34.2,-15.1,81.5907,1.9002498,95911.7,1720.5459,531.74493,10.610949,1214.9857,22.243757,172.0546,0.19002499,25944.143,517.7143,75.96356,1.5158497,0.15158497,1.7938854,1.7938854,1.4273955,446,445,441,437,446,,,
United States,2021-05-24,22224.0,32779335,409,588034,173996,3591,-23.1,-5.6,400162,7397,-35.0,-16.9,65.07111,1.197538,95976.77,1721.7434,509.45435,10.514325,1171.6606,21.658163,172.17435,0.1197538,24856.572,513.0,72.77919,1.5020465,0.15020464,1.7939168,1.7939168,1.464925,447,446,442,438,447,,,
United States,2021-05-25,16030.0,32795365,287,588321,168651,3441,-23.3,-10.3,388654,7276,-35.5,-18.0,46.93529,0.8403262,96023.71,1722.5837,493.80435,10.07513,1137.9656,21.303879,172.25838,0.08403262,24093.0,491.57144,70.54348,1.4393044,0.14393044,1.793915,1.793915,1.4167782,448,447,443,439,448,,,
United States,2021-05-26,14761.0,32810126,555,588876,163959,3634,-23.8,-4.4,379032,7436,-36.5,-15.5,43.219704,1.625021,96066.93,1724.2089,480.06635,10.640228,1109.7927,21.772354,172.42088,0.16250211,23422.715,519.1429,68.58091,1.5200325,0.15200326,1.7947996,1.7947996,1.5573174,449,448,444,440,449,,,
United States,2021-05-27,24571.0,32834697,518,589394,160891,3542,-23.3,-7.1,370530,7356,-36.1,-16.9,71.94305,1.5166863,96138.87,1725.7255,471.08334,10.370855,1084.8992,21.538116,172.57256,0.15166862,22984.428,506.0,67.29762,1.4815507,0.14815506,1.795034,1.795034,1.5661063,450,449,445,441,450,,,
United States,2021-05-28,23475.0,32858172,517,589911,156875,3476,-22.1,-6.5,358221,7194,-36.2,-17.3,68.734,1.5137583,96207.6,1727.2393,459.32465,10.177609,1048.8589,21.063786,172.72392,0.15137583,22410.715,496.57144,65.617805,1.4539442,0.14539441,1.795325,1.795325,1.5799785,451,450,446,442,451,,,
United States,2021-05-29,21970.0,32880142,545,590456,150897,3480,-20.1,-5.3,339756,7156,-37.8,-16.1,64.32741,1.5957414,96271.93,1728.835,441.82126,10.1893215,994.79395,20.952524,172.8835,0.15957414,21556.715,497.14285,63.11732,1.4556173,0.14556172,1.795783,1.795783,1.6180552,452,451,447,443,452,,,
United States,2021-05-30,24780.0,32904922,703,591159,147811,3534,-18.6,-2.5,329420,7158,-37.3,-15.0,72.55499,2.0583599,96344.484,1730.8933,432.78555,10.347431,964.5305,20.95838,173.08934,0.205836,21115.857,504.85715,61.826508,1.4782045,0.14782044,1.7965671,1.7965671,1.685755,453,452,448,444,453,,,
United States,2021-05-31,15628.0,32920550,301,591460,141215,3426,-18.8,-4.6,315211,7017,-37.8,-14.9,45.75825,0.88131773,96390.24,1731.7747,413.4727,10.031211,922.92706,20.545536,173.17746,0.08813177,20173.572,489.42856,59.067528,1.4330301,0.143303,1.7966286,1.7966286,1.7015486,454,453,449,445,454,,,
United States,2021-06-01,12350.0,32932900,254,591714,137535,3393,-18.4,-1.4,306186,6834,-37.8,-16.5,36.160378,0.7437033,96426.41,1732.5183,402.69778,9.934588,896.50214,20.009718,173.25183,0.07437033,19647.857,484.7143,57.528255,1.4192269,0.14192268,1.7967261,1.7967261,1.7965784,455,454,450,446,455,,,
United States,2021-06-02,9408.0,32942308,232,591946,132182,3070,-19.4,-15.5,296141,6704,-38.1,-17.0,27.546303,0.6792881,96453.95,1733.1976,387.02438,8.988855,867.0907,19.629084,173.31976,0.067928806,18883.143,438.57144,55.289196,1.2841221,0.12841222,1.7969172,1.7969172,1.6904448,456,455,451,447,456,,,
United States,2021-06-03,8935.0,32951243,332,592278,116546,2884,-27.6,-18.6,277437,6426,-40.1,-19.8,26.161375,0.97208464,96480.12,1734.1698,341.2427,8.444253,812.32605,18.81511,173.41698,0.09720846,16649.428,412.0,48.74896,1.206322,0.120632194,1.7974375,1.7974375,1.6575093,457,456,452,448,457,,,
United States,2021-06-04,16048.0,32967291,492,592770,109119,2859,-30.4,-17.8,265994,6335,-40.4,-19.6,46.987995,1.4405591,96527.1,1735.6104,319.4967,8.371055,778.82135,18.548664,173.56104,0.14405592,15588.429,408.42856,45.642387,1.1958649,0.11958649,1.7980549,1.7980549,1.6952168,458,457,453,449,458,,,
United States,2021-06-05,18151.0,32985442,478,593248,105300,2792,-30.2,-19.8,256197,6272,-40.7,-19.1,53.145508,1.3995677,96580.25,1737.0099,308.3148,8.174881,750.13605,18.364202,173.70099,0.13995677,15042.857,398.85715,44.04497,1.1678401,0.11678401,1.7985146,1.7985146,1.7028648,459,458,454,450,459,,,
United States,2021-06-06,18592.0,33004034,586,593834,99112,2675,-32.9,-24.3,246923,6209,-40.5,-18.3,54.43674,1.715788,96634.69,1738.7257,290.19656,7.832309,722.9821,18.179739,173.87256,0.1715788,14158.857,382.14285,41.45665,1.1189013,0.11189012,1.7992771,1.7992771,1.6626163,460,459,455,451,460,,,
United States,2021-06-07,14734.0,33018768,394,594228,98218,2768,-30.4,-19.2,239433,6194,-40.2,-16.3,43.140648,1.1536186,96677.83,1739.8793,287.57895,8.1046095,701.05164,18.13582,173.98793,0.115361854,14031.143,395.42856,41.082706,1.1578014,0.11578014,1.7996674,1.7996674,1.7644621,461,460,456,452,461,,,
United States,2021-06-08,11084.0,33029852,423,594651,96952,2937,-29.5,-13.4,234487,6330,-39.7,-13.0,32.45357,1.2385296,96710.28,1741.1178,283.87213,8.599436,686.56995,18.534023,174.11179,0.12385295,13850.286,419.57144,40.55316,1.2284908,0.12284908,1.8003441,1.8003441,1.9463607,462,461,457,453,462,,,
United States,2021-06-09,9898.0,33039750,322,594973,97442,3027,-26.3,-1.4,229624,6097,-39.4,-18.0,28.981007,0.942805,96739.26,1742.0607,285.30685,8.862952,672.33124,17.851809,174.20605,0.094280496,13920.286,432.42856,40.75812,1.266136,0.1266136,1.8007793,1.8007793,2.0478854,463,462,458,454,463,,,
United States,2021-06-10,14314.0,33054064,313,595286,102821,3008,-11.8,4.3,219367,5892,-40.8,-19.9,41.910904,0.9164533,96781.17,1742.977,301.05637,8.807322,642.2991,17.251575,174.2977,0.09164533,14688.714,429.7143,43.008053,1.2581887,0.12581888,1.8009465,1.8009465,2.1300852,464,463,459,455,464,,,
United States,2021-06-11,19640.0,33073704,387,595673,106413,2903,-2.5,1.5,215532,5762,-39.8,-19.9,57.50525,1.1331228,96838.67,1744.1102,311.57364,8.499885,631.0703,16.87094,174.41103,0.113312274,15201.857,414.7143,44.510517,1.2142693,0.121426925,1.8010471,1.8010471,2.1107354,465,464,460,456,465,,,
United States,2021-06-12,15924.0,33089628,382,596055,104186,2807,-1.1,0.5,209486,5599,-38.3,-21.8,46.624928,1.118483,96885.3,1745.2286,305.05304,8.218801,613.36786,16.39368,174.52287,0.111848295,14883.714,401.0,43.579006,1.1741143,0.11741143,1.8013349,1.8013349,2.1235871,466,465,461,457,466,,,
United States,2021-06-13,13971.0,33103599,403,596458,99565,2624,0.5,-1.9,198677,5299,-39.7,-26.0,40.906612,1.1799703,96926.2,1746.4087,291.52292,7.6829824,581.7195,15.515291,174.64087,0.11799702,14223.571,374.85715,41.64613,1.0975689,0.10975689,1.801792,1.801792,2.2514715,467,466,462,458,467,,,
United States,2021-06-14,12350.0,33115949,208,596666,97181,2438,-1.1,-11.9,195399,5206,-38.0,-25.8,36.160378,0.6090169,96962.37,1747.0177,284.54263,7.1383805,572.1216,15.2429905,174.70177,0.06090169,13883.0,348.2857,40.64895,1.0197687,0.101976864,1.8017482,1.8017482,2.234258,468,467,463,459,468,,,
United States,2021-06-15,8721.0,33124670,152,596818,94818,2167,-2.2,-26.2,191770,5104,-37.4,-25.3,25.53479,0.4450508,96987.9,1747.4628,277.62387,6.344902,561.49603,14.944338,174.74628,0.044505082,13545.429,309.57144,39.660553,0.90641457,0.090641454,1.8017327,1.8017327,2.0579298,469,468,464,460,469,,,
United States,2021-06-16,8275.0,33132945,199,597017,93195,2044,-4.4,-32.5,190637,5071,-35.6,-24.4,24.228918,0.5826652,97012.13,1748.0454,272.87177,5.984762,558.17865,14.847714,174.80453,0.05826652,13313.571,292.0,38.98168,0.85496604,0.085496604,1.8018833,1.8018833,2.0623133,470,469,465,461,470,,,
United States,2021-06-17,12616.0,33145561,316,597333,91497,2047,-11.0,-31.9,194318,5055,-30.0,-21.3,36.939217,0.9252372,97049.07,1748.9706,267.9001,5.993546,568.9565,14.800867,174.89706,0.09252372,13071.0,292.42856,38.271442,0.85622084,0.08562209,1.8021508,1.8021508,2.0841393,471,470,466,462,471,,,
United States,2021-06-18,13220.0,33158781,336,597669,85077,1996,-20.1,-31.2,191490,4899,-28.0,-22.7,38.707706,0.98379654,97087.78,1749.9543,249.10255,5.8442197,560.67615,14.344105,174.99544,0.09837965,12153.857,285.14285,35.58608,0.8348885,0.08348885,1.8024457,1.8024457,2.0587506,472,471,467,463,472,,,
United States,2021-06-19,13484.0,33172265,279,597948,82637,1893,-20.7,-32.6,186823,4700,-27.1,-25.1,39.48069,0.81690246,97127.26,1750.7714,241.95831,5.5426393,547.01135,13.761439,175.07713,0.081690244,11805.286,270.42856,34.56547,0.7918056,0.07918056,1.802554,1.802554,1.9426941,473,472,468,464,473,,,
United States,2021-06-20,11961.0,33184226,272,598220,80627,1762,-19.0,-32.9,180192,4386,-27.0,-29.4,35.0214,0.7964067,97162.28,1751.5677,236.0731,5.1590757,527.596,12.842058,175.15677,0.07964067,11518.143,251.71428,33.724728,0.73701084,0.07370108,1.802724,1.802724,1.7136577,474,473,469,465,474,,,
United States,2021-06-21,12350.0,33196576,251,598471,80627,1805,-17.0,-26.0,177808,4243,-25.7,-31.5,36.160378,0.7349194,97198.44,1752.3026,236.0731,5.2849784,520.6157,12.423359,175.23027,0.073491946,11518.143,257.85715,33.724728,0.7549969,0.07549969,1.8028095,1.8028095,1.6962214,475,474,470,466,475,,,
United States,2021-06-22,9047.0,33205623,223,598694,80953,1876,-14.6,-13.4,175771,4043,-25.0,-36.1,26.489307,0.6529364,97224.93,1752.9556,237.02762,5.4928637,514.6515,11.837766,175.29556,0.06529364,11564.714,268.0,33.861088,0.78469485,0.078469485,1.8029898,1.8029898,1.8006258,476,475,471,467,476,,,
United States,2021-06-23,8568.0,33214191,266,598960,81246,1943,-12.8,-4.9,174441,3987,-24.0,-34.6,25.086811,0.77883893,97250.016,1753.7344,237.88551,5.689038,510.7573,11.6737995,175.37344,0.07788389,11606.571,277.57144,33.983643,0.81271964,0.08127197,1.8033255,1.8033255,1.951489,477,476,472,468,477,,,
United States,2021-06-24,13288.0,33227479,308,599268,81918,1935,-10.5,-5.5,173415,3982,-20.9,-32.4,38.90681,0.90181345,97288.92,1754.6362,239.8531,5.6656137,507.7532,11.65916,175.46362,0.09018135,11702.571,276.42856,34.26473,0.80937344,0.08093734,1.8035313,1.8035313,1.99113,478,477,473,469,478,,,
United States,2021-06-25,13841.0,33241320,326,599594,82539,1925,-3.0,-3.6,167616,3921,-22.2,-32.0,40.525974,0.9545169,97329.445,1755.5907,241.67137,5.6363344,490.77393,11.480554,175.55907,0.09545168,11791.286,275.0,34.524483,0.8051906,0.08051906,1.8037611,1.8037611,2.0302052,479,478,474,470,479,,,
United States,2021-06-26,15572.0,33256892,315,599909,84627,1961,2.4,3.6,167264,3854,-20.2,-31.2,45.594284,0.9223092,97375.05,1756.5131,247.78496,5.741741,489.7433,11.28438,175.6513,0.09223092,12089.571,280.14285,35.397854,0.8202487,0.08202487,1.8038636,1.8038636,2.10419,480,479,475,471,480,,,
United States,2021-06-27,14971.0,33271863,412,600321,87637,2101,8.7,19.2,168264,3863,-15.3,-27.1,43.834576,1.206322,97418.875,1757.7194,256.59814,6.151656,492.67123,11.310732,175.77194,0.120632194,12519.571,300.14285,36.656876,0.878808,0.087880805,1.8042903,1.8042903,2.29625,481,480,476,472,481,,,
United States,2021-06-28,13294.0,33285157,242,600563,88581,2092,9.9,15.9,169208,3897,-13.4,-25.1,38.924377,0.70856774,97457.805,1758.428,259.36215,6.1253047,495.43524,11.410283,175.84279,0.07085677,12654.429,298.85715,37.051735,0.8750435,0.08750435,1.8042967,1.8042967,2.4589489,482,481,477,473,482,,,
United States,2021-06-29,10676.0,33295833,173,600736,90210,2042,11.4,8.8,171163,3918,-10.7,-23.2,31.258963,0.5065381,97489.06,1758.9344,264.1318,5.978906,501.15942,11.47177,175.89345,0.050653808,12887.143,291.7143,37.733112,0.85412943,0.08541295,1.8042378,1.8042378,2.471048,483,482,478,474,483,,,
United States,2021-06-30,10438.0,33306271,183,600919,92080,1959,13.3,0.8,173326,3902,-9.1,-23.1,30.562107,0.53581774,97519.625,1759.4703,269.6071,5.735885,507.4926,11.424923,175.94704,0.053581774,13154.286,279.85715,38.5153,0.8194122,0.08194122,1.8042217,1.8042217,2.4297073,484,483,479,475,484,,,
United States,2021-07-01,15514.0,33321785,282,601201,94306,1933,15.1,-0.1,176224,3868,-9.3,-23.5,45.42446,0.82568634,97565.05,1760.296,276.12476,5.659758,515.97784,11.325372,176.0296,0.08256864,13472.286,276.14285,39.446392,0.8085368,0.080853686,1.8042281,1.8042281,2.39746,485,484,480,476,485,,,
United States,2021-07-02,11639.0,33333424,244,601445,92104,1851,11.6,-3.8,174643,3776,-8.8,-22.9,34.078594,0.71442366,97599.125,1761.0104,269.67737,5.419665,511.34872,11.055999,176.10104,0.071442366,13157.714,264.42856,38.525337,0.7742378,0.07742378,1.8043301,1.8043301,2.286512,486,485,481,477,486,,,
United States,2021-07-03,18586.0,33352010,289,601734,95118,1825,12.4,-6.9,179745,3786,-3.8,-19.4,54.419174,0.8461821,97653.55,1761.8566,278.50226,5.343538,526.28723,11.0852785,176.18565,0.08461821,13588.286,260.7143,39.786037,0.7633625,0.07633625,1.8041911,1.8041911,2.2462645,487,486,482,478,487,,,
United States,2021-07-04,16890.0,33368900,304,602038,97037,1717,10.7,-18.3,184674,3818,2.5,-13.0,49.453342,0.8901016,97703.0,1762.7467,284.12103,5.0273175,540.7192,11.178973,176.27467,0.089010164,13862.429,245.28572,40.58872,0.71818817,0.07181882,1.804189,1.804189,2.0959985,488,487,483,479,488,,,
United States,2021-07-05,13189.0,33382089,152,602190,96932,1627,9.4,-22.2,185513,3719,4.3,-12.3,38.61694,0.4450508,97741.62,1763.1918,283.81357,4.7638006,543.1757,10.889105,176.31917,0.044505082,13847.429,232.42857,40.544796,0.6805429,0.06805429,1.8039315,1.8039315,1.9711894,489,488,484,480,489,,,
United States,2021-07-06,10459.0,33392548,125,602315,96715,1579,7.2,-22.7,186925,3621,6.3,-10.4,30.623594,0.36599573,97772.24,1763.5577,283.17822,4.623258,547.31,10.602164,176.35577,0.036599573,13816.429,225.57143,40.45403,0.6604654,0.06604654,1.8037407,1.8037407,1.8658348,490,489,485,481,490,,,
United States,2021-07-07,9147.0,33401695,103,602418,95424,1499,3.6,-23.5,187504,3458,7.5,-13.3,26.782103,0.3015805,97799.02,1763.8594,279.39822,4.389021,549.0053,10.124906,176.38593,0.030158048,13632.0,214.14285,39.914032,0.62700295,0.062700294,1.8035551,1.8035551,1.7104647,491,490,486,482,491,,,
United States,2021-07-08,19962.0,33421657,301,602719,99872,1518,5.9,-21.5,194178,3451,12.0,-13.3,58.448055,0.88131773,97857.47,1764.7406,292.4218,4.444652,568.5466,10.10441,176.47406,0.08813177,14267.429,216.85715,41.774544,0.6349503,0.06349503,1.8033786,1.8033786,1.7136858,492,491,487,483,492,,,
United States,2021-07-09,22636.0,33444293,250,602969,110869,1524,20.4,-17.7,202973,3375,21.1,-13.9,66.277435,0.73199147,97923.75,1765.4727,324.62064,4.4622197,594.29803,9.881885,176.54726,0.073199145,15838.429,217.71428,46.37438,0.63746,0.063746,1.8029056,1.8029056,1.6893914,493,492,488,484,493,,,
United States,2021-07-10,183538.0,33627831,262,603231,275821,1497,190.0,-18.0,370939,3322,121.8,-13.8,537.393,0.76712704,98461.14,1766.2397,807.5945,4.383165,1086.0967,9.726703,176.62398,0.076712705,39403.0,213.85715,115.370636,0.6261664,0.06261664,1.7938445,1.7938445,1.6257602,494,493,489,485,494,,,
United States,2021-07-11,27579.0,33655410,316,603547,286510,1509,195.3,-12.1,383547,3226,127.9,-16.5,80.75037,0.9252372,98541.89,1767.165,838.8915,4.4183006,1123.0125,9.445618,176.71649,0.09252372,40930.0,215.57143,119.841644,0.63118577,0.06311858,1.7933135,1.7933135,1.6001103,495,494,490,486,495,,,
United States,2021-07-12,20875.0,33676285,149,603696,294196,1506,203.5,-7.4,391128,3133,131.2,-19.6,61.12129,0.4362669,98603.01,1767.6012,861.3958,4.4095163,1145.2095,9.173317,176.76013,0.043626692,42028.0,215.14285,123.05655,0.6299309,0.062993094,1.7926443,1.7926443,1.6351081,496,495,491,487,496,,,
United States,2021-07-13,16722.0,33693007,119,603815,300459,1500,210.7,-5.0,397174,3079,132.0,-21.4,48.961445,0.34842792,98651.98,1767.9497,879.7337,4.3919487,1162.9119,9.015206,176.79497,0.034842793,42922.715,214.28572,125.67624,0.62742126,0.06274212,1.7921078,1.7921078,1.5769886,497,496,492,488,497,,,
United States,2021-07-14,28892.0,33721899,295,604110,320204,1692,235.6,12.9,415628,3191,139.8,-18.2,84.59479,0.8637499,98736.57,1768.8135,937.5464,4.9541183,1216.9446,9.343139,176.88135,0.08637499,45743.43,241.71428,133.9352,0.7077312,0.07077312,1.7914472,1.7914472,1.7436647,498,497,493,489,498,,,
United States,2021-07-15,34978.0,33756877,337,604447,335220,1728,235.6,13.8,435092,3246,146.9,-16.1,102.41439,0.9867245,98838.984,1769.8002,981.5127,5.059525,1273.9344,9.504177,176.98001,0.09867245,47888.57,246.85715,140.2161,0.7227893,0.072278924,1.7905892,1.7905892,1.782693,499,498,494,490,499,,,
United States,2021-07-16,38299.0,33795176,342,604789,350883,1820,216.5,19.4,461752,3344,164.4,-11.4,112.13816,1.0013644,98951.12,1770.8015,1027.3734,5.328898,1351.994,9.791118,177.08015,0.10013643,50126.145,260.0,146.76764,0.7612711,0.07612711,1.789572,1.789572,1.8818177,500,499,495,491,500,,,
United States,2021-07-17,40555.0,33835731,319,605108,207900,1877,-24.6,25.4,483721,3374,169.1,-10.9,118.74365,0.9340211,99069.87,1771.7356,608.7241,5.495792,1416.3186,9.878957,177.17355,0.09340211,29700.0,268.14285,86.96059,0.7851131,0.07851131,1.7883698,1.7883698,1.9670104,501,500,496,492,501,,,
United States,2021-07-18,42258.0,33877989,370,605478,222579,1931,-22.3,28.0,509089,3440,175.7,-9.9,123.72998,1.0833473,99193.59,1772.8188,651.70374,5.653902,1490.5952,10.072203,177.28189,0.108334735,31797.0,275.85715,93.10053,0.8077003,0.08077003,1.7872312,1.7872312,1.9334749,502,501,497,493,502,,,
United States,2021-07-19,32139.0,33910128,183,605661,233843,1965,-20.5,30.5,528039,3471,184.6,-6.7,94.10189,0.53581774,99287.695,1773.3547,684.6843,5.753453,1546.0802,10.16297,177.33546,0.053581774,33406.145,280.7143,97.81204,0.8219218,0.08219218,1.786077,1.786077,1.772362,503,502,498,494,503,,,
United States,2021-07-20,27993.0,33938121,146,605807,245114,1992,-18.4,32.8,545573,3492,191.9,-3.6,81.96255,0.42748302,99369.66,1773.7822,717.6854,5.832508,1597.4191,10.224457,177.37822,0.042748302,35016.285,284.57144,102.52649,0.8332154,0.08332154,1.7850341,1.7850341,0.72220755,504,503,499,495,504,,,
United States,2021-07-21,45195.0,33983316,284,606091,261417,1981,-18.4,17.1,581621,3673,210.2,6.2,132.32942,0.8315423,99501.984,1774.6138,765.42004,5.8003,1702.9664,10.754418,177.46138,0.08315423,37345.285,283.0,109.34572,0.82861435,0.08286143,1.7834958,1.7834958,0.69142437,505,504,500,496,505,,,
United States,2021-07-22,51040.0,34034356,320,606411,277479,1964,-17.2,13.7,612699,3692,215.5,7.0,149.44337,0.9369491,99651.43,1775.5507,812.44904,5.750525,1793.9618,10.81005,177.55507,0.0936949,39639.855,280.57144,116.06415,0.8215036,0.082150355,1.7817613,1.7817613,0.66758215,506,505,501,497,506,,,
United States,2021-07-23,61313.0,34095669,399,606810,300493,2021,-14.4,11.0,651376,3841,220.9,13.8,179.52237,1.1682583,99830.95,1776.719,879.83325,5.917419,1907.2067,11.246317,177.67189,0.116825834,42927.57,288.7143,125.69046,0.84534556,0.084534556,1.7797275,1.7797275,0.6726375,507,506,502,498,507,,,
United States,2021-07-24,71708.0,34167377,338,607148,331646,2040,59.5,8.7,539546,3917,45.5,17.9,209.95857,0.98965245,100040.914,1777.7086,971.04816,5.97305,1579.7722,11.4688425,177.77086,0.09896524,47378.0,291.42856,138.72116,0.8532929,0.08532929,1.7769816,1.7769816,0.63709384,508,507,503,499,508,,,
United States,2021-07-25,69639.0,34237016,414,607562,359027,2084,61.3,7.9,581606,4015,51.6,24.5,203.90062,1.2121779,100244.81,1778.9208,1051.2188,6.1018806,1702.9225,11.755783,177.89207,0.12121779,51289.57,297.7143,150.17412,0.87169725,0.08716972,1.7745764,1.7745764,0.6216813,509,508,504,500,509,,,
United States,2021-07-26,53795.0,34290811,254,607816,380683,2155,62.8,9.7,614526,4120,57.1,31.5,157.50992,0.7437033,100402.32,1779.6644,1114.6268,6.3097663,1799.3112,12.063219,177.96645,0.07437033,54383.285,307.85715,159.2324,0.9013952,0.090139516,1.7725332,1.7725332,0.6141648,510,509,505,501,510,,,
United States,2021-07-27,43206.0,34334017,249,608065,395896,2258,61.5,13.4,641010,4250,61.4,38.0,126.50569,0.7290635,100528.83,1780.3936,1159.1699,6.6113467,1876.8553,12.443854,178.03935,0.07290635,56556.57,322.57144,165.5957,0.9444781,0.094447814,1.7710278,1.7710278,1.086099,511,510,506,502,511,,,
United States,2021-07-28,71245.0,34405262,411,608476,421946,2385,61.4,20.4,683363,4366,64.4,36.8,208.60292,1.2033939,100737.43,1781.5969,1235.4435,6.9831986,2000.8635,12.783499,178.1597,0.12033939,60278.0,340.7143,176.49193,0.9975998,0.09975998,1.768555,1.768555,1.0715296,512,511,507,503,512,,,
United States,2021-07-29,85805.0,34491067,499,608975,456711,2564,64.6,30.5,734190,4528,68.7,39.5,251.2341,1.4610549,100988.664,1783.058,1337.2343,7.507304,2149.6833,13.25783,178.3058,0.1461055,65244.43,366.2857,191.03346,1.0724721,0.1072472,1.7656021,1.7656021,1.0964621,513,512,508,504,513,,,
United States,2021-07-30,89149.0,34580216,494,609469,484547,2659,61.3,31.6,785040,4680,70.0,40.0,261.02524,1.4464151,101249.69,1784.5044,1418.737,7.785461,2298.5703,13.70288,178.45044,0.14464152,69221.0,379.85715,202.67673,1.1122087,0.111220874,1.7624788,1.7624788,1.0848013,514,513,509,505,514,,,
United States,2021-07-31,99367.0,34679583,495,609964,512206,2816,54.4,38.0,843852,4856,74.5,43.9,290.94318,1.4493431,101540.63,1785.9537,1499.7217,8.2451515,2470.7698,14.218202,178.59537,0.14493431,73172.29,402.2857,214.24596,1.1778789,0.11778788,1.7588562,1.7588562,1.0772061,515,514,510,506,515,,,
United States,2021-08-01,104519.0,34784102,525,610489,547086,2927,52.4,40.5,906113,5011,78.0,45.7,306.02805,1.5371821,101846.664,1787.491,1601.8491,8.570156,2653.0679,14.672037,178.7491,0.1537182,78155.14,418.14285,228.83559,1.224308,0.1224308,1.7550806,1.7550806,1.0548546,516,515,511,507,516,,,
United States,2021-08-02,80567.0,34864669,395,610884,573858,3068,50.7,42.4,954541,5223,80.8,50.5,235.89742,1.1565465,102082.56,1788.6475,1680.2366,8.982999,2794.8635,15.292766,178.86475,0.11565465,81979.71,438.2857,240.0338,1.2832856,0.12832856,1.7521578,1.7521578,1.0209888,517,516,512,508,517,,,
United States,2021-08-03,61188.0,34925857,370,611254,591840,3189,49.5,41.2,987736,5447,81.0,56.0,179.15637,1.0833473,102261.72,1789.7308,1732.8873,9.337283,2892.0574,15.948629,178.97308,0.108334735,84548.57,455.57144,247.55533,1.3338976,0.13338976,1.7501475,1.7501475,0.96156746,518,517,513,509,518,,,
United States,2021-08-04,102409.0,35028266,656,611910,623004,3434,47.7,44.0,1044950,5819,79.7,58.4,299.85007,1.9207456,102561.56,1791.6516,1824.1344,10.054635,3059.578,17.037832,179.16516,0.19207455,89000.57,490.57144,260.59064,1.4363763,0.14363764,1.7469035,1.7469035,0.956474,519,518,514,510,519,,,
United States,2021-08-05,110283.0,35138549,700,612610,647482,3635,41.8,41.8,1104193,6199,80.2,67.9,322.90485,2.049576,102884.47,1793.7012,1895.8052,10.643156,3233.0393,18.15046,179.37012,0.2049576,92497.43,519.2857,270.8293,1.5204508,0.15204509,1.7434129,1.7434129,0.9548627,520,519,515,511,520,,,
United States,2021-08-06,126833.0,35265382,741,613351,685166,3882,41.4,46.0,1169713,6541,79.6,70.3,371.3627,2.1696227,103255.836,1795.8707,2006.1426,11.366364,3424.8796,19.151825,179.58708,0.21696226,97880.86,554.5714,286.5918,1.6237662,0.16237661,1.7392439,1.7392439,0.98056054,521,520,516,512,521,,,
United States,2021-08-07,127854.0,35393236,753,614104,713653,4140,39.3,47.0,1225859,6956,127.2,77.6,374.35214,2.2047582,103630.19,1798.0756,2089.5515,12.1217785,3589.2732,20.36693,179.80756,0.22047582,101950.43,591.4286,298.5074,1.7316827,0.17316827,1.7350886,1.7350886,0.9811682,522,521,517,513,522,,,
United States,2021-08-08,133922.0,35527158,838,614942,743056,4453,35.8,52.1,1290142,7380,121.8,83.8,392.11905,2.4536355,104022.305,1800.5292,2175.6426,13.038232,3777.4917,21.608387,180.05292,0.24536353,106150.86,636.1429,310.8061,1.8626045,0.18626046,1.7309068,1.7309068,0.9750148,523,522,518,514,523,,,
United States,2021-08-09,120252.0,35647410,648,615590,782741,4706,36.4,53.4,1356599,7774,120.8,88.7,352.09375,1.8973218,104374.4,1802.4265,2291.8389,13.779007,3972.0754,22.762007,180.24265,0.18973218,111820.14,672.2857,327.40555,1.9684296,0.19684295,1.7268857,1.7268857,0.97121644,524,523,519,515,524,,,
United States,2021-08-10,96790.0,35744200,527,616117,818343,4863,38.3,52.5,1410183,8052,120.0,89.5,283.39783,1.543038,104657.8,1803.9695,2396.0803,14.238698,4128.968,23.575981,180.39696,0.1543038,116906.14,694.7143,342.29718,2.0340996,0.20340997,1.7236838,1.7236838,0.9494227,525,524,520,516,525,,,
United States,2021-08-11,93050.0,35837250,720,616837,808984,4927,29.9,43.5,1431988,8361,109.6,91.5,272.44724,2.1081355,104930.24,1806.0776,2368.6775,14.426087,4192.812,24.480722,180.60777,0.21081354,115569.14,703.8571,338.3825,2.0608697,0.20608696,1.7212174,1.7212174,0.90058964,526,525,521,517,526,,,
United States,2021-08-12,135427.0,35972677,961,617798,834128,5188,28.8,42.7,1481610,8823,101.8,94.9,396.52563,2.813775,105326.766,1808.8915,2442.2983,15.190287,4338.1035,25.833443,180.88914,0.28137752,119161.14,741.1429,348.89975,2.1700408,0.21700409,1.717409,1.717409,0.90405643,527,526,522,518,527,,,
United States,2021-08-13,143479.0,36116156,612,618410,850774,5059,24.2,30.3,1535940,8941,95.7,91.0,420.10162,1.791915,105746.87,1810.6833,2491.037,14.812579,4497.1797,26.178942,181.06833,0.17919151,121539.14,722.7143,355.86246,2.1160827,0.21160828,1.7122808,1.7122808,0.8547918,528,527,523,519,528,,,
United States,2021-08-14,151161.0,36267317,973,619383,874081,5279,22.5,27.5,1587734,9419,88.2,94.0,442.59424,2.8489108,106189.46,1813.5322,2559.2793,15.456732,4648.831,27.57851,181.35323,0.28489107,124868.71,754.1429,365.61133,2.2081046,0.22081046,1.7078269,1.7078269,0.84734607,529,528,524,520,529,,,
United States,2021-08-15,146305.0,36413622,1196,620579,886464,5637,19.3,26.6,1629520,10090,79.8,101.4,428.37604,3.501847,106617.84,1817.034,2595.5364,16.504944,4771.1787,29.543175,181.70341,0.3501847,126637.71,805.2857,370.7909,2.3578491,0.2357849,1.7042496,1.7042496,0.8706033,530,529,525,521,530,,,
United States,2021-08-16,139848.0,36553470,904,621483,906060,5893,15.8,25.2,1688801,10599,76.9,102.9,409.47015,2.646881,107027.31,1819.681,2652.9126,17.254503,4944.7515,31.03351,181.9681,0.2646881,129437.14,841.8571,378.98752,2.4649289,0.24649289,1.7002025,1.7002025,0.8600835,531,530,526,522,531,,,
United States,2021-08-17,110712.0,36664182,679,622162,919982,6045,12.4,24.3,1738325,10908,76.0,100.3,324.16095,1.9880888,107351.47,1821.6691,2693.6758,17.699553,5089.7563,31.938251,182.1669,0.19880888,131426.0,863.5714,384.81082,2.5285077,0.25285077,1.6969204,1.6969204,0.8470503,532,531,527,523,532,,,
United States,2021-08-18,108955.0,36773137,845,623007,935887,6170,15.7,25.2,1744871,11097,67.0,90.7,319.0165,2.474131,107670.49,1824.1432,2740.245,18.06555,5108.923,32.49164,182.41432,0.24741311,133698.14,881.4286,391.4636,2.5807927,0.25807926,1.6941905,1.6941905,0.83035463,533,532,528,524,533,,,
United States,2021-08-19,150448.0,36923585,1193,624200,950908,6402,14.0,23.4,1785036,11590,61.7,87.0,440.5066,3.4930632,108110.99,1827.6362,2784.226,18.744837,5226.5244,33.935123,182.76363,0.34930632,135844.0,914.5714,397.74658,2.6778338,0.2677834,1.6905184,1.6905184,0.81789505,534,533,529,525,534,,,
United States,2021-08-20,168162.0,37091747,1497,625697,975591,7287,14.7,44.0,1826365,12346,56.1,88.7,492.3726,4.383165,108603.37,1832.0194,2856.497,21.336086,5347.534,36.148666,183.20195,0.4383165,139370.14,1041.0,408.071,3.0480125,0.30480126,1.6868901,1.6868901,0.8904579,535,534,530,526,535,,,
United States,2021-08-21,174382.0,37266129,1381,627078,998812,7695,14.3,45.8,1872893,12974,52.8,86.5,510.58453,4.043521,109113.95,1836.063,2924.4873,22.530697,5483.7666,37.987427,183.6063,0.40435207,142687.42,1099.2858,417.7839,3.218671,0.3218671,1.6827023,1.6827023,0.9511931,536,535,531,527,536,,,
United States,2021-08-22,167459.0,37433588,1556,628634,1019966,8055,15.1,42.9,1906430,13692,47.8,85.5,490.31424,4.555915,109604.266,1840.6189,2986.4255,23.584764,5581.962,40.089706,184.06189,0.45559147,145709.42,1150.7142,426.63223,3.3692522,0.3369252,1.6793314,1.6793314,0.9656791,537,536,532,528,537,,,
United States,2021-08-23,141824.0,37575412,1169,629803,1021942,8320,12.8,41.2,1928002,14213,42.1,82.8,415.25583,3.422792,110019.52,1844.0416,2992.2112,24.360676,5645.124,41.615177,184.40416,0.3422792,145991.72,1188.5714,427.45874,3.4800966,0.34800965,1.6761041,1.6761041,0.97793305,538,537,533,529,538,,,
United States,2021-08-24,124481.0,37699893,899,630702,1035711,8540,12.6,41.3,1955693,14585,38.7,81.1,364.4761,2.6322412,110384.0,1846.674,3032.5264,25.004827,5726.202,42.70438,184.66739,0.26322412,147958.72,1220.0,433.21805,3.5721183,0.35721183,1.6729543,1.6729543,0.97702616,539,538,534,530,539,,,
United States,2021-08-25,120825.0,37820718,1205,631907,1047581,8900,11.9,44.2,1983468,15070,38.5,80.2,353.77148,3.5281987,110737.77,1850.2021,3067.2812,26.058895,5807.5264,44.124447,185.0202,0.3528199,149654.42,1271.4286,438.18304,3.7226994,0.37226993,1.6707959,1.6707959,1.0039889,540,539,535,531,540,,,
United States,2021-08-26,162414.0,37983132,1655,633562,1059547,9362,11.4,46.2,2010455,15764,35.7,78.7,475.54263,4.845783,111213.31,1855.0479,3102.3174,27.411615,5886.5435,46.156452,185.50479,0.48457834,151363.86,1337.4286,443.1882,3.915945,0.39159453,1.6680088,1.6680088,1.0332649,541,540,536,532,541,,,
United States,2021-08-27,176904.0,38160036,1658,635220,1068289,9523,9.5,30.7,2043880,16810,33.1,88.0,517.9689,4.8545675,111731.28,1859.9025,3127.9136,27.883018,5984.4106,49.219105,185.99025,0.48545673,152612.72,1360.4286,446.84482,3.9832883,0.39832884,1.6646211,1.6646211,1.035129,542,541,537,533,542,,,
United States,2021-08-28,186271.0,38346307,1760,636980,1080178,9902,8.1,28.7,2078990,17597,30.9,86.8,545.39514,5.1532197,112276.68,1865.0557,3162.7244,28.992718,6087.2114,51.523415,186.50557,0.51532197,154311.14,1414.5714,451.81775,4.1418166,0.41418168,1.6611247,1.6611247,1.0580337,543,542,538,534,543,,,
United States,2021-08-29,182171.0,38528478,1837,638817,1094890,10183,7.3,26.4,2114856,18238,29.8,80.8,533.39044,5.378673,112810.07,1870.4343,3205.8005,29.815475,6192.226,53.40024,187.04344,0.5378673,156412.86,1454.7142,457.9715,4.2593536,0.42593536,1.6580385,1.6580385,1.0708712,544,543,539,535,544,,,
United States,2021-08-30,150022.0,38678500,1460,640277,1103088,10474,7.9,25.9,2125030,18794,25.8,77.3,439.25928,4.2748303,113249.33,1874.7092,3229.804,30.667515,6222.015,55.02819,187.47092,0.42748302,157584.0,1496.2858,461.40057,4.3810735,0.43810734,1.6553822,1.6553822,1.0736057,545,544,540,536,545,,,
United States,2021-08-31,115672.0,38794172,1183,641460,1094279,10758,5.7,26.0,2129990,19298,22.5,76.9,338.68365,3.4637835,113588.01,1878.173,3204.0115,31.499056,6236.538,56.503883,187.81729,0.34637836,156325.58,1536.8572,457.71594,4.499865,0.44998652,1.6534958,1.6534958,1.0770795,546,545,541,537,546,,,
United States,2021-09-01,138600.0,38932772,1243,642703,1112054,10796,6.2,21.3,2159635,19696,23.8,77.5,405.81607,3.6394615,113993.83,1881.8124,3256.0562,31.61032,6323.3374,57.669216,188.18124,0.36394614,158864.86,1542.2858,465.15088,4.51576,0.451576,1.650802,1.650802,1.0584667,547,546,542,538,547,,,
United States,2021-09-02,176801.0,39109573,1807,644510,1126441,10948,6.3,16.9,2185988,20310,22.5,75.2,517.6673,5.2908344,114511.49,1887.1033,3298.1807,32.05537,6400.498,59.466988,188.71033,0.52908343,160920.14,1564.0,471.16867,4.5793386,0.45793384,1.6479597,1.6479597,1.0712937,548,547,543,539,548,,,
United States,2021-09-03,197627.0,39307200,2015,646525,1147164,11305,7.4,18.7,2215453,20828,21.3,68.7,578.6451,5.8998513,115090.14,1893.003,3358.857,33.100655,6486.7705,60.983673,189.30031,0.58998513,163880.58,1615.0,479.8367,4.728665,0.47286648,1.6448004,1.6448004,1.0915207,549,548,544,540,549,,,
United States,2021-09-04,183417.0,39490617,2028,648553,1144310,11573,5.9,16.9,2224488,21475,18.8,65.5,537.0387,5.937915,115627.18,1898.941,3350.5005,33.88535,6513.2246,62.878067,189.8941,0.5937915,163472.86,1653.2858,478.64294,4.840764,0.4840764,1.6422964,1.6422964,1.1047356,550,549,545,541,550,,,
United States,2021-09-05,182112.0,39672729,1973,650526,1144251,11709,4.5,15.0,2239141,21892,17.5,59.9,533.2177,5.7768764,116160.4,1904.7179,3350.328,34.28355,6556.1284,64.09903,190.47179,0.5776877,163464.42,1672.7142,478.61826,4.8976502,0.48976502,1.6397309,1.6397309,1.1050949,551,550,546,542,551,,,
United States,2021-09-06,141762.0,39814491,1490,652016,1135991,11739,3.0,12.1,2239079,22213,16.1,56.3,415.07428,4.362669,116575.47,1909.0806,3326.1428,34.37139,6555.947,65.0389,190.90805,0.4362669,162284.42,1677.0,475.16327,4.9101987,0.49101987,1.6376349,1.6376349,1.0988599,552,551,547,543,552,,,
United States,2021-09-07,123082.0,39937573,1324,653340,1143401,11880,4.5,10.4,2237680,22638,14.4,55.2,360.37988,3.8766267,116935.85,1912.9572,3347.839,34.784233,6551.8506,66.28329,191.29572,0.38766268,163343.0,1697.1428,478.26273,4.9691763,0.49691764,1.6359031,1.6359031,1.0998187,553,552,548,544,553,,,
United States,2021-09-08,116004.0,40053577,1092,654432,1120805,11729,0.8,8.6,2232859,22525,12.6,49.5,339.65576,3.1973386,117275.51,1916.1545,3281.6787,34.34211,6537.735,65.95243,191.61545,0.31973386,160115.0,1675.5714,468.81125,4.906016,0.4906016,1.6338916,1.6338916,1.0712491,554,553,549,545,554,,,
United States,2021-09-09,114676.0,40168253,1522,655954,1058680,11444,-6.0,4.5,2185121,22392,8.7,42.0,335.7674,4.456364,117611.27,1920.6108,3099.7788,33.50764,6397.9595,65.56301,192.0611,0.4456364,151240.0,1634.8572,442.82556,4.7868056,0.47868058,1.633016,1.633016,1.0374513,555,554,550,546,555,,,
United States,2021-09-10,171241.0,40339494,2119,658073,1032294,11548,-10.0,2.1,2179458,22853,6.6,35.9,501.3878,6.2043595,118112.66,1926.8153,3022.5215,33.81215,6381.3784,66.9128,192.68152,0.62043595,147470.58,1649.7142,431.7888,4.830307,0.4830307,1.6313368,1.6313368,1.0553068,556,555,551,547,556,,,
United States,2021-09-11,183714.0,40523208,2246,660319,1032591,11766,-9.8,1.7,2176901,23339,4.7,32.6,537.9083,6.5762115,118650.57,1933.3915,3023.391,34.450447,6373.8916,68.33579,193.33914,0.65762115,147513.0,1680.8572,431.91302,4.921492,0.49214923,1.6294836,1.6294836,1.0580422,557,556,552,548,557,,,
United States,2021-09-12,172091.0,40695299,2292,662611,1022570,12085,-10.6,3.2,2166821,23794,2.5,30.5,503.87656,6.7108974,119154.445,1940.1024,2994.05,35.384468,6344.378,69.66802,194.01024,0.67108977,146081.42,1726.4286,427.72144,5.054924,0.5054924,1.628225,1.628225,1.0728481,558,557,553,549,558,,,
United States,2021-09-13,153543.0,40848842,1739,664350,1034351,12334,-8.9,5.1,2170342,24073,2.1,28.1,449.56866,5.0917325,119604.016,1945.1941,3028.5444,36.11353,6354.687,70.484924,194.51941,0.5091733,147764.42,1762.0,432.6492,5.1590757,0.5159076,1.6263618,1.6263618,1.0751733,559,558,554,550,559,,,
United States,2021-09-14,113838.0,40962680,1140,665490,1025107,12150,-10.3,2.3,2168508,24030,1.8,24.5,333.31378,3.337881,119937.33,1948.532,3001.4783,35.574783,6349.3174,70.35902,194.8532,0.3337881,146443.86,1735.7142,428.78262,5.0821123,0.5082112,1.6246252,1.6246252,1.0617752,560,559,555,551,560,,,
United States,2021-09-15,118971.0,41081651,1352,666842,1028074,12410,-8.3,5.8,2148879,24139,-0.5,22.6,348.34302,3.9586098,120285.67,1952.4906,3010.1655,36.336056,6291.844,70.67817,195.24905,0.39586097,146867.72,1772.8572,430.02365,5.190865,0.51908654,1.6232113,1.6232113,1.0845523,561,560,556,552,561,,,
United States,2021-09-16,162147.0,41243798,2413,669255,1075545,13301,1.6,16.2,2134225,24745,-2.4,21.8,474.76086,7.0651817,120760.43,1959.5558,3149.159,38.944874,6248.938,72.452515,195.95558,0.7065182,153649.28,1900.1428,449.87985,5.5635533,0.55635536,1.6226803,1.6226803,1.170872,562,561,557,553,562,,,
United States,2021-09-17,163128.0,41406926,2499,671754,1067432,13681,3.4,18.5,2099726,25229,-5.2,21.1,477.6332,7.3169866,121238.06,1966.8728,3125.4043,40.0575,6147.926,73.86965,196.68727,0.73169863,152490.28,1954.4286,446.48636,5.7225,0.57225,1.6223228,1.6223228,1.1965181,563,562,558,554,563,,,
United States,2021-09-18,167335.0,41574261,2108,673862,1051053,13543,1.8,15.1,2083644,25309,-6.3,17.9,489.95117,6.172152,121728.016,1973.0449,3077.4473,39.653442,6100.8384,74.10389,197.30449,0.6172152,150150.42,1934.7142,439.6353,5.6647773,0.5664777,1.6208634,1.6208634,1.2083279,564,563,559,555,564,,,
United States,2021-09-19,158492.0,41732753,2339,676201,1037454,13590,1.5,12.5,2060024,25675,-8.0,17.3,464.05917,6.848512,122192.08,1979.8934,3037.63,39.791054,6031.6797,75.17552,197.98935,0.6848512,148207.72,1941.4286,433.9471,5.6844363,0.56844366,1.6203125,1.6203125,1.283674,565,564,560,556,565,,,
United States,2021-09-20,122574.0,41855327,1589,677790,1006485,13440,-2.7,9.0,2040836,25774,-8.9,16.0,358.8925,4.652538,122550.97,1984.5459,2946.9536,39.35186,5975.498,75.46539,198.45459,0.46525377,143783.58,1920.0,420.99338,5.6216946,0.56216943,1.6193638,1.6193638,1.3019546,566,565,561,557,566,,,
United States,2021-09-21,94644.0,41949971,1194,678984,987291,13494,-3.7,11.1,2012398,25644,-10.1,13.3,277.1144,3.4959912,122828.08,1988.042,2890.7544,39.50997,5892.2324,75.084755,198.8042,0.34959912,141041.58,1927.7142,412.9649,5.6442814,0.56442815,1.6185565,1.6185565,1.3068098,567,566,562,558,567,,,
United States,2021-09-22,98378.0,42048349,1368,680352,966698,13510,-6.0,8.9,1994772,25920,-10.7,15.1,288.04742,4.0054574,123116.125,1992.0474,2830.4587,39.55682,5840.624,75.892876,199.20474,0.40054572,138099.72,1930.0,404.35126,5.6509743,0.5650974,1.6180232,1.6180232,1.3211809,568,567,563,559,568,,,
United States,2021-09-23,132981.0,42181330,2345,682697,937532,13442,-12.8,1.1,2013077,26743,-7.9,19.4,389.36383,6.86608,123505.49,1998.9135,2745.0618,39.357716,5894.2207,78.30259,199.89134,0.68660796,133933.14,1920.2858,392.15167,5.622531,0.5622531,1.6184814,1.6184814,1.2995589,569,568,564,560,569,,,
United States,2021-09-24,132730.0,42314060,2350,685047,907134,13293,-15.0,-2.8,1974566,26974,-9.4,18.0,388.6289,6.8807197,123894.125,2005.7942,2656.0574,38.92145,5781.462,78.97895,200.57942,0.68807197,129590.57,1899.0,379.43677,5.560207,0.55602074,1.6189584,1.6189584,1.2967427,570,569,565,561,570,,,
United States,2021-09-25,138256.0,42452316,2073,687120,878055,13258,-16.5,-2.1,1929108,26801,-11.4,14.8,404.80884,6.069673,124298.93,2011.8639,2570.915,38.81897,5648.3623,78.47241,201.18639,0.60696733,125436.43,1894.0,367.2736,5.545567,0.5545567,1.6185689,1.6185689,1.2895958,571,570,566,562,571,,,
United States,2021-09-26,132731.0,42585047,2465,689585,852294,13384,-17.8,-1.5,1889748,26974,-12.8,13.4,388.63184,7.217436,124687.56,2019.0813,2495.4878,39.187893,5533.1177,78.97895,201.90813,0.7217436,121756.29,1912.0,356.49823,5.598271,0.5598271,1.6193125,1.6193125,1.2443924,572,571,567,563,572,,,
United States,2021-09-27,96166.0,42681213,1435,691020,825886,13230,-17.9,-1.6,1832371,26670,-15.6,10.8,281.57077,4.201631,124969.13,2023.283,2418.166,38.736988,5365.1196,78.08885,202.3283,0.4201631,117983.71,1890.0,345.45227,5.5338554,0.55338556,1.6190262,1.6190262,1.2394232,573,572,568,564,573,,,
United States,2021-09-28,75238.0,42756451,1019,692039,806480,13055,-18.3,-3.3,1793771,26549,-17.3,10.5,220.2943,2.9835973,125189.43,2026.2666,2361.346,38.224594,5252.1,77.734566,202.62665,0.29835972,115211.43,1865.0,337.3351,5.460656,0.5460656,1.6185604,1.6185604,1.2420877,574,573,569,565,574,,,
United States,2021-09-29,107319.0,42863770,1957,693996,815421,13644,-15.6,1.0,1782119,27154,-17.1,12.5,314.22638,5.730029,125503.66,2031.9966,2387.525,39.949165,5217.9834,79.50598,203.19966,0.57300293,116488.71,1949.1428,341.07498,5.7070236,0.5707024,1.6190736,1.6190736,1.3151426,575,574,570,566,575,,,
United States,2021-09-30,115452.0,42979222,2155,696151,797892,13454,-14.9,0.1,1735424,26896,-18.7,8.7,338.03952,6.3097663,125841.695,2038.3064,2336.2004,39.392853,5081.262,78.75057,203.83063,0.6309766,113984.57,1922.0,333.74292,5.62755,0.56275505,1.6197385,1.6197385,1.3367313,576,575,571,567,576,,,
United States,2021-10-01,116797.0,43096019,2253,698404,781959,13357,-13.8,0.5,1689093,26650,-19.6,5.6,341.97763,6.596707,126183.67,2044.9031,2289.5493,39.10884,4945.6064,78.03029,204.49031,0.6596707,111708.43,1908.1428,327.07846,5.586977,0.5586977,1.6205766,1.6205766,1.352894,577,576,572,568,577,,,
United States,2021-10-02,124042.0,43220061,1962,700366,767745,13246,-12.6,-0.1,1645800,26504,-21.0,4.7,363.19073,5.744669,126546.86,2050.6477,2247.9312,38.783836,4818.846,77.602806,205.06477,0.5744669,109677.86,1892.2858,321.13303,5.540548,0.5540548,1.620465,1.620465,1.3702314,578,577,573,569,578,,,
United States,2021-10-03,120674.0,43340735,2211,702577,755688,12992,-11.3,-2.9,1607982,26376,-21.9,2.7,353.32935,6.4737325,126900.19,2057.1213,2212.6287,38.04013,4708.116,77.22803,205.71214,0.64737326,107955.43,1856.0,316.0898,5.4343047,0.54343045,1.6210546,1.6210546,1.385766,579,578,574,570,579,,,
United States,2021-10-04,81968.0,43422703,1287,703864,741490,12844,-10.2,-2.9,1567376,26074,-23.2,1.2,239.9995,3.768292,127140.19,2060.8896,2171.0574,37.606792,4589.223,76.34378,206.08897,0.3768292,105927.14,1834.8572,310.15106,5.372399,0.5372399,1.6209586,1.6209586,1.4158878,580,579,575,571,580,,,
United States,2021-10-05,66639.0,43489342,942,704806,732891,12767,-9.1,-2.2,1539371,25822,-23.5,0.7,195.11671,2.758144,127335.305,2063.648,2145.88,37.38134,4507.2256,75.605934,206.36479,0.27581438,104698.71,1823.8572,306.55426,5.3401914,0.5340191,1.6206408,1.6206408,1.4540092,581,580,576,572,581,,,
United States,2021-10-06,91816.0,43581158,1356,706162,717388,12166,-12.0,-10.8,1532809,25810,-23.2,-0.4,268.8341,3.9703217,127604.14,2067.6182,2100.4875,35.62163,4488.012,75.5708,206.76183,0.39703217,102484.0,1738.0,300.06964,5.0888047,0.50888044,1.6203378,1.6203378,1.4274417,582,581,577,573,582,,,
United States,2021-10-07,101799.0,43682957,2055,708217,703735,12066,-11.8,-10.3,1501627,25520,-25.4,-4.6,298.064,6.0169697,127902.2,2073.6353,2060.512,35.328835,4396.7124,74.72169,207.36351,0.60169697,100533.57,1723.7142,294.35886,5.0469766,0.5046977,1.6212661,1.6212661,1.4609765,583,582,578,574,583,,,
United States,2021-10-08,118223.0,43801180,2053,710270,705161,11866,-9.8,-11.2,1487120,25223,-24.7,-6.5,346.1529,6.0111136,128248.36,2079.6462,2064.6873,34.743244,4354.2363,73.85208,207.96463,0.6011114,100737.29,1695.1428,294.95532,4.9633203,0.49633205,1.6215773,1.6215773,1.4713322,584,583,579,575,584,,,
United States,2021-10-09,113038.0,43914218,1738,712008,694157,11642,-9.6,-12.1,1461902,24888,-24.2,-7.1,330.9714,5.0888047,128579.33,2084.735,2032.468,34.08738,4280.399,72.871216,208.47351,0.50888044,99165.29,1663.1428,290.35257,4.8696256,0.48696256,1.621361,1.621361,1.4277288,585,584,580,576,585,,,
United States,2021-10-10,108501.0,44022719,2253,714261,681984,11684,-9.8,-10.1,1437672,24676,-23.9,-8.5,317.68723,6.596707,128897.016,2091.3318,1996.8258,34.210354,4209.4546,72.25049,209.13318,0.6596707,97426.29,1669.1428,285.26083,4.887193,0.4887193,1.6224827,1.6224827,1.4643586,586,585,581,577,586,,,
United States,2021-10-11,70589.0,44093308,1051,715312,670605,11448,-9.6,-10.9,1412095,24292,-22.9,-8.9,206.68217,3.077292,129103.695,2094.4092,1963.5085,33.519352,4134.566,71.126144,209.4409,0.3077292,95800.71,1635.4286,280.50122,4.788479,0.4788479,1.6222688,1.6222688,1.4640154,587,586,582,578,587,,,
United States,2021-10-12,58449.0,44151757,1013,716325,662415,11519,-9.6,-9.8,1395306,24286,-22.2,-8.5,171.13667,2.9660294,129274.836,2097.375,1939.5284,33.727238,4085.4082,71.10858,209.73752,0.29660293,94630.71,1645.5714,277.0755,4.8181767,0.4818177,1.6224157,1.6224157,1.500368,588,587,583,579,588,,,
United States,2021-10-13,77961.0,44229718,1024,717349,648560,11187,-9.6,-8.0,1365948,23353,-23.4,-14.0,228.26715,2.998237,129503.1,2100.3733,1898.9615,32.755154,3999.449,68.376785,210.03734,0.2998237,92651.43,1598.1428,271.2802,4.6793075,0.46793076,1.6218711,1.6218711,1.4803729,589,588,584,580,589,,,
United States,2021-10-14,89638.0,44319356,1914,719263,636399,11046,-9.6,-8.5,1340134,23112,-22.8,-14.1,262.457,5.6041265,129765.56,2105.9775,1863.3545,32.34231,3923.8665,67.67114,210.59775,0.56041265,90914.14,1578.0,266.1935,4.62033,0.462033,1.6229094,1.6229094,1.4897032,590,589,585,581,590,,,
United States,2021-10-15,96312.0,44415668,1846,721109,614488,10839,-12.9,-8.7,1319649,22705,-21.9,-14.8,281.99823,5.405025,130047.555,2111.3826,1799.1998,31.736221,3863.8872,66.47946,211.13824,0.5405025,87784.0,1548.4286,257.02856,4.533746,0.4533746,1.6235465,1.6235465,1.4789375,591,590,586,582,591,,,
United States,2021-10-16,96871.0,44512539,1576,722685,598321,10677,-13.8,-8.3,1292478,22319,-21.5,-15.8,283.63498,4.6144743,130331.195,2115.997,1751.8634,31.26189,3784.3313,65.349266,211.5997,0.46144742,85474.43,1525.2858,250.2662,4.4659843,0.44659844,1.6235538,1.6235538,1.4883159,592,591,587,583,592,,,
United States,2021-10-17,92417.0,44604956,2038,724723,582237,10462,-14.6,-10.5,1264221,22146,-21.4,-16.0,270.5938,5.9671946,130601.79,2121.964,1704.77,30.632378,3701.596,64.84273,212.19641,0.59671944,83176.71,1494.5714,243.53857,4.3760543,0.4376054,1.624759,1.624759,1.4866391,593,592,588,584,593,,,
United States,2021-10-18,63002.0,44667958,892,725615,574650,10303,-14.3,-10.0,1245255,21751,-20.6,-16.6,184.4677,2.6117456,130786.26,2124.576,1682.5555,30.166832,3646.064,63.686184,212.4576,0.26117456,82092.86,1471.8572,240.36508,4.3095474,0.43095475,1.6244643,1.6244643,1.4610847,594,593,589,585,594,,,
United States,2021-10-19,47645.0,44715603,695,726310,563846,9985,-14.9,-13.3,1226261,21504,-20.3,-16.7,139.50293,2.0349362,130925.76,2126.6108,1650.9219,29.235739,3590.4502,62.96298,212.66109,0.20349362,80549.43,1426.4286,235.84598,4.176534,0.4176534,1.6242876,1.6242876,1.4384354,595,594,590,586,595,,,
United States,2021-10-20,72322.0,44787925,2330,728640,558207,11291,-13.9,0.9,1206767,22478,-21.3,-12.9,211.75635,6.8221602,131137.52,2133.433,1634.411,33.05966,3533.3726,65.81482,213.3433,0.68221605,79743.86,1613.0,233.48729,4.722809,0.4722809,1.626867,1.626867,1.6556107,596,595,591,587,596,,,
United States,2021-10-21,80595.0,44868520,1849,730489,549164,11226,-13.7,1.6,1185563,22272,-21.0,-12.7,235.9794,5.413809,131373.5,2138.847,1607.9335,32.869343,3471.2878,65.211655,213.88469,0.5413809,78452.0,1603.7142,229.70477,4.6956205,0.46956205,1.6280657,1.6280657,1.6740108,597,596,592,588,597,,,
United States,2021-10-22,76534.0,44945054,1841,732330,529386,11221,-13.8,3.5,1143874,22060,-23.1,-12.5,224.08894,5.390385,131597.58,2144.2373,1550.0242,32.854706,3349.2239,64.59093,214.42372,0.5390385,75626.57,1603.0,221.43202,4.693529,0.46935293,1.6293895,1.6293895,1.6939532,598,597,593,589,598,,,
United States,2021-10-23,87571.0,45032625,1523,733853,520086,11168,-13.1,4.6,1118407,21845,-23.5,-12.2,256.4049,4.459292,131853.98,2148.6965,1522.7941,32.699524,3274.6575,63.961414,214.86964,0.4459292,74298.0,1595.4286,217.542,4.6713605,0.46713603,1.629603,1.629603,1.7219687,599,598,594,590,599,,,
United States,2021-10-24,80874.0,45113499,1961,735814,508543,11091,-12.7,6.0,1090780,21553,-24.1,-12.7,236.79631,5.741741,132090.78,2154.4382,1488.9966,32.474068,3193.7666,63.10645,215.44382,0.5741741,72649.0,1584.4286,212.71379,4.6391525,0.46391526,1.6310284,1.6310284,1.7427746,600,599,595,591,600,,,
United States,2021-10-25,36114.0,45149613,654,736468,481655,10853,-16.2,5.3,1056305,21156,-25.2,-12.9,105.740555,1.9148897,132196.53,2156.353,1410.2694,31.777212,3092.825,61.944046,215.63531,0.19148897,68807.86,1550.4286,201.46706,4.539602,0.45396018,1.6311723,1.6311723,1.7661859,601,600,596,592,601,,,
United States,2021-10-26,28057.0,45177670,347,736815,462067,10505,-18.1,5.2,1025913,20490,-26.5,-15.6,82.14994,1.0160041,132278.67,2157.3691,1352.9164,30.758282,3003.8381,59.99402,215.73691,0.101600416,66009.57,1500.7142,193.27377,4.39404,0.439404,1.6309274,1.6309274,1.7557465,602,601,597,593,602,,,
United States,2021-10-27,84460.0,45262130,1030,737845,474205,9205,-15.0,-18.5,1032412,20496,-24.4,-12.2,247.29599,3.0158048,132525.97,2160.385,1388.456,26.951925,3022.867,60.01159,216.0385,0.3015805,67743.57,1315.0,198.35086,3.850275,0.3850275,1.6301597,1.6301597,1.5809714,603,602,598,594,603,,,
United States,2021-10-28,101787.0,45363917,2052,739897,495397,9408,-9.8,-16.2,1044561,20634,-22.1,-10.7,298.02887,6.008186,132824.0,2166.393,1450.5055,27.546303,3058.439,60.415646,216.63931,0.6008186,70771.0,1344.0,207.21507,3.9351861,0.3935186,1.6310254,1.6310254,1.6371704,604,603,599,595,604,,,
United States,2021-10-29,84199.0,45448116,1765,741662,503062,9332,-5.0,-16.8,1032448,20553,-21.8,-9.5,246.5318,5.1678596,133070.53,2171.561,1472.9484,27.323776,3022.9724,60.178482,217.1561,0.516786,71866.0,1333.1428,210.42119,3.9033966,0.39033967,1.6318872,1.6318872,1.6550618,605,604,600,596,605,,,
United States,2021-10-30,103121.0,45551237,1277,742939,518612,9086,-0.3,-18.6,1038698,20254,-19.6,-9.3,301.93475,3.7390122,133372.47,2175.3,1518.4783,26.603497,3041.2722,59.30302,217.53,0.37390125,74087.43,1298.0,216.92546,3.8004997,0.38004997,1.6309963,1.6309963,1.6277115,606,605,601,597,606,,,
United States,2021-10-31,88448.0,45639685,1790,744729,526186,8915,3.5,-19.6,1034729,20006,-18.2,-9.7,258.97272,5.241059,133631.44,2180.541,1540.6547,26.102816,3029.6511,58.576885,218.05411,0.5241059,75169.43,1273.5714,220.09352,3.7289736,0.37289736,1.6317575,1.6317575,1.6233766,607,606,602,598,607,,,
United States,2021-11-01,34950.0,45674635,453,745182,525022,8714,9.0,-19.7,1006677,19567,-19.2,-10.0,102.332405,1.3263686,133733.77,2181.8674,1537.2465,25.514294,2947.5159,57.291508,218.18674,0.13263685,75003.14,1244.8572,219.60664,3.6448991,0.3644899,1.6315007,1.6315007,1.6460578,608,607,603,599,608,,,
United States,2021-11-02,25347.0,45699982,302,745484,522312,8669,13.0,-17.5,984379,19174,-19.7,-10.8,74.21515,0.8842457,133807.98,2182.7517,1529.3116,25.382536,2882.228,56.140816,218.27516,0.08842457,74616.0,1238.4286,218.4731,3.6260765,0.36260766,1.6312567,1.6312567,1.6668397,609,608,604,600,609,,,
United States,2021-11-03,117847.0,45817829,1196,746680,555699,8835,17.2,-4.0,1029904,18040,-14.7,-19.7,345.052,3.501847,134153.03,2186.2534,1627.0676,25.868578,3015.5237,52.820503,218.62535,0.3501847,79385.57,1262.1428,232.43825,3.695511,0.36955112,1.6296713,1.6296713,1.7373163,610,609,605,601,610,,,
United States,2021-11-04,74593.0,45892422,1450,748130,528505,8233,6.7,-12.5,1023902,17641,-13.6,-20.8,218.40576,4.2455506,134371.44,2190.499,1547.4446,24.105942,2997.95,51.652245,219.04991,0.42455503,75500.71,1176.1428,221.0635,3.443706,0.3443706,1.630182,1.630182,1.7093147,611,610,606,602,611,,,
United States,2021-11-05,78766.0,45971188,1188,749318,523072,7656,4.0,-18.0,1026134,16988,-10.3,-23.0,230.62416,3.4784234,134602.06,2193.9775,1531.537,22.416506,3004.4854,49.740284,219.39775,0.34784234,74724.57,1093.7142,218.79099,3.202358,0.32023582,1.629973,1.629973,1.6569026,612,611,607,603,612,,,
United States,2021-11-06,88850.0,46060038,1204,750522,508801,7583,-1.9,-16.5,1027413,16669,-8.1,-23.7,260.14975,3.525271,134862.22,2197.5027,1489.752,22.202765,3008.2302,48.806263,219.75027,0.35252708,72685.86,1083.2858,212.8217,3.1718235,0.31718236,1.6294428,1.6294428,1.5990975,613,612,608,604,613,,,
United States,2021-11-07,89858.0,46149896,1614,752136,510211,7407,-3.0,-16.9,1036397,16322,-5.0,-24.3,263.10117,4.7257366,135125.31,2202.2285,1493.8804,21.687443,3034.535,47.790257,220.22285,0.4725737,72887.29,1058.1428,213.41148,3.098206,0.30982062,1.6297675,1.6297675,1.4951645,614,613,609,605,614,,,
United States,2021-11-08,35987.0,46185883,476,752612,511248,7430,-2.6,-14.7,1036270,16144,-1.9,-23.7,105.368706,1.3937117,135230.69,2203.6223,1496.9166,21.754786,3034.163,47.26908,220.36223,0.13937117,73035.43,1061.4286,213.84525,3.1078265,0.31078267,1.6295283,1.6295283,1.4769552,615,614,610,606,615,,,
United States,2021-11-09,31524.0,46217407,256,752868,517425,7384,-0.9,-14.8,1039737,16053,1.3,-21.7,92.30119,0.7495592,135322.98,2204.3718,1515.0027,21.6201,3044.3145,47.002636,220.43718,0.074955925,73917.86,1054.8572,216.42896,3.0885856,0.30885857,1.6289706,1.6289706,1.4238005,616,615,611,607,616,,,
United States,2021-11-10,116391.0,46333798,1161,754029,515969,7349,-7.1,-16.8,1071668,16184,3.8,-21.0,340.78888,3.3993683,135663.78,2207.7712,1510.7396,21.51762,3137.8074,47.3862,220.77711,0.33993682,73709.86,1049.8572,215.81995,3.0739458,0.3073946,1.6273844,1.6273844,1.3966544,617,616,612,608,617,,,
United States,2021-11-11,82883.0,46416681,1587,755616,524259,7486,-0.8,-9.1,1052764,15719,0.8,-23.8,242.67859,4.646682,135906.45,2212.4177,1535.0125,21.918753,3082.457,46.024696,221.24178,0.46466818,74894.14,1069.4286,219.28749,3.1312504,0.31312504,1.6278975,1.6278975,1.425845,618,617,613,609,618,,,
United States,2021-11-12,93749.0,46510430,1345,756961,539242,7643,3.1,-0.2,1062314,15299,2.9,-25.6,274.49387,3.938114,136180.95,2216.356,1578.8822,22.378443,3110.4192,44.79495,221.63559,0.3938114,77034.57,1091.8572,225.5546,3.1969204,0.31969205,1.627508,1.627508,1.4633017,619,618,614,610,619,,,
United States,2021-11-13,73647.0,46584077,970,757931,524039,7409,3.0,-2.3,1032840,14992,-0.6,-26.0,215.6359,2.8401268,136396.58,2219.196,1534.3683,21.693298,3024.12,43.896065,221.9196,0.28401268,74862.71,1058.4286,219.19547,3.0990427,0.30990428,1.6270173,1.6270173,1.3332758,620,619,615,611,620,,,
United States,2021-11-14,122999.0,46707076,1734,759665,557180,7529,9.2,1.6,1067391,14936,3.2,-25.3,360.13687,5.0770926,136756.72,2224.2732,1631.404,22.044655,3125.2844,43.732098,222.42732,0.50770926,79597.14,1075.5714,233.05771,3.1492364,0.31492364,1.6264452,1.6264452,1.4245844,621,620,616,612,621,,,
United States,2021-11-15,69276.0,46776352,544,760209,590469,7597,15.5,2.2,1101717,15027,9.4,-23.2,202.83775,1.5928134,136959.56,2225.866,1728.873,22.243757,3225.7898,43.998543,222.5866,0.15928134,84352.71,1085.2858,246.98186,3.1776795,0.31776795,1.6251994,1.6251994,1.4523814,622,621,617,613,622,,,
United States,2021-11-16,33593.0,46809945,217,760426,592538,7558,14.5,2.4,1109963,14942,12.8,-22.1,98.35915,0.6353686,137057.92,2226.5012,1734.931,22.129566,3249.9338,43.749664,222.65013,0.06353686,84648.29,1079.7142,247.84729,3.1613665,0.31613666,1.6244967,1.6244967,1.485453,623,622,618,614,623,,,
United States,2021-11-17,133590.0,46943535,1080,761506,609737,7477,18.2,1.7,1125706,14826,9.3,-17.8,391.14694,3.162203,137449.06,2229.6636,1785.2891,21.8924,3296.0288,43.410023,222.96635,0.3162203,87105.29,1068.1428,255.0413,3.1274858,0.31274858,1.6221744,1.6221744,1.4654721,624,623,619,615,624,,,
United States,2021-11-18,96915.0,47040450,1464,762970,623769,7354,19.0,-1.8,1148028,14840,12.1,-15.9,283.7638,4.286542,137732.83,2233.9502,1826.3743,21.53226,3361.3867,43.45101,223.395,0.4286542,89109.86,1050.5714,260.9106,3.0760372,0.30760372,1.6219445,1.6219445,1.4384408,625,624,620,616,625,,,
United States,2021-11-19,105810.0,47146260,1442,764412,635830,7451,17.9,-2.5,1175072,15094,14.5,-11.1,309.80807,4.2221265,138042.64,2238.172,1861.6885,21.816273,3440.5706,44.194717,223.81721,0.42221266,90832.86,1064.4286,265.9555,3.1166105,0.31166103,1.6213629,1.6213629,1.4400154,626,625,621,617,626,,,
United States,2021-11-20,123870.0,47270130,3867,768279,686053,10348,30.9,39.7,1210092,17757,17.8,6.5,362.68713,11.322444,138405.33,2249.4946,2008.7397,30.29859,3543.108,51.99189,224.94946,1.1322443,98007.57,1478.2858,286.96283,4.32837,0.432837,1.6252949,1.6252949,2.0055468,627,626,622,618,627,,,
United States,2021-11-21,113822.0,47383952,1662,769941,676876,10276,21.5,36.5,1234056,17805,19.1,9.1,333.26694,4.866279,138738.6,2254.3608,1981.8698,30.087776,3613.2737,52.13243,225.4361,0.4866279,96696.57,1468.0,283.12427,4.298254,0.4298254,1.6248982,1.6248982,1.9600998,628,627,623,619,628,,,
United States,2021-11-22,46194.0,47430146,374,770315,653794,10106,10.7,33.0,1244263,17703,20.1,9.7,135.25446,1.0950593,138873.84,2255.456,1914.2865,29.590023,3643.1594,51.83378,225.5456,0.10950592,93399.14,1443.7142,273.4695,4.227146,0.42271462,1.6241043,1.6241043,1.8741121,629,628,624,620,629,,,
United States,2021-11-23,38751.0,47468897,177,770492,658952,10066,11.2,33.2,1251490,17624,20.4,9.8,113.4616,0.5182499,138987.31,2255.9744,1929.3889,29.472904,3664.32,51.60247,225.59743,0.051824994,94136.0,1438.0,275.62698,4.210415,0.4210415,1.6231513,1.6231513,1.9208494,630,629,625,621,630,,,
United States,2021-11-24,145378.0,47614275,1177,771669,670740,10163,10.0,35.9,1280477,17640,19.5,9.0,425.6618,3.4462159,139412.97,2259.4204,1963.9038,29.756916,3749.1929,51.64932,225.94205,0.34462157,95820.0,1451.8572,280.55768,4.250988,0.4250988,1.6206673,1.6206673,1.8240066,631,630,626,622,631,,,
United States,2021-11-25,101066.0,47715341,1560,773229,674891,10259,8.2,39.5,1298660,17613,23.4,12.0,295.9178,4.5676265,139708.89,2263.988,1976.0577,30.038002,3802.4321,51.570263,226.3988,0.45676267,96413.0,1465.5714,282.29398,4.291143,0.4291143,1.620504,1.620504,1.7374325,632,631,627,623,632,,,
United States,2021-11-26,106535.0,47821876,1374,774603,675616,10191,6.3,36.8,1311446,17642,23.5,15.3,311.93085,4.023025,140020.81,2268.0112,1978.1805,29.8389,3839.8691,51.655174,226.80112,0.4023025,96516.57,1455.8572,282.59723,4.2627,0.42627,1.6197671,1.6197671,1.7198896,633,632,628,624,633,,,
United States,2021-11-27,72723.0,47894599,465,775068,624469,6789,-9.0,-34.4,1310522,17137,26.9,14.3,212.93047,1.3615041,140233.75,2269.3726,1828.424,19.87796,3837.1636,50.17655,226.93726,0.1361504,89209.86,969.8571,261.2034,2.8397086,0.28397086,1.6182785,1.6182785,1.1134309,634,633,629,625,634,,,
United States,2021-11-28,81747.0,47976346,563,775631,592394,5690,-12.5,-44.6,1269270,15966,18.9,6.9,239.35242,1.6484448,140473.1,2271.021,1734.5094,16.660126,3716.3792,46.747902,227.10211,0.16484448,84627.71,812.8571,247.78705,2.380018,0.2380018,1.6166946,1.6166946,0.91219664,635,634,630,626,635,,,
United States,2021-11-29,51800.0,48028146,214,775845,598000,5530,-8.5,-45.3,1251794,15636,13.6,4.1,151.66862,0.6265847,140624.77,2271.6477,1750.9236,16.19165,3665.21,45.781673,227.16476,0.06265847,85428.57,790.0,250.13194,2.313093,0.2313093,1.6153965,1.6153965,0.86972934,636,635,631,627,636,,,
United States,2021-11-30,56537.0,48084683,193,776038,615786,5546,-6.6,-44.9,1274738,15612,14.8,4.5,165.5384,0.5650974,140790.31,2272.2126,1803.0004,16.238499,3732.3894,45.711403,227.22127,0.05650974,87969.43,792.2857,257.57147,2.3197856,0.23197855,1.6138985,1.6138985,0.80839235,637,636,632,628,637,,,
United States,2021-12-01,93479.0,48178162,1663,777701,563887,6032,-15.9,-40.6,1234627,16195,9.7,9.2,273.7033,4.8692074,141064.02,2277.082,1651.0419,17.66149,3614.9456,47.418407,227.70819,0.4869207,80555.29,861.7143,235.86313,2.52307,0.252307,1.614219,1.614219,0.89115286,638,637,633,629,638,,,
United States,2021-12-02,120690.0,48298852,1622,779323,583511,6094,-13.5,-40.6,1258402,16353,9.6,10.2,353.3762,4.749161,141417.39,2281.831,1708.5002,17.843023,3684.558,47.881023,228.1831,0.47491607,83358.71,870.5714,244.07147,2.5490034,0.25490034,1.6135435,1.6135435,0.93209785,639,638,634,630,639,,,
United States,2021-12-03,133075.0,48431927,1727,781050,610051,6447,-9.7,-36.7,1285667,16638,9.4,10.2,389.63904,5.0565968,141807.03,2286.8877,1786.2085,18.876596,3764.389,48.715496,228.68877,0.5056597,87150.14,921.0,255.17264,2.6966565,0.26966566,1.6126759,1.6126759,0.97837174,640,639,635,631,640,,,
United States,2021-12-04,143869.0,48575796,1244,782294,681197,7226,9.1,6.4,1305666,14015,7.9,-21.1,421.24353,3.6423895,142228.27,2290.53,1994.5215,21.15748,3822.9453,41.035442,229.05301,0.36423895,97313.86,1032.2858,284.93164,3.0224972,0.30224973,1.6104605,1.6104605,1.0773176,641,640,636,632,641,,,
United States,2021-12-05,151567.0,48727363,1641,783935,751017,8304,26.8,45.9,1343411,13994,8.9,-21.4,443.783,4.804792,142672.05,2295.335,2198.9521,24.313828,3933.4614,40.973953,229.5335,0.48047918,107288.14,1186.2858,314.13602,3.473404,0.3473404,1.6088189,1.6088189,1.230421,642,641,637,633,642,,,
United States,2021-12-06,67352.0,48794715,572,784507,766569,8662,28.2,56.6,1364569,14192,9.7,-19.8,197.20436,1.6747965,142869.27,2297.0098,2244.4878,25.36204,3995.4114,41.55369,229.70097,0.16747965,109509.86,1237.4286,320.6411,3.6231487,0.36231485,1.6077704,1.6077704,1.2820892,643,642,638,634,643,,,
United States,2021-12-07,55314.0,48850029,281,784788,765346,8750,24.3,57.8,1381132,14296,10.4,-18.9,161.9575,0.8227584,143031.22,2297.8325,2240.907,25.619701,4043.9072,41.8582,229.78325,0.08227584,109335.14,1250.0,320.12955,3.6599572,0.36599573,1.6065252,1.6065252,1.4011904,644,643,639,635,644,,,
United States,2021-12-08,184043.0,49034072,1288,786076,855910,8375,51.8,38.8,1419797,14407,10.9,-18.3,538.87164,3.77122,143570.1,2301.6038,2506.0752,24.521713,4157.117,42.183205,230.16037,0.37712198,122272.86,1196.4286,358.01074,3.503102,0.3503102,1.603122,1.603122,1.413755,645,644,640,636,645,,,
United States,2021-12-09,125548.0,49159620,1832,787908,860768,8585,47.5,40.9,1444279,14679,11.2,-16.7,367.60025,5.364033,143937.69,2306.9678,2520.2993,25.136587,4228.7993,42.97961,230.69676,0.53640336,122966.86,1226.4286,360.04276,3.590941,0.35909408,1.6027545,1.6027545,1.4356188,646,645,641,637,646,,,
United States,2021-12-10,129708.0,49289328,1480,789388,857401,8338,40.5,29.3,1467452,14785,11.9,-16.2,379.78058,4.3333893,144317.47,2311.301,2510.441,24.41338,4296.6494,43.289974,231.13011,0.43333894,122485.86,1191.1428,358.6344,3.4876256,0.34876257,1.6015394,1.6015394,1.3540418,647,646,642,638,647,,,
United States,2021-12-11,137431.0,49426759,1162,790550,850963,8256,24.9,14.3,1532160,15482,16.9,-9.7,402.39328,3.4022963,144719.86,2314.7034,2491.5906,24.173286,4486.1123,45.33077,231.47034,0.34022963,121566.14,1179.4286,355.9415,3.4533265,0.34533265,1.5994372,1.5994372,1.4641231,648,647,643,639,648,,,
United States,2021-12-12,135573.0,49562332,1971,792521,834969,8586,11.2,3.4,1585986,16890,25.0,5.8,396.95312,5.7710204,145116.81,2320.4744,2444.7607,25.139515,4643.713,49.453342,232.04744,0.57710207,119281.29,1226.5714,349.25153,3.5913591,0.35913593,1.599039,1.599039,1.4714376,649,648,644,640,649,,,
United States,2021-12-13,63967.0,49626299,490,793011,831584,8504,8.5,-1.8,1598153,17166,27.7,9.8,187.29318,1.4347032,145304.11,2321.9092,2434.8496,24.899422,4679.3374,50.261463,232.19092,0.14347033,118797.71,1214.8572,347.83563,3.5570602,0.355706,1.5979652,1.5979652,1.3939818,650,649,645,641,650,,,
United States,2021-12-14,58109.0,49684408,306,793317,834379,8529,9.0,-2.5,1599725,17279,25.5,10.7,170.14116,0.8959575,145474.25,2322.8052,2443.0332,24.97262,4683.94,50.592323,232.2805,0.08959576,119197.0,1218.4286,349.00473,3.5675173,0.3567517,1.5967122,1.5967122,1.2520607,651,650,646,642,651,,,
United States,2021-12-15,185683.0,49870091,1312,794629,836019,8553,-2.3,2.1,1691929,16928,37.0,4.5,543.67346,3.8414912,146017.92,2326.6465,2447.835,25.042892,4953.91,49.564606,232.66466,0.3841491,119431.29,1221.8572,349.69073,3.577556,0.3577556,1.593398,1.593398,1.1388557,652,651,647,643,652,,,
United States,2021-12-16,125442.0,49995533,1908,796537,835913,8629,-2.9,0.5,1696681,17214,34.8,5.3,367.2899,5.586559,146385.22,2332.2332,2447.5247,25.265417,4967.824,50.402004,233.22331,0.55865586,119416.14,1232.7142,349.6464,3.6093452,0.36093453,1.5932163,1.5932163,1.1256652,653,652,648,644,653,,,
United States,2021-12-17,146477.0,50142010,1900,798437,852682,9049,-0.6,8.5,1710083,17387,33.0,4.5,428.87964,5.563135,146814.1,2337.7961,2496.6238,26.495163,5007.0645,50.908543,233.77962,0.5563135,121811.71,1292.7142,356.66052,3.7850232,0.37850234,1.5923514,1.5923514,1.1823411,654,653,649,645,654,,,
United States,2021-12-18,162668.0,50304678,1115,799552,877919,9002,3.2,9.0,1728882,17258,32.4,23.1,476.28635,3.2646818,147290.38,2341.061,2570.5168,26.357548,5062.1074,50.530834,234.1061,0.3264682,125417.0,1286.0,367.21667,3.765364,0.3765364,1.5894188,1.5894188,1.0517461,655,654,650,646,655,,,
United States,2021-12-19,156763.0,50461441,2034,801586,899109,9065,7.7,5.6,1734078,17651,29.1,26.1,458.9967,5.9554825,147749.38,2347.0164,2632.5603,26.54201,5077.3213,51.681526,234.70164,0.5955483,128444.14,1295.0,376.08005,3.7917159,0.37917158,1.588512,1.588512,1.0531293,656,655,651,647,656,,,
United States,2021-12-20,87584.0,50549025,590,802176,922726,9165,11.0,7.8,1754310,17669,28.6,24.5,256.44296,1.7274998,148005.81,2348.744,2701.7102,26.834806,5136.5596,51.73423,234.87439,0.17274998,131818.0,1309.2858,385.9586,3.8335438,0.3833544,1.5869267,1.5869267,1.0689281,657,656,652,648,657,,,
United States,2021-12-21,102213.0,50651238,286,802462,966830,9145,15.9,7.2,1801209,17674,30.4,23.6,299.27618,0.83739823,148305.1,2349.5813,2830.8452,26.776247,5273.8784,51.748867,234.95813,0.083739825,138118.58,1306.4286,404.40646,3.8251781,0.3825178,1.5842891,1.5842891,1.0746648,658,657,653,649,658,,,
United States,2021-12-22,266159.0,50917397,1467,803929,1047306,9300,25.3,8.7,1883325,17853,32.6,23.9,779.30444,4.2953258,149084.39,2353.8767,3066.476,27.230082,5514.311,52.272972,235.38766,0.4295326,149615.14,1328.5714,438.06802,3.8900118,0.38900116,1.5788887,1.5788887,1.1138138,659,658,654,650,659,,,
United States,2021-12-23,203318.0,51120715,2259,806188,1125182,9651,34.6,11.8,1961095,18280,35.8,24.5,595.30817,6.614275,149679.7,2360.491,3294.4944,28.257797,5742.019,53.523216,236.04909,0.6614275,160740.28,1378.7142,470.64206,4.0368285,0.40368283,1.577028,1.577028,1.1605562,660,659,655,651,660,,,
United States,2021-12-24,237883.0,51358598,1854,808042,1216588,9605,42.7,6.1,2069270,18654,41.0,26.2,696.5133,5.4284487,150376.22,2365.9194,3562.1282,28.123112,6058.752,54.618275,236.59193,0.5428449,173798.28,1372.1428,508.87543,4.017587,0.40175873,1.5733335,1.5733335,1.1511555,661,660,656,652,661,,,
United States,2021-12-25,278812.0,51637410,3177,811219,1332732,11667,51.8,29.6,2210651,20669,44.3,33.5,816.352,9.302148,151192.58,2375.2214,3902.1938,34.160576,6472.7104,60.518127,237.52216,0.93021476,190390.28,1666.7142,557.45624,4.8800826,0.48800826,1.5709909,1.5709909,1.3955425,662,661,657,653,662,,,
United States,2021-12-26,241450.0,51878860,1368,812587,1417419,11001,57.6,21.4,2316528,20066,46.1,18.8,706.95734,4.0054574,151899.53,2379.227,4150.1543,32.210552,6782.715,58.752563,237.9227,0.40054572,202488.42,1571.5714,592.8792,4.6015077,0.46015075,1.5663162,1.5663162,1.316046,663,662,658,654,663,,,
United States,2021-12-27,115824.0,51994684,262,812849,1445659,10673,56.7,16.5,2368385,19838,48.2,15.6,339.12872,0.76712704,152238.66,2379.9941,4232.8403,31.25018,6934.5503,58.084988,237.9994,0.076712705,206522.72,1524.7142,604.69147,4.464311,0.44643113,1.563331,1.563331,1.2516975,664,663,659,655,664,,,
United States,2021-12-28,211284.0,52205968,266,813115,1554730,10653,60.8,16.5,2521560,19798,57.6,14.6,618.6323,0.77883893,152857.3,2380.773,4552.1963,31.19162,7383.0415,57.96787,238.07729,0.07788389,222104.28,1521.8572,650.3138,4.4559455,0.44559458,1.5575135,1.5575135,1.2134377,665,664,660,656,665,,,
United States,2021-12-29,464495.0,52670463,1786,814901,1753066,10972,67.4,18.0,2800372,20272,65.5,19.8,1360.0255,5.2293468,154217.31,2386.0022,5132.9175,32.12564,8199.394,59.355724,238.60023,0.5229347,250438.0,1567.4286,733.2739,4.5893774,0.45893773,1.5471689,1.5471689,1.2203193,666,665,661,657,666,,,
United States,2021-12-30,389514.0,53059977,2331,817232,1939262,11044,72.4,14.4,3064444,20695,80.6,20.2,1140.4836,6.8250885,155357.8,2392.8274,5678.093,32.336456,8972.587,60.594254,239.28273,0.6825088,277037.44,1577.7142,811.1561,4.6194935,0.46194935,1.5402042,1.5402042,1.1968883,667,666,662,658,667,,,
United States,2021-12-31,474309.0,53534286,1823,819055,2175688,11013,78.8,14.7,3392276,20618,98.4,18.6,1388.7605,5.337682,156746.56,2398.165,6370.3403,32.24569,9932.468,60.3688,239.8165,0.5337682,310812.56,1573.2858,910.0486,4.606527,0.46065268,1.5299634,1.5299634,1.1390834,668,667,663,659,668,,,
United States,2022-01-01,584647.0,54118933,1334,820389,2481523,9170,86.2,-21.4,3814255,20837,120.6,20.7,1711.8264,3.9059064,158458.39,2402.071,7265.8145,26.849447,11168.008,61.010025,240.20709,0.39059064,354503.28,1310.0,1037.9735,3.8356352,0.38356352,1.5159001,1.5159001,0.87557983,669,668,664,660,669,,,
United States,2022-01-02,471965.0,54590898,1344,821733,2712038,9146,91.3,-16.9,4129457,20147,138.1,14.1,1381.8973,3.9351861,159840.28,2406.006,7940.7544,26.779175,12090.909,58.989727,240.60062,0.3935186,387434.0,1306.5714,1134.3936,3.8255966,0.38255966,1.5052564,1.5052564,0.8128463,670,669,665,661,670,,,
United States,2022-01-03,302957.0,54893855,430,822163,2899171,9314,100.5,-12.7,4344830,19987,147.7,13.1,887.0477,1.2590253,160727.33,2407.2651,8488.674,27.271074,12721.514,58.52125,240.72652,0.12590253,414167.28,1330.5714,1212.6676,3.8958676,0.38958678,1.4977323,1.4977323,0.76558375,671,670,666,662,671,,,
United States,2022-01-04,390858.0,55284713,374,822537,3078745,9422,98.0,-11.6,4633475,20075,157.2,13.6,1144.4188,1.0950593,161871.75,2408.36,9014.46,27.587294,13566.656,58.778915,240.83603,0.10950592,439820.72,1346.0,1287.78,3.941042,0.3941042,1.4878199,1.4878199,0.70696884,672,671,667,663,672,,,
United States,2022-01-05,902391.0,56187104,1672,824209,3516641,9308,100.6,-15.2,5269707,20280,179.8,13.6,2642.17,4.895559,164513.92,2413.2559,10296.6045,27.253506,15429.522,59.379147,241.32558,0.4895559,502377.28,1329.7142,1470.9435,3.893358,0.3893358,1.4669007,1.4669007,0.65668654,673,672,668,664,673,,,
United States,2022-01-06,732514.0,56919618,2840,827049,3859641,9817,99.0,-11.1,5798903,20861,195.7,14.1,2144.776,8.315423,166658.7,2421.5713,11300.896,28.743841,16978.99,61.080296,242.15712,0.8315423,551377.3,1402.4286,1614.4138,4.106263,0.4106263,1.4530122,1.4530122,0.6790675,674,673,669,665,674,,,
United States,2022-01-07,702790.0,57622408,1846,828895,4088122,9840,87.9,-10.7,6263810,20853,202.7,11.8,2057.745,5.405025,168716.44,2426.9763,11969.882,28.811184,18340.22,61.05687,242.69762,0.5405025,584017.44,1405.7142,1709.983,4.1158834,0.41158834,1.4384942,1.4384942,0.63290733,675,674,670,666,675,,,
United States,2022-01-08,798436.0,58420844,2088,830983,4301911,10594,73.4,15.5,6783434,19764,206.9,-4.4,2337.7932,6.1135926,171054.23,2433.0898,12595.849,31.01887,19861.662,57.868317,243.30898,0.61135924,614558.7,1513.4286,1799.4069,4.4312673,0.4431267,1.4224085,1.4224085,0.60431266,676,675,671,667,676,,,
United States,2022-01-09,852951.0,59273795,2466,833449,4682897,11716,72.7,28.1,7394935,20862,219.2,4.0,2497.4114,7.2203636,173551.64,2440.3103,13711.362,34.304047,21652.117,61.08322,244.03102,0.72203636,668985.3,1673.7142,1958.7661,4.900578,0.49005783,1.4061003,1.4061003,0.6041474,677,676,672,668,677,,,
United States,2022-01-10,448743.0,59722538,869,834318,4828683,12155,66.6,30.5,7727854,21469,226.3,8.2,1313.9042,2.5444024,174865.55,2442.8545,14138.219,35.589424,22626.893,62.860497,244.28546,0.25444022,689811.9,1736.4286,2019.7455,5.0842037,0.50842035,1.3969902,1.3969902,0.55867386,678,677,673,669,678,,,
United States,2022-01-11,486541.0,60209079,699,835017,4924366,12480,59.9,32.5,8003111,21902,217.4,10.6,1424.5754,2.046648,176290.12,2444.9011,14418.375,36.54101,23432.836,64.12831,244.49013,0.20466481,703480.9,1782.8572,2059.7678,5.2201447,0.5220145,1.3868623,1.3868623,0.50291693,679,678,674,670,679,,,
United States,2022-01-12,1265520.0,61474599,1962,836979,5287495,12770,50.4,37.2,8804136,22078,214.4,8.9,3705.3994,5.744669,179995.53,2450.646,15481.6045,37.390125,25778.209,64.64363,245.06459,0.5744669,755356.44,1824.2858,2211.6577,5.3414464,0.53414464,1.3615038,1.3615038,0.4708636,680,679,675,671,680,,,
United States,2022-01-13,803539.0,62278138,3189,840168,5358520,13119,38.8,33.6,9218161,22936,200.8,10.8,2352.7346,9.337283,182348.27,2459.9832,15689.563,38.411983,26990.46,67.15582,245.99832,0.9337283,765502.9,1874.1428,2241.3662,5.4874263,0.54874265,1.3490577,1.3490577,0.45250866,681,680,676,672,681,,,
United States,2022-01-14,855880.0,63134018,2480,842648,5511610,13753,34.8,39.8,9599732,23593,183.0,14.4,2505.9873,7.2613554,184854.25,2467.2446,16137.806,40.268314,28107.688,69.0795,246.72446,0.72613555,787372.9,1964.7142,2305.401,5.7526164,0.57526165,1.3346972,1.3346972,0.446708,682,681,677,673,682,,,
United States,2022-01-15,892303.0,64026321,2179,844827,5605477,13844,30.3,30.7,9907388,24438,159.7,17.3,2612.6326,6.3800373,187466.88,2473.6245,16412.645,40.53476,29008.494,71.55363,247.36246,0.63800377,800782.44,1977.7142,2344.6636,5.79068,0.579068,1.3194995,1.3194995,0.39367113,683,682,678,674,683,,,
United States,2022-01-16,898407.0,64924728,3002,847829,5650933,14380,20.7,22.7,10333830,26096,150.2,29.5,2630.505,8.789753,190097.39,2482.4143,16545.738,42.10415,30257.102,76.408195,248.24144,0.87897533,807276.1,2054.2856,2363.677,6.0148783,0.6014878,1.3058646,1.3058646,0.37257352,684,683,679,675,684,,,
United States,2022-01-17,465957.0,65390685,1380,849209,5668147,14891,17.4,22.5,10496830,27046,141.6,35.3,1364.3062,4.0405927,191461.69,2486.4548,16596.14,43.600338,30734.36,79.189766,248.6455,0.4040593,809735.3,2127.2856,2370.8772,6.22862,0.622862,1.2986697,1.2986697,0.3642504,685,684,680,676,685,,,
United States,2022-01-18,418737.0,65809422,873,850082,5600343,15065,13.7,20.7,10524709,27545,127.1,37.2,1226.0476,2.5561142,192687.73,2489.011,16397.613,44.109806,30815.988,80.65082,248.90111,0.25561142,800049.0,2152.1428,2342.516,6.3014007,0.63014007,1.291733,1.291733,0.3501932,686,685,681,677,686,,,
United States,2022-01-19,968465.0,66777887,1453,851535,5303288,14556,0.3,14.0,10590783,27326,101.0,34.7,2835.6323,4.2543344,195523.38,2493.2654,15527.846,42.61947,31009.451,80.0096,249.32654,0.42543343,757612.56,2079.4285,2218.2637,6.0884957,0.6088496,1.2751751,1.2751751,0.31083322,687,686,682,678,687,,,
United States,2022-01-20,856293.0,67634180,2642,854177,5356042,14009,-0.0,6.8,10714562,27128,84.8,30.0,2507.1965,7.735686,198030.56,2501.001,15682.308,41.01787,31371.871,79.429855,250.10011,0.7735686,765148.9,2001.2858,2240.3296,5.8596964,0.5859696,1.2629368,1.2629368,0.2901205,688,687,683,679,688,,,
United States,2022-01-21,780466.0,68414646,3259,857436,5280628,14788,-4.2,7.5,10792238,28541,72.3,36.9,2285.1777,9.542241,200315.75,2510.5432,15461.498,43.29876,31599.305,83.56707,251.05434,0.95422405,754375.44,2112.5715,2208.7854,6.185537,0.6185537,1.253293,1.253293,0.30030262,689,688,684,680,689,,,
United States,2022-01-22,776490.0,69191136,2901,860337,5164815,15510,-7.9,12.0,10770292,29354,58.8,48.5,2273.5361,8.494029,202589.28,2519.0374,15122.401,45.41275,31535.047,85.94751,251.90373,0.8494029,737830.7,2215.7144,2160.343,6.4875355,0.6487536,1.2434208,1.2434208,0.29333362,690,689,685,681,690,,,
United States,2022-01-23,776480.0,69967616,3800,864137,5042888,16308,-10.8,13.4,10693821,30688,44.6,47.1,2273.5068,11.12627,204862.78,2530.1636,14765.403,47.749268,31311.143,89.85342,253.01636,1.112627,720412.56,2329.7144,2109.3435,6.821324,0.68213236,1.2350528,1.2350528,0.30433777,691,690,686,682,691,,,
United States,2022-01-24,328564.0,70296180,1218,865355,4905495,16146,-13.5,8.4,10573642,31037,36.8,44.6,962.0242,3.5662625,205824.81,2533.73,14363.122,47.274937,30959.262,90.875275,253.37299,0.35662624,700785.0,2306.5715,2051.8745,6.7535625,0.6753562,1.2310128,1.2310128,0.29294527,692,691,687,683,692,,,
United States,2022-01-25,314947.0,70611127,960,866315,4801705,16233,-14.3,7.8,10402048,31298,30.0,42.9,922.15405,2.8108473,206746.97,2536.5408,14059.229,47.52967,30456.842,91.63947,253.65407,0.28108472,685957.9,2319.0,2008.4612,6.7899528,0.67899525,1.2268817,1.2268817,0.28959176,693,692,688,684,693,,,
United States,2022-01-26,1011148.0,71622275,2784,869099,4844388,17564,-8.7,20.7,10147676,32120,15.3,45.5,2960.6067,8.151457,209707.58,2544.6921,14184.202,51.426792,29712.049,94.046265,254.46922,0.8151457,692055.44,2509.1428,2026.3147,7.3466845,0.73466843,1.2134479,1.2134479,0.31081593,694,693,689,685,694,,,
United States,2022-01-27,493232.0,72115507,3530,872629,4481327,18452,-16.3,31.7,9837369,32461,6.7,41.5,1444.1664,10.335719,211151.73,2555.0278,13121.172,54.026825,28803.48,95.0447,255.50279,1.033572,640189.56,2636.0,1874.4532,7.7181177,0.7718118,1.2100435,1.2100435,0.3255385,695,694,690,686,695,,,
United States,2022-01-28,545225.0,72660732,3409,876038,4246086,18602,-19.6,25.8,9526714,33390,-0.8,41.5,1596.4001,9.981436,212748.14,2565.0093,12432.395,54.46602,27893.893,97.76478,256.50095,0.99814355,606583.7,2657.4285,1776.0564,7.78086,0.778086,1.2056553,1.2056553,0.33215824,696,695,691,687,696,,,
United States,2022-01-29,572820.0,73233552,2898,878936,4042416,18599,-21.7,19.9,9207231,34109,-7.1,39.6,1677.1974,8.485245,214425.34,2573.4946,11836.056,54.457237,26958.457,99.86999,257.34946,0.8485245,577488.0,2657.0,1690.8651,7.7796054,0.77796054,1.2001821,1.2001821,0.35070696,697,696,692,688,697,,,
United States,2022-01-30,523326.0,73756878,3604,882540,3789262,18403,-24.9,12.8,8832150,34711,-14.5,33.0,1532.2806,10.552389,215957.62,2584.0469,11094.83,53.883354,25860.232,101.63262,258.4047,1.0552388,541323.1,2629.0,1584.9757,7.6976223,0.7697622,1.1965529,1.1965529,0.34359327,698,697,693,689,698,,,
United States,2022-01-31,222172.0,73979050,1516,884056,3682870,18701,-24.9,15.8,8588365,34847,-18.2,28.8,650.512,4.438796,216608.12,2588.4858,10783.317,54.75589,25146.44,102.03082,258.84857,0.4438796,526124.3,2671.5715,1540.4739,7.82227,0.782227,1.1950086,1.1950086,0.35414347,699,698,694,690,699,,,
United States,2022-02-01,158214.0,74137264,925,884981,3526137,18666,-26.6,15.0,8327842,34899,-20.9,26.7,463.24518,2.7083683,217071.38,2591.194,10324.408,54.65341,24383.637,102.18308,259.11942,0.27083683,503733.84,2666.5715,1474.9155,7.80763,0.78076303,1.193706,1.193706,0.36140695,700,699,695,691,700,,,
United States,2022-02-02,576521.0,74713785,2779,887760,3091510,18661,-36.2,6.2,7935898,36225,-25.1,32.6,1688.0338,8.136817,218759.4,2599.331,9051.836,54.63877,23236.04,106.06556,259.9331,0.8136817,441644.28,2665.8572,1293.1194,7.8055387,0.7805539,1.1882144,1.1882144,0.3700459,701,700,696,692,701,,,
United States,2022-02-03,296458.0,75010243,4076,891836,2894736,19207,-35.4,4.1,7376063,37659,-31.2,38.8,868.0189,11.934389,219627.42,2611.2654,8475.688,56.23744,21596.861,110.26427,261.12653,1.1934389,413533.72,2743.8572,1210.8126,8.03392,0.803392,1.1889523,1.1889523,0.3915405,702,701,697,693,702,,,
United States,2022-02-04,303405.0,75313648,3218,895054,2652916,19016,-37.5,2.2,6899002,37618,-36.1,31.8,888.3595,9.4221945,220515.78,2620.6875,7767.6475,55.6782,20200.043,110.14422,262.06876,0.9422194,378988.0,2716.5715,1109.664,7.954028,0.7954028,1.1884353,1.1884353,0.396026,703,702,698,694,703,,,
United States,2022-02-05,350050.0,75663698,2715,897769,2430146,18833,-39.9,1.3,6472562,37432,-39.9,27.5,1024.9344,7.949427,221540.72,2628.637,7115.3843,55.14238,18951.44,109.59962,262.8637,0.79494274,347163.72,2690.4285,1016.4835,7.877483,0.7877483,1.1865255,1.1865255,0.3887591,704,703,699,695,704,,,
United States,2022-02-06,281890.0,75945588,3425,901194,2188710,18654,-42.2,1.4,5977972,37057,-44.1,20.8,825.36426,10.028283,222366.1,2638.6653,6408.4683,54.618275,17503.297,108.50163,263.86652,1.0028282,312672.84,2664.8572,915.4954,7.802611,0.78026104,1.1866312,1.1866312,0.41626063,705,704,700,696,705,,,
United States,2022-02-07,104762.0,76050350,1254,902448,2071300,18392,-43.8,-1.7,5754170,37093,-45.6,19.5,306.73956,3.6716692,222672.83,2642.337,6064.696,53.851147,16848.014,108.60703,264.2337,0.3671669,295900.0,2627.4285,866.3851,7.6930213,0.7693021,1.1866454,1.1866454,0.43315184,706,705,701,697,706,,,
United States,2022-02-08,96578.0,76146928,714,903162,2009664,18181,-43.0,-2.6,5535801,36847,-46.8,17.7,282.77707,2.0905676,222955.61,2644.4275,5884.2275,53.233345,16208.636,107.88676,264.44275,0.20905676,287094.84,2597.2856,840.60394,7.604764,0.7604764,1.1860781,1.1860781,0.4497558,707,706,702,698,707,,,
United States,2022-02-09,305358.0,76452286,3301,906463,1738501,18703,-43.8,0.2,4830011,37364,-52.4,16.3,894.07776,9.6652155,223849.69,2654.0928,5090.2715,54.761745,14142.107,109.40051,265.40927,0.9665215,248357.28,2671.8572,727.18164,7.8231063,0.78231066,1.1856585,1.1856585,0.49357897,708,707,703,699,708,,,
United States,2022-02-10,197921.0,76650207,3804,910267,1639964,18431,-43.3,-4.0,4534700,37638,-53.9,15.9,579.5059,11.137982,224429.19,2665.2307,4801.759,53.96534,13277.446,110.202774,266.52307,1.1137981,234280.58,2633.0,685.9655,7.709334,0.7709334,1.1875597,1.1875597,0.5004521,709,708,704,700,709,,,
United States,2022-02-11,196394.0,76846601,3005,913272,1532953,18218,-42.2,-4.2,4185869,37234,-56.1,11.5,575.0349,8.798537,225004.22,2674.0293,4488.434,53.341682,12256.081,109.01988,267.40292,0.8798537,218993.28,2602.5715,641.20483,7.62024,0.76202404,1.1884351,1.1884351,0.51665604,710,709,705,701,710,,,
United States,2022-02-12,165790.0,77012391,2579,915851,1348693,18082,-44.5,-4.0,3778839,36915,-59.0,8.2,485.42746,7.5512238,225489.66,2681.5803,3948.927,52.943478,11064.312,108.08586,268.15805,0.75512236,192670.42,2583.1428,564.13245,7.563354,0.7563354,1.1892256,1.1892256,0.58489215,711,710,706,702,711,,,
United States,2022-02-13,155309.0,77167700,2893,918744,1222112,17550,-44.2,-5.9,3410822,36204,-61.4,4.3,454.73944,8.470605,225944.39,2690.051,3578.3022,51.3858,9986.7705,106.004074,269.0051,0.8470605,174587.42,2507.1428,511.18604,7.3408284,0.7340829,1.1905811,1.1905811,0.6062729,712,711,707,703,712,,,
United States,2022-02-14,67888.0,77235588,969,919713,1185238,17265,-42.8,-6.1,3256538,35657,-62.1,2.3,198.77374,2.837199,226143.16,2692.8882,3470.3364,50.55133,9535.032,104.40248,269.28882,0.2837199,169319.72,2466.4285,495.76233,7.2216187,0.7221618,1.1907891,1.1907891,0.6507933,713,712,708,704,713,,,
United States,2022-02-15,47904.0,77283492,727,920440,1136564,17278,-43.4,-5.0,3146228,35459,-62.2,1.6,140.26128,2.128631,226283.42,2695.0168,3327.8206,50.589394,9212.048,103.82274,269.50168,0.21286312,162366.28,2468.2856,475.40292,7.227056,0.7227056,1.1909918,1.1909918,0.7109861,714,713,709,705,714,,,
United States,2022-02-16,174293.0,77457785,2973,923413,1005499,16950,-42.2,-9.4,2744000,35653,-65.4,-1.6,510.32394,8.704843,226793.75,2703.7217,2944.0667,49.62902,8034.3384,104.39076,270.37216,0.87048423,143642.72,2421.4285,420.58096,7.08986,0.708986,1.19215,1.19215,0.7744288,715,714,710,706,715,,,
United States,2022-02-17,108080.0,77565865,3370,926783,915658,16516,-44.2,-10.4,2555622,34947,-65.4,-7.2,316.45456,9.867245,227110.2,2713.5889,2681.0154,48.358284,7482.774,102.32362,271.3589,0.9867245,130808.29,2359.4285,383.0022,6.908326,0.6908326,1.1948336,1.1948336,0.79737365,716,715,711,707,716,,,
United States,2022-02-18,105714.0,77671579,2708,929491,824978,16219,-46.2,-11.0,2357931,34437,-65.8,-8.5,309.52698,7.928931,227419.73,2721.5178,2415.5073,47.488678,6903.9414,100.83036,272.1518,0.7928932,117854.0,2317.0,345.07248,6.7840967,0.6784097,1.1966939,1.1966939,0.80705035,717,716,712,708,717,,,
United States,2022-02-19,100475.0,77772054,2316,931807,759663,15956,-43.7,-11.8,2108356,34038,-67.4,-9.1,294.18738,6.781169,227713.92,2728.299,2224.2673,46.718624,6173.1943,99.6621,272.8299,0.67811686,108523.29,2279.4285,317.75247,6.674089,0.6674089,1.1981257,1.1981257,0.91780216,718,717,713,709,718,,,
United States,2022-02-20,103802.0,77875856,2309,934116,708156,15372,-42.1,-12.4,1930268,32922,-67.7,-11.2,303.9287,6.760673,228017.84,2735.0598,2073.4565,45.00869,5651.759,96.39449,273.50598,0.6760673,101165.14,2196.0,296.20807,6.429813,0.6429813,1.1994938,1.1994938,0.93733764,719,718,714,710,719,,,
United States,2022-02-21,40797.0,77916653,716,934832,681065,15119,-42.5,-12.4,1866303,32384,-67.6,-12.7,119.452225,2.0964236,228137.3,2737.1562,1994.135,44.267914,5464.471,94.819244,273.7156,0.20964235,97295.0,2159.8572,284.87643,6.323988,0.6323988,1.1997846,1.1997846,0.9862664,720,719,715,711,720,,,
United States,2022-02-22,31174.0,77947827,588,935420,664335,14980,-41.5,-13.3,1800899,32258,-67.5,-12.5,91.276405,1.7216439,228228.58,2738.8777,1945.1501,43.860928,5272.9707,94.450325,273.8878,0.1721644,94905.0,2140.0,277.8786,6.2658467,0.6265847,1.200059,1.200059,1.1107049,721,720,716,712,721,,,
United States,2022-02-23,48413.0,77996240,1100,936520,538455,13107,-46.4,-22.7,1543954,30057,-68.0,-19.6,141.7516,3.2207625,228370.33,2742.0986,1576.5779,38.376846,4520.6445,88.00587,274.20987,0.32207623,76922.14,1872.4286,225.2254,5.482407,0.54824066,1.2007246,1.2007246,1.0724876,722,721,717,713,722,,,
United States,2022-02-24,115022.0,78111262,3252,939772,545397,12989,-40.4,-21.4,1461055,29505,-67.8,-21.6,336.7805,9.521745,228707.11,2751.6204,1596.9038,38.03135,4277.919,86.38963,275.16202,0.9521745,77913.86,1855.5714,228.1291,5.4330497,0.543305,1.2031198,1.2031198,1.095898,723,722,718,714,723,,,
United States,2022-02-25,73662.0,78184924,2611,942383,513345,12892,-37.8,-20.5,1338323,29111,-68.0,-21.8,215.67982,7.644919,228922.78,2759.2651,1503.0566,37.747334,3918.564,85.236015,275.9265,0.76449186,73335.0,1841.7142,214.72237,5.3924766,0.53924763,1.2053257,1.2053257,1.1342961,724,723,719,715,724,,,
United States,2022-02-26,75062.0,78259986,2488,944871,487932,13064,-35.8,-18.1,1247595,29020,-67.0,-21.4,219.77898,7.284779,229142.56,2766.55,1428.6482,38.250946,3652.9155,84.96957,276.655,0.7284779,69704.57,1866.2858,204.0926,5.464421,0.5464421,1.2073488,1.2073488,1.2992554,725,724,720,716,725,,,
United States,2022-02-27,74142.0,78334128,2291,947162,458272,13046,-35.3,-15.1,1166428,28418,-65.8,-21.5,217.08524,6.7079697,229359.66,2773.258,1341.8048,38.198242,3415.2612,83.20693,277.3258,0.670797,65467.43,1863.7142,191.68639,5.4568915,0.54568917,1.2091308,1.2091308,1.4247677,726,725,721,717,726,,,
United States,2022-02-28,25662.0,78359790,576,947738,443137,12906,-34.9,-14.6,1124202,28025,-65.5,-21.4,75.13746,1.6865083,229434.78,2774.9446,1297.49,37.788326,3291.625,82.056244,277.49445,0.16865084,63305.285,1843.7142,185.35571,5.3983326,0.53983325,1.2094698,1.2094698,1.5644053,727,726,722,718,727,,,
United States,2022-03-01,18169.0,78377959,360,948098,430132,12678,-35.3,-15.4,1094467,27658,-65.2,-22.0,53.19821,1.0540677,229487.98,2775.9985,1259.4117,37.12075,3204.562,80.98168,277.59985,0.10540677,61447.43,1811.1428,179.91597,5.302964,0.53029644,1.2096487,1.2096487,1.6688979,728,727,723,719,728,,,
United States,2022-03-02,76237.0,78454196,2302,950400,457956,13880,-14.9,5.9,996411,26987,-63.7,-24.3,223.21933,6.740177,229711.2,2782.7388,1340.8795,40.640167,2917.4573,79.01701,278.27386,0.6740177,65422.285,1982.8572,191.55421,5.805738,0.5805738,1.2114074,1.2114074,1.9600201,729,728,724,720,729,,,
United States,2022-03-03,63819.0,78518015,1971,952371,406753,12599,-25.4,-3.0,952150,25588,-62.7,-26.8,186.85985,5.7710204,229898.06,2788.5098,1190.9589,36.889442,2787.8625,74.92079,278.85098,0.57710207,58107.57,1799.8572,170.13698,5.2699203,0.526992,1.2129331,1.2129331,1.8498969,730,729,725,721,730,,,
United States,2022-03-04,52784.0,78570799,1536,953907,385875,11524,-24.8,-10.6,899220,24416,-61.9,-29.1,154.54974,4.4973555,230052.61,2793.007,1129.8289,33.74188,2632.8855,71.48921,279.30072,0.44973555,55125.0,1646.2858,161.40411,4.820268,0.48202685,1.2140732,1.2140732,1.734667,731,730,726,722,731,,,
United States,2022-03-05,51622.0,78622421,1364,955271,362435,10400,-25.7,-20.4,850367,23464,-59.7,-31.1,151.14745,3.9937453,230203.77,2797.0007,1061.1973,30.450844,2489.8455,68.70179,279.70007,0.39937454,51776.43,1485.7142,151.59961,4.3501205,0.43501207,1.2150109,1.2150109,1.931452,732,731,727,723,732,,,
United States,2022-03-06,44216.0,78666637,1569,956840,332509,9678,-27.4,-25.8,790781,22724,-59.0,-31.0,129.46294,4.5939784,230333.22,2801.5947,973.575,28.336853,2315.3796,66.535095,280.1595,0.45939785,47501.285,1382.5714,139.08214,4.048122,0.4048122,1.2163225,1.2163225,1.7744873,733,732,728,724,733,,,
United States,2022-03-07,14292.0,78680929,322,957162,321139,9424,-27.5,-27.0,764276,22330,-59.0,-31.0,41.84649,0.942805,230375.08,2802.5376,940.284,27.59315,2237.774,65.38148,280.25375,0.094280496,45877.0,1346.2858,134.3263,3.9418786,0.39418787,1.2165108,1.2165108,1.8358024,734,733,729,725,734,,,
United States,2022-03-08,8941.0,78689870,367,957529,311911,9431,-27.5,-25.6,742043,22109,-58.8,-31.5,26.178942,1.0745635,230401.25,2803.6123,913.2648,27.613646,2172.6765,64.7344,280.3612,0.10745635,44558.715,1347.2858,130.4664,3.9448066,0.39448065,1.216839,1.216839,1.9328513,735,734,730,726,735,,,
United States,2022-03-09,57277.0,78747147,1530,959059,292951,8659,-36.0,-37.6,750907,22539,-51.4,-25.0,167.7051,4.479788,230568.95,2808.092,857.7505,25.353256,2198.6301,65.99342,280.8092,0.44797876,41850.145,1237.0,122.53579,3.6218936,0.36218938,1.2178968,1.2178968,1.8894892,736,735,731,727,736,,,
United States,2022-03-10,31172.0,78778319,1735,960794,260304,8423,-36.0,-33.1,667057,21022,-54.3,-28.8,91.27055,5.080021,230660.22,2813.1719,762.1612,24.662256,1953.1201,61.551697,281.3172,0.50800204,37186.285,1203.2858,108.88017,3.5231795,0.35231796,1.2196172,1.2196172,1.9007666,737,736,732,728,737,,,
United States,2022-03-11,46110.0,78824429,1957,962751,253630,8844,-34.3,-23.3,639505,20368,-52.2,-30.0,135.0085,5.730029,230795.23,2818.902,742.62,25.89493,1872.4487,59.636806,281.8902,0.57300293,36232.855,1263.4286,106.08857,3.6992757,0.36992756,1.2213866,1.2213866,2.056113,738,737,733,729,738,,,
United States,2022-03-12,39598.0,78864027,1258,964009,241606,8738,-33.3,-16.0,604041,19138,-51.6,-34.1,115.94159,3.683381,230911.17,2822.5854,707.4141,25.584566,1768.6115,56.03541,282.25854,0.3683381,34515.145,1248.2858,101.05916,3.654938,0.3654938,1.2223685,1.2223685,1.9080436,739,738,734,730,739,,,
United States,2022-03-13,36942.0,78900969,1437,965446,234332,8606,-29.5,-11.1,566841,18284,-51.4,-35.7,108.16492,4.207487,231019.34,2826.793,686.1161,25.198074,1659.691,53.534927,282.6793,0.42074868,33476.0,1229.4286,98.01659,3.5997248,0.35997248,1.2236174,1.2236174,2.1157804,740,739,735,731,740,,,
United States,2022-03-14,12159.0,78913128,506,965952,232199,8790,-27.7,-6.7,553338,18214,-50.8,-35.0,35.601135,1.4815507,231054.94,2828.2744,679.8707,25.73682,1620.1548,53.32997,282.82745,0.14815506,33171.285,1255.7142,97.12439,3.6766884,0.36766884,1.2240701,1.2240701,2.2779398,741,740,736,732,741,,,
United States,2022-03-15,9126.0,78922254,195,966147,232384,8618,-25.5,-8.6,544295,18049,-50.3,-34.7,26.720615,0.5709533,231081.66,2828.8455,680.4124,25.23321,1593.6771,52.846855,282.88455,0.057095334,33197.715,1231.1428,97.201775,3.6047442,0.3604744,1.2241756,1.2241756,2.3778057,742,741,737,733,742,,,
United States,2022-03-16,16810.5,,,,,,,,,,,,,,,,,,,,,,,,,,,,,,,,,,,,,
United States,2022-03-17,24495.0,79007718,1443,965153,229399,6796,-11.9,-19.3,489703,15219,-48.6,-40.5,71.72052,4.2250547,231331.89,2825.935,671.6724,19.898457,1433.8336,44.56071,282.5935,0.42250547,32771.285,1132.6666,95.9532,3.3164093,0.33164093,1.2215933,1.2215933,2.4689205,744,743,739,735,744,,,
United States,2022-03-18,37828.0,79045546,1500,966653,221117,6339,-12.8,-28.3,474747,15183,-47.2,-37.8,110.759094,4.3919487,231442.66,2830.327,647.42303,18.560375,1390.043,44.455307,283.03268,0.4391949,31588.143,1056.5,92.489006,3.093396,0.30933958,1.2229064,1.2229064,2.371029,745,744,740,736,745,,,
United States,2022-03-19,33159.0,79078705,1066,967719,214678,6147,-11.1,-29.7,456284,14885,-46.3,-36.6,97.08842,3.1212115,231539.75,2833.4482,628.5698,17.998205,1335.984,43.58277,283.34482,0.31212115,30668.285,1024.5,89.79569,2.999701,0.2999701,1.2237415,1.2237415,2.4480202,746,745,741,737,746,,,
United States,2022-03-20,31004.0,79109709,972,968691,208740,5682,-10.9,-34.0,443072,14288,-44.0,-37.1,90.778656,2.8459828,231630.53,2836.2942,611.1836,16.636702,1297.2997,41.834774,283.62943,0.2845983,29820.0,947.0,87.31194,2.7727835,0.27727836,1.2244906,1.2244906,2.5466378,747,746,742,738,747,,,
United States,2022-03-21,9881.0,79119590,200,968891,206462,5376,-11.1,-38.8,438661,14166,-42.6,-36.6,28.93123,0.58559316,231659.45,2836.8796,604.5137,15.740745,1284.3844,41.477566,283.688,0.058559317,29494.572,896.0,86.3591,2.6234574,0.26234573,1.2245905,1.2245905,2.4728935,748,747,743,739,748,,,
United States,2022-03-22,10038.0,79129628,150,969041,207374,5331,-10.8,-38.1,439758,13949,-40.7,-36.9,29.39092,0.4391949,231688.84,2837.3188,607.18396,15.608986,1287.5964,40.842194,283.7319,0.04391949,29624.857,888.5,86.74057,2.6014977,0.26014978,1.2246248,1.2246248,2.5742323,749,748,744,740,749,,,
United States,2022-03-23,38828.0,79168456,789,969830,185233,6120,-21.5,-13.7,421309,13208,-43.9,-41.4,113.68706,2.310165,231802.53,2839.6292,542.3559,17.919151,1233.5784,38.672573,283.96292,0.2310165,26461.857,874.2857,77.479416,2.5598786,0.25598788,1.2250208,1.2250208,2.611679,750,749,745,741,750,,,
United States,2022-03-24,24771.0,79193227,937,970767,185509,5614,-19.1,-17.4,414908,12410,-37.8,-41.0,72.52864,2.743504,231875.06,2842.3726,543.164,16.437601,1214.8364,36.336056,284.23727,0.2743504,26501.285,802.0,77.59486,2.3482287,0.23482285,1.2258208,1.2258208,2.4177537,751,750,746,742,751,,,
United States,2022-03-25,45160.0,79238387,1244,972011,192841,5358,-12.8,-15.5,413958,11697,-35.3,-42.6,132.22694,3.6423895,232007.3,2846.015,564.63184,15.688041,1212.0549,34.248417,284.6015,0.36423895,27548.715,765.4286,80.6617,2.2411487,0.22411487,1.2266921,1.2266921,2.3056664,752,751,747,743,752,,,
United States,2022-03-26,36077.0,79274464,895,972906,195759,5187,-8.8,-15.6,410437,11334,-32.1,-40.8,105.632225,2.6205294,232112.92,2848.6355,573.17566,15.187359,1201.7455,33.185566,284.86356,0.26205295,27965.572,741.0,81.88224,2.1696227,0.21696226,1.2272627,1.2272627,2.1971738,753,752,748,744,753,,,
United States,2022-03-27,28714.0,79303178,776,973682,193469,4991,-7.3,-12.2,402209,10673,-29.0,-41.6,84.07361,2.2721014,232197.0,2850.9077,566.47064,14.613478,1177.6542,31.25018,285.09076,0.22721015,27638.428,713.0,80.92438,2.0876396,0.20876396,1.2277969,1.2277969,2.1756852,754,753,749,745,754,,,
United States,2022-03-28,12511.0,79315689,180,973862,196099,4971,-5.0,-7.5,402561,10347,-27.2,-43.2,36.63178,0.52703387,232233.62,2851.4346,574.17114,14.554918,1178.6848,30.295662,285.14346,0.052703384,28014.143,710.1429,82.02445,2.079274,0.2079274,1.2278302,1.2278302,2.248131,755,754,750,746,755,,,
United States,2022-03-29,9753.0,79325442,95,973957,195814,4916,-5.6,-7.8,403188,10247,-25.9,-43.2,28.55645,0.27815676,232262.19,2851.713,573.3367,14.39388,1180.5206,30.002867,285.1713,0.027815675,27973.428,702.2857,81.90524,2.0562685,0.20562686,1.227799,1.227799,2.2899413,756,755,751,747,756,,,
United States,2022-03-30,32427.0,79357869,686,974643,189413,4813,2.3,-21.4,374646,10933,-29.2,-30.6,94.945145,2.0085845,232357.12,2853.7214,554.5948,14.092299,1096.9507,32.01145,285.37213,0.20085846,27059.0,687.5714,79.22783,2.0131857,0.20131856,1.2281618,1.2281618,2.3057392,757,756,752,748,757,,,
United States,2022-03-31,24078.0,79381947,732,975375,188720,4608,1.7,-17.9,374229,10222,-23.6,-32.8,70.49956,2.143271,232427.62,2855.8647,552.56573,13.492066,1095.7297,29.929667,285.58646,0.2143271,26960.0,658.2857,78.93796,1.927438,0.19274381,1.2287114,1.2287114,2.2318878,758,757,753,749,758,,,
United States,2022-04-01,48239.0,79430186,1173,976548,191799,4537,-0.5,-15.3,384640,9895,-19.0,-34.8,141.24214,3.4345038,232568.88,2859.299,561.58093,13.284181,1126.2128,28.972221,285.92993,0.3434504,27399.857,648.1429,80.225845,1.8977401,0.189774,1.2294419,1.2294419,2.1878345,759,758,754,750,759,,,
United States,2022-04-02,40063.0,79470249,704,977252,195785,4346,0.0,-16.2,391544,9533,-14.2,-36.0,117.30309,2.0612879,232686.17,2861.3604,573.2518,12.724939,1146.4275,27.912298,286.13605,0.20612879,27969.285,620.8571,81.89311,1.8178484,0.18178485,1.229708,1.229708,2.346234,760,759,755,751,760,,,
United States,2022-04-03,27393.0,79497642,602,977854,194464,4172,0.5,-16.4,387933,9163,-12.4,-35.9,80.205765,1.7626355,232766.38,2863.123,569.384,12.215473,1135.8546,26.82895,286.31232,0.17626354,27780.572,596.0,81.34056,1.7450676,0.17450677,1.2300415,1.2300415,2.2489474,761,760,756,752,761,,,
United States,2022-04-04,11677.0,79509319,148,978002,193630,4140,-1.3,-16.7,389729,9111,-11.2,-35.7,34.189857,0.43333894,232800.56,2863.5564,566.942,12.1217785,1141.1132,26.676697,286.35565,0.043333896,27661.428,591.4286,80.991714,1.7316827,0.17316827,1.230047,1.230047,2.1468463,762,761,757,753,762,,,
United States,2022-04-05,10548.0,79519867,117,978119,194425,4162,-0.7,-15.3,390239,9078,-11.3,-34.9,30.884184,0.342572,232831.45,2863.899,569.2698,12.186193,1142.6064,26.580074,286.3899,0.0342572,27775.0,594.5714,81.32425,1.7408848,0.17408848,1.230031,1.230031,2.1260836,763,762,758,754,763,,,
United States,2022-04-06,26930.0,79546797,322,978441,188928,3798,-0.3,-21.1,378341,8611,-10.2,-34.8,78.85012,0.942805,232910.3,2864.8418,553.17474,11.120414,1107.7695,25.212713,286.4842,0.094280496,26989.715,542.5714,79.02496,1.5886306,0.15886305,1.2300193,1.2300193,1.9631052,764,763,759,755,764,,,
United States,2022-04-07,33374.0,79580171,524,978965,198224,3590,5.0,-22.1,386944,8198,-6.7,-33.9,97.71793,1.5342541,233008.02,2866.376,580.3931,10.511397,1132.9589,24.003464,286.6376,0.15342541,28317.715,512.8571,82.9133,1.5016282,0.15016282,1.230162,1.230162,1.8307079,765,764,760,756,765,,,
United States,2022-04-08,42256.0,79622427,944,979909,192241,3361,0.2,-25.9,384040,7898,-7.2,-32.5,123.72412,2.7639997,233131.75,2869.1401,562.87506,9.840893,1124.456,23.125074,286.914,0.27639997,27463.0,480.14285,80.41073,1.4058418,0.14058419,1.2306948,1.2306948,1.7164248,766,765,761,757,766,,,
United States,2022-04-09,33806.0,79656233,523,980432,185984,3180,-5.0,-26.8,381769,7526,-7.0,-33.6,98.98281,1.5313262,233230.73,2870.6714,544.5548,9.310931,1117.8066,22.035872,287.06714,0.15313262,26569.143,454.2857,77.79354,1.3301331,0.13301331,1.230829,1.230829,1.678871,767,766,762,758,767,,,
United States,2022-04-10,42601.0,79698834,889,981321,201192,3467,3.5,-16.9,395656,7639,-1.6,-28.4,124.734276,2.6029615,233355.47,2873.2744,589.0833,10.1512575,1158.4673,22.366732,287.32742,0.26029617,28741.715,495.2857,84.154755,1.4501797,0.14501797,1.2312865,1.2312865,1.8371131,768,767,763,759,768,,,
United States,2022-04-11,14053.0,79712887,141,981462,203568,3460,5.1,-16.4,397198,7600,-1.3,-26.5,41.146706,0.41284317,233396.61,2873.6873,596.04016,10.130762,1162.9822,22.25254,287.3687,0.04128432,29081.143,494.2857,85.14859,1.4472517,0.14472517,1.2312464,1.2312464,1.8039719,769,768,764,760,769,,,
United States,2022-04-12,17314.0,79730201,69,981531,210334,3412,8.2,-18.0,404759,7574,0.4,-26.1,50.6948,0.20202965,233447.3,2873.8892,615.85077,9.990219,1185.1205,22.176413,287.38892,0.020202965,30047.715,487.42856,87.97868,1.4271742,0.14271742,1.2310655,1.2310655,1.742728,770,769,765,761,770,,,
United States,2022-04-13,34571.0,79764772,323,981854,217975,3413,15.4,-10.1,406903,7211,8.6,-34.0,101.22271,0.94573295,233548.53,2874.835,638.2233,9.993147,1191.3981,21.113562,287.4835,0.0945733,31139.285,487.57144,91.17477,1.4275925,0.14275925,1.2309369,1.2309369,1.7550806,771,770,766,762,771,,,
United States,2022-04-14,28789.0,79793561,733,982587,213390,3622,7.7,0.9,411614,7212,10.0,-29.4,84.293205,2.146199,233632.81,2876.9812,624.79865,10.605092,1205.1918,21.11649,287.69812,0.21461989,30484.285,517.4286,89.25695,1.5150132,0.15150131,1.2314113,1.2314113,1.8705779,772,771,767,763,772,,,
United States,2022-04-15,46149.0,79839710,603,983190,217283,3281,13.0,-2.4,409524,6642,6.5,-32.9,135.1227,1.7655634,233767.94,2878.7468,636.1972,9.606656,1199.0723,19.44755,287.87466,0.17655633,31040.428,468.7143,90.885315,1.3723794,0.13723794,1.2314548,1.2314548,1.6875402,773,772,768,764,773,,,
United States,2022-04-16,62708.0,79902418,710,983900,246185,3468,32.4,9.1,432169,6648,10.4,-30.3,183.60689,2.0788558,233951.55,2880.8257,720.8213,10.154185,1265.3761,19.465117,288.08255,0.20788558,35169.285,495.42856,102.974464,1.4505979,0.1450598,1.231377,1.231377,1.8356199,774,773,769,765,774,,,
United States,2022-04-17,44355.0,79946773,544,984444,247939,3123,23.2,-9.9,449131,6590,15.8,-28.1,129.86992,1.5928134,234081.42,2882.4185,725.9569,9.144037,1315.0402,19.295296,288.24185,0.15928134,35419.855,446.14285,103.70813,1.306291,0.1306291,1.2313743,1.2313743,1.5754904,775,774,770,766,775,,,
United States,2022-04-18,16817.0,79963590,49,984493,250703,3031,23.2,-12.4,454271,6491,16.6,-28.8,49.2396,0.14347033,234130.66,2882.5618,734.0498,8.874664,1330.09,19.005426,288.2562,0.014347033,35814.715,433.0,104.86426,1.2678092,0.12678093,1.2311766,1.2311766,1.5766668,776,775,771,767,776,,,
United States,2022-04-19,18767.0,79982357,57,984550,252156,3019,19.9,-11.5,462490,6431,18.5,-29.2,54.949135,0.16689405,234185.61,2882.7288,738.30414,8.839529,1354.1549,18.829748,288.2729,0.016689405,36022.285,431.2857,105.47202,1.2627898,0.12627898,1.2309589,1.2309589,1.6232579,777,776,772,768,777,,,
United States,2022-04-20,36003.0,80018360,366,984916,253588,3062,16.3,-10.3,471563,6475,24.6,-24.8,105.41555,1.0716355,234291.02,2883.8003,742.497,8.965431,1380.7203,18.958578,288.38004,0.10716355,36226.855,437.42856,106.071,1.2807759,0.1280776,1.2308625,1.2308625,1.5219293,778,777,773,769,778,,,
United States,2022-04-21,53418.0,80071778,427,985343,278217,2756,30.4,-23.9,491607,6378,27.0,-22.2,156.40608,1.2502414,234447.42,2885.0505,814.60986,8.069474,1439.4084,18.674566,288.50507,0.12502414,39745.285,393.7143,116.37284,1.152782,0.1152782,1.2305746,1.2305746,1.3538474,779,778,774,770,779,,,
United States,2022-04-22,57408.0,80129186,547,985890,289476,2700,33.2,-17.7,506759,5981,32.0,-24.3,168.08867,1.6015973,234615.52,2886.6523,847.5758,7.9055076,1483.7731,17.512163,288.66522,0.16015974,41353.715,385.7143,121.08226,1.1293583,0.112935826,1.2303756,1.2303756,1.2836727,780,779,775,771,780,,,
United States,2022-04-23,49509.0,80178695,655,986545,276277,2645,12.2,-23.7,522462,6113,36.9,-18.8,144.96066,1.9178176,234760.48,2888.57,808.9296,7.7444696,1529.7509,17.898655,288.857,0.19178176,39468.145,377.85715,115.56137,1.1063528,0.11063528,1.2304329,1.2304329,1.213442,781,780,776,772,781,,,
United States,2022-04-24,68799.0,80247494,342,986887,300721,2443,21.3,-21.8,548660,5566,38.7,-27.1,201.44112,1.0013644,234961.92,2889.5713,880.5008,7.1530204,1606.4578,16.297058,288.95715,0.10013643,42960.145,349.0,125.78583,1.0218601,0.10218601,1.2298042,1.2298042,1.1448522,782,781,777,773,782,,,
United States,2022-04-25,23458.0,80270952,72,986959,307362,2466,22.6,-18.6,558065,5497,40.5,-27.7,68.68422,0.21081354,235030.61,2889.7822,899.94543,7.2203636,1633.9952,16.095028,288.9782,0.021081354,43908.855,352.2857,128.56363,1.0314806,0.10314805,1.2295344,1.2295344,1.1349254,783,782,778,774,783,,,
United States,2022-04-26,21103.0,80292055,61,987020,309698,2470,22.8,-18.2,561854,5489,38.8,-27.5,61.788864,0.17860591,235092.39,2889.961,906.78516,7.2320757,1645.0894,16.071604,288.9961,0.017860591,44242.57,352.85715,129.54074,1.0331537,0.10331537,1.2292873,1.2292873,1.0033106,784,783,779,775,784,,,
United States,2022-04-27,49858.0,80341913,217,987237,323553,2321,27.6,-24.2,577141,5383,41.8,-25.4,145.98251,0.6353686,235238.38,2890.5962,947.3521,6.795809,1689.8491,15.76124,289.05963,0.06353686,46221.855,331.57144,135.33601,0.9708298,0.09708298,1.2287945,1.2287945,0.93611735,785,784,780,776,785,,,
United States,2022-04-28,64414.0,80406327,384,987621,334549,2278,20.2,-17.3,612766,5034,48.9,-30.2,188.60199,1.1243389,235426.98,2891.7205,979.54803,6.669906,1794.158,14.73938,289.17206,0.11243389,47792.715,325.42856,139.93544,0.9528437,0.09528437,1.2282877,1.2282877,0.9086449,786,785,781,777,786,,,
United States,2022-04-29,77145.0,80483472,729,988350,354286,2460,22.4,-8.9,643762,5160,57.2,-22.3,225.87793,2.1344872,235652.86,2893.855,1037.3373,7.202796,1884.9131,15.108304,289.3855,0.2134487,50612.285,351.42856,148.19104,1.0289708,0.102897085,1.2280161,1.2280161,0.97558653,787,786,782,778,787,,,
United States,2022-04-30,61915.0,80545387,288,988638,366692,2093,32.7,-20.9,642969,4738,48.8,-28.7,181.285,0.84325415,235834.14,2894.6982,1073.6616,6.1282325,1882.5913,13.872702,289.46982,0.08432542,52384.57,299.0,153.38023,0.87546176,0.08754618,1.2274297,1.2274297,0.8253545,788,787,783,779,788,,,
United States,2022-05-01,80656.0,80626043,491,989129,378549,2242,25.9,-8.2,679270,4685,51.2,-28.9,236.158,1.4376312,236070.3,2896.136,1108.3785,6.5644994,1988.8794,13.71752,289.6136,0.14376312,54078.43,320.2857,158.3398,0.9377856,0.093778566,1.2268108,1.2268108,0.8058458,789,788,784,780,789,,,
United States,2022-05-02,25939.0,80651982,90,989219,381030,2260,24.0,-8.4,688392,4726,51.5,-27.2,75.94851,0.26351693,236146.25,2896.3994,1115.6428,6.6172028,2015.5883,13.837566,289.63995,0.026351692,54432.855,322.85715,159.37755,0.9453147,0.09453147,1.2265278,1.2265278,0.780721,790,789,785,781,790,,,
United States,2022-05-03,26774.0,80678756,133,989352,386701,2332,24.9,-5.6,696399,4802,50.6,-25.3,78.39336,0.38941947,236224.64,2896.7888,1132.2473,6.8280163,2039.0325,14.060092,289.6789,0.038941946,55243.0,333.14285,161.74962,0.9754309,0.09754309,1.2262857,1.2262857,0.8440804,791,790,786,782,791,,,
United States,2022-05-04,64100.0,80742856,180,989532,400943,2295,23.9,-1.1,724496,4616,53.6,-28.7,187.6826,0.52703387,236412.33,2897.316,1173.9474,6.7196817,2121.2996,13.515491,289.7316,0.052703384,57277.57,327.85715,167.70677,0.9599545,0.09599545,1.225535,1.225535,0.76316583,792,791,787,783,792,,,
United States,2022-05-05,72566.0,80815422,648,990180,409095,2559,22.3,12.3,743644,4837,51.3,-24.2,212.47076,1.8973218,236624.8,2899.2131,1197.8162,7.4926643,2177.3643,14.162571,289.92133,0.18973218,58442.145,365.57144,171.1166,1.0703807,0.107038066,1.2252364,1.2252364,0.83256876,793,792,788,784,793,,,
United States,2022-05-06,100537.0,80915959,804,990984,432487,2634,22.1,7.1,786773,5094,55.3,-14.8,294.3689,2.3540845,236919.16,2901.5674,1266.3071,7.712262,2303.6445,14.915058,290.15674,0.23540846,61783.855,376.2857,180.90102,1.1017517,0.11017517,1.2247077,1.2247077,0.85050595,794,793,789,785,794,,,
United States,2022-05-07,80010.0,80995969,300,991284,450582,2646,22.9,26.4,817274,4739,56.4,-22.5,234.26654,0.8783898,237153.42,2902.4456,1319.2887,7.7473974,2392.9504,13.87563,290.24457,0.08783898,64368.855,378.0,188.46982,1.1067711,0.11067711,1.2238684,1.2238684,0.8177949,795,794,790,786,795,,,
United States,2022-05-08,95732.0,81091701,486,991770,465658,2641,23.0,17.8,844207,4883,53.9,-12.3,280.30002,1.4229914,237433.73,2903.8687,1363.4307,7.7327576,2471.8093,14.297257,290.38687,0.14229915,66522.57,377.2857,194.77582,1.1046797,0.11046797,1.2230228,1.2230228,0.78942096,796,795,791,787,796,,,
United States,2022-05-09,27518.0,81119219,61,991831,467237,2612,22.6,15.6,848267,4872,52.0,-11.4,80.57176,0.17860591,237514.3,2904.0474,1368.054,7.6478467,2483.6968,14.26505,290.40472,0.017860591,66748.14,373.14285,195.43628,1.0925496,0.109254956,1.2226831,1.2226831,0.7372575,797,796,792,788,797,,,
United States,2022-05-10,31753.0,81150972,63,991894,472216,2542,22.1,9.0,858917,4874,52.9,-11.2,92.9717,0.18446185,237607.27,2904.2317,1382.6323,7.442889,2514.8796,14.2709055,290.4232,0.018446185,67459.43,363.14285,197.5189,1.0632699,0.10632699,1.2222823,1.2222823,0.69322485,798,797,793,789,798,,,
United States,2022-05-11,100982.0,81251954,189,992083,509098,2551,27.0,11.2,910041,4846,57.7,-10.0,295.67184,0.55338556,237902.94,2904.7852,1490.6216,7.4692407,2664.5688,14.188922,290.47852,0.055338554,72728.29,364.42856,212.94594,1.0670344,0.10670344,1.2209959,1.2209959,0.673889,799,798,794,790,799,,,
United States,2022-05-12,100249.0,81352203,393,992476,536781,2296,31.2,-10.3,945876,4855,54.4,-3.6,293.52563,1.1506906,238196.47,2905.9358,1571.6764,6.7226095,2769.4927,14.215274,290.59357,0.115069054,76683.0,328.0,224.5252,0.9603728,0.096037276,1.2199743,1.2199743,0.6025772,800,799,795,791,800,,,
United States,2022-05-13,127795.0,81479998,566,993042,564039,2058,30.4,-21.9,996526,4692,54.8,-9.1,374.17938,1.6572287,238570.66,2907.593,1651.4869,6.0257535,2917.7942,13.738015,290.7593,0.16572286,80577.0,294.0,235.9267,0.86082196,0.0860822,1.2187556,1.2187556,0.53219414,801,800,796,792,801,,,
United States,2022-05-14,98705.0,81578703,262,993304,582734,2020,29.3,-23.7,1033316,4666,60.7,-1.5,289.00485,0.76712704,238859.66,2908.36,1706.2252,5.914491,3025.514,13.661888,290.83603,0.076712705,83247.71,288.57144,243.74646,0.84492725,0.08449273,1.2176021,1.2176021,0.50381225,802,801,797,793,802,,,
United States,2022-05-15,117953.0,81696656,432,993736,604955,1966,29.9,-25.6,1070613,4607,57.6,-1.7,345.36237,1.2648813,239205.02,2909.625,1771.2876,5.756381,3134.7183,13.489139,290.9625,0.12648812,86422.14,280.85715,253.04108,0.82234013,0.08223401,1.216373,1.216373,0.48057297,803,802,798,794,803,,,
United States,2022-05-16,29099.0,81725755,79,993815,606536,1984,29.8,-24.0,1073773,4596,56.0,-2.8,85.200874,0.2313093,239290.22,2909.8564,1775.9166,5.8090844,3143.9707,13.456931,290.98563,0.02313093,86648.0,283.42856,253.70238,0.82986915,0.08298691,1.2160364,1.2160364,0.4587421,804,803,799,795,804,,,
United States,2022-05-17,46227.0,81771982,66,993881,621010,1987,31.5,-21.8,1093226,4529,57.0,-5.7,135.35107,0.19324574,239425.56,2910.0496,1818.296,5.817868,3200.9285,13.260757,291.00497,0.019324575,88715.71,283.85715,259.7566,0.831124,0.083112404,1.2154298,1.2154298,0.4409852,805,804,800,796,805,,,
United States,2022-05-18,123395.0,81895377,231,994112,643423,2029,26.4,-20.5,1152521,4580,59.1,-0.8,361.29636,0.67636013,239786.86,2910.726,1883.9205,5.9408426,3374.542,13.410084,291.0726,0.06763601,91917.57,289.85715,269.1315,0.8486918,0.08486918,1.2138805,1.2138805,0.4357275,806,805,801,797,806,,,
United States,2022-05-19,129614.0,82024991,368,994480,672788,2004,25.3,-12.7,1209569,4300,62.7,-11.1,379.50537,1.0774914,240166.38,2911.8035,1969.9003,5.8676434,3541.5767,12.590253,291.18036,0.10774914,96112.57,286.2857,281.41434,0.8382348,0.08382348,1.2124109,1.2124109,0.42890438,807,806,802,798,807,,,
United States,2022-05-20,146420.0,82171411,606,995086,691413,2044,22.6,-0.7,1255452,4102,59.6,-19.5,428.71277,1.7743473,240595.08,2913.578,2024.4336,5.984762,3675.9207,12.010516,291.3578,0.17743473,98773.29,292.0,289.2048,0.85496604,0.085496604,1.210988,1.210988,0.43285277,808,807,803,799,808,,,
United States,2022-05-21,109730.0,82281141,252,995338,702438,2034,20.5,0.7,1285172,4054,57.3,-14.5,321.28568,0.7378474,240916.38,2914.3157,2056.7144,5.9554825,3762.9397,11.869973,291.43158,0.07378474,100348.29,290.57144,293.81635,0.8507832,0.08507832,1.2096794,1.2096794,0.39953014,809,808,804,800,809,,,
United States,2022-05-22,150010.0,82431151,479,995817,734495,2081,21.4,5.8,1339450,4047,58.7,-17.1,439.22415,1.4024956,241355.6,2915.7183,2150.5762,6.0930967,3921.8638,11.849478,291.5718,0.14024957,104927.86,297.2857,307.2252,0.8704424,0.08704424,1.2080591,1.2080591,0.3876814,810,809,805,801,810,,,
United States,2022-05-23,36406.0,82467557,97,995914,741802,2099,22.3,5.8,1348338,4083,59.0,-16.2,106.59552,0.28401268,241462.19,2916.0022,2171.971,6.1458,3947.8877,11.954885,291.60022,0.028401269,105971.71,299.85715,310.28156,0.8779715,0.08779715,1.2076434,1.2076434,0.3721374,811,810,806,802,811,,,
United States,2022-05-24,44879.0,82512436,67,995981,740454,2100,19.2,5.7,1361464,4087,58.5,-16.1,131.40417,0.19617371,241593.6,2916.1982,2168.024,6.1487284,3986.32,11.966597,291.61984,0.019617371,105779.14,300.0,309.7177,0.8783898,0.08783898,1.2070677,1.2070677,0.36037025,812,811,807,803,812,,,
United States,2022-05-25,110873.0,82623309,388,996369,727932,2257,13.1,11.2,1371355,4286,50.7,-11.6,324.63235,1.1360507,241918.22,2917.3345,2131.36,6.608419,4015.2805,12.549261,291.73343,0.113605075,103990.29,322.42856,304.48,0.94405985,0.09440599,1.2059176,1.2059176,0.3730856,813,812,808,804,813,,,
United States,2022-05-26,133342.0,82756651,471,996840,731660,2360,8.8,17.8,1404448,4364,48.5,-10.1,390.4208,1.379072,242308.64,2918.7134,2142.2754,6.9099994,4112.176,12.777643,291.87134,0.13790719,104522.86,337.14285,306.03937,0.98714274,0.09871428,1.2045437,1.2045437,0.3890948,814,813,809,805,814,,,
United States,2022-05-27,153916.0,82910567,699,997539,739156,2453,6.9,20.0,1430569,4497,43.6,-4.2,450.6608,2.046648,242759.31,2920.76,2164.2234,7.1823,4188.657,13.167063,292.07602,0.20466481,105593.71,350.42856,309.17477,1.0260429,0.102604285,1.2031506,1.2031506,0.39500168,815,814,810,806,815,,,
United States,2022-05-28,113174.0,83023741,327,997866,742600,2528,5.7,24.3,1445038,4562,39.8,-2.2,331.3696,0.95744485,243090.67,2921.7175,2174.3074,7.4018974,4231.022,13.35738,292.17175,0.09574448,106085.71,361.14285,310.61536,1.0574139,0.1057414,1.2019044,1.2019044,0.39289862,816,815,811,807,816,,,
United States,2022-05-29,148130.0,83171871,580,998446,740720,2629,0.8,26.3,1475215,4710,37.8,2.2,433.71957,1.6982201,243524.39,2923.4158,2168.8027,7.6976223,4319.379,13.790719,292.34158,0.16982202,105817.14,375.57144,309.82898,1.0996603,0.10996603,1.2004611,1.2004611,0.39076203,817,816,812,808,817,,,
United States,2022-05-30,36051.0,83207922,87,998533,740365,2619,-0.2,24.8,1482167,4718,38.0,2.7,105.5561,0.25473303,243629.95,2923.6704,2167.7634,7.6683426,4339.7344,13.814143,292.36703,0.025473302,105766.43,374.14285,309.68048,1.0954775,0.10954775,1.2000456,1.2000456,0.3787895,818,817,813,809,818,,,
United States,2022-05-31,35465.0,83243387,58,998591,730951,2610,-1.3,24.3,1471405,4710,34.6,4.0,103.84031,0.16982202,243733.8,2923.8403,2140.1995,7.6419907,4308.2236,13.790719,292.38403,0.016982201,104421.57,372.85715,305.7428,1.091713,0.10917129,1.199604,1.199604,0.37156305,819,818,814,810,819,,,
United States,2022-06-01,55525.0,83298912,78,998669,675603,2300,-7.2,1.9,1403535,4557,21.8,-0.5,162.5753,0.22838134,243896.38,2924.0686,1978.1425,6.7343216,4109.5024,13.34274,292.40686,0.022838134,96514.71,328.57144,282.5918,0.9620459,0.096204594,1.198898,1.198898,0.31314033,820,819,815,811,820,,,
United States,2022-06-02,155982.0,83454894,366,999035,698243,2195,-4.6,-7.0,1429903,4555,18.2,5.9,456.70996,1.0716355,244353.08,2925.1404,2044.4316,6.426885,4186.707,13.3368845,292.51404,0.10716355,99749.0,313.57144,292.06168,0.9181264,0.09181264,1.1970958,1.1970958,0.29590106,821,820,816,812,821,,,
United States,2022-06-03,140951.0,83595845,575,999610,685278,2071,-7.3,-15.6,1424434,4524,13.5,10.3,412.6997,1.6835804,244765.78,2926.824,2006.4706,6.063817,4170.694,13.246118,292.6824,0.16835803,97896.86,295.85715,286.63864,0.8662596,0.08662596,1.1957651,1.1957651,0.27969328,822,821,817,813,822,,,
United States,2022-06-04,111559.0,83707404,354,999964,683663,2098,-7.9,-17.0,1426263,4626,11.0,14.1,326.64093,1.0364999,245092.42,2927.8604,2001.742,6.1428723,4176.0493,13.54477,292.78604,0.10364999,97666.14,299.7143,285.96313,0.87755316,0.087755315,1.1945945,1.1945945,0.28821373,823,822,818,814,823,,,
United States,2022-06-05,140094.0,83847498,461,1000425,675627,1979,-8.8,-24.7,1416347,4608,5.7,13.9,410.19043,1.3497922,245502.61,2929.2102,1978.2128,5.7944446,4147.0156,13.492066,292.92102,0.13497922,96518.14,282.7143,282.60184,0.82777774,0.082777776,1.1931483,1.1931483,0.2704808,824,823,819,815,824,,,
United States,2022-06-06,47471.0,83894969,87,1000512,687047,1979,-7.2,-24.4,1427412,4598,5.9,12.6,138.99347,0.25473303,245641.61,2929.4648,2011.6501,5.7944446,4179.4136,13.462787,292.9465,0.025473302,98149.57,282.7143,287.3786,0.82777774,0.082777776,1.1925769,1.1925769,0.2677378,825,824,820,816,825,,,
United States,2022-06-07,43315.0,83938284,127,1000639,694897,2048,-4.9,-21.5,1425848,4658,4.7,14.0,126.82484,0.37185165,245768.42,2929.837,2034.6346,5.996474,4174.834,13.638465,292.98367,0.037185166,99271.0,292.57144,290.6621,0.85663915,0.085663915,1.1921128,1.1921128,0.27578777,826,825,821,817,826,,,
United States,2022-06-08,99664.0,84037948,297,1000936,739036,2267,9.4,-1.4,1414639,4567,3.2,6.6,291.81277,0.86960584,246060.23,2930.7063,2163.872,6.6376987,4142.0146,13.37202,293.07065,0.086960584,105576.57,323.85715,309.1246,0.94824266,0.09482426,1.1910524,1.1910524,0.30605358,827,826,822,818,827,,,
United States,2022-06-09,152307.0,84190255,476,1001412,735361,2377,5.3,8.3,1433604,4572,2.1,4.8,445.94968,1.3937117,246506.19,2932.1,2153.1118,6.959775,4197.5435,13.38666,293.21002,0.13937117,105051.57,339.57144,307.5874,0.9942535,0.09942535,1.1894631,1.1894631,0.32105786,828,827,823,819,828,,,
United States,2022-06-10,144559.0,84334814,642,1002054,738969,2444,7.8,18.0,1424247,4515,-0.4,0.4,423.26382,1.8797541,246929.45,2933.98,2163.676,7.1559486,4170.1465,13.219766,293.39798,0.1879754,105567.0,349.14285,309.09656,1.0222783,0.10222784,1.1881855,1.1881855,0.33435893,829,828,824,820,829,,,
United States,2022-06-11,105965.0,84440779,264,1002318,733375,2354,7.3,12.2,1417038,4452,-1.9,-2.4,310.2619,0.77298295,247239.72,2934.753,2147.2969,6.8924317,4149.039,13.035304,293.47528,0.0772983,104767.86,336.2857,306.7567,0.9846331,0.098463304,1.1870071,1.1870071,0.34842947,830,829,825,821,830,,,
United States,2022-06-12,147763.0,84588542,391,1002709,741044,2284,9.7,15.4,1416671,4263,-4.0,-9.5,432.64502,1.1448346,247672.36,2935.8977,2169.7515,6.687474,4147.9644,12.481918,293.58978,0.11448346,105863.43,326.2857,309.9645,0.95535344,0.095535345,1.1853957,1.1853957,0.32710674,831,830,826,822,831,,,
United States,2022-06-13,37707.0,84626249,144,1002853,731280,2341,6.4,18.3,1418327,4320,-4.3,-8.4,110.40481,0.42162707,247782.77,2936.3193,2141.1628,6.854368,4152.813,12.648812,293.63193,0.04216271,104468.57,334.42856,305.8804,0.9791954,0.097919546,1.1850377,1.1850377,0.34161317,832,831,827,823,832,,,
United States,2022-06-14,38721.0,84664970,91,1002944,726686,2305,4.6,12.5,1421583,4353,-3.4,-7.6,113.373764,0.2664449,247896.14,2936.5857,2127.7117,6.7489614,4162.3467,12.745435,293.65857,0.026644489,103812.29,329.2857,303.95883,0.9641373,0.09641373,1.1846032,1.1846032,0.33715442,833,832,828,824,833,,,
United States,2022-06-15,91358.0,84756328,286,1003230,718380,2294,-2.8,1.2,1457416,4561,3.8,0.1,267.4931,0.83739823,248163.62,2937.423,2103.392,6.7167535,4267.264,13.354452,293.7423,0.083739825,102625.71,327.7143,300.4846,0.95953625,0.09595362,1.1836638,1.1836638,0.33953646,834,833,829,825,834,,,
United States,2022-06-16,138010.0,84894338,419,1003649,704083,2237,-4.3,-5.9,1439444,4614,0.7,1.3,404.08856,1.2268177,248567.72,2938.65,2061.531,6.5498595,4214.643,13.509634,293.865,0.12268177,100583.29,319.57144,294.50443,0.9356942,0.09356942,1.1822331,1.1822331,0.32559636,835,834,830,826,835,,,
United States,2022-06-17,143175.0,85037513,569,1004218,702699,2164,-4.9,-11.5,1441668,4608,1.2,1.9,419.21152,1.6660125,248986.94,2940.316,2057.4788,6.336118,4221.155,13.492066,294.0316,0.16660126,100385.57,309.14285,293.92554,0.9051597,0.09051597,1.1809118,1.1809118,0.31141305,836,835,831,827,836,,,
United States,2022-06-18,97574.0,85135087,301,1004519,694308,2201,-5.3,-6.5,1427683,4555,0.1,-1.5,285.69333,0.88131773,249272.62,2941.1973,2032.9102,6.444453,4180.207,13.3368845,294.11972,0.08813177,99186.86,314.42856,290.41574,0.9206361,0.09206361,1.1799119,1.1799119,0.2978204,837,836,832,828,837,,,
United States,2022-06-19,125711.0,85260798,392,1004911,672256,2202,-9.3,-3.6,1413300,4486,-0.2,-2.6,368.0775,1.1477627,249640.7,2942.345,1968.3427,6.4473805,4138.094,13.134854,294.2345,0.11477626,96036.57,314.57144,281.1918,0.92105436,0.09210544,1.1786319,1.1786319,0.29944476,838,837,833,829,838,,,
United States,2022-06-20,35853.0,85296651,96,1005007,670402,2154,-8.3,-8.0,1401682,4495,-1.8,-2.2,104.97636,0.28108472,249745.67,2942.6262,1962.9142,6.3068385,4104.077,13.161206,294.2626,0.028108472,95771.71,307.7143,280.41632,0.9009769,0.09009769,1.1782491,1.1782491,0.2914872,839,838,834,830,839,,,
United States,2022-06-21,35517.0,85332168,115,1005122,667198,2178,-8.2,-5.5,1393884,4483,-2.2,-3.8,103.99256,0.33671606,249849.67,2942.963,1953.533,6.3771095,4081.2446,13.126071,294.2963,0.033671606,95314.0,311.14285,279.07614,0.9110156,0.091101564,1.1778934,1.1778934,0.29698312,840,839,835,831,840,,,
United States,2022-06-22,52244.0,85384412,140,1005262,628084,2032,-12.6,-11.4,1346464,4326,-4.8,-5.3,152.96864,0.4099152,250002.64,2943.3728,1839.0085,5.9496264,3942.4006,12.66638,294.33728,0.040991522,89726.29,290.2857,262.71548,0.8499467,0.08499467,1.1773367,1.1773367,0.27420774,841,840,836,832,841,,,
United States,2022-06-23,186492.0,85570904,513,1005775,676566,2126,-3.9,-5.0,1380649,4363,-3.7,-4.6,546.0422,1.5020465,250548.69,2944.8748,1980.9622,6.2248554,4042.4932,12.774714,294.4875,0.15020464,96652.29,303.7143,282.9946,0.88926506,0.0889265,1.1753703,1.1753703,0.29072312,842,841,837,833,842,,,
United States,2022-06-24,134198.0,85705102,625,1006400,667589,2182,-5.0,0.8,1370288,4346,-3.8,-3.7,392.92715,1.8299786,250941.61,2946.7048,1954.6777,6.3888216,4012.1565,12.724939,294.67047,0.18299787,95369.86,311.7143,279.2397,0.9126888,0.091268875,1.1742592,1.1742592,0.30026725,843,842,838,834,843,,,
United States,2022-06-25,101869.0,85806971,492,1006892,671884,2373,-3.2,7.8,1366192,4574,-3.6,2.7,298.26895,1.4405591,251239.88,2948.1453,1967.2534,6.948063,4000.1636,13.392516,294.81454,0.14405592,95983.43,339.0,281.0362,0.9925804,0.09925804,1.1734384,1.1734384,0.33032656,844,843,839,835,844,,,
United States,2022-06-26,163464.0,85970435,520,1007412,709637,2501,5.6,13.6,1381893,4703,-2.5,10.3,478.617,1.5225422,251718.5,2949.668,2077.793,7.3228426,4046.1355,13.770224,294.9668,0.15225422,101376.71,357.2857,296.82755,1.0461204,0.10461204,1.1718122,1.1718122,0.3552138,845,844,840,836,845,,,
United States,2022-06-27,44012.0,86014447,107,1007519,717796,2512,7.1,16.6,1388198,4666,-2.1,8.0,128.86563,0.31329235,251847.36,2949.9812,2101.6821,7.35505,4064.5962,13.661888,294.9981,0.031329233,102542.29,358.85715,300.2403,1.0507214,0.10507215,1.171337,1.171337,0.3574788,846,845,841,837,846,,,
United States,2022-06-28,44178.0,86058625,76,1007595,726457,2473,8.9,13.5,1393655,4651,-2.0,6.8,129.35167,0.2225254,251976.72,2950.2036,2127.0413,7.2408595,4080.5742,13.6179695,295.0204,0.022252541,103779.57,353.2857,303.86304,1.0344085,0.10344085,1.1708239,1.1708239,0.35618198,847,846,842,838,847,,,
United States,2022-06-29,96530.0,86155155,256,1007851,770743,2589,22.7,27.4,1398827,4621,-4.0,1.3,282.63654,0.7495592,252259.34,2950.9534,2256.7092,7.5805035,4095.7175,13.53013,295.09534,0.074955925,110106.14,369.85715,322.38702,1.082929,0.10829291,1.1698093,1.1698093,0.38512114,848,847,843,839,848,,,
United States,2022-06-30,154793.0,86309948,625,1008476,739044,2701,9.2,27.0,1415610,4827,-1.7,4.6,453.2286,1.8299786,252712.58,2952.7832,2163.8955,7.908436,4144.858,14.133291,295.27832,0.18299787,105577.71,385.85715,309.12793,1.1297765,0.112977654,1.1684355,1.1684355,0.4028926,849,848,844,840,849,,,
United States,2022-07-01,148959.0,86458907,555,1009031,753805,2631,12.9,20.6,1421394,4813,-1.4,4.4,436.14685,1.625021,253148.72,2954.4082,2207.1152,7.703478,4161.793,14.092299,295.44083,0.16250211,107686.43,375.85715,315.3022,1.1004969,0.11004969,1.1670643,1.1670643,0.39433572,850,849,845,841,850,,,
United States,2022-07-02,112856.0,86571763,476,1009507,764792,2615,13.8,10.2,1436676,4988,0.6,9.5,330.4385,1.3937117,253479.16,2955.802,2239.285,7.6566305,4206.538,14.604693,295.5802,0.13937117,109256.0,373.57144,319.89783,1.0938044,0.10938044,1.1660926,1.1660926,0.4163456,851,850,846,842,851,,,
United States,2022-07-03,172444.0,86744207,547,1010054,773772,2642,9.0,5.6,1483409,5143,5.0,14.6,504.91013,1.6015973,253984.08,2957.4036,2265.578,7.735686,4343.371,15.058528,295.74036,0.16015974,110538.86,377.42856,323.654,1.105098,0.1105098,1.1644051,1.1644051,0.39050144,852,851,847,843,852,,,
United States,2022-07-04,48178.0,86792385,138,1010192,777938,2673,8.4,6.4,1495734,5185,6.7,15.4,141.06354,0.4040593,254125.14,2957.8076,2277.776,7.8264527,4379.458,15.181502,295.78076,0.04040593,111134.0,381.85715,325.39655,1.1180646,0.11180647,1.1639178,1.1639178,0.40039605,853,852,848,844,853,,,
United States,2022-07-05,46196.0,86838581,87,1010279,779956,2684,7.4,8.5,1506413,5157,8.1,15.0,135.26031,0.25473303,254260.39,2958.0625,2283.6846,7.85866,4410.7256,15.09952,295.80624,0.025473302,111422.29,383.42856,326.24063,1.1226658,0.11226658,1.1633987,1.1633987,0.39947373,854,853,849,845,854,,,
United States,2022-07-06,45747.0,86884328,119,1010398,729173,2547,-5.4,-1.6,1499916,5136,11.4,18.7,133.94565,0.34842792,254394.34,2958.411,2134.9937,7.457529,4391.7026,15.038033,295.8411,0.034842793,104167.57,363.85715,304.99908,1.0653613,0.10653613,1.1629232,1.1629232,0.3589159,855,854,850,846,855,,,
United States,2022-07-07,169689.0,87054017,469,1010867,744069,2391,0.7,-11.5,1483113,5092,7.4,16.7,496.8436,1.3732159,254891.19,2959.784,2178.6086,7.0007663,4342.5044,14.909202,295.9784,0.13732159,106295.57,341.57144,311.2298,1.0001094,0.10001095,1.1611952,1.1611952,0.333103,856,855,851,847,856,,,
United States,2022-07-08,145751.0,87199768,601,1011468,740861,2437,-1.7,-7.4,1494666,5068,9.1,16.6,426.75394,1.7597075,255317.94,2961.5437,2169.2156,7.1354527,4376.331,14.838931,296.1544,0.17597075,105837.29,348.14285,309.88797,1.0193504,0.10193504,1.1599435,1.1599435,0.33546376,857,856,852,848,857,,,
United States,2022-07-09,120595.0,87320363,491,1011959,748600,2452,-2.1,-6.2,1513392,5067,10.8,10.8,353.09805,1.4376312,255671.03,2962.9814,2191.8752,7.1793723,4431.16,14.836003,296.29813,0.14376312,106942.86,350.2857,313.12503,1.0256246,0.10256246,1.1589038,1.1589038,0.31813458,858,857,853,849,858,,,
United States,2022-07-10,167613.0,87487976,549,1012508,743769,2454,-3.9,-7.1,1517541,5096,9.8,8.4,490.76514,1.6074532,256161.8,2964.5889,2177.7302,7.1852283,4443.308,14.920914,296.4589,0.16074532,106252.71,350.57144,311.1043,1.0264611,0.10264612,1.1573111,1.1573111,0.3320506,859,858,854,850,859,,,
United States,2022-07-11,55577.0,87543553,106,1012614,751168,2422,-3.4,-9.4,1529106,5095,10.2,9.2,162.72755,0.31036437,256324.53,2964.8992,2199.3943,7.091533,4477.17,14.917986,296.48993,0.031036438,107309.71,346.0,314.1992,1.0130762,0.101307616,1.1566974,1.1566974,0.32130325,860,859,855,851,860,,,
United States,2022-07-12,57136.0,87600689,111,1012725,762108,2446,-2.3,-8.9,1542064,5130,10.6,10.3,167.29225,0.32500422,256491.83,2965.224,2231.4263,7.161804,4515.111,15.020465,296.52243,0.03250042,108872.57,349.42856,318.77518,1.0231149,0.10231149,1.1560696,1.1560696,0.31982553,861,860,856,852,861,,,
United States,2022-07-13,113656.0,87714345,279,1013004,830017,2606,13.8,2.3,1559190,5153,11.5,11.5,332.78088,0.81690246,256824.61,2966.041,2430.2615,7.630279,4565.255,15.087808,296.6041,0.081690244,118573.86,372.2857,347.1802,1.0900398,0.10900398,1.1548898,1.1548898,0.33679172,862,861,857,853,862,,,
United States,2022-07-14,184135.0,87898480,651,1013655,844463,2788,13.5,16.6,1588532,5179,12.2,7.3,539.141,1.9061058,257363.75,2967.9473,2472.5588,8.163169,4651.1675,15.163935,296.7947,0.19061057,120637.57,398.2857,353.2227,1.1661669,0.116616696,1.1532111,1.1532111,0.35838333,863,862,858,854,863,,,
United States,2022-07-15,156001.0,88054481,711,1014366,854713,2898,15.4,18.9,1595574,5335,12.3,10.8,456.7656,2.0817838,257820.52,2970.029,2502.5706,8.485245,4671.786,15.620698,297.0029,0.20817837,122101.86,414.0,357.51007,1.2121779,0.12121779,1.1519754,1.1519754,0.3715594,864,863,859,855,864,,,
United States,2022-07-16,138983.0,88193464,455,1014821,873101,2862,16.6,16.7,1621701,5314,12.9,6.5,406.93747,1.3322245,258227.45,2971.3613,2556.41,8.379838,4748.285,15.559211,297.1361,0.13322245,124728.71,408.85715,365.20142,1.1971197,0.11971197,1.150676,1.150676,0.39249945,865,864,860,856,865,,,
United States,2022-07-17,182741.0,88376205,472,1015293,888229,2785,19.4,13.5,1631998,5239,10.0,1.9,535.0594,1.3819999,258762.52,2972.7432,2600.704,8.154385,4778.4346,15.339613,297.27432,0.13819999,126889.86,397.85715,371.52917,1.1649121,0.11649121,1.1488308,1.1488308,0.37429324,866,865,861,857,866,,,
United States,2022-07-18,57577.0,88433782,154,1015447,890229,2833,18.5,17.0,1641397,5255,9.7,1.4,168.58348,0.45090672,258931.1,2973.194,2606.56,8.294928,4805.954,15.38646,297.3194,0.045090675,127175.57,404.7143,372.36572,1.1849896,0.11849896,1.1482569,1.1482569,0.3823929,867,866,862,858,867,,,
United States,2022-07-19,56070.0,88489852,173,1015620,889163,2895,16.7,18.4,1651271,5341,9.6,3.6,164.17105,0.5065381,259095.27,2973.7007,2603.439,8.476461,4834.865,15.638266,297.37006,0.050653808,127023.29,413.57144,371.91983,1.210923,0.121092305,1.1477249,1.1477249,0.38672188,868,867,863,859,868,,,
United States,2022-07-20,101687.0,88591539,351,1015971,877194,2967,5.7,13.9,1707211,5573,13.8,8.5,297.73605,1.027716,259393.0,2974.7283,2568.394,8.687275,4998.6553,16.317554,297.47284,0.1027716,125313.43,423.85715,366.91342,1.2410393,0.124103926,1.1468036,1.1468036,0.3989142,869,868,864,860,869,,,
United States,2022-07-21,179375.0,88770914,705,1016676,872434,3021,3.3,8.4,1716897,5809,15.8,14.1,525.20386,2.064216,259918.2,2976.7925,2554.457,8.845385,5027.0156,17.008553,297.67926,0.20642158,124633.43,431.57144,364.92242,1.2636263,0.12636264,1.1452805,1.1452805,0.40217367,870,869,865,861,870,,,
United States,2022-07-22,158884.0,88929798,675,1017351,875317,2985,2.4,3.0,1730030,5883,15.7,16.1,465.2069,1.9763769,260383.4,2978.769,2562.8982,8.739978,5065.4688,17.225224,297.8769,0.19763769,125045.29,426.42856,366.12833,1.2485683,0.12485683,1.1439934,1.1439934,0.39167678,871,870,866,862,871,,,
United States,2022-07-23,148445.0,89078243,494,1017845,884779,3024,1.3,5.7,1757880,5886,16.2,16.2,434.64188,1.4464151,260818.05,2980.2153,2590.6028,8.854169,5147.0127,17.234007,298.02155,0.14464152,126397.0,432.0,370.0861,1.2648813,0.12648812,1.1426415,1.1426415,0.36432987,872,871,867,863,872,,,
United States,2022-07-24,206657.0,89284900,635,1018480,908695,3187,2.3,14.4,1796924,5972,18.4,17.2,605.08466,1.8592583,261423.14,2982.0747,2660.628,9.331427,5261.332,17.485811,298.20746,0.18592583,129813.57,455.2857,380.0897,1.333061,0.1333061,1.140708,1.140708,0.3773996,873,872,868,864,873,,,
United States,2022-07-25,53259.0,89338159,159,1018639,904377,3192,1.6,12.7,1794606,6025,17.4,18.3,155.94054,0.46554658,261579.08,2982.5403,2647.9849,9.346066,5254.545,17.640995,298.25403,0.046554655,129196.71,456.0,378.28357,1.3351524,0.13351524,1.140206,1.140206,0.37345868,874,873,869,865,874,,,
United States,2022-07-26,54599.0,89392758,173,1018812,902906,3192,1.5,10.3,1792069,6087,16.2,18.7,159.86401,0.5065381,261738.94,2983.0466,2643.678,9.346066,5247.1167,17.822529,298.30466,0.050653808,128986.57,456.0,377.66827,1.3351524,0.13351524,1.139703,1.139703,0.36559343,875,874,870,866,875,,,
United States,2022-07-27,106403.0,89499161,303,1019115,907622,3144,3.5,6.0,1784816,6111,14.5,18.6,311.54434,0.88717365,262050.48,2983.9338,2657.486,9.205524,5225.8804,17.8928,298.3934,0.088717364,129660.29,449.14285,379.6409,1.3150749,0.1315075,1.1386867,1.1386867,0.35396278,876,875,871,867,876,,,
United States,2022-07-28,168680.0,89667841,631,1019746,896927,3070,2.8,1.6,1769361,6091,11.4,17.6,493.88928,1.8475465,262544.38,2985.7815,2626.1716,8.988855,5180.6284,17.83424,298.57816,0.18475464,128132.43,438.57144,375.16736,1.2841221,0.12841222,1.1372483,1.1372483,0.3448551,877,876,872,868,877,,,
United States,2022-07-29,160831.0,89828672,696,1020442,898874,3091,2.7,3.6,1774191,6076,11.2,13.9,470.90768,2.0378642,263015.28,2987.8193,2631.8723,9.050343,5194.7705,17.79032,298.78192,0.20378642,128410.57,441.57144,375.98175,1.292906,0.12929061,1.1359869,1.1359869,0.3476303,878,877,873,869,878,,,
United States,2022-07-30,144834.0,89973506,520,1020962,895263,3117,1.2,3.1,1780042,6141,9.8,15.6,424.069,1.5225422,263439.34,2989.3418,2621.2996,9.12647,5211.9023,17.980639,298.93417,0.15225422,127894.71,445.2857,374.47134,1.3037814,0.13037814,1.1347363,1.1347363,0.3553376,879,878,874,870,879,,,
United States,2022-07-31,259377.0,90232883,631,1021593,947983,3113,4.3,-2.3,1856678,6300,13.8,20.3,759.447,1.8475465,264198.8,2991.1895,2775.6619,9.114758,5436.2896,18.446184,299.11893,0.18475464,135426.14,444.7143,396.52313,1.3021083,0.13021082,1.1321738,1.1321738,0.3568178,880,879,875,871,880,,,
United States,2022-08-01,37913.0,90270796,137,1021730,932637,3091,3.1,-3.2,1837014,6283,11.9,19.6,111.007965,0.40113133,264309.8,2991.5906,2730.7292,9.050343,5378.7144,18.39641,299.15906,0.040113132,133233.86,441.57144,390.1042,1.292906,0.12929061,1.13185,1.13185,0.3531292,881,880,876,872,881,,,
United States,2022-08-02,37944.0,90308740,118,1021848,915982,3036,1.4,-4.9,1818888,6228,10.2,16.6,111.09873,0.34549996,264420.9,2991.936,2681.964,8.889304,5325.642,18.23537,299.1936,0.034549996,130854.57,433.7143,383.13773,1.2699006,0.12699006,1.1315051,1.1315051,0.34313655,882,881,877,873,882,,,
United States,2022-08-03,119038.0,90427778,400,1022248,928617,3133,2.3,-0.3,1836239,6277,7.6,12.6,348.53918,1.1711863,264769.44,2993.1072,2718.9587,9.173317,5376.445,18.378841,299.31073,0.117118634,132659.58,447.57144,388.4227,1.3104738,0.13104738,1.130458,1.130458,0.34478015,883,882,878,874,883,,,
United States,2022-08-04,161349.0,90589127,720,1022968,921286,3222,2.7,5.0,1818213,6292,5.9,8.3,472.42435,2.1081355,265241.88,2995.2153,2697.494,9.433906,5323.6655,18.422762,299.52155,0.21081354,131612.28,460.2857,385.35626,1.3477008,0.13477008,1.1292393,1.1292393,0.35626736,884,883,879,875,884,,,
United States,2022-08-05,149835.0,90738962,715,1023683,910290,3241,1.3,4.9,1809164,6332,4.6,7.6,438.71176,2.0934956,265680.6,2997.3088,2665.298,9.489537,5297.1704,18.539879,299.7309,0.20934956,130041.43,463.0,380.75687,1.3556482,0.13556482,1.1281626,1.1281626,0.3589521,885,884,880,876,885,,,
United States,2022-08-06,131403.0,90870365,560,1024243,896859,3281,0.2,5.3,1792122,6398,1.9,8.7,384.7435,1.6396608,266065.3,2998.9485,2625.9724,9.606656,5247.272,18.733126,299.89484,0.16396609,128122.71,468.7143,375.13892,1.3723794,0.13723794,1.1271474,1.1271474,0.3614941,886,885,881,877,886,,,
United States,2022-08-07,150569.0,91020934,611,1024854,788051,3261,-16.9,4.8,1736034,6374,-3.4,6.7,440.8609,1.7889872,266506.2,3000.7375,2307.3865,9.548097,5083.0483,18.662853,300.07376,0.1788987,112578.71,465.85715,329.62662,1.3640138,0.13640139,1.1259542,1.1259542,0.36357474,887,886,882,878,887,,,
United States,2022-08-08,33241.0,91054175,162,1025016,783379,3286,-16.0,6.3,1716016,6377,-4.4,5.8,97.328514,0.47433046,266603.5,3001.212,2293.707,9.621296,5024.436,18.671638,300.1212,0.047433045,111911.29,469.42856,327.67242,1.3744708,0.13744707,1.125721,1.125721,0.3655685,888,887,883,879,888,,,
United States,2022-08-09,32807.0,91086982,121,1025137,778242,3289,-15.0,8.3,1694224,6325,-5.5,3.9,96.05778,0.35428387,266699.56,3001.5662,2278.666,9.630079,4960.63,18.519384,300.15662,0.035428386,111177.43,469.85715,325.5237,1.3757256,0.13757257,1.1254485,1.1254485,0.3673781,889,888,884,880,889,,,
United States,2022-08-10,98627.0,91185609,337,1025474,757831,3226,-18.4,3.0,1686448,6359,-5.5,4.1,288.7765,0.9867245,266988.34,3002.5527,2218.9033,9.445618,4937.8623,18.618935,300.25528,0.09867245,108261.57,460.85715,316.98618,1.3493739,0.13493739,1.1246006,1.1246006,0.34030145,890,889,885,881,890,,,
United States,2022-08-11,137268.0,91322877,800,1026274,733750,3306,-20.4,2.6,1655036,6528,-6.5,7.2,401.91602,2.3423727,267390.25,3004.8953,2148.395,9.679855,4845.8887,19.11376,300.48953,0.23423727,104821.43,472.2857,306.91357,1.3828365,0.13828364,1.1237863,1.1237863,0.35447875,891,890,886,882,891,,,
United States,2022-08-12,138358.0,91461235,774,1027048,722273,3365,-20.7,3.8,1632563,6606,-8.0,8.7,405.10748,2.2662456,267795.38,3007.1614,2114.7908,9.852605,4780.089,19.342142,300.71616,0.22662455,103181.86,480.7143,302.11295,1.407515,0.1407515,1.1229326,1.1229326,0.3673653,892,891,887,883,892,,,
United States,2022-08-13,125122.0,91586357,587,1027635,715992,3392,-20.2,3.4,1612851,6673,-9.4,8.7,366.35294,1.7187159,268161.72,3008.8801,2096.4001,9.93166,4722.3726,19.538317,300.88803,0.17187159,102284.57,484.57144,299.48572,1.4188086,0.14188085,1.1220394,1.1220394,0.36527437,893,892,888,884,893,,,
United States,2022-08-14,136195.0,91722552,661,1028296,701618,3442,-11.0,5.6,1489669,6703,-19.8,6.4,398.7743,1.9353855,268560.5,3010.8154,2054.3135,10.078058,4361.6997,19.626156,301.08154,0.19353855,100231.14,491.7143,293.47336,1.4397227,0.14397226,1.121094,1.121094,0.3736082,894,893,889,885,894,,,
United States,2022-08-15,30589.0,91753141,132,1028428,698966,3412,-10.8,3.8,1482345,6698,-19.3,6.6,89.563545,0.38649148,268650.06,3011.2021,2046.5486,9.990219,4340.2554,19.611515,301.1202,0.03864915,99852.29,487.42856,292.36407,1.4271742,0.14271742,1.120864,1.120864,0.3748256,895,894,890,886,895,,,
United States,2022-08-16,21098.0,91774239,117,1028545,687257,3408,-11.7,3.6,1465499,6697,-19.4,7.5,61.774223,0.342572,268711.84,3011.5447,2012.265,9.978508,4290.931,19.608587,301.15445,0.0342572,98179.57,486.85715,287.46643,1.4255011,0.14255011,1.1207339,1.1207339,0.37999284,896,895,891,887,896,,,
United States,2022-08-17,99341.0,91873580,343,1028888,687971,3414,-9.2,5.8,1445802,6640,-21.3,5.8,290.86707,1.0042922,269002.7,3012.5488,2014.3556,9.996076,4233.259,19.441692,301.25488,0.10042923,98281.57,487.7143,287.76508,1.4280107,0.14280108,1.1198955,1.1198955,0.43322068,897,896,892,888,897,,,
United States,2022-08-18,126626.0,92000206,730,1029618,677329,3344,-7.7,1.1,1411079,6650,-22.4,5.7,370.7566,2.1374152,269373.47,3014.6863,1983.1962,9.791118,4131.5913,19.470972,301.46863,0.21374151,96761.29,477.7143,283.31375,1.3987311,0.13987312,1.1191475,1.1191475,0.42686874,898,897,893,889,898,,,
United States,2022-08-19,120016.0,92120222,759,1030377,658987,3329,-8.8,-1.1,1381260,6694,-23.7,5.7,351.40274,2.222326,269724.88,3016.9087,1929.4915,9.747198,4044.282,19.599804,301.69086,0.22223261,94141.0,475.57144,275.64163,1.3924569,0.13924569,1.1185133,1.1185133,0.42775896,899,898,894,890,899,,,
United States,2022-08-20,114305.0,92234527,536,1030913,648170,3278,-9.5,-3.4,1364162,6670,-23.9,4.3,334.68112,1.5693897,270059.53,3018.478,1897.8196,9.597872,3994.2197,19.529531,301.8478,0.15693897,92595.71,468.2857,271.1171,1.3711246,0.13711245,1.1177083,1.1177083,0.43255025,900,899,895,891,900,,,
United States,2022-08-21,132950.0,92367477,614,1031527,644925,3231,-8.1,-6.1,1346543,6673,-22.4,4.7,389.27307,1.797771,270448.8,3020.276,1888.3184,9.460258,3942.6318,19.538317,302.0276,0.1797771,92132.14,461.57144,269.75977,1.3514653,0.13514654,1.1167643,1.1167643,0.44034073,901,900,896,892,901,,,
United States,2022-08-22,28624.0,92396101,141,1031668,642960,3240,-8.0,-5.0,1341926,6652,-21.8,4.3,83.8101,0.41284317,270532.62,3020.6887,1882.565,9.486609,3929.1135,19.47683,302.06888,0.04128432,91851.43,462.85715,268.93784,1.3552299,0.13552299,1.116571,1.116571,0.44858384,902,901,897,893,902,,,
United States,2022-08-23,27897.0,92423998,129,1031797,649759,3252,-5.5,-4.6,1337016,6660,-21.1,5.3,81.681465,0.3777076,270614.3,3021.0664,1902.4722,9.521745,3914.737,19.500252,302.10663,0.03777076,92822.71,464.57144,271.78174,1.3602493,0.13602492,1.1163734,1.1163734,0.45419502,903,902,898,894,903,,,
United States,2022-08-24,81700.0,92505698,308,1032105,632118,3217,-8.1,-5.8,1320089,6631,-21.7,4.3,239.21481,0.90181345,270853.53,3021.9683,1850.82,9.419266,3865.1755,19.415342,302.1968,0.09018135,90302.57,459.57144,264.40283,1.3456094,0.13456094,1.1157205,1.1157205,0.45851162,904,903,899,895,904,,,
United States,2022-08-25,115986.0,92621684,675,1032780,621478,3162,-8.2,-5.4,1298807,6506,-21.5,-0.3,339.60306,1.9763769,271193.12,3023.9446,1819.6664,9.258228,3802.8625,19.049345,302.39444,0.19763769,88782.57,451.7143,259.95233,1.322604,0.1322604,1.1150521,1.1150521,0.4523825,905,904,900,896,905,,,
United States,2022-08-26,130588.0,92752272,766,1033546,632050,3169,-4.1,-4.8,1291037,6498,-20.9,-1.6,382.3572,2.242822,271575.47,3026.1873,1850.6208,9.278724,3780.1123,19.025923,302.61874,0.22428218,90292.86,452.7143,264.3744,1.325532,0.13255319,1.114308,1.114308,0.46110845,906,905,901,897,906,,,
United States,2022-08-27,110093.0,92862365,538,1034084,627838,3171,-3.1,-3.3,1276008,6449,-20.9,-3.4,322.34854,1.5752456,271897.84,3027.7627,1838.2882,9.284579,3736.108,18.882452,302.77628,0.15752456,89691.14,453.0,262.6126,1.3263686,0.13263685,1.1135663,1.1135663,0.4609206,907,906,902,898,907,,,
United States,2022-08-28,115441.0,92977806,664,1034748,610329,3221,-5.4,-0.3,1255254,6452,-15.7,-3.7,338.0073,1.9441693,272235.84,3029.7068,1787.0225,9.430978,3675.3408,18.891235,302.97067,0.19441693,87189.86,460.14285,255.28893,1.3472825,0.13472825,1.1128979,1.1128979,0.4755444,908,907,903,899,908,,,
United States,2022-08-29,29176.0,93006982,162,1034910,610881,3242,-5.0,0.1,1253841,6482,-15.4,-3.2,85.42633,0.47433046,272321.25,3030.1812,1788.6387,9.492465,3671.2036,18.979074,303.0181,0.047433045,87268.71,463.14285,255.5198,1.3560665,0.13560665,1.1127229,1.1127229,0.49196723,909,908,904,900,909,,,
United States,2022-08-30,27073.0,93034055,129,1035039,610057,3242,-6.1,-0.3,1259816,6494,-14.0,-3.0,79.26882,0.3777076,272400.53,3030.5588,1786.2261,9.492465,3688.6982,19.01421,303.05588,0.03777076,87151.0,463.14285,255.17516,1.3560665,0.13560665,1.1125377,1.1125377,0.50017744,910,909,905,901,910,,,
United States,2022-08-31,78248.0,93112303,270,1035309,606605,3204,-4.0,-0.4,1238723,6421,-14.3,-3.3,229.10747,0.79055077,272629.66,3031.3494,1776.1187,9.381203,3626.9387,18.800468,303.13495,0.07905508,86657.86,457.7143,253.73125,1.3401718,0.13401718,1.1118928,1.1118928,0.49680194,911,910,906,902,911,,,
United States,2022-09-01,116212.0,93228515,633,1035942,606831,3162,-2.4,0.0,1228309,6324,-13.0,-4.9,340.26477,1.8534024,272969.9,3033.203,1776.7804,9.258228,3596.4468,18.516457,303.32028,0.18534024,86690.14,451.7143,253.82578,1.322604,0.1322604,1.1111858,1.1111858,0.49178797,912,911,907,903,912,,,
United States,2022-09-02,120932.0,93349447,864,1036806,597175,3260,-5.5,2.9,1229225,6429,-11.0,-4.0,354.08478,2.5297625,273324.0,3035.7324,1748.5079,9.545169,3599.129,18.823893,303.57324,0.25297624,85310.71,465.7143,249.78685,1.3635955,0.13635956,1.1106718,1.1106718,0.5017245,913,912,908,904,913,,,
United States,2022-09-03,103592.0,93453039,500,1037306,590674,3222,-5.9,1.6,1218512,6393,-10.7,-4.2,303.31384,1.4639829,273627.3,3037.1965,1729.4733,9.433906,3567.7615,18.718485,303.71967,0.14639829,84382.0,460.2857,247.06761,1.3477008,0.13477008,1.1099757,1.1099757,0.50971496,914,913,909,905,914,,,
United States,2022-09-04,105130.0,93558169,532,1037838,580363,3090,-4.9,-4.1,1190692,6311,-11.6,-5.4,307.81705,1.5576779,273935.12,3038.7542,1699.2831,9.047415,3486.3054,18.478392,303.87543,0.15576778,82909.0,441.42856,242.75471,1.2924877,0.12924878,1.109297,1.109297,0.49720183,915,914,910,906,915,,,
United States,2022-09-05,24912.0,93583081,114,1037952,576099,3042,-5.7,-6.2,1186980,6284,-11.5,-5.5,72.94148,0.3337881,274008.06,3039.088,1686.7982,8.906872,3475.4368,18.399338,303.9088,0.03337881,82299.86,434.57144,240.97118,1.2724103,0.12724103,1.1091236,1.1091236,0.48129103,916,915,911,907,916,,,
United States,2022-09-06,24255.0,93607336,112,1038064,573281,3025,-6.0,-6.7,1183338,6267,-11.5,-5.9,71.017815,0.32793218,274079.1,3039.416,1678.5471,8.857097,3464.7732,18.349562,303.9416,0.032793216,81897.29,432.14285,239.79245,1.2652996,0.12652995,1.1089559,1.1089559,0.48181218,917,916,912,908,917,,,
United States,2022-09-07,22446.0,93629782,114,1038178,517479,2869,-14.7,-10.5,1124084,6073,-14.8,-8.4,65.72112,0.3337881,274144.8,3039.7498,1515.1608,8.400334,3291.2795,17.781536,303.97498,0.03337881,73925.57,409.85715,216.45155,1.2000477,0.12000477,1.1088117,1.1088117,0.47007433,918,917,913,909,918,,,
United States,2022-09-08,118994.0,93748776,529,1038707,520261,2765,-14.3,-12.6,1127092,5927,-13.2,-8.9,348.41037,1.5488939,274493.22,3041.2986,1523.3064,8.095825,3300.087,17.354053,304.12985,0.15488939,74323.0,395.0,217.6152,1.1565465,0.11565465,1.1079686,1.1079686,0.45262498,919,918,914,910,919,,,
United States,2022-09-09,91690.0,93840466,688,1039395,491019,2589,-17.8,-20.6,1088194,5849,-15.7,-10.0,268.46518,2.0144405,274761.7,3043.313,1437.6869,7.5805035,3186.1948,17.125671,304.3313,0.20144404,70145.57,369.85715,205.38383,1.082929,0.10829291,1.1076192,1.1076192,0.42438656,920,919,915,911,920,,,
United States,2022-09-10,85271.0,93925737,473,1039868,472698,2562,-20.0,-20.5,1063372,5784,-16.7,-10.3,249.67058,1.3849279,275011.34,3044.698,1384.0436,7.5014486,3113.5168,16.935354,304.4698,0.13849278,67528.29,366.0,197.72052,1.0716355,0.10716355,1.1071172,1.1071172,0.42235062,921,920,916,912,921,,,
United States,2022-09-11,81941.0,94007678,595,1040463,449509,2625,-22.5,-15.0,1029872,5715,-18.0,-11.4,239.92044,1.7421397,275251.28,3046.4402,1316.147,7.68591,3015.43,16.733324,304.644,0.17421396,64215.57,375.0,188.021,1.0979872,0.10979872,1.1067852,1.1067852,0.43257514,922,921,917,913,922,,,
United States,2022-09-12,22131.0,94029809,135,1040598,446728,2646,-22.5,-13.0,1022827,5688,-18.4,-12.2,64.79881,0.39527538,275316.06,3046.8354,1308.0043,7.7473974,2994.8025,16.65427,304.68353,0.03952754,63818.285,378.0,186.85776,1.1067711,0.11067711,1.1066682,1.1066682,0.4430862,923,922,918,914,923,,,
United States,2022-09-13,20216.0,94050025,86,1040684,442689,2620,-22.8,-13.4,1015970,5645,-19.4,-13.1,59.191757,0.25180507,275375.25,3047.0872,1296.1782,7.6712704,2974.7253,16.528368,304.7087,0.025180506,63241.285,374.2857,185.16832,1.0958958,0.10958958,1.1065217,1.1065217,0.44356108,924,923,919,915,924,,,
United States,2022-09-14,57915.0,94107940,264,1040948,478158,2770,-7.6,-3.5,995637,5639,-19.6,-12.2,169.57314,0.77298295,275544.84,3047.86,1400.0303,8.110465,2915.1912,16.5108,304.786,0.0772983,68308.29,395.7143,200.00433,1.1586379,0.11586379,1.1061213,1.1061213,0.4772875,925,924,920,916,925,,,
United States,2022-09-15,57983.0,94165923,562,1041510,417147,2803,-19.8,1.4,937408,5568,-23.7,-12.0,169.77225,1.6455168,275714.6,3049.5056,1221.3922,8.207088,2744.6985,16.302914,304.95056,0.16455168,59592.43,400.42856,174.48459,1.1724411,0.11724412,1.106037,1.106037,0.4865483,926,925,921,917,926,,,
United States,2022-09-16,89519.0,94255442,799,1042309,414976,2914,-15.5,12.6,905995,5503,-26.3,-14.4,262.10858,2.3394446,275976.72,3051.8452,1215.0355,8.532092,2652.7224,16.112597,305.1845,0.23394448,59282.285,416.2857,173.5765,1.2188704,0.121887036,1.1058342,1.1058342,0.5083022,927,926,922,918,927,,,
United States,2022-09-17,97563.0,94353005,684,1042993,427268,3125,-9.6,22.0,899966,5687,-26.1,-11.0,285.66113,2.0027287,276262.38,3053.848,1251.0261,9.149893,2635.0696,16.651342,305.3848,0.20027286,61038.285,446.42856,178.71802,1.3071276,0.13071276,1.1054158,1.1054158,0.6038892,928,927,923,919,928,,,
United States,2022-09-18,61574.0,94414579,369,1043362,406901,2899,-9.5,10.4,856410,5524,-28.1,-12.5,180.28656,1.0804194,276442.66,3054.9282,1191.3922,8.488173,2507.5393,16.174084,305.49283,0.10804194,58128.715,414.14285,170.19888,1.2125962,0.121259615,1.1050857,1.1050857,0.55722034,929,928,924,920,929,,,
United States,2022-09-19,17572.0,94432151,98,1043460,402342,2862,-9.9,8.2,849070,5508,-28.5,-12.3,51.450214,0.28694066,276494.12,3055.2153,1178.0436,8.379838,2486.0479,16.127235,305.5215,0.028694065,57477.43,408.85715,168.29195,1.1971197,0.11971197,1.1049838,1.1049838,0.5828695,930,929,925,921,930,,,
United States,2022-09-20,20188.0,94452339,79,1043539,402314,2855,-9.1,9.0,845003,5475,-28.6,-12.6,59.109776,0.2313093,276553.22,3055.4465,1177.9617,8.359343,2474.14,16.030613,305.54465,0.02313093,57473.43,407.85715,168.28023,1.1941918,0.11941918,1.1048313,1.1048313,0.6039797,931,930,926,922,931,,,
United States,2022-09-21,44794.0,94497133,227,1043766,389193,2818,-18.6,1.7,867351,5588,-22.8,-8.0,131.1553,0.66464823,276684.38,3056.111,1139.5438,8.251008,2539.574,16.361473,305.6111,0.06646483,55599.0,402.57144,162.79198,1.1787153,0.11787154,1.1045477,1.1045477,0.6269063,932,931,927,923,932,,,
United States,2022-09-22,49594.0,94546727,504,1044270,380804,2760,-8.7,-1.5,797951,5563,-29.2,-6.1,145.20953,1.4756948,276829.6,3057.587,1114.9811,8.081185,2336.3733,16.288275,305.7587,0.14756948,54400.57,394.2857,159.28302,1.1544551,0.11544551,1.1045015,1.1045015,0.6178256,933,932,928,924,933,,,
United States,2022-09-23,83979.0,94630706,698,1044968,375264,2659,-9.6,-8.8,790240,5573,-27.4,-4.7,245.88765,2.0437202,277075.47,3059.6306,1098.7601,7.785461,2313.7957,16.317554,305.96307,0.20437202,53609.145,379.85715,156.96574,1.1122087,0.111220874,1.1042589,1.1042589,0.6006474,934,933,929,925,934,,,
United States,2022-09-24,99198.0,94729904,754,1045722,376899,2729,-11.8,-12.7,804167,5854,-24.4,1.2,290.44836,2.2076862,277365.9,3061.8384,1103.5474,7.990419,2354.5735,17.140312,306.18384,0.22076863,53842.715,389.85715,157.64963,1.1414884,0.11414884,1.1038985,1.1038985,0.5707319,935,934,930,926,935,,,
United States,2022-09-25,53400.0,94783304,345,1046067,368725,2705,-9.4,-6.7,775626,5604,-24.7,-1.9,156.35338,1.0101482,277522.28,3062.8484,1079.6143,7.9201474,2271.0063,16.408321,306.28485,0.10101482,52675.0,386.42856,154.2306,1.1314497,0.113144964,1.1036406,1.1036406,0.64845246,936,935,931,927,936,,,
United States,2022-09-26,15871.0,94799175,102,1046169,367024,2709,-8.8,-5.3,769366,5571,-24.8,-2.1,46.469746,0.2986525,277568.75,3063.147,1074.6338,7.9318595,2252.6772,16.311697,306.3147,0.029865252,52432.0,387.0,153.5191,1.1331228,0.113312274,1.1035634,1.1035634,0.65280885,937,936,932,928,937,,,
United States,2022-09-27,15295.0,94814470,85,1046254,362131,2715,-10.0,-4.9,764445,5570,-24.8,-1.3,44.783237,0.2488771,277613.53,3063.396,1060.3073,7.949427,2238.2688,16.30877,306.3396,0.024887709,51733.0,387.85715,151.47246,1.1356325,0.11356325,1.103475,1.103475,0.63543254,938,937,933,929,938,,,
United States,2022-09-28,37642.0,94852112,232,1046486,354979,2720,-8.8,-3.5,744172,5538,-25.3,-1.8,110.21449,0.6792881,277723.75,3064.0752,1039.3663,7.964067,2178.9102,16.215075,306.40753,0.067928806,50711.285,388.57144,148.48091,1.1377239,0.113772385,1.1032817,1.1032817,0.6684673,939,938,934,930,939,,,
United States,2022-09-29,40387.0,94892499,462,1046948,345772,2678,-9.2,-3.0,726576,5438,-22.5,-2.3,118.251755,1.3527203,277842.0,3065.428,1012.40857,7.8410926,2127.3896,15.922278,306.5428,0.13527203,49396.0,382.57144,144.6298,1.120156,0.112015605,1.103299,1.103299,0.6656029,940,939,935,931,940,,,
United States,2022-09-30,78175.0,94970674,1156,1048104,339968,3136,-9.4,17.9,715232,5795,-21.1,5.3,228.89372,3.3847284,278070.88,3068.8127,995.4147,9.182101,2094.1748,16.967562,306.88126,0.33847284,48566.855,448.0,142.2021,1.3117287,0.13117287,1.103608,1.103608,0.77949065,941,940,936,932,941,,,
United States,2022-10-01,87152.0,95057826,596,1048700,327922,2978,-13.0,9.1,704821,5707,-21.7,0.4,255.17807,1.7450676,278326.06,3070.5579,960.1444,8.719482,2063.692,16.709902,307.0558,0.17450677,46846.0,425.42856,137.16348,1.2456403,0.12456403,1.1032232,1.1032232,0.7651731,942,941,937,933,942,,,
United States,2022-10-02,46712.0,95104538,349,1049049,321234,2982,-12.9,10.2,689959,5687,-19.4,3.0,136.77113,1.0218601,278462.84,3071.5796,940.5622,8.7311945,2020.1764,16.651342,307.15796,0.10218601,45890.57,426.0,134.36603,1.2473135,0.12473135,1.1030483,1.1030483,0.78308,943,942,938,934,943,,,
United States,2022-10-03,12202.0,95116740,124,1049173,317565,3004,-13.5,10.9,684589,5713,-19.4,3.7,35.72704,0.36306778,278498.56,3071.9426,929.81946,8.795609,2004.4532,16.727468,307.19427,0.036306776,45366.43,429.14285,132.83136,1.2565156,0.12565157,1.1030371,1.1030371,0.80050313,944,943,939,935,944,,,
United States,2022-10-04,13856.0,95130596,57,1049230,316126,2976,-12.7,9.6,678257,5691,-19.7,3.9,40.569893,0.16689405,278539.12,3072.1096,925.60614,8.713626,1985.9133,16.663054,307.21097,0.016689405,45160.855,425.14285,132.22945,1.2448038,0.124480374,1.1029364,1.1029364,0.78960145,945,944,940,936,945,,,
United States,2022-10-05,32368.0,95162964,183,1049413,310852,2927,-12.4,7.6,665831,5647,-23.2,1.1,94.7724,0.53581774,278633.9,3072.6455,910.16406,8.570156,1949.5304,16.534224,307.26453,0.053581774,44407.43,418.14285,130.02344,1.224308,0.1224308,1.1027536,1.1027536,0.7938165,946,945,941,937,946,,,
United States,2022-10-06,37655.0,95200619,444,1049857,308120,2909,-10.9,8.6,653892,5587,-18.1,0.4,110.252556,1.3000169,278744.16,3073.9453,902.16486,8.517452,1914.5735,16.358545,307.39453,0.13000168,44017.145,415.57144,128.88069,1.216779,0.12167789,1.1027838,1.1027838,0.7925912,947,946,942,938,947,,,
United States,2022-10-07,64193.0,95264812,767,1050624,294138,2520,-13.5,-19.6,634106,5656,-19.8,1.5,187.95491,2.2457497,278932.12,3076.1912,861.226,7.3784738,1856.6407,16.560575,307.6191,0.22457498,42019.715,360.0,123.03229,1.0540677,0.10540677,1.1028458,1.1028458,0.6958808,948,947,943,939,948,,,
United States,2022-10-08,78599.0,95343411,651,1051275,285585,2575,-12.9,-13.5,613507,5553,-23.7,-5.1,230.1352,1.9061058,279162.25,3078.0972,836.1831,7.539512,1796.3275,16.258995,307.80972,0.19061057,40797.855,367.85715,119.454735,1.0770731,0.107707314,1.1026194,1.1026194,0.725395,949,948,944,940,949,,,
United States,2022-10-09,41711.0,95385122,334,1051609,280584,2560,-12.7,-14.2,601818,5542,-22.4,-1.1,122.12838,0.97794056,279284.38,3079.0752,821.54034,7.4955926,1762.1025,16.226786,307.90753,0.097794056,40083.43,365.7143,117.36291,1.0707989,0.10707989,1.1024874,1.1024874,0.74037224,950,949,945,941,950,,,
United States,2022-10-10,11333.0,95396455,72,1051681,279715,2508,-11.9,-16.5,597280,5512,-22.4,-1.1,33.182636,0.21081354,279317.56,3079.2861,818.996,7.3433385,1748.8154,16.138948,307.9286,0.021081354,39959.285,358.2857,116.99942,1.0490483,0.10490483,1.1024319,1.1024319,0.7377165,951,950,946,942,951,,,
United States,2022-10-11,13220.0,95409675,78,1051759,279079,2529,-11.7,-15.0,595205,5505,-22.1,-1.2,38.707706,0.22838134,279356.28,3079.5144,817.1338,7.4048257,1742.7399,16.118452,307.95145,0.022838134,39868.43,361.2857,116.7334,1.0578322,0.105783224,1.102361,1.102361,0.77121997,952,951,947,943,952,,,
United States,2022-10-12,24419.0,95434094,169,1051928,271130,2515,-12.8,-14.1,581982,5442,-21.8,-1.7,71.498,0.49482623,279427.78,3080.0093,793.8594,7.363834,1704.0234,15.9339905,308.00092,0.04948262,38732.855,359.2857,113.408485,1.0519763,0.10519763,1.102256,1.102256,0.7829184,953,952,948,944,953,,,
United States,2022-10-13,38156.0,95472250,398,1052326,271631,2469,-11.8,-15.1,579751,5378,-20.2,-1.1,111.71947,1.1653304,279539.5,3081.1746,795.3263,7.2291474,1697.4911,15.7466,308.11746,0.11653304,38804.43,352.7143,113.61804,1.0327353,0.10327354,1.1022323,1.1022323,0.77747864,954,953,949,945,954,,,
United States,2022-10-14,57464.0,95529714,652,1052978,264902,2354,-9.9,-6.6,559040,4874,-21.8,-15.9,168.25262,1.9090338,279707.75,3083.0835,775.624,6.8924317,1636.85,14.2709055,308.30835,0.19090337,37843.145,336.2857,110.80343,0.9846331,0.098463304,1.1022518,1.1022518,0.7446398,955,954,950,946,955,,,
United States,2022-10-15,72989.0,95602703,644,1053622,259292,2347,-9.2,-8.9,544877,4922,-22.7,-13.8,213.7093,1.88561,279921.44,3084.9692,759.1981,6.871936,1595.3812,14.411448,308.49692,0.18856099,37041.715,335.2857,108.45687,0.9817051,0.09817051,1.1020839,1.1020839,0.7550217,956,955,951,947,956,,,
United States,2022-10-16,33699.0,95636402,261,1053883,251280,2274,-10.4,-11.2,531864,4834,-22.9,-15.0,98.66952,0.7641991,280020.12,3085.7334,735.73926,6.658194,1557.2797,14.153787,308.57333,0.076419905,35897.145,324.85715,105.105606,0.9511706,0.09511706,1.1019685,1.1019685,0.7380242,957,956,952,948,957,,,
United States,2022-10-17,6050.0,95642452,26,1053909,245997,2228,-12.1,-11.2,525712,4736,-23.2,-17.1,17.714193,0.07612711,280037.84,3085.8096,720.2708,6.523508,1539.2667,13.866846,308.58096,0.0076127113,35142.43,318.2857,102.89583,0.9319297,0.09319297,1.101926,1.101926,0.75746757,958,957,953,949,958,,,
United States,2022-10-18,11151.0,95653603,8,1053917,243928,2158,-12.6,-14.7,523007,4687,-22.9,-17.6,32.649746,0.023423726,280070.47,3085.833,714.2128,6.31855,1531.3467,13.723376,308.58328,0.0023423727,34846.855,308.2857,102.0304,0.90265006,0.090265006,1.1018058,1.1018058,0.75564194,959,958,954,950,959,,,
United States,2022-10-19,33860.0,95687463,234,1054151,253369,2223,-6.6,-11.6,524499,4738,-21.2,-16.1,99.14092,0.685144,280169.62,3086.518,741.8558,6.508868,1535.7151,13.872702,308.65182,0.0685144,36195.57,317.57144,105.97939,0.9298383,0.09298383,1.1016605,1.1016605,0.7922761,960,959,955,951,960,,,
United States,2022-10-20,38999.0,95726462,466,1054617,254212,2291,-6.4,-7.2,525843,4760,-19.6,-14.8,114.18774,1.3644321,280283.8,3087.8826,744.32404,6.7079697,1539.6504,13.937118,308.78824,0.13644321,36316.0,327.2857,106.33201,0.9582814,0.09582814,1.1016985,1.1016985,0.819048,961,960,956,952,961,,,
United States,2022-10-21,0.0,95726462,0,1054617,196748,1639,-25.7,-30.4,461650,3993,-27.2,-29.4,0.0,0.0,280283.8,3087.8826,576.0714,4.798936,1351.6954,11.691367,308.78824,0.0,28106.857,234.14285,82.29591,0.6855623,0.06855623,1.1016985,1.1016985,0.5872889,962,961,957,953,962,,,
United States,2022-10-22,193674.0,95920136,2221,1056838,317433,3216,22.4,37.0,576725,5563,-6.0,0.2,567.07086,6.503012,280850.88,3094.3855,929.433,9.416338,1688.6311,16.288275,309.43857,0.6503012,45347.57,459.42856,132.77614,1.3451911,0.13451912,1.1017895,1.1017895,1.1861469,963,962,958,954,963,,,
United States,2022-10-23,0.0,95920136,0,1056838,283734,2955,12.9,29.9,535014,5229,-11.1,-5.6,0.0,0.0,280850.88,3094.3855,830.7634,8.652139,1566.5027,15.310333,309.43857,0.0,40533.43,422.14285,118.6805,1.2360198,0.12360199,1.1017895,1.1017895,1.0878729,964,963,959,955,964,,,
United States,2022-10-24,0.0,95920136,0,1056838,277684,2929,12.9,31.5,523681,5157,-12.3,-6.4,0.0,0.0,280850.88,3094.3855,813.04926,8.576012,1533.3201,15.09952,309.43857,0.0,39669.145,418.42856,116.149895,1.2251445,0.12251446,1.1017895,1.1017895,1.1056919,965,964,960,956,965,,,
United States,2022-10-25,0.0,95920136,0,1056838,266533,2921,9.3,35.4,510461,5079,-14.2,-7.7,0.0,0.0,280850.88,3094.3855,780.39954,8.552588,1494.6123,14.871139,309.43857,0.0,38076.145,417.2857,111.48564,1.2217983,0.12217983,1.1017895,1.1017895,1.1265292,966,965,961,957,966,,,
United States,2022-10-26,0.0,95920136,0,1056838,232673,2687,-8.2,20.9,486042,4910,-16.5,-9.8,0.0,0.0,280850.88,3094.3855,681.2586,7.867444,1423.1144,14.376312,309.43857,0.0,33239.0,383.85715,97.322655,1.1239206,0.11239206,1.1017895,1.1017895,1.0693251,967,966,962,958,967,,,
United States,2022-10-27,0.0,95920136,0,1056838,193674,2221,-23.8,-3.1,447886,4512,-22.7,-16.1,0.0,0.0,280850.88,3094.3855,567.07086,6.503012,1311.3949,13.210981,309.43857,0.0,27667.715,317.2857,81.010124,0.92900175,0.09290017,1.1017895,1.1017895,0.9028565,968,967,963,959,968,,,
United States,2022-10-28,255156.0,96175292,3081,1059919,448830,5302,128.1,223.5,645578,6941,15.5,42.4,747.0881,9.021063,281597.97,3103.4065,1314.1589,15.524075,1890.2303,20.323011,310.34067,0.9021063,64118.57,757.4286,187.73698,2.217725,0.22177249,1.10207,1.10207,2.173592,969,968,964,960,969,,,
United States,2022-10-29,0.0,96175292,0,1059919,255156,3081,-19.6,-4.2,572589,6297,5.1,27.9,0.0,0.0,281597.97,3103.4065,747.0881,9.021063,1676.521,18.4374,310.34067,0.0,36450.855,440.14285,106.72687,1.2887232,0.12887232,1.10207,1.10207,1.216013,970,969,965,961,970,,,
United States,2022-10-30,0.0,96175292,0,1059919,255156,3081,-10.1,4.3,538890,6036,1.3,24.9,0.0,0.0,281597.97,3103.4065,747.0881,9.021063,1577.8516,17.673203,310.34067,0.0,36450.855,440.14285,106.72687,1.2887232,0.12887232,1.10207,1.10207,1.2119806,971,970,966,962,971,,,
United States,2022-10-31,0.0,96175292,0,1059919,255156,3081,-8.1,5.2,532840,6010,1.4,26.9,0.0,0.0,281597.97,3103.4065,747.0881,9.021063,1560.1373,17.597075,310.34067,0.0,36450.855,440.14285,106.72687,1.2887232,0.12887232,1.10207,1.10207,1.5659626,972,971,967,963,972,,,
United States,2022-11-01,0.0,96175292,0,1059919,255156,3081,-4.3,5.5,521689,6002,-0.3,28.1,0.0,0.0,281597.97,3103.4065,747.0881,9.021063,1527.4875,17.57365,310.34067,0.0,36450.855,440.14285,106.72687,1.2887232,0.12887232,1.10207,1.10207,0.9705985,973,972,968,964,973,,,
United States,2022-11-02,0.0,96175292,0,1059919,255156,3081,9.7,14.7,487829,5768,-7.0,21.7,0.0,0.0,281597.97,3103.4065,747.0881,9.021063,1428.3467,16.888506,310.34067,0.0,36450.855,440.14285,106.72687,1.2887232,0.12887232,1.10207,1.10207,1.0858762,974,973,969,965,974,,,
United States,2022-11-03,0.0,96175292,0,1059919,255156,3081,31.7,38.7,448830,5302,-14.6,11.4,0.0,0.0,281597.97,3103.4065,747.0881,9.021063,1314.1589,15.524075,310.34067,0.0,36450.855,440.14285,106.72687,1.2887232,0.12887232,1.10207,1.10207,1.1095346,975,974,970,966,975,,,
United States,2022-11-04,267304.0,96442596,2463,1062382,267304,2463,-40.4,-53.5,716134,7765,55.1,94.5,782.657,7.21158,282380.62,3110.6182,782.657,7.21158,2096.816,22.735655,311.06183,0.72115797,38186.285,351.85715,111.808136,1.0302256,0.10302257,1.1015693,1.1015693,0.9240882,976,975,971,967,976,,,
United States,2022-11-05,0.0,96442596,0,1062382,267304,2463,4.8,-20.1,522460,5544,-9.4,-0.3,0.0,0.0,282380.62,3110.6182,782.657,7.21158,1529.745,16.232643,311.06183,0.0,38186.285,351.85715,111.808136,1.0302256,0.10302257,1.1015693,1.1015693,1.0585672,977,976,972,968,977,,,
United States,2022-11-06,0.0,96442596,0,1062382,267304,2463,4.8,-20.1,522460,5544,-2.3,6.0,0.0,0.0,282380.62,3110.6182,782.657,7.21158,1529.745,16.232643,311.06183,0.0,38186.285,351.85715,111.808136,1.0302256,0.10302257,1.1015693,1.1015693,1.2717247,978,977,973,969,978,,,
United States,2022-11-07,0.0,96442596,0,1062382,267304,2463,4.8,-20.1,522460,5544,-0.2,7.5,0.0,0.0,282380.62,3110.6182,782.657,7.21158,1529.745,16.232643,311.06183,0.0,38186.285,351.85715,111.808136,1.0302256,0.10302257,1.1015693,1.1015693,0.5487601,979,978,974,970,979,,,
United States,2022-11-08,0.0,96442596,0,1062382,267304,2463,4.8,-20.1,522460,5544,2.4,9.2,0.0,0.0,282380.62,3110.6182,782.657,7.21158,1529.745,16.232643,311.06183,0.0,38186.285,351.85715,111.808136,1.0302256,0.10302257,1.1015693,1.1015693,0.9652918,980,979,975,971,980,,,
United States,2022-11-09,0.0,96442596,0,1062382,267304,2463,4.8,-20.1,522460,5544,7.5,12.9,0.0,0.0,282380.62,3110.6182,782.657,7.21158,1529.745,16.232643,311.06183,0.0,38186.285,351.85715,111.808136,1.0302256,0.10302257,1.1015693,1.1015693,0.9652918,981,980,976,972,981,,,
United States,2022-11-10,0.0,96442596,0,1062382,267304,2463,4.8,-20.1,522460,5544,16.7,22.9,0.0,0.0,282380.62,3110.6182,782.657,7.21158,1529.745,16.232643,311.06183,0.0,38186.285,351.85715,111.808136,1.0302256,0.10302257,1.1015693,1.1015693,0.9652918,982,981,977,973,982,,,
United States,2022-11-11,282897.0,96725493,2290,1064672,282897,2290,5.8,-7.0,550201,4753,-14.8,-31.5,828.31274,6.705042,283208.94,3117.3232,828.31274,6.705042,1610.9697,13.916621,311.73233,0.67050415,40413.855,327.14285,118.33039,0.9578631,0.09578631,1.100715,1.100715,0.89749014,983,982,978,974,983,,,
United States,2022-11-12,0.0,96725493,0,1064672,282897,2290,5.8,-7.0,550201,4753,-3.9,-24.5,0.0,0.0,283208.94,3117.3232,828.31274,6.705042,1610.9697,13.916621,311.73233,0.0,40413.855,327.14285,118.33039,0.9578631,0.09578631,1.100715,1.100715,0.89749014,984,983,979,975,984,,,
United States,2022-11-13,0.0,96725493,0,1064672,282897,2290,5.8,-7.0,550201,4753,2.1,-21.3,0.0,0.0,283208.94,3117.3232,828.31274,6.705042,1610.9697,13.916621,311.73233,0.0,40413.855,327.14285,118.33039,0.9578631,0.09578631,1.100715,1.100715,0.89749014,985,984,980,976,985,,,
United States,2022-11-14,0.0,96725493,0,1064672,282897,2290,5.8,-7.0,550201,4753,3.3,-20.9,0.0,0.0,283208.94,3117.3232,828.31274,6.705042,1610.9697,13.916621,311.73233,0.0,40413.855,327.14285,118.33039,0.9578631,0.09578631,1.100715,1.100715,0.8567025,986,985,981,977,986,,,
United States,2022-11-15,0.0,96725493,0,1064672,282897,2290,5.8,-7.0,550201,4753,5.5,-20.8,0.0,0.0,283208.94,3117.3232,828.31274,6.705042,1610.9697,13.916621,311.73233,0.0,40413.855,327.14285,118.33039,0.9578631,0.09578631,1.100715,1.100715,0.8567025,987,986,982,978,987,,,
United States,2022-11-16,0.0,96725493,0,1064672,282897,2290,5.8,-7.0,550201,4753,12.8,-17.6,0.0,0.0,283208.94,3117.3232,828.31274,6.705042,1610.9697,13.916621,311.73233,0.0,40413.855,327.14285,118.33039,0.9578631,0.09578631,1.100715,1.100715,0.8567025,988,987,983,979,988,,,
United States,2022-11-17,0.0,96725493,0,1064672,282897,2290,5.8,-7.0,550201,4753,22.6,-10.4,0.0,0.0,283208.94,3117.3232,828.31274,6.705042,1610.9697,13.916621,311.73233,0.0,40413.855,327.14285,118.33039,0.9578631,0.09578631,1.100715,1.100715,0.8567025,989,988,984,980,989,,,
United States,2022-11-18,274984.0,97000477,2202,1066874,274984,2202,-2.8,-3.8,557881,4492,-22.1,-42.2,805.14374,6.4473805,284014.1,3123.7705,805.14374,6.4473805,1633.4565,13.152423,312.37708,0.6447381,39283.43,314.57144,115.02054,0.92105436,0.09210544,1.0998647,1.0998647,0.8237812,990,989,985,981,990,,,
United States,2022-11-19,0.0,97000477,0,1066874,274984,2202,-2.8,-3.8,557881,4492,6.8,-19.0,0.0,0.0,284014.1,3123.7705,805.14374,6.4473805,1633.4565,13.152423,312.37708,0.0,39283.43,314.57144,115.02054,0.92105436,0.09210544,1.0998647,1.0998647,0.8237812,991,990,986,982,991,,,
United States,2022-11-20,0.0,97000477,0,1066874,274984,2202,-2.8,-3.8,557881,4492,6.8,-19.0,0.0,0.0,284014.1,3123.7705,805.14374,6.4473805,1633.4565,13.152423,312.37708,0.0,39283.43,314.57144,115.02054,0.92105436,0.09210544,1.0998647,1.0998647,0.8237812,992,991,987,983,992,,,
United States,2022-11-21,0.0,97000477,0,1066874,274984,2202,-2.8,-3.8,557881,4492,6.8,-19.0,0.0,0.0,284014.1,3123.7705,805.14374,6.4473805,1633.4565,13.152423,312.37708,0.0,39283.43,314.57144,115.02054,0.92105436,0.09210544,1.0998647,1.0998647,0.77837515,993,992,988,984,993,,,
United States,2022-11-22,0.0,97000477,0,1066874,274984,2202,-2.8,-3.8,557881,4492,6.8,-19.0,0.0,0.0,284014.1,3123.7705,805.14374,6.4473805,1633.4565,13.152423,312.37708,0.0,39283.43,314.57144,115.02054,0.92105436,0.09210544,1.0998647,1.0998647,0.77837515,994,993,989,985,994,,,
United States,2022-11-23,0.0,97000477,0,1066874,274984,2202,-2.8,-3.8,557881,4492,6.8,-19.0,0.0,0.0,284014.1,3123.7705,805.14374,6.4473805,1633.4565,13.152423,312.37708,0.0,39283.43,314.57144,115.02054,0.92105436,0.09210544,1.0998647,1.0998647,0.77837515,995,994,990,986,995,,,
United States,2022-11-24,0.0,97000477,0,1066874,274984,2202,-2.8,-3.8,557881,4492,6.8,-19.0,0.0,0.0,284014.1,3123.7705,805.14374,6.4473805,1633.4565,13.152423,312.37708,0.0,39283.43,314.57144,115.02054,0.92105436,0.09210544,1.0998647,1.0998647,0.77837515,996,995,991,987,996,,,
United States,2022-11-25,300171.0,97300648,2619,1069493,300171,2619,9.2,18.9,575155,4821,4.5,1.4,878.89044,7.6683426,284892.97,3131.439,878.89044,7.6683426,1684.0342,14.115724,313.1439,0.76683426,42881.57,374.14285,125.55578,1.0954775,0.10954775,1.0991633,1.0991633,0.9257786,997,996,992,988,997,,,
United States,2022-11-26,0.0,97300648,0,1069493,300171,2619,9.2,18.9,575155,4821,4.5,1.4,0.0,0.0,284892.97,3131.439,878.89044,7.6683426,1684.0342,14.115724,313.1439,0.0,42881.57,374.14285,125.55578,1.0954775,0.10954775,1.0991633,1.0991633,0.9257786,998,997,993,989,998,,,
United States,2022-11-27,0.0,97300648,0,1069493,300171,2619,9.2,18.9,575155,4821,4.5,1.4,0.0,0.0,284892.97,3131.439,878.89044,7.6683426,1684.0342,14.115724,313.1439,0.0,42881.57,374.14285,125.55578,1.0954775,0.10954775,1.0991633,1.0991633,0.9257786,999,998,994,990,999,,,
United States,2022-11-28,0.0,97300648,0,1069493,300171,2619,9.2,18.9,575155,4821,4.5,1.4,0.0,0.0,284892.97,3131.439,878.89044,7.6683426,1684.0342,14.115724,313.1439,0.0,42881.57,374.14285,125.55578,1.0954775,0.10954775,1.0991633,1.0991633,0.95241904,1000,999,995,991,1000,,,
United States,2022-11-29,0.0,97300648,0,1069493,300171,2619,9.2,18.9,575155,4821,4.5,1.4,0.0,0.0,284892.97,3131.439,878.89044,7.6683426,1684.0342,14.115724,313.1439,0.0,42881.57,374.14285,125.55578,1.0954775,0.10954775,1.0991633,1.0991633,0.95241904,1001,1000,996,992,1001,,,
United States,2022-11-30,0.0,97300648,0,1069493,300171,2619,9.2,18.9,575155,4821,4.5,1.4,0.0,0.0,284892.97,3131.439,878.89044,7.6683426,1684.0342,14.115724,313.1439,0.0,42881.57,374.14285,125.55578,1.0954775,0.10954775,1.0991633,1.0991633,0.95241904,1002,1001,997,993,1002,,,
United States,2022-12-01,0.0,97300648,0,1069493,300171,2619,9.2,18.9,575155,4821,4.5,1.4,0.0,0.0,284892.97,3131.439,878.89044,7.6683426,1684.0342,14.115724,313.1439,0.0,42881.57,374.14285,125.55578,1.0954775,0.10954775,1.0991633,1.0991633,0.95241904,1003,1002,998,994,1003,,,
United States,2022-12-02,302599.0,97603247,1763,1071256,302599,1763,0.8,-32.7,602770,4382,8.0,-2.4,885.9995,5.1620035,285778.97,3136.601,885.9995,5.1620035,1764.89,12.830346,313.6601,0.51620036,43228.43,251.85715,126.57136,0.7374291,0.07374291,1.0975618,1.0975618,0.6411282,1004,1003,999,995,1004,,,
United States,2022-12-03,0.0,97603247,0,1071256,302599,1763,0.8,-32.7,602770,4382,8.0,-2.4,0.0,0.0,285778.97,3136.601,885.9995,5.1620035,1764.89,12.830346,313.6601,0.0,43228.43,251.85715,126.57136,0.7374291,0.07374291,1.0975618,1.0975618,0.6411282,1005,1004,1000,996,1005,,,
United States,2022-12-04,0.0,97603247,0,1071256,302599,1763,0.8,-32.7,602770,4382,8.0,-2.4,0.0,0.0,285778.97,3136.601,885.9995,5.1620035,1764.89,12.830346,313.6601,0.0,43228.43,251.85715,126.57136,0.7374291,0.07374291,1.0975618,1.0975618,0.6411282,1006,1005,1001,997,1006,,,
United States,2022-12-05,0.0,97603247,0,1071256,302599,1763,0.8,-32.7,602770,4382,8.0,-2.4,0.0,0.0,285778.97,3136.601,885.9995,5.1620035,1764.89,12.830346,313.6601,0.0,43228.43,251.85715,126.57136,0.7374291,0.07374291,1.0975618,1.0975618,0.5873319,1007,1006,1002,998,1007,,,
United States,2022-12-06,0.0,97603247,0,1071256,302599,1763,0.8,-32.7,602770,4382,8.0,-2.4,0.0,0.0,285778.97,3136.601,885.9995,5.1620035,1764.89,12.830346,313.6601,0.0,43228.43,251.85715,126.57136,0.7374291,0.07374291,1.0975618,1.0975618,0.5873319,1008,1007,1003,999,1008,,,
United States,2022-12-07,0.0,97603247,0,1071256,302599,1763,0.8,-32.7,602770,4382,8.0,-2.4,0.0,0.0,285778.97,3136.601,885.9995,5.1620035,1764.89,12.830346,313.6601,0.0,43228.43,251.85715,126.57136,0.7374291,0.07374291,1.0975618,1.0975618,0.5873319,1009,1008,1004,1000,1009,,,
United States,2022-12-08,0.0,97603247,0,1071256,302599,1763,0.8,-32.7,602770,4382,8.0,-2.4,0.0,0.0,285778.97,3136.601,885.9995,5.1620035,1764.89,12.830346,313.6601,0.0,43228.43,251.85715,126.57136,0.7374291,0.07374291,1.0975618,1.0975618,0.5873319,1010,1009,1005,1001,1010,,,
United States,2022-12-09,462223.0,98065470,3035,1074291,462223,3035,52.8,72.1,764822,4798,33.0,-0.5,1353.3732,8.886376,287132.34,3145.4873,1353.3732,8.886376,2239.3726,14.04838,314.54874,0.8886376,66031.86,433.57144,193.33902,1.2694824,0.12694824,1.0954834,1.0954834,1.0110904,1011,1010,1006,1002,1011,,,
United States,2022-12-10,0.0,98065470,0,1074291,462223,3035,52.8,72.1,764822,4798,33.0,-0.5,0.0,0.0,287132.34,3145.4873,1353.3732,8.886376,2239.3726,14.04838,314.54874,0.0,66031.86,433.57144,193.33902,1.2694824,0.12694824,1.0954834,1.0954834,1.0110904,1012,1011,1007,1003,1012,,,
United States,2022-12-11,0.0,98065470,0,1074291,462223,3035,52.8,72.1,764822,4798,33.0,-0.5,0.0,0.0,287132.34,3145.4873,1353.3732,8.886376,2239.3726,14.04838,314.54874,0.0,66031.86,433.57144,193.33902,1.2694824,0.12694824,1.0954834,1.0954834,1.0110904,1013,1012,1008,1004,1013,,,
United States,2022-12-12,0.0,98065470,0,1074291,462223,3035,52.8,72.1,764822,4798,33.0,-0.5,0.0,0.0,287132.34,3145.4873,1353.3732,8.886376,2239.3726,14.04838,314.54874,0.0,66031.86,433.57144,193.33902,1.2694824,0.12694824,1.0954834,1.0954834,1.0029775,1014,1013,1009,1005,1014,,,
United States,2022-12-13,0.0,98065470,0,1074291,462223,3035,52.8,72.1,764822,4798,33.0,-0.5,0.0,0.0,287132.34,3145.4873,1353.3732,8.886376,2239.3726,14.04838,314.54874,0.0,66031.86,433.57144,193.33902,1.2694824,0.12694824,1.0954834,1.0954834,1.0029775,1015,1014,1010,1006,1015,,,
United States,2022-12-14,0.0,98065470,0,1074291,462223,3035,52.8,72.1,764822,4798,33.0,-0.5,0.0,0.0,287132.34,3145.4873,1353.3732,8.886376,2239.3726,14.04838,314.54874,0.0,66031.86,433.57144,193.33902,1.2694824,0.12694824,1.0954834,1.0954834,1.0029775,1016,1015,1011,1007,1016,,,
United States,2022-12-15,0.0,98065470,0,1074291,462223,3035,52.8,72.1,764822,4798,33.0,-0.5,0.0,0.0,287132.34,3145.4873,1353.3732,8.886376,2239.3726,14.04838,314.54874,0.0,66031.86,433.57144,193.33902,1.2694824,0.12694824,1.0954834,1.0954834,1.0029775,1017,1016,1012,1008,1017,,,
United States,2022-12-16,446014.0,98511484,2652,1076943,446014,2652,-3.5,-12.6,908237,5687,50.7,29.8,1305.9137,7.7649655,288438.25,3153.2522,1305.9137,7.7649655,2659.2869,16.651342,315.32523,0.7764965,63716.285,378.85715,186.55911,1.1092808,0.11092807,1.0932157,1.0932157,0.8764074,1018,1017,1013,1009,1018,,,
United States,2022-12-17,0.0,98511484,0,1076943,446014,2652,-3.5,-12.6,908237,5687,50.7,29.8,0.0,0.0,288438.25,3153.2522,1305.9137,7.7649655,2659.2869,16.651342,315.32523,0.0,63716.285,378.85715,186.55911,1.1092808,0.11092807,1.0932157,1.0932157,0.8764074,1019,1018,1014,1010,1019,,,
United States,2022-12-18,0.0,98511484,0,1076943,446014,2652,-3.5,-12.6,908237,5687,50.7,29.8,0.0,0.0,288438.25,3153.2522,1305.9137,7.7649655,2659.2869,16.651342,315.32523,0.0,63716.285,378.85715,186.55911,1.1092808,0.11092807,1.0932157,1.0932157,0.8764074,1020,1019,1015,1011,1020,,,
United States,2022-12-19,0.0,98511484,0,1076943,446014,2652,-3.5,-12.6,908237,5687,50.7,29.8,0.0,0.0,288438.25,3153.2522,1305.9137,7.7649655,2659.2869,16.651342,315.32523,0.0,63716.285,378.85715,186.55911,1.1092808,0.11092807,1.0932157,1.0932157,0.573749,1021,1020,1016,1012,1021,,,
United States,2022-12-20,0.0,98511484,0,1076943,446014,2652,-3.5,-12.6,908237,5687,50.7,29.8,0.0,0.0,288438.25,3153.2522,1305.9137,7.7649655,2659.2869,16.651342,315.32523,0.0,63716.285,378.85715,186.55911,1.1092808,0.11092807,1.0932157,1.0932157,0.573749,1022,1021,1017,1013,1022,,,
United States,2022-12-21,0.0,98511484,0,1076943,446014,2652,-3.5,-12.6,908237,5687,50.7,29.8,0.0,0.0,288438.25,3153.2522,1305.9137,7.7649655,2659.2869,16.651342,315.32523,0.0,63716.285,378.85715,186.55911,1.1092808,0.11092807,1.0932157,1.0932157,0.573749,1023,1022,1018,1014,1023,,,
United States,2022-12-22,0.0,98511484,0,1076943,446014,2652,-3.5,-12.6,908237,5687,50.7,29.8,0.0,0.0,288438.25,3153.2522,1305.9137,7.7649655,2659.2869,16.651342,315.32523,0.0,63716.285,378.85715,186.55911,1.1092808,0.11092807,1.0932157,1.0932157,0.573749,1024,1023,1019,1015,1024,,,
United States,2022-12-23,508009.0,99019493,3033,1079976,508009,3033,13.9,14.4,954023,5685,24.7,18.5,1487.433,8.880521,289925.7,3162.1328,1487.433,8.880521,2793.3467,16.645485,316.2133,0.88805205,72572.71,433.2857,212.49043,1.2686458,0.12686458,1.0906701,1.0906701,0.6561768,1025,1024,1020,1016,1025,,,
United States,2022-12-24,0.0,99019493,0,1079976,508009,3033,13.9,14.4,954023,5685,24.7,18.5,0.0,0.0,289925.7,3162.1328,1487.433,8.880521,2793.3467,16.645485,316.2133,0.0,72572.71,433.2857,212.49043,1.2686458,0.12686458,1.0906701,1.0906701,0.6561768,1026,1025,1021,1017,1026,,,
United States,2022-12-25,0.0,99019493,0,1079976,508009,3033,13.9,14.4,954023,5685,24.7,18.5,0.0,0.0,289925.7,3162.1328,1487.433,8.880521,2793.3467,16.645485,316.2133,0.0,72572.71,433.2857,212.49043,1.2686458,0.12686458,1.0906701,1.0906701,0.6561768,1027,1026,1022,1018,1027,,,
United States,2022-12-26,0.0,99019493,0,1079976,508009,3033,13.9,14.4,954023,5685,24.7,18.5,0.0,0.0,289925.7,3162.1328,1487.433,8.880521,2793.3467,16.645485,316.2133,0.0,72572.71,433.2857,212.49043,1.2686458,0.12686458,1.0906701,1.0906701,0.6800235,1028,1027,1023,1019,1028,,,
United States,2022-12-27,0.0,99019493,0,1079976,508009,3033,13.9,14.4,954023,5685,24.7,18.5,0.0,0.0,289925.7,3162.1328,1487.433,8.880521,2793.3467,16.645485,316.2133,0.0,72572.71,433.2857,212.49043,1.2686458,0.12686458,1.0906701,1.0906701,0.6800235,1029,1028,1024,1020,1029,,,
United States,2022-12-28,0.0,99019493,0,1079976,508009,3033,13.9,14.4,954023,5685,24.7,18.5,0.0,0.0,289925.7,3162.1328,1487.433,8.880521,2793.3467,16.645485,316.2133,0.0,72572.71,433.2857,212.49043,1.2686458,0.12686458,1.0906701,1.0906701,0.6800235,1030,1029,1025,1021,1030,,,
United States,2022-12-29,0.0,99019493,0,1079976,508009,3033,13.9,14.4,954023,5685,24.7,18.5,0.0,0.0,289925.7,3162.1328,1487.433,8.880521,2793.3467,16.645485,316.2133,0.0,72572.71,433.2857,212.49043,1.2686458,0.12686458,1.0906701,1.0906701,0.6800235,1031,1030,1026,1022,1031,,,
United States,2022-12-30,392203.0,99411696,2480,1082456,392203,2480,-22.8,-18.2,900212,5513,-0.9,-3.1,1148.3569,7.2613554,291074.06,3169.3943,1148.3569,7.2613554,2635.79,16.141876,316.93942,0.72613555,56029.0,354.2857,164.051,1.0373365,0.103733644,1.0888618,1.0888618,0.55603635,1032,1031,1027,1023,1032,,,
United States,2022-12-31,0.0,99411696,0,1082456,392203,2480,-22.8,-18.2,900212,5513,-0.9,-3.1,0.0,0.0,291074.06,3169.3943,1148.3569,7.2613554,2635.79,16.141876,316.93942,0.0,56029.0,354.2857,164.051,1.0373365,0.103733644,1.0888618,1.0888618,0.55603635,1033,1032,1028,1024,1033,,,
United States,2023-01-01,0.0,99411696,0,1082456,392203,2480,-22.8,-18.2,900212,5513,-0.9,-3.1,0.0,0.0,291074.06,3169.3943,1148.3569,7.2613554,2635.79,16.141876,316.93942,0.0,56029.0,354.2857,164.051,1.0373365,0.103733644,1.0888618,1.0888618,0.55603635,1034,1033,1029,1025,1034,,,
United States,2023-01-02,0.0,99411696,0,1082456,392203,2480,-22.8,-18.2,900212,5513,-0.9,-3.1,0.0,0.0,291074.06,3169.3943,1148.3569,7.2613554,2635.79,16.141876,316.93942,0.0,56029.0,354.2857,164.051,1.0373365,0.103733644,1.0888618,1.0888618,0.48818034,1035,1034,1030,1026,1035,,,
United States,2023-01-03,0.0,99411696,0,1082456,392203,2480,-22.8,-18.2,900212,5513,-0.9,-3.1,0.0,0.0,291074.06,3169.3943,1148.3569,7.2613554,2635.79,16.141876,316.93942,0.0,56029.0,354.2857,164.051,1.0373365,0.103733644,1.0888618,1.0888618,0.48818034,1036,1035,1031,1027,1036,,,
United States,2023-01-04,0.0,99411696,0,1082456,392203,2480,-22.8,-18.2,900212,5513,-0.9,-3.1,0.0,0.0,291074.06,3169.3943,1148.3569,7.2613554,2635.79,16.141876,316.93942,0.0,56029.0,354.2857,164.051,1.0373365,0.103733644,1.0888618,1.0888618,0.48818034,1037,1036,1032,1028,1037,,,
United States,2023-01-05,0.0,99411696,0,1082456,392203,2480,-22.8,-18.2,900212,5513,-0.9,-3.1,0.0,0.0,291074.06,3169.3943,1148.3569,7.2613554,2635.79,16.141876,316.93942,0.0,56029.0,354.2857,164.051,1.0373365,0.103733644,1.0888618,1.0888618,0.48818034,1038,1037,1033,1029,1038,,,
United States,2023-01-06,471714.0,99883410,2764,1085220,471714,2764,20.3,11.5,863917,5244,-9.4,-7.8,1381.1625,8.092897,292455.22,3177.487,1381.1625,8.092897,2529.5195,15.354253,317.74872,0.80928975,67387.71,394.85715,197.30893,1.1561282,0.11561282,1.0864867,1.0864867,0.54408485,1039,1038,1034,1030,1039,,,
United States,2023-01-07,0.0,99883410,0,1085220,471714,2764,20.3,11.5,863917,5244,-9.4,-7.8,0.0,0.0,292455.22,3177.487,1381.1625,8.092897,2529.5195,15.354253,317.74872,0.0,67387.71,394.85715,197.30893,1.1561282,0.11561282,1.0864867,1.0864867,0.54408485,1040,1039,1035,1031,1040,,,
United States,2023-01-08,0.0,99883410,0,1085220,471714,2764,20.3,11.5,863917,5244,-9.4,-7.8,0.0,0.0,292455.22,3177.487,1381.1625,8.092897,2529.5195,15.354253,317.74872,0.0,67387.71,394.85715,197.30893,1.1561282,0.11561282,1.0864867,1.0864867,0.54408485,1041,1040,1036,1032,1041,,,
United States,2023-01-09,0.0,99883410,0,1085220,471714,2764,20.3,11.5,863917,5244,-9.4,-7.8,0.0,0.0,292455.22,3177.487,1381.1625,8.092897,2529.5195,15.354253,317.74872,0.0,67387.71,394.85715,197.30893,1.1561282,0.11561282,1.0864867,1.0864867,0.70473707,1042,1041,1037,1033,1042,,,
United States,2023-01-10,0.0,99883410,0,1085220,471714,2764,20.3,11.5,863917,5244,-9.4,-7.8,0.0,0.0,292455.22,3177.487,1381.1625,8.092897,2529.5195,15.354253,317.74872,0.0,67387.71,394.85715,197.30893,1.1561282,0.11561282,1.0864867,1.0864867,0.70473707,1043,1042,1038,1034,1043,,,
United States,2023-01-11,0.0,99883410,0,1085220,471714,2764,20.3,11.5,863917,5244,-9.4,-7.8,0.0,0.0,292455.22,3177.487,1381.1625,8.092897,2529.5195,15.354253,317.74872,0.0,67387.71,394.85715,197.30893,1.1561282,0.11561282,1.0864867,1.0864867,0.70473707,1044,1043,1039,1035,1044,,,
United States,2023-01-12,0.0,99883410,0,1085220,471714,2764,20.3,11.5,863917,5244,-9.4,-7.8,0.0,0.0,292455.22,3177.487,1381.1625,8.092897,2529.5195,15.354253,317.74872,0.0,67387.71,394.85715,197.30893,1.1561282,0.11561282,1.0864867,1.0864867,0.70473707,1045,1044,1040,1036,1045,,,
United States,2023-01-13,448092.0,100331502,4407,1089627,448092,4407,-5.0,59.4,919806,7171,2.2,30.1,1311.998,12.903545,293767.22,3190.3906,1311.998,12.903545,2693.1606,20.996443,319.03906,1.2903545,64013.145,629.5714,187.4283,1.8433636,0.18433636,1.0860268,1.0860268,1.1236528,1046,1045,1041,1037,1046,,,
United States,2023-01-14,0.0,100331502,0,1089627,448092,4407,-5.0,59.4,919806,7171,2.2,30.1,0.0,0.0,293767.22,3190.3906,1311.998,12.903545,2693.1606,20.996443,319.03906,0.0,64013.145,629.5714,187.4283,1.8433636,0.18433636,1.0860268,1.0860268,1.1236528,1047,1046,1042,1038,1047,,,
United States,2023-01-15,0.0,100331502,0,1089627,448092,4407,-5.0,59.4,919806,7171,2.2,30.1,0.0,0.0,293767.22,3190.3906,1311.998,12.903545,2693.1606,20.996443,319.03906,0.0,64013.145,629.5714,187.4283,1.8433636,0.18433636,1.0860268,1.0860268,1.1236528,1048,1047,1043,1039,1048,,,
United States,2023-01-16,0.0,100331502,0,1089627,448092,4407,-5.0,59.4,919806,7171,2.2,30.1,0.0,0.0,293767.22,3190.3906,1311.998,12.903545,2693.1606,20.996443,319.03906,0.0,64013.145,629.5714,187.4283,1.8433636,0.18433636,1.0860268,1.0860268,0.93425256,1049,1048,1044,1040,1049,,,
United States,2023-01-17,0.0,100331502,0,1089627,448092,4407,-5.0,59.4,919806,7171,2.2,30.1,0.0,0.0,293767.22,3190.3906,1311.998,12.903545,2693.1606,20.996443,319.03906,0.0,64013.145,629.5714,187.4283,1.8433636,0.18433636,1.0860268,1.0860268,0.93425256,1050,1049,1045,1041,1050,,,
United States,2023-01-18,0.0,100331502,0,1089627,448092,4407,-5.0,59.4,919806,7171,2.2,30.1,0.0,0.0,293767.22,3190.3906,1311.998,12.903545,2693.1606,20.996443,319.03906,0.0,64013.145,629.5714,187.4283,1.8433636,0.18433636,1.0860268,1.0860268,0.93425256,1051,1050,1046,1042,1051,,,
United States,2023-01-19,0.0,100331502,0,1089627,448092,4407,-5.0,59.4,919806,7171,2.2,30.1,0.0,0.0,293767.22,3190.3906,1311.998,12.903545,2693.1606,20.996443,319.03906,0.0,64013.145,629.5714,187.4283,1.8433636,0.18433636,1.0860268,1.0860268,0.93425256,1052,1051,1047,1043,1052,,,
United States,2023-01-20,308025.0,100639527,3664,1093291,308025,3664,-31.3,-16.9,756117,8071,-12.5,53.9,901.88666,10.728066,294669.1,3201.1187,901.88666,10.728066,2213.8848,23.631613,320.11188,1.0728067,44003.57,523.4286,128.84096,1.532581,0.1532581,1.0863435,1.0863435,0.77674186,1053,1052,1048,1044,1053,,,
United States,2023-01-21,0.0,100639527,0,1093291,308025,3664,-31.3,-16.9,756117,8071,-12.5,53.9,0.0,0.0,294669.1,3201.1187,901.88666,10.728066,2213.8848,23.631613,320.11188,0.0,44003.57,523.4286,128.84096,1.532581,0.1532581,1.0863435,1.0863435,0.77674186,1054,1053,1049,1045,1054,,,
United States,2023-01-22,0.0,100639527,0,1093291,308025,3664,-31.3,-16.9,756117,8071,-12.5,53.9,0.0,0.0,294669.1,3201.1187,901.88666,10.728066,2213.8848,23.631613,320.11188,0.0,44003.57,523.4286,128.84096,1.532581,0.1532581,1.0863435,1.0863435,0.77674186,1055,1054,1050,1046,1055,,,
United States,2023-01-23,0.0,100639527,0,1093291,308025,3664,-31.3,-16.9,756117,8071,-12.5,53.9,0.0,0.0,294669.1,3201.1187,901.88666,10.728066,2213.8848,23.631613,320.11188,0.0,44003.57,523.4286,128.84096,1.532581,0.1532581,1.0863435,1.0863435,0.81768924,1056,1055,1051,1047,1056,,,
United States,2023-01-24,0.0,100639527,0,1093291,308025,3664,-31.3,-16.9,756117,8071,-12.5,53.9,0.0,0.0,294669.1,3201.1187,901.88666,10.728066,2213.8848,23.631613,320.11188,0.0,44003.57,523.4286,128.84096,1.532581,0.1532581,1.0863435,1.0863435,0.81768924,1057,1056,1052,1048,1057,,,
United States,2023-01-25,0.0,100639527,0,1093291,308025,3664,-31.3,-16.9,756117,8071,-12.5,53.9,0.0,0.0,294669.1,3201.1187,901.88666,10.728066,2213.8848,23.631613,320.11188,0.0,44003.57,523.4286,128.84096,1.532581,0.1532581,1.0863435,1.0863435,0.81768924,1058,1057,1053,1049,1058,,,
United States,2023-01-26,0.0,100639527,0,1093291,308025,3664,-31.3,-16.9,756117,8071,-12.5,53.9,0.0,0.0,294669.1,3201.1187,901.88666,10.728066,2213.8848,23.631613,320.11188,0.0,44003.57,523.4286,128.84096,1.532581,0.1532581,1.0863435,1.0863435,0.81768924,1059,1058,1054,1050,1059,,,
United States,2023-01-27,294867.0,100934394,3743,1097034,294867,3743,-4.3,2.2,602892,7407,-34.5,3.3,863.3605,10.959376,295532.47,3212.0781,863.3605,10.959376,1765.2472,21.687443,321.2078,1.0959376,42123.855,534.7143,123.33721,1.5656252,0.15656252,1.0868783,1.0868783,0.8353195,1060,1059,1055,1051,1060,,,
United States,2023-01-28,0.0,100934394,0,1097034,294867,3743,-4.3,2.2,602892,7407,-34.5,3.3,0.0,0.0,295532.47,3212.0781,863.3605,10.959376,1765.2472,21.687443,321.2078,0.0,42123.855,534.7143,123.33721,1.5656252,0.15656252,1.0868783,1.0868783,0.8353195,1061,1060,1056,1052,1061,,,
United States,2023-01-29,0.0,100934394,0,1097034,294867,3743,-4.3,2.2,602892,7407,-34.5,3.3,0.0,0.0,295532.47,3212.0781,863.3605,10.959376,1765.2472,21.687443,321.2078,0.0,42123.855,534.7143,123.33721,1.5656252,0.15656252,1.0868783,1.0868783,0.8353195,1062,1061,1057,1053,1062,,,
United States,2023-01-30,0.0,100934394,0,1097034,294867,3743,-4.3,2.2,602892,7407,-34.5,3.3,0.0,0.0,295532.47,3212.0781,863.3605,10.959376,1765.2472,21.687443,321.2078,0.0,42123.855,534.7143,123.33721,1.5656252,0.15656252,1.0868783,1.0868783,1.2151611,1063,1062,1058,1054,1063,,,
United States,2023-01-31,0.0,100934394,0,1097034,294867,3743,-4.3,2.2,602892,7407,-34.5,3.3,0.0,0.0,295532.47,3212.0781,863.3605,10.959376,1765.2472,21.687443,321.2078,0.0,42123.855,534.7143,123.33721,1.5656252,0.15656252,1.0868783,1.0868783,1.2151611,1064,1063,1059,1055,1064,,,
United States,2023-02-01,0.0,100934394,0,1097034,294867,3743,-4.3,2.2,602892,7407,-34.5,3.3,0.0,0.0,295532.47,3212.0781,863.3605,10.959376,1765.2472,21.687443,321.2078,0.0,42123.855,534.7143,123.33721,1.5656252,0.15656252,1.0868783,1.0868783,1.2151611,1065,1064,1060,1056,1065,,,
United States,2023-02-02,0.0,100934394,0,1097034,294867,3743,-4.3,2.2,602892,7407,-34.5,3.3,0.0,0.0,295532.47,3212.0781,863.3605,10.959376,1765.2472,21.687443,321.2078,0.0,42123.855,534.7143,123.33721,1.5656252,0.15656252,1.0868783,1.0868783,1.2151611,1066,1065,1061,1057,1066,,,
United States,2023-02-03,285402.0,101219796,3452,1100486,285402,3452,-3.2,-7.8,580269,7195,-23.3,-10.9,835.6473,10.107338,296368.1,3222.1853,835.6473,10.107338,1699.0078,21.066713,322.21854,1.0107338,40771.715,493.14285,119.37819,1.4439055,0.14439054,1.0872241,1.0872241,1.1206882,1067,1066,1062,1058,1067,,,
United States,2023-02-04,0.0,101219796,0,1100486,285402,3452,-3.2,-7.8,580269,7195,-23.3,-10.9,0.0,0.0,296368.1,3222.1853,835.6473,10.107338,1699.0078,21.066713,322.21854,0.0,40771.715,493.14285,119.37819,1.4439055,0.14439054,1.0872241,1.0872241,1.1206882,1068,1067,1063,1059,1068,,,
United States,2023-02-05,0.0,101219796,0,1100486,285402,3452,-3.2,-7.8,580269,7195,-23.3,-10.9,0.0,0.0,296368.1,3222.1853,835.6473,10.107338,1699.0078,21.066713,322.21854,0.0,40771.715,493.14285,119.37819,1.4439055,0.14439054,1.0872241,1.0872241,1.1206882,1069,1068,1064,1060,1069,,,
United States,2023-02-06,0.0,101219796,0,1100486,285402,3452,-3.2,-7.8,580269,7195,-23.3,-10.9,0.0,0.0,296368.1,3222.1853,835.6473,10.107338,1699.0078,21.066713,322.21854,0.0,40771.715,493.14285,119.37819,1.4439055,0.14439054,1.0872241,1.0872241,1.1706973,1070,1069,1065,1061,1070,,,
United States,2023-02-07,0.0,101219796,0,1100486,285402,3452,-3.2,-7.8,580269,7195,-23.3,-10.9,0.0,0.0,296368.1,3222.1853,835.6473,10.107338,1699.0078,21.066713,322.21854,0.0,40771.715,493.14285,119.37819,1.4439055,0.14439054,1.0872241,1.0872241,1.1706973,1071,1070,1066,1062,1071,,,
United States,2023-02-08,0.0,101219796,0,1100486,285402,3452,-3.2,-7.8,580269,7195,-23.3,-10.9,0.0,0.0,296368.1,3222.1853,835.6473,10.107338,1699.0078,21.066713,322.21854,0.0,40771.715,493.14285,119.37819,1.4439055,0.14439054,1.0872241,1.0872241,1.1706973,1072,1071,1067,1063,1072,,,
United States,2023-02-09,0.0,101219796,0,1100486,285402,3452,-3.2,-7.8,580269,7195,-23.3,-10.9,0.0,0.0,296368.1,3222.1853,835.6473,10.107338,1699.0078,21.066713,322.21854,0.0,40771.715,493.14285,119.37819,1.4439055,0.14439054,1.0872241,1.0872241,1.1706973,1073,1072,1068,1064,1073,,,
United States,2023-02-10,278228.0,101498024,3440,1103926,278228,3440,-2.5,-0.3,563630,6892,-6.5,-7.0,814.6421,10.072203,297182.75,3232.2576,814.6421,10.072203,1650.2894,20.17954,323.22577,1.0072203,39746.855,491.42856,116.37744,1.438886,0.14388861,1.087633,1.087633,1.1666276,1074,1073,1069,1065,1074,,,
United States,2023-02-11,0.0,101498024,0,1103926,278228,3440,-2.5,-0.3,563630,6892,-6.5,-7.0,0.0,0.0,297182.75,3232.2576,814.6421,10.072203,1650.2894,20.17954,323.22577,0.0,39746.855,491.42856,116.37744,1.438886,0.14388861,1.087633,1.087633,1.1666276,1075,1074,1070,1066,1075,,,
United States,2023-02-12,0.0,101498024,0,1103926,278228,3440,-2.5,-0.3,563630,6892,-6.5,-7.0,0.0,0.0,297182.75,3232.2576,814.6421,10.072203,1650.2894,20.17954,323.22577,0.0,39746.855,491.42856,116.37744,1.438886,0.14388861,1.087633,1.087633,1.1666276,1076,1075,1071,1067,1076,,,
United States,2023-02-13,0.0,101498024,0,1103926,278228,3440,-2.5,-0.3,563630,6892,-6.5,-7.0,0.0,0.0,297182.75,3232.2576,814.6421,10.072203,1650.2894,20.17954,323.22577,0.0,39746.855,491.42856,116.37744,1.438886,0.14388861,1.087633,1.087633,1.2053174,1077,1076,1072,1068,1077,,,
United States,2023-02-14,0.0,101498024,0,1103926,278228,3440,-2.5,-0.3,563630,6892,-6.5,-7.0,0.0,0.0,297182.75,3232.2576,814.6421,10.072203,1650.2894,20.17954,323.22577,0.0,39746.855,491.42856,116.37744,1.438886,0.14388861,1.087633,1.087633,1.2053174,1078,1077,1073,1069,1078,,,
United States,2023-02-15,0.0,101498024,0,1103926,278228,3440,-2.5,-0.3,563630,6892,-6.5,-7.0,0.0,0.0,297182.75,3232.2576,814.6421,10.072203,1650.2894,20.17954,323.22577,0.0,39746.855,491.42856,116.37744,1.438886,0.14388861,1.087633,1.087633,1.2053174,1079,1078,1074,1070,1079,,,
United States,2023-02-16,0.0,101498024,0,1103926,278228,3440,-2.5,-0.3,563630,6892,-6.5,-7.0,0.0,0.0,297182.75,3232.2576,814.6421,10.072203,1650.2894,20.17954,323.22577,0.0,39746.855,491.42856,116.37744,1.438886,0.14388861,1.087633,1.087633,1.2053174,1080,1079,1075,1071,1080,,,
United States,2023-02-17,254372.0,101752396,2857,1106783,254372,2857,-8.6,-16.9,532600,6297,-8.2,-12.5,744.79254,8.365198,297927.53,3240.6228,744.79254,8.365198,1559.4346,18.4374,324.0623,0.83651984,36338.855,408.14285,106.39893,1.1950283,0.119502835,1.0877218,1.0877218,1.0010442,1081,1080,1076,1072,1081,,,
United States,2023-02-18,0.0,101752396,0,1106783,254372,2857,-8.6,-16.9,532600,6297,-8.2,-12.5,0.0,0.0,297927.53,3240.6228,744.79254,8.365198,1559.4346,18.4374,324.0623,0.0,36338.855,408.14285,106.39893,1.1950283,0.119502835,1.0877218,1.0877218,1.0010442,1082,1081,1077,1073,1082,,,
United States,2023-02-19,0.0,101752396,0,1106783,254372,2857,-8.6,-16.9,532600,6297,-8.2,-12.5,0.0,0.0,297927.53,3240.6228,744.79254,8.365198,1559.4346,18.4374,324.0623,0.0,36338.855,408.14285,106.39893,1.1950283,0.119502835,1.0877218,1.0877218,1.0010442,1083,1082,1078,1074,1083,,,
United States,2023-02-20,0.0,101752396,0,1106783,254372,2857,-8.6,-16.9,532600,6297,-8.2,-12.5,0.0,0.0,297927.53,3240.6228,744.79254,8.365198,1559.4346,18.4374,324.0623,0.0,36338.855,408.14285,106.39893,1.1950283,0.119502835,1.0877218,1.0877218,1.0268557,1084,1083,1079,1075,1084,,,
United States,2023-02-21,0.0,101752396,0,1106783,254372,2857,-8.6,-16.9,532600,6297,-8.2,-12.5,0.0,0.0,297927.53,3240.6228,744.79254,8.365198,1559.4346,18.4374,324.0623,0.0,36338.855,408.14285,106.39893,1.1950283,0.119502835,1.0877218,1.0877218,1.0268557,1085,1084,1080,1076,1085,,,
United States,2023-02-22,0.0,101752396,0,1106783,254372,2857,-8.6,-16.9,532600,6297,-8.2,-12.5,0.0,0.0,297927.53,3240.6228,744.79254,8.365198,1559.4346,18.4374,324.0623,0.0,36338.855,408.14285,106.39893,1.1950283,0.119502835,1.0877218,1.0877218,1.0268557,1086,1085,1081,1077,1086,,,
United States,2023-02-23,0.0,101752396,0,1106783,254372,2857,-8.6,-16.9,532600,6297,-8.2,-12.5,0.0,0.0,297927.53,3240.6228,744.79254,8.365198,1559.4346,18.4374,324.0623,0.0,36338.855,408.14285,106.39893,1.1950283,0.119502835,1.0877218,1.0877218,1.0268557,1087,1086,1082,1078,1087,,,
United States,2023-02-24,0.0,101752396,0,1106783,0,0,-100.0,-100.0,254372,2857,-54.9,-58.5,0.0,0.0,297927.53,3240.6228,0.0,0.0,744.79254,8.365198,324.0623,0.0,0.0,0.0,0.0,0.0,0.0,1.0877218,1.0877218,0.0,1088,1087,1083,1079,1088,,,
United States,2023-02-25,267168.0,102019564,2362,1109145,267168,2362,5.0,-17.3,521540,5219,-7.5,-24.3,782.2588,6.9158554,298709.78,3247.5386,782.2588,6.9158554,1527.0513,15.281054,324.75388,0.69158554,38166.855,337.42856,111.75125,0.98797935,0.09879793,1.0871885,1.0871885,0.848944,1089,1088,1084,1080,1089,,,
United States,2023-02-26,0.0,102019564,0,1109145,267168,2362,5.0,-17.3,521540,5219,-7.5,-24.3,0.0,0.0,298709.78,3247.5386,782.2588,6.9158554,1527.0513,15.281054,324.75388,0.0,38166.855,337.42856,111.75125,0.98797935,0.09879793,1.0871885,1.0871885,0.848944,1090,1089,1085,1081,1090,,,
United States,2023-02-27,0.0,102019564,0,1109145,267168,2362,5.0,-17.3,521540,5219,-7.5,-24.3,0.0,0.0,298709.78,3247.5386,782.2588,6.9158554,1527.0513,15.281054,324.75388,0.0,38166.855,337.42856,111.75125,0.98797935,0.09879793,1.0871885,1.0871885,0.92856133,1091,1090,1086,1082,1091,,,
United States,2023-02-28,0.0,102019564,0,1109145,267168,2362,5.0,-17.3,521540,5219,-7.5,-24.3,0.0,0.0,298709.78,3247.5386,782.2588,6.9158554,1527.0513,15.281054,324.75388,0.0,38166.855,337.42856,111.75125,0.98797935,0.09879793,1.0871885,1.0871885,0.92856133,1092,1091,1087,1083,1092,,,
United States,2023-03-01,0.0,102019564,0,1109145,267168,2362,5.0,-17.3,521540,5219,-7.5,-24.3,0.0,0.0,298709.78,3247.5386,782.2588,6.9158554,1527.0513,15.281054,324.75388,0.0,38166.855,337.42856,111.75125,0.98797935,0.09879793,1.0871885,1.0871885,0.92856133,1093,1092,1088,1084,1093,,,
United States,2023-03-02,0.0,102019564,0,1109145,267168,2362,5.0,-17.3,521540,5219,-7.5,-24.3,0.0,0.0,298709.78,3247.5386,782.2588,6.9158554,1527.0513,15.281054,324.75388,0.0,38166.855,337.42856,111.75125,0.98797935,0.09879793,1.0871885,1.0871885,0.92856133,1094,1093,1089,1085,1094,,,
United States,2023-03-03,0.0,102019564,0,1109145,267168,2362,,,267168,2362,-49.8,-62.5,0.0,0.0,298709.78,3247.5386,782.2588,6.9158554,782.2588,6.9158554,324.75388,0.0,38166.855,337.42856,111.75125,0.98797935,0.09879793,1.0871885,1.0871885,0.92856133,1095,1094,1090,1086,1095,,,
United States,2023-03-04,227828.0,102247392,2197,1111342,227828,2197,-14.7,-7.0,494996,4559,-7.1,-27.6,667.0726,6.4327407,299376.88,3253.9714,667.0726,6.4327407,1449.3314,13.348597,325.39713,0.64327407,32546.857,313.85715,95.29609,0.918963,0.091896296,1.0869148,1.0869148,0.8636957,1096,1095,1091,1087,1096,,,
United States,2023-03-05,0.0,102247392,0,1111342,227828,2197,-14.7,-7.0,494996,4559,-7.1,-27.6,0.0,0.0,299376.88,3253.9714,667.0726,6.4327407,1449.3314,13.348597,325.39713,0.0,32546.857,313.85715,95.29609,0.918963,0.091896296,1.0869148,1.0869148,0.8636957,1097,1096,1092,1088,1097,,,
United States,2023-03-06,0.0,102247392,0,1111342,227828,2197,-14.7,-7.0,494996,4559,-7.1,-27.6,0.0,0.0,299376.88,3253.9714,667.0726,6.4327407,1449.3314,13.348597,325.39713,0.0,32546.857,313.85715,95.29609,0.918963,0.091896296,1.0869148,1.0869148,,1098,1097,1093,1089,1098,,,
United States,2023-03-07,0.0,102247392,0,1111342,227828,2197,-14.7,-7.0,494996,4559,-7.1,-27.6,0.0,0.0,299376.88,3253.9714,667.0726,6.4327407,1449.3314,13.348597,325.39713,0.0,32546.857,313.85715,95.29609,0.918963,0.091896296,1.0869148,1.0869148,0.82232904,1099,1098,1094,1090,1099,,,
United States,2023-03-08,0.0,102247392,0,1111342,227828,2197,-14.7,-7.0,494996,4559,-7.1,-27.6,0.0,0.0,299376.88,3253.9714,667.0726,6.4327407,1449.3314,13.348597,325.39713,0.0,32546.857,313.85715,95.29609,0.918963,0.091896296,1.0869148,1.0869148,0.82232904,1100,1099,1095,1091,1100,,,
United States,2023-03-09,0.0,102247392,0,1111342,227828,2197,-14.7,-7.0,494996,4559,-7.1,-27.6,0.0,0.0,299376.88,3253.9714,667.0726,6.4327407,1449.3314,13.348597,325.39713,0.0,32546.857,313.85715,95.29609,0.918963,0.091896296,1.0869148,1.0869148,0.82232904,1101,1100,1096,1092,1101,,,
United States,2023-03-10,0.0,102247392,0,1111342,227828,2197,-14.7,-7.0,494996,4559,94.6,59.6,0.0,0.0,299376.88,3253.9714,667.0726,6.4327407,1449.3314,13.348597,325.39713,0.0,32546.857,313.85715,95.29609,0.918963,0.091896296,1.0869148,1.0869148,0.82232904,1102,1101,1097,1093,1102,,,
United States,2023-03-11,170593.0,102417985,1887,1113229,170593,1887,-25.1,-14.1,398421,4084,-23.6,-21.7,499.49048,5.5250716,299876.38,3259.4966,499.49048,5.5250716,1166.5631,11.957812,325.94965,0.55250716,24370.428,269.57144,71.35578,0.7892959,0.078929596,1.0869468,1.0869468,0.70629716,1103,1102,1098,1094,1103,,,
United States,2023-03-12,0.0,102417985,0,1113229,170593,1887,-25.1,-14.1,398421,4084,-23.6,-21.7,0.0,0.0,299876.38,3259.4966,499.49048,5.5250716,1166.5631,11.957812,325.94965,0.0,24370.428,269.57144,71.35578,0.7892959,0.078929596,1.0869468,1.0869468,0.70629716,1104,1103,1099,1095,1104,,,
United States,2023-03-13,0.0,102417985,0,1113229,170593,1887,-25.1,-14.1,398421,4084,-23.6,-21.7,0.0,0.0,299876.38,3259.4966,499.49048,5.5250716,1166.5631,11.957812,325.94965,0.0,24370.428,269.57144,71.35578,0.7892959,0.078929596,1.0869468,1.0869468,0.70629716,1105,1104,1100,1096,1105,,,
United States,2023-03-14,0.0,102417985,0,1113229,170593,1887,-25.1,-14.1,398421,4084,-23.6,-21.7,0.0,0.0,299876.38,3259.4966,499.49048,5.5250716,1166.5631,11.957812,325.94965,0.0,24370.428,269.57144,71.35578,0.7892959,0.078929596,1.0869468,1.0869468,0.8282564,1106,1105,1101,1097,1106,,,
United States,2023-03-15,0.0,102417985,0,1113229,170593,1887,-25.1,-14.1,398421,4084,-23.6,-21.7,0.0,0.0,299876.38,3259.4966,499.49048,5.5250716,1166.5631,11.957812,325.94965,0.0,24370.428,269.57144,71.35578,0.7892959,0.078929596,1.0869468,1.0869468,0.8282564,1107,1106,1102,1098,1107,,,
United States,2023-03-16,0.0,102417985,0,1113229,170593,1887,-25.1,-14.1,398421,4084,-23.6,-21.7,0.0,0.0,299876.38,3259.4966,499.49048,5.5250716,1166.5631,11.957812,325.94965,0.0,24370.428,269.57144,71.35578,0.7892959,0.078929596,1.0869468,1.0869468,0.8282564,1108,1107,1103,1099,1108,,,
United States,2023-03-17,0.0,102417985,0,1113229,170593,1887,-25.1,-14.1,398421,4084,49.1,72.9,0.0,0.0,299876.38,3259.4966,499.49048,5.5250716,1166.5631,11.957812,325.94965,0.0,24370.428,269.57144,71.35578,0.7892959,0.078929596,1.0869468,1.0869468,0.8282564,1109,1108,1104,1100,1109,,,
United States,2023-03-18,126613.0,102544598,1741,1114970,126613,1741,-25.8,-7.7,297206,3628,-40.0,-20.4,370.71854,5.0975885,300247.1,3264.594,370.71854,5.0975885,870.209,10.62266,326.4594,0.50975883,18087.572,248.71428,52.95979,0.7282269,0.07282269,1.0873026,1.0873026,0.764173,1110,1109,1105,1101,1110,,,
United States,2023-03-19,0.0,102544598,0,1114970,126613,1741,-25.8,-7.7,297206,3628,-40.0,-20.4,0.0,0.0,300247.1,3264.594,370.71854,5.0975885,870.209,10.62266,326.4594,0.0,18087.572,248.71428,52.95979,0.7282269,0.07282269,1.0873026,1.0873026,0.764173,1111,1110,1106,1102,1111,,,
United States,2023-03-20,0.0,102544598,0,1114970,126613,1741,-25.8,-7.7,297206,3628,-40.0,-20.4,0.0,0.0,300247.1,3264.594,370.71854,5.0975885,870.209,10.62266,326.4594,0.0,18087.572,248.71428,52.95979,0.7282269,0.07282269,1.0873026,1.0873026,0.764173,1112,1111,1107,1103,1112,,,
United States,2023-03-21,0.0,102544598,0,1114970,126613,1741,-25.8,-7.7,297206,3628,-40.0,-20.4,0.0,0.0,300247.1,3264.594,370.71854,5.0975885,870.209,10.62266,326.4594,0.0,18087.572,248.71428,52.95979,0.7282269,0.07282269,1.0873026,1.0873026,1.0205578,1113,1112,1108,1104,1113,,,
United States,2023-03-22,0.0,102544598,0,1114970,126613,1741,-25.8,-7.7,297206,3628,-40.0,-20.4,0.0,0.0,300247.1,3264.594,370.71854,5.0975885,870.209,10.62266,326.4594,0.0,18087.572,248.71428,52.95979,0.7282269,0.07282269,1.0873026,1.0873026,1.0205578,1114,1113,1109,1105,1114,,,
United States,2023-03-23,0.0,102544598,0,1114970,126613,1741,-25.8,-7.7,297206,3628,-40.0,-20.4,0.0,0.0,300247.1,3264.594,370.71854,5.0975885,870.209,10.62266,326.4594,0.0,18087.572,248.71428,52.95979,0.7282269,0.07282269,1.0873026,1.0873026,1.0205578,1115,1114,1110,1106,1115,,,
United States,2023-03-24,0.0,102544598,0,1114970,126613,1741,-25.8,-7.7,297206,3628,-40.0,-20.4,0.0,0.0,300247.1,3264.594,370.71854,5.0975885,870.209,10.62266,326.4594,0.0,18087.572,248.71428,52.95979,0.7282269,0.07282269,1.0873026,1.0873026,1.0205578,1116,1115,1111,1107,1116,,,
United States,2023-03-25,152968.0,102697566,2084,1117054,152968,2084,20.8,19.7,279581,3825,-29.8,-6.3,447.88507,6.1018806,300694.97,3270.696,447.88507,6.1018806,818.60364,11.19947,327.06958,0.61018807,21852.572,297.7143,63.98358,0.87169725,0.08716972,1.0877123,1.0877123,1.221621,1117,1116,1112,1108,1117,,,
United States,2023-03-26,0.0,102697566,0,1117054,152968,2084,20.8,19.7,279581,3825,-29.8,-6.3,0.0,0.0,300694.97,3270.696,447.88507,6.1018806,818.60364,11.19947,327.06958,0.0,21852.572,297.7143,63.98358,0.87169725,0.08716972,1.0877123,1.0877123,1.221621,1118,1117,1113,1109,1118,,,
United States,2023-03-27,0.0,102697566,0,1117054,152968,2084,20.8,19.7,279581,3825,-29.8,-6.3,0.0,0.0,300694.97,3270.696,447.88507,6.1018806,818.60364,11.19947,327.06958,0.0,21852.572,297.7143,63.98358,0.87169725,0.08716972,1.0877123,1.0877123,1.221621,1119,1118,1114,1110,1119,,,
United States,2023-03-28,0.0,102697566,0,1117054,152968,2084,20.8,19.7,279581,3825,-29.8,-6.3,0.0,0.0,300694.97,3270.696,447.88507,6.1018806,818.60364,11.19947,327.06958,0.0,21852.572,297.7143,63.98358,0.87169725,0.08716972,1.0877123,1.0877123,1.6459606,1120,1119,1115,1111,1120,,,
United States,2023-03-29,0.0,102697566,0,1117054,152968,2084,20.8,19.7,279581,3825,-29.8,-6.3,0.0,0.0,300694.97,3270.696,447.88507,6.1018806,818.60364,11.19947,327.06958,0.0,21852.572,297.7143,63.98358,0.87169725,0.08716972,1.0877123,1.0877123,1.6459606,1121,1120,1116,1112,1121,,,
United States,2023-03-30,0.0,102697566,0,1117054,152968,2084,20.8,19.7,279581,3825,-29.8,-6.3,0.0,0.0,300694.97,3270.696,447.88507,6.1018806,818.60364,11.19947,327.06958,0.0,21852.572,297.7143,63.98358,0.87169725,0.08716972,1.0877123,1.0877123,1.6459606,1122,1121,1117,1113,1122,,,
United States,2023-03-31,0.0,102697566,0,1117054,152968,2084,20.8,19.7,279581,3825,-29.8,-6.3,0.0,0.0,300694.97,3270.696,447.88507,6.1018806,818.60364,11.19947,327.06958,0.0,21852.572,297.7143,63.98358,0.87169725,0.08716972,1.0877123,1.0877123,1.6459606,1123,1122,1118,1114,1123,,,
United States,2023-04-01,176358.0,102873924,1746,1118800,176358,1746,15.3,-16.2,329326,3830,10.8,5.6,516.3702,5.1122284,301211.34,3275.808,516.3702,5.1122284,964.25525,11.214109,327.5808,0.51122284,25194.0,249.42857,73.76717,0.7303183,0.073031835,1.0875448,1.0875448,1.3790053,1124,1123,1119,1115,1124,,,
United States,2023-04-02,0.0,102873924,0,1118800,176358,1746,15.3,-16.2,329326,3830,10.8,5.6,0.0,0.0,301211.34,3275.808,516.3702,5.1122284,964.25525,11.214109,327.5808,0.0,25194.0,249.42857,73.76717,0.7303183,0.073031835,1.0875448,1.0875448,1.3790053,1125,1124,1120,1116,1125,,,
United States,2023-04-03,0.0,102873924,0,1118800,176358,1746,15.3,-16.2,329326,3830,10.8,5.6,0.0,0.0,301211.34,3275.808,516.3702,5.1122284,964.25525,11.214109,327.5808,0.0,25194.0,249.42857,73.76717,0.7303183,0.073031835,1.0875448,1.0875448,1.3790053,1126,1125,1121,1117,1126,,,
United States,2023-04-04,0.0,102873924,0,1118800,176358,1746,15.3,-16.2,329326,3830,10.8,5.6,0.0,0.0,301211.34,3275.808,516.3702,5.1122284,964.25525,11.214109,327.5808,0.0,25194.0,249.42857,73.76717,0.7303183,0.073031835,1.0875448,1.0875448,1.1414152,1127,1126,1122,1118,1127,,,
United States,2023-04-05,0.0,102873924,0,1118800,176358,1746,15.3,-16.2,329326,3830,10.8,5.6,0.0,0.0,301211.34,3275.808,516.3702,5.1122284,964.25525,11.214109,327.5808,0.0,25194.0,249.42857,73.76717,0.7303183,0.073031835,1.0875448,1.0875448,1.1414152,1128,1127,1123,1119,1128,,,
United States,2023-04-06,0.0,102873924,0,1118800,176358,1746,15.3,-16.2,329326,3830,10.8,5.6,0.0,0.0,301211.34,3275.808,516.3702,5.1122284,964.25525,11.214109,327.5808,0.0,25194.0,249.42857,73.76717,0.7303183,0.073031835,1.0875448,1.0875448,1.1414152,1129,1128,1124,1120,1129,,,
United States,2023-04-07,0.0,102873924,0,1118800,176358,1746,15.3,-16.2,329326,3830,10.8,5.6,0.0,0.0,301211.34,3275.808,516.3702,5.1122284,964.25525,11.214109,327.5808,0.0,25194.0,249.42857,73.76717,0.7303183,0.073031835,1.0875448,1.0875448,1.1414152,1130,1129,1125,1121,1130,,,
United States,2023-04-08,0.0,102873924,0,1118800,0,0,-100.0,-100.0,176358,1746,-36.9,-54.4,0.0,0.0,301211.34,3275.808,0.0,0.0,516.3702,5.1122284,327.5808,0.0,0.0,0.0,0.0,0.0,0.0,1.0875448,1.0875448,0.0,1131,1130,1126,1122,1131,,,
United States,2023-04-09,103472.0,102977396,1729,1120529,103472,1729,-41.3,-1.0,279830,3475,0.1,-9.2,302.9625,5.062453,301514.28,3280.8706,302.9625,5.062453,819.3327,10.174682,328.08707,0.5062453,14781.714,247.0,43.280354,0.72320753,0.07232076,1.0881311,1.0881311,1.1303017,1132,1131,1127,1123,1132,,,
United States,2023-04-10,0.0,102977396,0,1120529,103472,1729,-41.3,-1.0,279830,3475,0.1,-9.2,0.0,0.0,301514.28,3280.8706,302.9625,5.062453,819.3327,10.174682,328.08707,0.0,14781.714,247.0,43.280354,0.72320753,0.07232076,1.0881311,1.0881311,1.1303017,1133,1132,1128,1124,1133,,,
United States,2023-04-11,0.0,102977396,0,1120529,103472,1729,-41.3,-1.0,279830,3475,0.1,-9.2,0.0,0.0,301514.28,3280.8706,302.9625,5.062453,819.3327,10.174682,328.08707,0.0,14781.714,247.0,43.280354,0.72320753,0.07232076,1.0881311,1.0881311,0.98039216,1134,1133,1129,1125,1134,,,
United States,2023-04-12,0.0,102977396,0,1120529,103472,1729,-41.3,-1.0,279830,3475,0.1,-9.2,0.0,0.0,301514.28,3280.8706,302.9625,5.062453,819.3327,10.174682,328.08707,0.0,14781.714,247.0,43.280354,0.72320753,0.07232076,1.0881311,1.0881311,0.98039216,1135,1134,1130,1126,1135,,,
United States,2023-04-13,0.0,102977396,0,1120529,103472,1729,-41.3,-1.0,279830,3475,0.1,-9.2,0.0,0.0,301514.28,3280.8706,302.9625,5.062453,819.3327,10.174682,328.08707,0.0,14781.714,247.0,43.280354,0.72320753,0.07232076,1.0881311,1.0881311,0.98039216,1136,1135,1131,1127,1136,,,
United States,2023-04-14,0.0,102977396,0,1120529,103472,1729,-41.3,-1.0,279830,3475,0.1,-9.2,0.0,0.0,301514.28,3280.8706,302.9625,5.062453,819.3327,10.174682,328.08707,0.0,14781.714,247.0,43.280354,0.72320753,0.07232076,1.0881311,1.0881311,0.98039216,1137,1136,1132,1128,1137,,,
United States,2023-04-15,0.0,102977396,0,1120529,103472,1729,,,103472,1729,-68.6,-54.9,0.0,0.0,301514.28,3280.8706,302.9625,5.062453,302.9625,5.062453,328.08707,0.0,14781.714,247.0,43.280354,0.72320753,0.07232076,1.0881311,1.0881311,0.98039216,1138,1137,1133,1129,1138,,,
United States,2023-04-16,104057.0,103081453,1290,1121819,104057,1290,0.6,-25.4,207529,3019,-37.0,-21.2,304.67535,3.777076,301818.97,3284.6477,304.67535,3.777076,607.6378,8.839529,328.46478,0.3777076,14865.286,184.28572,43.525047,0.53958225,0.053958226,1.088284,1.088284,0.73146665,1139,1138,1134,1130,1139,,,
United States,2023-04-17,0.0,103081453,0,1121819,104057,1290,0.6,-25.4,207529,3019,-37.0,-21.2,0.0,0.0,301818.97,3284.6477,304.67535,3.777076,607.6378,8.839529,328.46478,0.0,14865.286,184.28572,43.525047,0.53958225,0.053958226,1.088284,1.088284,0.73146665,1140,1139,1135,1131,1140,,,
United States,2023-04-18,0.0,103081453,0,1121819,104057,1290,0.6,-25.4,207529,3019,-37.0,-21.2,0.0,0.0,301818.97,3284.6477,304.67535,3.777076,607.6378,8.839529,328.46478,0.0,14865.286,184.28572,43.525047,0.53958225,0.053958226,1.088284,1.088284,,1141,1140,1136,1132,1141,,,
United States,2023-04-19,0.0,103081453,0,1121819,104057,1290,0.6,-25.4,207529,3019,-37.0,-21.2,0.0,0.0,301818.97,3284.6477,304.67535,3.777076,607.6378,8.839529,328.46478,0.0,14865.286,184.28572,43.525047,0.53958225,0.053958226,1.088284,1.088284,1.2467141,1142,1141,1137,1133,1142,,,
United States,2023-04-20,0.0,103081453,0,1121819,104057,1290,0.6,-25.4,207529,3019,-37.0,-21.2,0.0,0.0,301818.97,3284.6477,304.67535,3.777076,607.6378,8.839529,328.46478,0.0,14865.286,184.28572,43.525047,0.53958225,0.053958226,1.088284,1.088284,1.2467141,1143,1142,1138,1134,1143,,,
United States,2023-04-21,0.0,103081453,0,1121819,104057,1290,0.6,-25.4,207529,3019,-37.0,-21.2,0.0,0.0,301818.97,3284.6477,304.67535,3.777076,607.6378,8.839529,328.46478,0.0,14865.286,184.28572,43.525047,0.53958225,0.053958226,1.088284,1.088284,1.2467141,1144,1143,1139,1135,1144,,,
United States,2023-04-22,0.0,103081453,0,1121819,104057,1290,0.6,-25.4,207529,3019,17.7,72.9,0.0,0.0,301818.97,3284.6477,304.67535,3.777076,607.6378,8.839529,328.46478,0.0,14865.286,184.28572,43.525047,0.53958225,0.053958226,1.088284,1.088284,1.2467141,1145,1144,1140,1136,1145,,,
United States,2023-04-23,98467.0,103179920,1198,1123017,98467,1198,-5.4,-7.1,202524,2488,-27.6,-28.4,288.308,3.507703,302107.28,3288.1555,288.308,3.507703,592.98334,7.284779,328.81555,0.3507703,14066.714,171.14285,41.18686,0.5011004,0.050110042,1.0884066,1.0884066,1.1578012,1146,1145,1141,1137,1146,,,
United States,2023-04-24,0.0,103179920,0,1123017,98467,1198,-5.4,-7.1,202524,2488,-27.6,-28.4,0.0,0.0,302107.28,3288.1555,288.308,3.507703,592.98334,7.284779,328.81555,0.0,14066.714,171.14285,41.18686,0.5011004,0.050110042,1.0884066,1.0884066,1.1578012,1147,1146,1142,1138,1147,,,
United States,2023-04-25,0.0,103179920,0,1123017,98467,1198,-5.4,-7.1,202524,2488,-27.6,-28.4,0.0,0.0,302107.28,3288.1555,288.308,3.507703,592.98334,7.284779,328.81555,0.0,14066.714,171.14285,41.18686,0.5011004,0.050110042,1.0884066,1.0884066,1.1578012,1148,1147,1143,1139,1148,,,
United States,2023-04-26,0.0,103179920,0,1123017,98467,1198,-5.4,-7.1,202524,2488,-27.6,-28.4,0.0,0.0,302107.28,3288.1555,288.308,3.507703,592.98334,7.284779,328.81555,0.0,14066.714,171.14285,41.18686,0.5011004,0.050110042,1.0884066,1.0884066,1.1512921,1149,1148,1144,1140,1149,,,
United States,2023-04-27,0.0,103179920,0,1123017,98467,1198,-5.4,-7.1,202524,2488,-27.6,-28.4,0.0,0.0,302107.28,3288.1555,288.308,3.507703,592.98334,7.284779,328.81555,0.0,14066.714,171.14285,41.18686,0.5011004,0.050110042,1.0884066,1.0884066,1.1512921,1150,1149,1145,1141,1150,,,
United States,2023-04-28,0.0,103179920,0,1123017,98467,1198,-5.4,-7.1,202524,2488,-27.6,-28.4,0.0,0.0,302107.28,3288.1555,288.308,3.507703,592.98334,7.284779,328.81555,0.0,14066.714,171.14285,41.18686,0.5011004,0.050110042,1.0884066,1.0884066,1.1512921,1151,1150,1146,1142,1151,,,
United States,2023-04-29,0.0,103179920,0,1123017,98467,1198,-5.4,-7.1,202524,2488,95.7,43.9,0.0,0.0,302107.28,3288.1555,288.308,3.507703,592.98334,7.284779,328.81555,0.0,14066.714,171.14285,41.18686,0.5011004,0.050110042,1.0884066,1.0884066,1.1512921,1152,1151,1147,1143,1152,,,
United States,2023-04-30,86484.0,103266404,1046,1124063,86484,1046,-12.2,-12.7,184951,2244,-10.9,-25.7,253.2222,3.0626523,302360.5,3291.218,253.2222,3.0626523,541.5302,6.5703554,329.1218,0.30626523,12354.857,149.42857,36.1746,0.43752176,0.043752175,1.0885079,1.0885079,1.0052183,1153,1152,1148,1144,1153,,,
United States,2023-05-01,0.0,103266404,0,1124063,86484,1046,-12.2,-12.7,184951,2244,-10.9,-25.7,0.0,0.0,302360.5,3291.218,253.2222,3.0626523,541.5302,6.5703554,329.1218,0.0,12354.857,149.42857,36.1746,0.43752176,0.043752175,1.0885079,1.0885079,1.0052183,1154,1153,1149,1145,1154,,,
United States,2023-05-02,0.0,103266404,0,1124063,86484,1046,-12.2,-12.7,184951,2244,-10.9,-25.7,0.0,0.0,302360.5,3291.218,253.2222,3.0626523,541.5302,6.5703554,329.1218,0.0,12354.857,149.42857,36.1746,0.43752176,0.043752175,1.0885079,1.0885079,1.0052183,1155,1154,1150,1146,1155,,,
United States,2023-05-03,0.0,103266404,0,1124063,86484,1046,-12.2,-12.7,184951,2244,-10.9,-25.7,0.0,0.0,302360.5,3291.218,253.2222,3.0626523,541.5302,6.5703554,329.1218,0.0,12354.857,149.42857,36.1746,0.43752176,0.043752175,1.0885079,1.0885079,1.0622848,1156,1155,1151,1147,1156,,,
United States,2023-05-04,0.0,103266404,0,1124063,86484,1046,-12.2,-12.7,184951,2244,-10.9,-25.7,0.0,0.0,302360.5,3291.218,253.2222,3.0626523,541.5302,6.5703554,329.1218,0.0,12354.857,149.42857,36.1746,0.43752176,0.043752175,1.0885079,1.0885079,1.0622848,1157,1156,1152,1148,1157,,,
United States,2023-05-05,0.0,103266404,0,1124063,86484,1046,-12.2,-12.7,184951,2244,-10.9,-25.7,0.0,0.0,302360.5,3291.218,253.2222,3.0626523,541.5302,6.5703554,329.1218,0.0,12354.857,149.42857,36.1746,0.43752176,0.043752175,1.0885079,1.0885079,1.0622848,1158,1157,1153,1149,1158,,,
United States,2023-05-06,0.0,103266404,0,1124063,86484,1046,-12.2,-12.7,184951,2244,-10.9,-25.7,0.0,0.0,302360.5,3291.218,253.2222,3.0626523,541.5302,6.5703554,329.1218,0.0,12354.857,149.42857,36.1746,0.43752176,0.043752175,1.0885079,1.0885079,1.0622848,1159,1158,1154,1150,1159,,,
United States,2023-05-07,77165.0,103343569,1146,1125209,77165,1146,-10.8,9.6,163649,2192,-19.2,-11.9,225.93648,3.3554487,302586.44,3294.5735,225.93648,3.3554487,479.1587,6.4181013,329.45734,0.33554488,11023.571,163.71428,32.27664,0.47934982,0.047934983,1.0888041,1.0888041,1.1638417,1160,1159,1155,1151,1160,,,
United States,2023-05-08,0.0,103343569,0,1125209,77165,1146,-10.8,9.6,163649,2192,-19.2,-11.9,0.0,0.0,302586.44,3294.5735,225.93648,3.3554487,479.1587,6.4181013,329.45734,0.0,11023.571,163.71428,32.27664,0.47934982,0.047934983,1.0888041,1.0888041,1.1638417,1161,1160,1156,1152,1161,,,
United States,2023-05-09,0.0,103343569,0,1125209,77165,1146,-10.8,9.6,163649,2192,-19.2,-11.9,0.0,0.0,302586.44,3294.5735,225.93648,3.3554487,479.1587,6.4181013,329.45734,0.0,11023.571,163.71428,32.27664,0.47934982,0.047934983,1.0888041,1.0888041,1.1638417,1162,1161,1157,1153,1162,,,
United States,2023-05-10,0.0,103343569,0,1125209,77165,1146,-10.8,9.6,163649,2192,-19.2,-11.9,0.0,0.0,302586.44,3294.5735,225.93648,3.3554487,479.1587,6.4181013,329.45734,0.0,11023.571,163.71428,32.27664,0.47934982,0.047934983,1.0888041,1.0888041,1.3251005,1163,1162,1158,1154,1163,,,
United States,2023-05-11,0.0,103343569,0,1125209,77165,1146,-10.8,9.6,163649,2192,-19.2,-11.9,0.0,0.0,302586.44,3294.5735,225.93648,3.3554487,479.1587,6.4181013,329.45734,0.0,11023.571,163.71428,32.27664,0.47934982,0.047934983,1.0888041,1.0888041,1.3251005,1164,1163,1159,1155,1164,,,
United States,2023-05-12,0.0,103343569,0,1125209,77165,1146,-10.8,9.6,163649,2192,-19.2,-11.9,0.0,0.0,302586.44,3294.5735,225.93648,3.3554487,479.1587,6.4181013,329.45734,0.0,11023.571,163.71428,32.27664,0.47934982,0.047934983,1.0888041,1.0888041,1.3251005,1165,1164,1160,1156,1165,,,
United States,2023-05-13,0.0,103343569,0,1125209,77165,1146,-10.8,9.6,163649,2192,-19.2,-11.9,0.0,0.0,302586.44,3294.5735,225.93648,3.3554487,479.1587,6.4181013,329.45734,0.0,11023.571,163.71428,32.27664,0.47934982,0.047934983,1.0888041,1.0888041,1.3251005,1166,1165,1161,1157,1166,,,
United States,2023-05-14,93260.0,103436829,1943,1127152,93260,1943,20.9,69.5,170425,3089,-7.9,37.7,273.0621,5.689038,302859.5,3300.2625,273.0621,5.689038,498.99857,9.044486,330.02625,0.56890374,13322.857,277.57144,39.00887,0.81271964,0.08127197,1.0897008,1.0897008,2.2466583,1167,1166,1162,1158,1167,,,
United States,2023-05-15,0.0,103436829,0,1127152,93260,1943,20.9,69.5,170425,3089,-7.9,37.7,0.0,0.0,302859.5,3300.2625,273.0621,5.689038,498.99857,9.044486,330.02625,0.0,13322.857,277.57144,39.00887,0.81271964,0.08127197,1.0897008,1.0897008,2.2466583,1168,1167,1163,1159,1168,,,
United States,2023-05-16,0.0,103436829,761,1127913,93260,2704,20.9,136.0,170425,3850,-7.9,71.6,0.0,2.228182,302859.5,3302.4907,273.0621,7.9172196,498.99857,11.272669,330.24908,0.2228182,13322.857,386.2857,39.00887,1.1310314,0.11310314,1.0904366,1.0904366,3.1265898,1169,1168,1164,1160,1169,,,
United States,2023-05-17,0.0,103436829,0,1127913,93260,2704,20.9,136.0,170425,3850,-7.9,71.6,0.0,0.0,302859.5,3302.4907,273.0621,7.9172196,498.99857,11.272669,330.24908,0.0,13322.857,386.2857,39.00887,1.1310314,0.11310314,1.0904366,1.0904366,3.5041792,1170,1169,1165,1161,1170,,,
United States,2023-05-18,0.0,103436829,0,1127913,93260,2704,20.9,136.0,170425,3850,-7.9,71.6,0.0,0.0,302859.5,3302.4907,273.0621,7.9172196,498.99857,11.272669,330.24908,0.0,13322.857,386.2857,39.00887,1.1310314,0.11310314,1.0904366,1.0904366,3.5041792,1171,1170,1166,1162,1171,,,
United States,2023-05-19,0.0,103436829,0,1127913,93260,2704,20.9,136.0,170425,3850,-7.9,71.6,0.0,0.0,302859.5,3302.4907,273.0621,7.9172196,498.99857,11.272669,330.24908,0.0,13322.857,386.2857,39.00887,1.1310314,0.11310314,1.0904366,1.0904366,3.5041792,1172,1171,1167,1163,1172,,,
United States,2023-05-20,0.0,103436829,0,1127913,93260,2704,20.9,136.0,170425,3850,-7.9,71.6,0.0,0.0,302859.5,3302.4907,273.0621,7.9172196,498.99857,11.272669,330.24908,0.0,13322.857,386.2857,39.00887,1.1310314,0.11310314,1.0904366,1.0904366,3.5041792,1173,1172,1168,1164,1173,,,
United States,2023-05-21,0.0,103436829,0,1127913,,761,-100.0,-60.8,,2704,-43.0,23.4,,0.0,302859.5,3302.4907,,2.228182,,7.9172196,330.24908,0.0,0.0,108.71429,0.0,0.31831172,0.03183117,1.0904366,1.0904366,0.9861984,1174,1173,1169,1165,1174,,,
United States,2023-05-22,0.0,103436829,0,1127913,,761,,-60.8,,2704,,23.4,,0.0,302859.5,3302.4907,,2.228182,,7.9172196,330.24908,0.0,,108.71429,,0.31831172,0.03183117,1.0904366,1.0904366,0.9861984,1175,1174,1170,1166,1175,,,
United States,2023-05-23,0.0,103436829,743,1128656,,743,,-72.5,,3447,,57.3,,2.1754787,302859.5,3304.6663,,2.1754787,,10.092698,330.4666,0.21754786,,106.14286,,0.31078267,0.031078266,1.0911548,1.0911548,0.9628718,1176,1175,1171,1167,1176,,,
United States,2023-05-24,0.0,103436829,0,1128656,,743,,-72.5,,3447,,57.3,,0.0,302859.5,3304.6663,,2.1754787,,10.092698,330.4666,0.0,,106.14286,,0.31078267,0.031078266,1.0911548,1.0911548,0.7966974,1177,1176,1172,1168,1177,,,
United States,2023-05-25,0.0,103436829,0,1128656,,743,,-72.5,,3447,,57.3,,0.0,302859.5,3304.6663,,2.1754787,,10.092698,330.4666,0.0,,106.14286,,0.31078267,0.031078266,1.0911548,1.0911548,0.7966974,1178,1177,1173,1169,1178,,,
United States,2023-05-26,0.0,103436829,0,1128656,,743,,-72.5,,3447,,57.3,,0.0,302859.5,3304.6663,,2.1754787,,10.092698,330.4666,0.0,,106.14286,,0.31078267,0.031078266,1.0911548,1.0911548,0.7966974,1179,1178,1174,1170,1179,,,
United States,2023-05-27,0.0,103436829,0,1128656,,743,,-72.5,,3447,,57.3,,0.0,302859.5,3304.6663,,2.1754787,,10.092698,330.4666,0.0,,106.14286,,0.31078267,0.031078266,1.0911548,1.0911548,0.7966974,1180,1179,1175,1171,1180,,,
United States,2023-05-28,0.0,103436829,0,1128656,,743,,-2.4,,1504,,-51.3,,0.0,302859.5,3304.6663,,2.1754787,,4.403661,330.4666,0.0,,106.14286,,0.31078267,0.031078266,1.0911548,1.0911548,0.7966974,1181,1180,1176,1172,1181,,,
United States,2023-05-29,0.0,103436829,0,1128656,,743,,-2.4,,1504,,-51.3,,0.0,302859.5,3304.6663,,2.1754787,,4.403661,330.4666,0.0,,106.14286,,0.31078267,0.031078266,1.0911548,1.0911548,0.7966974,1182,1181,1177,1173,1182,,,
United States,2023-05-30,0.0,103436829,697,1129353,,697,,-6.2,,1440,,-62.6,,2.0407922,302859.5,3306.707,,2.0407922,,4.216271,330.6707,0.20407921,,99.57143,,0.29154173,0.029154174,1.0918287,1.0918287,0.7473729,1183,1182,1178,1174,1183,,,
United States,2023-05-31,0.0,103436829,0,1129353,,697,,-6.2,,1440,,-62.6,,0.0,302859.5,3306.707,,2.0407922,,4.216271,330.6707,0.0,,99.57143,,0.29154173,0.029154174,1.0918287,1.0918287,,1184,1183,1179,1175,1184,,,
United States,2023-06-01,0.0,103436829,0,1129353,,697,,-6.2,,1440,,-62.6,,0.0,302859.5,3306.707,,2.0407922,,4.216271,330.6707,0.0,,99.57143,,0.29154173,0.029154174,1.0918287,1.0918287,,1185,1184,1180,1176,1185,,,
United States,2023-06-02,0.0,103436829,0,1129353,,697,,-6.2,,1440,,-62.6,,0.0,302859.5,3306.707,,2.0407922,,4.216271,330.6707,0.0,,99.57143,,0.29154173,0.029154174,1.0918287,1.0918287,,1186,1185,1181,1177,1186,,,
United States,2023-06-03,0.0,103436829,0,1129353,,697,,-6.2,,1440,,-62.6,,0.0,302859.5,3306.707,,2.0407922,,4.216271,330.6707,0.0,,99.57143,,0.29154173,0.029154174,1.0918287,1.0918287,,1187,1186,1182,1178,1187,,,
United States,2023-06-04,0.0,103436829,0,1129353,,697,,-6.2,,1440,,-46.7,,0.0,302859.5,3306.707,,2.0407922,,4.216271,330.6707,0.0,,99.57143,,0.29154173,0.029154174,1.0918287,1.0918287,,1188,1187,1183,1179,1188,,,
United States,2023-06-05,0.0,103436829,0,1129353,,697,,-6.2,,1440,,-46.7,,0.0,302859.5,3306.707,,2.0407922,,4.216271,330.6707,0.0,,99.57143,,0.29154173,0.029154174,1.0918287,1.0918287,,1189,1188,1184,1180,1189,,,
United States,2023-06-06,0.0,103436829,633,1129986,,633,,-9.2,,1330,,-61.4,,1.8534024,302859.5,3308.5603,,1.8534024,,3.8941946,330.85605,0.18534024,,90.42857,,0.26477176,0.026477177,1.0924407,1.0924407,,1190,1189,1185,1181,1190,,,
United States,2023-06-07,0.0,103436829,0,1129986,,633,,-9.2,,1330,,-61.4,,0.0,302859.5,3308.5603,,1.8534024,,3.8941946,330.85605,0.0,,90.42857,,0.26477176,0.026477177,1.0924407,1.0924407,,1191,1190,1186,1182,1191,,,
United States,2023-06-08,0.0,103436829,0,1129986,,633,,-9.2,,1330,,-61.4,,0.0,302859.5,3308.5603,,1.8534024,,3.8941946,330.85605,0.0,,90.42857,,0.26477176,0.026477177,1.0924407,1.0924407,,1192,1191,1187,1183,1192,,,
United States,2023-06-09,0.0,103436829,0,1129986,,633,,-9.2,,1330,,-61.4,,0.0,302859.5,3308.5603,,1.8534024,,3.8941946,330.85605,0.0,,90.42857,,0.26477176,0.026477177,1.0924407,1.0924407,,1193,1192,1188,1184,1193,,,
United States,2023-06-10,0.0,103436829,0,1129986,,633,,-9.2,,1330,,-61.4,,0.0,302859.5,3308.5603,,1.8534024,,3.8941946,330.85605,0.0,,90.42857,,0.26477176,0.026477177,1.0924407,1.0924407,,1194,1193,1189,1185,1194,,,
United States,2023-06-11,0.0,103436829,0,1129986,,633,,-9.2,,1330,,-11.6,,0.0,302859.5,3308.5603,,1.8534024,,3.8941946,330.85605,0.0,,90.42857,,0.26477176,0.026477177,1.0924407,1.0924407,,1195,1194,1190,1186,1195,,,
United States,2023-06-12,0.0,103436829,0,1129986,,633,,-9.2,,1330,,-11.6,,0.0,302859.5,3308.5603,,1.8534024,,3.8941946,330.85605,0.0,,90.42857,,0.26477176,0.026477177,1.0924407,1.0924407,,1196,1195,1191,1187,1196,,,
United States,2023-06-13,0.0,103436829,613,1130599,,613,,-3.2,,1246,,-13.5,,1.7948431,302859.5,3310.3552,,1.7948431,,3.6482453,331.03552,0.17948431,,87.57143,,0.25640616,0.025640614,1.0930333,1.0930333,,1197,1196,1192,1188,1197,,,
United States,2023-06-14,0.0,103436829,0,1130599,,613,,-3.2,,1246,,-13.5,,0.0,302859.5,3310.3552,,1.7948431,,3.6482453,331.03552,0.0,,87.57143,,0.25640616,0.025640614,1.0930333,1.0930333,,1198,1197,1193,1189,1198,,,
United States,2023-06-15,0.0,103436829,0,1130599,,613,,-3.2,,1246,,-13.5,,0.0,302859.5,3310.3552,,1.7948431,,3.6482453,331.03552,0.0,,87.57143,,0.25640616,0.025640614,1.0930333,1.0930333,,1199,1198,1194,1190,1199,,,
United States,2023-06-16,0.0,103436829,0,1130599,,613,,-3.2,,1246,,-13.5,,0.0,302859.5,3310.3552,,1.7948431,,3.6482453,331.03552,0.0,,87.57143,,0.25640616,0.025640614,1.0930333,1.0930333,,1200,1199,1195,1191,1200,,,
United States,2023-06-17,0.0,103436829,0,1130599,,613,,-3.2,,1246,,-13.5,,0.0,302859.5,3310.3552,,1.7948431,,3.6482453,331.03552,0.0,,87.57143,,0.25640616,0.025640614,1.0930333,1.0930333,,1201,1200,1196,1192,1201,,,
United States,2023-06-18,0.0,103436829,0,1130599,,613,,-3.2,,1246,,-13.5,,0.0,302859.5,3310.3552,,1.7948431,,3.6482453,331.03552,0.0,,87.57143,,0.25640616,0.025640614,1.0930333,1.0930333,,1202,1201,1197,1193,1202,,,
United States,2023-06-19,0.0,103436829,0,1130599,,613,,-3.2,,1246,,-13.5,,0.0,302859.5,3310.3552,,1.7948431,,3.6482453,331.03552,0.0,,87.57143,,0.25640616,0.025640614,1.0930333,1.0930333,,1203,1202,1198,1194,1203,,,
United States,2023-06-20,0.0,103436829,584,1131183,,584,,-4.7,,1197,,-10.0,,1.7099321,302859.5,3312.0652,,1.7099321,,3.504775,331.2065,0.17099321,,83.42857,,0.244276,0.0244276,1.0935979,1.0935979,,1204,1203,1199,1195,1204,,,
United States,2023-06-21,0.0,103436829,0,1131183,,584,,-4.7,,1197,,-10.0,,0.0,302859.5,3312.0652,,1.7099321,,3.504775,331.2065,0.0,,83.42857,,0.244276,0.0244276,1.0935979,1.0935979,,1205,1204,1200,1196,1205,,,
United States,2023-06-22,0.0,103436829,0,1131183,,584,,-4.7,,1197,,-10.0,,0.0,302859.5,3312.0652,,1.7099321,,3.504775,331.2065,0.0,,83.42857,,0.244276,0.0244276,1.0935979,1.0935979,,1206,1205,1201,1197,1206,,,
United States,2023-06-23,0.0,103436829,0,1131183,,584,,-4.7,,1197,,-10.0,,0.0,302859.5,3312.0652,,1.7099321,,3.504775,331.2065,0.0,,83.42857,,0.244276,0.0244276,1.0935979,1.0935979,,1207,1206,1202,1198,1207,,,
United States,2023-06-24,0.0,103436829,0,1131183,,584,,-4.7,,1197,,-10.0,,0.0,302859.5,3312.0652,,1.7099321,,3.504775,331.2065,0.0,,83.42857,,0.244276,0.0244276,1.0935979,1.0935979,,1208,1207,1203,1199,1208,,,
United States,2023-06-25,0.0,103436829,0,1131183,,584,,-4.7,,1197,,-10.0,,0.0,302859.5,3312.0652,,1.7099321,,3.504775,331.2065,0.0,,83.42857,,0.244276,0.0244276,1.0935979,1.0935979,,1209,1208,1204,1200,1209,,,
United States,2023-06-26,0.0,103436829,0,1131183,,584,,-4.7,,1197,,-10.0,,0.0,302859.5,3312.0652,,1.7099321,,3.504775,331.2065,0.0,,83.42857,,0.244276,0.0244276,1.0935979,1.0935979,,1210,1209,1205,1201,1210,,,
United States,2023-06-27,0.0,103436829,543,1131726,,543,,-7.0,,1127,,-9.6,,1.5898855,302859.5,3313.655,,1.5898855,,3.2998176,331.3655,0.15898855,,77.57143,,0.2271265,0.02271265,1.0941229,1.0941229,,1211,1210,1206,1202,1211,,,
United States,2023-06-28,0.0,103436829,0,1131726,,543,,-7.0,,1127,,-9.6,,0.0,302859.5,3313.655,,1.5898855,,3.2998176,331.3655,0.0,,77.57143,,0.2271265,0.02271265,1.0941229,1.0941229,,1212,1211,1207,1203,1212,,,
United States,2023-06-29,0.0,103436829,0,1131726,,543,,-7.0,,1127,,-9.6,,0.0,302859.5,3313.655,,1.5898855,,3.2998176,331.3655,0.0,,77.57143,,0.2271265,0.02271265,1.0941229,1.0941229,,1213,1212,1208,1204,1213,,,
United States,2023-06-30,0.0,103436829,0,1131726,,543,,-7.0,,1127,,-9.6,,0.0,302859.5,3313.655,,1.5898855,,3.2998176,331.3655,0.0,,77.57143,,0.2271265,0.02271265,1.0941229,1.0941229,,1214,1213,1209,1205,1214,,,
United States,2023-07-01,0.0,103436829,0,1131726,,543,,-7.0,,1127,,-9.6,,0.0,302859.5,3313.655,,1.5898855,,3.2998176,331.3655,0.0,,77.57143,,0.2271265,0.02271265,1.0941229,1.0941229,,1215,1214,1210,1206,1215,,,
United States,2023-07-02,0.0,103436829,0,1131726,,543,,-7.0,,1127,,-9.6,,0.0,302859.5,3313.655,,1.5898855,,3.2998176,331.3655,0.0,,77.57143,,0.2271265,0.02271265,1.0941229,1.0941229,,1216,1215,1211,1207,1216,,,
United States,2023-07-03,0.0,103436829,0,1131726,,543,,-7.0,,1127,,-9.6,,0.0,302859.5,3313.655,,1.5898855,,3.2998176,331.3655,0.0,,77.57143,,0.2271265,0.02271265,1.0941229,1.0941229,,1217,1216,1212,1208,1217,,,
United States,2023-07-04,0.0,103436829,494,1132220,,494,,-9.0,,1037,,-13.4,,1.4464151,302859.5,3315.1016,,1.4464151,,3.0363007,331.51013,0.14464152,,70.57143,,0.20663074,0.020663073,1.0946004,1.0946004,,1218,1217,1213,1209,1218,,,
United States,2023-07-05,0.0,103436829,0,1132220,,494,,-9.0,,1037,,-13.4,,0.0,302859.5,3315.1016,,1.4464151,,3.0363007,331.51013,0.0,,70.57143,,0.20663074,0.020663073,1.0946004,1.0946004,,1219,1218,1214,1210,1219,,,
United States,2023-07-06,0.0,103436829,0,1132220,,494,,-9.0,,1037,,-13.4,,0.0,302859.5,3315.1016,,1.4464151,,3.0363007,331.51013,0.0,,70.57143,,0.20663074,0.020663073,1.0946004,1.0946004,,1220,1219,1215,1211,1220,,,
United States,2023-07-07,0.0,103436829,0,1132220,,494,,-9.0,,1037,,-13.4,,0.0,302859.5,3315.1016,,1.4464151,,3.0363007,331.51013,0.0,,70.57143,,0.20663074,0.020663073,1.0946004,1.0946004,,1221,1220,1216,1212,1221,,,
United States,2023-07-08,0.0,103436829,0,1132220,,494,,-9.0,,1037,,-13.4,,0.0,302859.5,3315.1016,,1.4464151,,3.0363007,331.51013,0.0,,70.57143,,0.20663074,0.020663073,1.0946004,1.0946004,,1222,1221,1217,1213,1222,,,
United States,2023-07-09,0.0,103436829,0,1132220,,494,,-9.0,,1037,,-13.4,,0.0,302859.5,3315.1016,,1.4464151,,3.0363007,331.51013,0.0,,70.57143,,0.20663074,0.020663073,1.0946004,1.0946004,,1223,1222,1218,1214,1223,,,
United States,2023-07-10,0.0,103436829,0,1132220,,494,,-9.0,,1037,,-13.4,,0.0,302859.5,3315.1016,,1.4464151,,3.0363007,331.51013,0.0,,70.57143,,0.20663074,0.020663073,1.0946004,1.0946004,,1224,1223,1219,1215,1224,,,
United States,2023-07-11,0.0,103436829,510,1132730,,510,,3.2,,1004,,-10.9,,1.4932625,302859.5,3316.5947,,1.4932625,,2.9396777,331.6595,0.14932625,,72.85714,,0.21332322,0.021332322,1.0950935,1.0950935,,1225,1224,1220,1216,1225,,,
United States,2023-07-12,0.0,103436829,0,1132730,,510,,3.2,,1004,,-10.9,,0.0,302859.5,3316.5947,,1.4932625,,2.9396777,331.6595,0.0,,72.85714,,0.21332322,0.021332322,1.0950935,1.0950935,,1226,1225,1221,1217,1226,,,
United States,2023-07-13,0.0,103436829,0,1132730,,510,,3.2,,1004,,-10.9,,0.0,302859.5,3316.5947,,1.4932625,,2.9396777,331.6595,0.0,,72.85714,,0.21332322,0.021332322,1.0950935,1.0950935,,1227,1226,1222,1218,1227,,,
United States,2023-07-14,0.0,103436829,0,1132730,,510,,3.2,,1004,,-10.9,,0.0,302859.5,3316.5947,,1.4932625,,2.9396777,331.6595,0.0,,72.85714,,0.21332322,0.021332322,1.0950935,1.0950935,,1228,1227,1223,1219,1228,,,
United States,2023-07-15,0.0,103436829,0,1132730,,510,,3.2,,1004,,-10.9,,0.0,302859.5,3316.5947,,1.4932625,,2.9396777,331.6595,0.0,,72.85714,,0.21332322,0.021332322,1.0950935,1.0950935,,1229,1228,1224,1220,1229,,,
United States,2023-07-16,0.0,103436829,0,1132730,,510,,3.2,,1004,,-10.9,,0.0,302859.5,3316.5947,,1.4932625,,2.9396777,331.6595,0.0,,72.85714,,0.21332322,0.021332322,1.0950935,1.0950935,,1230,1229,1225,1221,1230,,,
United States,2023-07-17,0.0,103436829,0,1132730,,510,,3.2,,1004,,-10.9,,0.0,302859.5,3316.5947,,1.4932625,,2.9396777,331.6595,0.0,,72.85714,,0.21332322,0.021332322,1.0950935,1.0950935,,1231,1230,1226,1222,1231,,,
United States,2023-07-18,0.0,103436829,540,1133270,,540,,5.9,,1050,,1.3,,1.5811015,302859.5,3318.1758,,1.5811015,,3.0743642,331.8176,0.15811016,,77.14286,,0.22587165,0.022587165,1.0956156,1.0956156,,1232,1231,1227,1223,1232,,,
United States,2023-07-19,0.0,103436829,0,1133270,,540,,5.9,,1050,,1.3,,0.0,302859.5,3318.1758,,1.5811015,,3.0743642,331.8176,0.0,,77.14286,,0.22587165,0.022587165,1.0956156,1.0956156,,1233,1232,1228,1224,1233,,,
United States,2023-07-20,0.0,103436829,0,1133270,,540,,5.9,,1050,,1.3,,0.0,302859.5,3318.1758,,1.5811015,,3.0743642,331.8176,0.0,,77.14286,,0.22587165,0.022587165,1.0956156,1.0956156,,1234,1233,1229,1225,1234,,,
United States,2023-07-21,0.0,103436829,0,1133270,,540,,5.9,,1050,,1.3,,0.0,302859.5,3318.1758,,1.5811015,,3.0743642,331.8176,0.0,,77.14286,,0.22587165,0.022587165,1.0956156,1.0956156,,1235,1234,1230,1226,1235,,,
United States,2023-07-22,0.0,103436829,0,1133270,,540,,5.9,,1050,,1.3,,0.0,302859.5,3318.1758,,1.5811015,,3.0743642,331.8176,0.0,,77.14286,,0.22587165,0.022587165,1.0956156,1.0956156,,1236,1235,1231,1227,1236,,,
United States,2023-07-23,0.0,103436829,0,1133270,,540,,5.9,,1050,,1.3,,0.0,302859.5,3318.1758,,1.5811015,,3.0743642,331.8176,0.0,,77.14286,,0.22587165,0.022587165,1.0956156,1.0956156,,1237,1236,1232,1228,1237,,,
United States,2023-07-24,0.0,103436829,0,1133270,,540,,5.9,,1050,,1.3,,0.0,302859.5,3318.1758,,1.5811015,,3.0743642,331.8176,0.0,,77.14286,,0.22587165,0.022587165,1.0956156,1.0956156,,1238,1237,1233,1229,1238,,,
United States,2023-07-25,0.0,103436829,554,1133824,,554,,2.6,,1094,,9.0,,1.6220931,302859.5,3319.7979,,1.6220931,,3.2031946,331.9798,0.1622093,,79.14286,,0.23172759,0.023172759,1.0961511,1.0961511,,1239,1238,1234,1230,1239,,,
United States,2023-07-26,0.0,103436829,0,1133824,,554,,2.6,,1094,,9.0,,0.0,302859.5,3319.7979,,1.6220931,,3.2031946,331.9798,0.0,,79.14286,,0.23172759,0.023172759,1.0961511,1.0961511,,1240,1239,1235,1231,1240,,,
United States,2023-07-27,0.0,103436829,0,1133824,,554,,2.6,,1094,,9.0,,0.0,302859.5,3319.7979,,1.6220931,,3.2031946,331.9798,0.0,,79.14286,,0.23172759,0.023172759,1.0961511,1.0961511,,1241,1240,1236,1232,1241,,,
United States,2023-07-28,0.0,103436829,0,1133824,,554,,2.6,,1094,,9.0,,0.0,302859.5,3319.7979,,1.6220931,,3.2031946,331.9798,0.0,,79.14286,,0.23172759,0.023172759,1.0961511,1.0961511,,1242,1241,1237,1233,1242,,,
United States,2023-07-29,0.0,103436829,0,1133824,,554,,2.6,,1094,,9.0,,0.0,302859.5,3319.7979,,1.6220931,,3.2031946,331.9798,0.0,,79.14286,,0.23172759,0.023172759,1.0961511,1.0961511,,1243,1242,1238,1234,1243,,,
United States,2023-07-30,0.0,103436829,0,1133824,,554,,2.6,,1094,,9.0,,0.0,302859.5,3319.7979,,1.6220931,,3.2031946,331.9798,0.0,,79.14286,,0.23172759,0.023172759,1.0961511,1.0961511,,1244,1243,1239,1235,1244,,,
United States,2023-07-31,0.0,103436829,0,1133824,,554,,2.6,,1094,,9.0,,0.0,302859.5,3319.7979,,1.6220931,,3.2031946,331.9798,0.0,,79.14286,,0.23172759,0.023172759,1.0961511,1.0961511,,1245,1244,1240,1236,1245,,,
United States,2023-08-01,0.0,103436829,673,1134497,,673,,21.5,,1227,,16.9,,1.970521,302859.5,3321.7686,,1.970521,,3.5926142,332.17685,0.1970521,,96.14286,,0.281503,0.0281503,1.0968018,1.0968018,,1246,1245,1241,1237,1246,,,
United States,2023-08-02,0.0,103436829,0,1134497,,673,,21.5,,1227,,16.9,,0.0,302859.5,3321.7686,,1.970521,,3.5926142,332.17685,0.0,,96.14286,,0.281503,0.0281503,1.0968018,1.0968018,,1247,1246,1242,1238,1247,,,
United States,2023-08-03,0.0,103436829,0,1134497,,673,,21.5,,1227,,16.9,,0.0,302859.5,3321.7686,,1.970521,,3.5926142,332.17685,0.0,,96.14286,,0.281503,0.0281503,1.0968018,1.0968018,,1248,1247,1243,1239,1248,,,
United States,2023-08-04,0.0,103436829,0,1134497,,673,,21.5,,1227,,16.9,,0.0,302859.5,3321.7686,,1.970521,,3.5926142,332.17685,0.0,,96.14286,,0.281503,0.0281503,1.0968018,1.0968018,,1249,1248,1244,1240,1249,,,
United States,2023-08-05,0.0,103436829,0,1134497,,673,,21.5,,1227,,16.9,,0.0,302859.5,3321.7686,,1.970521,,3.5926142,332.17685,0.0,,96.14286,,0.281503,0.0281503,1.0968018,1.0968018,,1250,1249,1245,1241,1250,,,
United States,2023-08-06,0.0,103436829,0,1134497,,673,,21.5,,1227,,16.9,,0.0,302859.5,3321.7686,,1.970521,,3.5926142,332.17685,0.0,,96.14286,,0.281503,0.0281503,1.0968018,1.0968018,,1251,1250,1246,1242,1251,,,
United States,2023-08-07,0.0,103436829,0,1134497,,673,,21.5,,1227,,16.9,,0.0,302859.5,3321.7686,,1.970521,,3.5926142,332.17685,0.0,,96.14286,,0.281503,0.0281503,1.0968018,1.0968018,,1252,1251,1247,1243,1252,,,
United States,2023-08-08,0.0,103436829,754,1135251,,754,,12.0,,1427,,30.4,,2.2076862,302859.5,3323.976,,2.2076862,,4.1782074,332.3976,0.22076863,,107.71429,,0.31538376,0.031538375,1.0975307,1.0975307,,1253,1252,1248,1244,1253,,,
United States,2023-08-09,0.0,103436829,0,1135251,,754,,12.0,,1427,,30.4,,0.0,302859.5,3323.976,,2.2076862,,4.1782074,332.3976,0.0,,107.71429,,0.31538376,0.031538375,1.0975307,1.0975307,,1254,1253,1249,1245,1254,,,
United States,2023-08-10,0.0,103436829,0,1135251,,754,,12.0,,1427,,30.4,,0.0,302859.5,3323.976,,2.2076862,,4.1782074,332.3976,0.0,,107.71429,,0.31538376,0.031538375,1.0975307,1.0975307,,1255,1254,1250,1246,1255,,,
United States,2023-08-11,0.0,103436829,0,1135251,,754,,12.0,,1427,,30.4,,0.0,302859.5,3323.976,,2.2076862,,4.1782074,332.3976,0.0,,107.71429,,0.31538376,0.031538375,1.0975307,1.0975307,,1256,1255,1251,1247,1256,,,
United States,2023-08-12,0.0,103436829,0,1135251,,754,,12.0,,1427,,30.4,,0.0,302859.5,3323.976,,2.2076862,,4.1782074,332.3976,0.0,,107.71429,,0.31538376,0.031538375,1.0975307,1.0975307,,1257,1256,1252,1248,1257,,,
United States,2023-08-13,0.0,103436829,0,1135251,,754,,12.0,,1427,,30.4,,0.0,302859.5,3323.976,,2.2076862,,4.1782074,332.3976,0.0,,107.71429,,0.31538376,0.031538375,1.0975307,1.0975307,,1258,1257,1253,1249,1258,,,
United States,2023-08-14,0.0,103436829,0,1135251,,754,,12.0,,1427,,30.4,,0.0,302859.5,3323.976,,2.2076862,,4.1782074,332.3976,0.0,,107.71429,,0.31538376,0.031538375,1.0975307,1.0975307,,1259,1258,1254,1250,1259,,,
United States,2023-08-15,0.0,103436829,925,1136176,,925,,22.7,,1679,,36.8,,2.7083683,302859.5,3326.6846,,2.7083683,,4.9160547,332.66846,0.27083683,,132.14285,,0.38690978,0.038690977,1.098425,1.098425,,1260,1259,1255,1251,1260,,,
United States,2023-08-16,0.0,103436829,0,1136176,,925,,22.7,,1679,,36.8,,0.0,302859.5,3326.6846,,2.7083683,,4.9160547,332.66846,0.0,,132.14285,,0.38690978,0.038690977,1.098425,1.098425,,1261,1260,1256,1252,1261,,,
United States,2023-08-17,0.0,103436829,0,1136176,,925,,22.7,,1679,,36.8,,0.0,302859.5,3326.6846,,2.7083683,,4.9160547,332.66846,0.0,,132.14285,,0.38690978,0.038690977,1.098425,1.098425,,1262,1261,1257,1253,1262,,,
United States,2023-08-18,0.0,103436829,0,1136176,,925,,22.7,,1679,,36.8,,0.0,302859.5,3326.6846,,2.7083683,,4.9160547,332.66846,0.0,,132.14285,,0.38690978,0.038690977,1.098425,1.098425,,1263,1262,1258,1254,1263,,,
United States,2023-08-19,0.0,103436829,0,1136176,,925,,22.7,,1679,,36.8,,0.0,302859.5,3326.6846,,2.7083683,,4.9160547,332.66846,0.0,,132.14285,,0.38690978,0.038690977,1.098425,1.098425,,1264,1263,1259,1255,1264,,,
United States,2023-08-20,0.0,103436829,0,1136176,,925,,22.7,,1679,,36.8,,0.0,302859.5,3326.6846,,2.7083683,,4.9160547,332.66846,0.0,,132.14285,,0.38690978,0.038690977,1.098425,1.098425,,1265,1264,1260,1256,1265,,,
United States,2023-08-21,0.0,103436829,0,1136176,,925,,22.7,,1679,,36.8,,0.0,302859.5,3326.6846,,2.7083683,,4.9160547,332.66846,0.0,,132.14285,,0.38690978,0.038690977,1.098425,1.098425,,1266,1265,1261,1257,1266,,,
United States,2023-08-22,0.0,103436829,1068,1137244,,1068,,15.5,,1993,,39.7,,3.1270676,302859.5,3329.8115,,3.1270676,,5.835436,332.98117,0.31270674,,152.57143,,0.44672394,0.044672392,1.0994575,1.0994575,,1267,1266,1262,1258,1267,,,
United States,2023-08-23,0.0,103436829,0,1137244,,1068,,15.5,,1993,,39.7,,0.0,302859.5,3329.8115,,3.1270676,,5.835436,332.98117,0.0,,152.57143,,0.44672394,0.044672392,1.0994575,1.0994575,,1268,1267,1263,1259,1268,,,
United States,2023-08-24,0.0,103436829,0,1137244,,1068,,15.5,,1993,,39.7,,0.0,302859.5,3329.8115,,3.1270676,,5.835436,332.98117,0.0,,152.57143,,0.44672394,0.044672392,1.0994575,1.0994575,,1269,1268,1264,1260,1269,,,
United States,2023-08-25,0.0,103436829,0,1137244,,1068,,15.5,,1993,,39.7,,0.0,302859.5,3329.8115,,3.1270676,,5.835436,332.98117,0.0,,152.57143,,0.44672394,0.044672392,1.0994575,1.0994575,,1270,1269,1265,1261,1270,,,
United States,2023-08-26,0.0,103436829,0,1137244,,1068,,15.5,,1993,,39.7,,0.0,302859.5,3329.8115,,3.1270676,,5.835436,332.98117,0.0,,152.57143,,0.44672394,0.044672392,1.0994575,1.0994575,,1271,1270,1266,1262,1271,,,
United States,2023-08-27,0.0,103436829,0,1137244,,1068,,15.5,,1993,,39.7,,0.0,302859.5,3329.8115,,3.1270676,,5.835436,332.98117,0.0,,152.57143,,0.44672394,0.044672392,1.0994575,1.0994575,,1272,1271,1267,1263,1272,,,
United States,2023-08-28,0.0,103436829,0,1137244,,1068,,15.5,,1993,,39.7,,0.0,302859.5,3329.8115,,3.1270676,,5.835436,332.98117,0.0,,152.57143,,0.44672394,0.044672392,1.0994575,1.0994575,,1273,1272,1268,1264,1273,,,
United States,2023-08-29,0.0,103436829,1188,1138432,,1188,,11.2,,2256,,34.4,,3.4784234,302859.5,3333.29,,3.4784234,,6.6054907,333.329,0.34784234,,169.71428,,0.49691764,0.049691763,1.1006061,1.1006061,,1274,1273,1269,1265,1274,,,
United States,2023-08-30,0.0,103436829,0,1138432,,1188,,11.2,,2256,,34.4,,0.0,302859.5,3333.29,,3.4784234,,6.6054907,333.329,0.0,,169.71428,,0.49691764,0.049691763,1.1006061,1.1006061,,1275,1274,1270,1266,1275,,,
United States,2023-08-31,0.0,103436829,0,1138432,,1188,,11.2,,2256,,34.4,,0.0,302859.5,3333.29,,3.4784234,,6.6054907,333.329,0.0,,169.71428,,0.49691764,0.049691763,1.1006061,1.1006061,,1276,1275,1271,1267,1276,,,
United States,2023-09-01,0.0,103436829,0,1138432,,1188,,11.2,,2256,,34.4,,0.0,302859.5,3333.29,,3.4784234,,6.6054907,333.329,0.0,,169.71428,,0.49691764,0.049691763,1.1006061,1.1006061,,1277,1276,1272,1268,1277,,,
United States,2023-09-02,0.0,103436829,0,1138432,,1188,,11.2,,2256,,34.4,,0.0,302859.5,3333.29,,3.4784234,,6.6054907,333.329,0.0,,169.71428,,0.49691764,0.049691763,1.1006061,1.1006061,,1278,1277,1273,1269,1278,,,
United States,2023-09-03,0.0,103436829,0,1138432,,1188,,11.2,,2256,,34.4,,0.0,302859.5,3333.29,,3.4784234,,6.6054907,333.329,0.0,,169.71428,,0.49691764,0.049691763,1.1006061,1.1006061,,1279,1278,1274,1270,1279,,,
United States,2023-09-04,0.0,103436829,0,1138432,,1188,,11.2,,2256,,34.4,,0.0,302859.5,3333.29,,3.4784234,,6.6054907,333.329,0.0,,169.71428,,0.49691764,0.049691763,1.1006061,1.1006061,,1280,1279,1275,1271,1280,,,
United States,2023-09-05,0.0,103436829,1317,1139749,,1317,,10.9,,2505,,25.7,,3.856131,302859.5,3337.1462,,3.856131,,7.334554,333.7146,0.3856131,,188.14285,,0.55087584,0.055087585,1.1018792,1.1018792,,1281,1280,1276,1272,1281,,,
United States,2023-09-06,0.0,103436829,0,1139749,,1317,,10.9,,2505,,25.7,,0.0,302859.5,3337.1462,,3.856131,,7.334554,333.7146,0.0,,188.14285,,0.55087584,0.055087585,1.1018792,1.1018792,,1282,1281,1277,1273,1282,,,
United States,2023-09-07,0.0,103436829,0,1139749,,1317,,10.9,,2505,,25.7,,0.0,302859.5,3337.1462,,3.856131,,7.334554,333.7146,0.0,,188.14285,,0.55087584,0.055087585,1.1018792,1.1018792,,1283,1282,1278,1274,1283,,,
United States,2023-09-08,0.0,103436829,0,1139749,,1317,,10.9,,2505,,25.7,,0.0,302859.5,3337.1462,,3.856131,,7.334554,333.7146,0.0,,188.14285,,0.55087584,0.055087585,1.1018792,1.1018792,,1284,1283,1279,1275,1284,,,
United States,2023-09-09,0.0,103436829,0,1139749,,1317,,10.9,,2505,,25.7,,0.0,302859.5,3337.1462,,3.856131,,7.334554,333.7146,0.0,,188.14285,,0.55087584,0.055087585,1.1018792,1.1018792,,1285,1284,1280,1276,1285,,,
United States,2023-09-10,0.0,103436829,0,1139749,,1317,,10.9,,2505,,25.7,,0.0,302859.5,3337.1462,,3.856131,,7.334554,333.7146,0.0,,188.14285,,0.55087584,0.055087585,1.1018792,1.1018792,,1286,1285,1281,1277,1286,,,
United States,2023-09-11,0.0,103436829,0,1139749,,1317,,10.9,,2505,,25.7,,0.0,302859.5,3337.1462,,3.856131,,7.334554,333.7146,0.0,,188.14285,,0.55087584,0.055087585,1.1018792,1.1018792,,1287,1286,1282,1278,1287,,,
United States,2023-09-12,0.0,103436829,1412,1141161,,1412,,7.2,,2729,,21.0,,4.134288,302859.5,3341.2805,,4.134288,,7.990419,334.12805,0.41342878,,201.71428,,0.59061253,0.059061255,1.1032444,1.1032444,,1288,1287,1283,1279,1288,,,
United States,2023-09-13,0.0,103436829,0,1141161,,1412,,7.2,,2729,,21.0,,0.0,302859.5,3341.2805,,4.134288,,7.990419,334.12805,0.0,,201.71428,,0.59061253,0.059061255,1.1032444,1.1032444,,1289,1288,1284,1280,1289,,,
United States,2023-09-14,0.0,103436829,0,1141161,,1412,,7.2,,2729,,21.0,,0.0,302859.5,3341.2805,,4.134288,,7.990419,334.12805,0.0,,201.71428,,0.59061253,0.059061255,1.1032444,1.1032444,,1290,1289,1285,1281,1290,,,
United States,2023-09-15,0.0,103436829,0,1141161,,1412,,7.2,,2729,,21.0,,0.0,302859.5,3341.2805,,4.134288,,7.990419,334.12805,0.0,,201.71428,,0.59061253,0.059061255,1.1032444,1.1032444,,1291,1290,1286,1282,1291,,,
United States,2023-09-16,0.0,103436829,0,1141161,,1412,,7.2,,2729,,21.0,,0.0,302859.5,3341.2805,,4.134288,,7.990419,334.12805,0.0,,201.71428,,0.59061253,0.059061255,1.1032444,1.1032444,,1292,1291,1287,1283,1292,,,
United States,2023-09-17,0.0,103436829,0,1141161,,1412,,7.2,,2729,,21.0,,0.0,302859.5,3341.2805,,4.134288,,7.990419,334.12805,0.0,,201.71428,,0.59061253,0.059061255,1.1032444,1.1032444,,1293,1292,1288,1284,1293,,,
United States,2023-09-18,0.0,103436829,0,1141161,,1412,,7.2,,2729,,21.0,,0.0,302859.5,3341.2805,,4.134288,,7.990419,334.12805,0.0,,201.71428,,0.59061253,0.059061255,1.1032444,1.1032444,,1294,1293,1289,1285,1294,,,
United States,2023-09-19,0.0,103436829,1419,1142580,,1419,,0.5,,2831,,13.0,,4.1547837,302859.5,3345.4353,,4.1547837,,8.289071,334.54352,0.41547835,,202.71428,,0.5935405,0.05935405,1.1046163,1.1046163,,1295,1294,1290,1286,1295,,,
United States,2023-09-20,0.0,103436829,0,1142580,,1419,,0.5,,2831,,13.0,,0.0,302859.5,3345.4353,,4.1547837,,8.289071,334.54352,0.0,,202.71428,,0.5935405,0.05935405,1.1046163,1.1046163,,1296,1295,1291,1287,1296,,,
United States,2023-09-21,0.0,103436829,0,1142580,,1419,,0.5,,2831,,13.0,,0.0,302859.5,3345.4353,,4.1547837,,8.289071,334.54352,0.0,,202.71428,,0.5935405,0.05935405,1.1046163,1.1046163,,1297,1296,1292,1288,1297,,,
United States,2023-09-22,0.0,103436829,0,1142580,,1419,,0.5,,2831,,13.0,,0.0,302859.5,3345.4353,,4.1547837,,8.289071,334.54352,0.0,,202.71428,,0.5935405,0.05935405,1.1046163,1.1046163,,1298,1297,1293,1289,1298,,,
United States,2023-09-23,0.0,103436829,0,1142580,,1419,,0.5,,2831,,13.0,,0.0,302859.5,3345.4353,,4.1547837,,8.289071,334.54352,0.0,,202.71428,,0.5935405,0.05935405,1.1046163,1.1046163,,1299,1298,1294,1290,1299,,,
United States,2023-09-24,0.0,103436829,0,1142580,,1419,,0.5,,2831,,13.0,,0.0,302859.5,3345.4353,,4.1547837,,8.289071,334.54352,0.0,,202.71428,,0.5935405,0.05935405,1.1046163,1.1046163,,1300,1299,1295,1291,1300,,,
United States,2023-09-25,0.0,103436829,0,1142580,,1419,,0.5,,2831,,13.0,,0.0,302859.5,3345.4353,,4.1547837,,8.289071,334.54352,0.0,,202.71428,,0.5935405,0.05935405,1.1046163,1.1046163,,1301,1300,1296,1292,1301,,,
United States,2023-09-26,0.0,103436829,1459,1144039,,1459,,2.8,,2878,,5.5,,4.271902,302859.5,3349.707,,4.271902,,8.426685,334.9707,0.4271902,,208.42857,,0.61027175,0.061027173,1.1060268,1.1060268,,1302,1301,1297,1293,1302,,,
United States,2023-09-27,0.0,103436829,0,1144039,,1459,,2.8,,2878,,5.5,,0.0,302859.5,3349.707,,4.271902,,8.426685,334.9707,0.0,,208.42857,,0.61027175,0.061027173,1.1060268,1.1060268,,1303,1302,1298,1294,1303,,,
United States,2023-09-28,0.0,103436829,0,1144039,,1459,,2.8,,2878,,5.5,,0.0,302859.5,3349.707,,4.271902,,8.426685,334.9707,0.0,,208.42857,,0.61027175,0.061027173,1.1060268,1.1060268,,1304,1303,1299,1295,1304,,,
United States,2023-09-29,0.0,103436829,0,1144039,,1459,,2.8,,2878,,5.5,,0.0,302859.5,3349.707,,4.271902,,8.426685,334.9707,0.0,,208.42857,,0.61027175,0.061027173,1.1060268,1.1060268,,1305,1304,1300,1296,1305,,,
United States,2023-09-30,0.0,103436829,0,1144039,,1459,,2.8,,2878,,5.5,,0.0,302859.5,3349.707,,4.271902,,8.426685,334.9707,0.0,,208.42857,,0.61027175,0.061027173,1.1060268,1.1060268,,1306,1305,1301,1297,1306,,,
United States,2023-10-01,0.0,103436829,0,1144039,,1459,,2.8,,2878,,5.5,,0.0,302859.5,3349.707,,4.271902,,8.426685,334.9707,0.0,,208.42857,,0.61027175,0.061027173,1.1060268,1.1060268,,1307,1306,1302,1298,1307,,,
United States,2023-10-02,0.0,103436829,0,1144039,,1459,,2.8,,2878,,5.5,,0.0,302859.5,3349.707,,4.271902,,8.426685,334.9707,0.0,,208.42857,,0.61027175,0.061027173,1.1060268,1.1060268,,1308,1307,1303,1299,1308,,,
United States,2023-10-03,0.0,103436829,1402,1145441,,1402,,-3.9,,2861,,1.1,,4.105008,302859.5,3353.812,,4.105008,,8.37691,335.3812,0.4105008,,200.28572,,0.5864297,0.058642972,1.1073822,1.1073822,,1309,1308,1304,1300,1309,,,
United States,2023-10-04,0.0,103436829,0,1145441,,1402,,-3.9,,2861,,1.1,,0.0,302859.5,3353.812,,4.105008,,8.37691,335.3812,0.0,,200.28572,,0.5864297,0.058642972,1.1073822,1.1073822,,1310,1309,1305,1301,1310,,,
United States,2023-10-05,0.0,103436829,0,1145441,,1402,,-3.9,,2861,,1.1,,0.0,302859.5,3353.812,,4.105008,,8.37691,335.3812,0.0,,200.28572,,0.5864297,0.058642972,1.1073822,1.1073822,,1311,1310,1306,1302,1311,,,
United States,2023-10-06,0.0,103436829,0,1145441,,1402,,-3.9,,2861,,1.1,,0.0,302859.5,3353.812,,4.105008,,8.37691,335.3812,0.0,,200.28572,,0.5864297,0.058642972,1.1073822,1.1073822,,1312,1311,1307,1303,1312,,,
United States,2023-10-07,0.0,103436829,0,1145441,,1402,,-3.9,,2861,,1.1,,0.0,302859.5,3353.812,,4.105008,,8.37691,335.3812,0.0,,200.28572,,0.5864297,0.058642972,1.1073822,1.1073822,,1313,1312,1308,1304,1313,,,
United States,2023-10-08,0.0,103436829,0,1145441,,1402,,-3.9,,2861,,1.1,,0.0,302859.5,3353.812,,4.105008,,8.37691,335.3812,0.0,,200.28572,,0.5864297,0.058642972,1.1073822,1.1073822,,1314,1313,1309,1305,1314,,,
United States,2023-10-09,0.0,103436829,0,1145441,,1402,,-3.9,,2861,,1.1,,0.0,302859.5,3353.812,,4.105008,,8.37691,335.3812,0.0,,200.28572,,0.5864297,0.058642972,1.1073822,1.1073822,,1315,1314,1310,1306,1315,,,
United States,2023-10-10,0.0,103436829,1317,1146758,,1317,,-6.1,,2719,,-5.5,,3.856131,302859.5,3357.6682,,3.856131,,7.961139,335.7668,0.3856131,,188.14285,,0.55087584,0.055087585,1.1086555,1.1086555,,1316,1315,1311,1307,1316,,,
United States,2023-10-11,0.0,103436829,0,1146758,,1317,,-6.1,,2719,,-5.5,,0.0,302859.5,3357.6682,,3.856131,,7.961139,335.7668,0.0,,188.14285,,0.55087584,0.055087585,1.1086555,1.1086555,,1317,1316,1312,1308,1317,,,
United States,2023-10-12,0.0,103436829,0,1146758,,1317,,-6.1,,2719,,-5.5,,0.0,302859.5,3357.6682,,3.856131,,7.961139,335.7668,0.0,,188.14285,,0.55087584,0.055087585,1.1086555,1.1086555,,1318,1317,1313,1309,1318,,,
United States,2023-10-13,0.0,103436829,0,1146758,,1317,,-6.1,,2719,,-5.5,,0.0,302859.5,3357.6682,,3.856131,,7.961139,335.7668,0.0,,188.14285,,0.55087584,0.055087585,1.1086555,1.1086555,,1319,1318,1314,1310,1319,,,
United States,2023-10-14,0.0,103436829,0,1146758,,1317,,-6.1,,2719,,-5.5,,0.0,302859.5,3357.6682,,3.856131,,7.961139,335.7668,0.0,,188.14285,,0.55087584,0.055087585,1.1086555,1.1086555,,1320,1319,1315,1311,1320,,,
United States,2023-10-15,0.0,103436829,0,1146758,,1317,,-6.1,,2719,,-5.5,,0.0,302859.5,3357.6682,,3.856131,,7.961139,335.7668,0.0,,188.14285,,0.55087584,0.055087585,1.1086555,1.1086555,,1321,1320,1316,1312,1321,,,
United States,2023-10-16,0.0,103436829,0,1146758,,1317,,-6.1,,2719,,-5.5,,0.0,302859.5,3357.6682,,3.856131,,7.961139,335.7668,0.0,,188.14285,,0.55087584,0.055087585,1.1086555,1.1086555,,1322,1321,1317,1313,1322,,,
United States,2023-10-17,0.0,103436829,1394,1148152,,1394,,5.8,,2711,,-5.2,,4.0815845,302859.5,3361.7498,,4.0815845,,7.9377155,336.175,0.40815842,,199.14285,,0.58308345,0.058308348,1.1100031,1.1100031,,1323,1322,1318,1314,1323,,,
United States,2023-10-18,0.0,103436829,0,1148152,,1394,,5.8,,2711,,-5.2,,0.0,302859.5,3361.7498,,4.0815845,,7.9377155,336.175,0.0,,199.14285,,0.58308345,0.058308348,1.1100031,1.1100031,,1324,1323,1319,1315,1324,,,
United States,2023-10-19,0.0,103436829,0,1148152,,1394,,5.8,,2711,,-5.2,,0.0,302859.5,3361.7498,,4.0815845,,7.9377155,336.175,0.0,,199.14285,,0.58308345,0.058308348,1.1100031,1.1100031,,1325,1324,1320,1316,1325,,,
United States,2023-10-20,0.0,103436829,0,1148152,,1394,,5.8,,2711,,-5.2,,0.0,302859.5,3361.7498,,4.0815845,,7.9377155,336.175,0.0,,199.14285,,0.58308345,0.058308348,1.1100031,1.1100031,,1326,1325,1321,1317,1326,,,
United States,2023-10-21,0.0,103436829,0,1148152,,1394,,5.8,,2711,,-5.2,,0.0,302859.5,3361.7498,,4.0815845,,7.9377155,336.175,0.0,,199.14285,,0.58308345,0.058308348,1.1100031,1.1100031,,1327,1326,1322,1318,1327,,,
United States,2023-10-22,0.0,103436829,0,1148152,,1394,,5.8,,2711,,-5.2,,0.0,302859.5,3361.7498,,4.0815845,,7.9377155,336.175,0.0,,199.14285,,0.58308345,0.058308348,1.1100031,1.1100031,,1328,1327,1323,1319,1328,,,
United States,2023-10-23,0.0,103436829,0,1148152,,1394,,5.8,,2711,,-5.2,,0.0,302859.5,3361.7498,,4.0815845,,7.9377155,336.175,0.0,,199.14285,,0.58308345,0.058308348,1.1100031,1.1100031,,1329,1328,1324,1320,1329,,,
United States,2023-10-24,0.0,103436829,1292,1149444,,1292,,-7.3,,2686,,-1.2,,3.7829318,302859.5,3365.5327,,3.7829318,,7.8645163,336.55328,0.3782932,,184.57143,,0.54041886,0.054041885,1.1112522,1.1112522,,1330,1329,1325,1321,1330,,,
United States,2023-10-25,0.0,103436829,0,1149444,,1292,,-7.3,,2686,,-1.2,,0.0,302859.5,3365.5327,,3.7829318,,7.8645163,336.55328,0.0,,184.57143,,0.54041886,0.054041885,1.1112522,1.1112522,,1331,1330,1326,1322,1331,,,
United States,2023-10-26,0.0,103436829,0,1149444,,1292,,-7.3,,2686,,-1.2,,0.0,302859.5,3365.5327,,3.7829318,,7.8645163,336.55328,0.0,,184.57143,,0.54041886,0.054041885,1.1112522,1.1112522,,1332,1331,1327,1323,1332,,,
United States,2023-10-27,0.0,103436829,0,1149444,,1292,,-7.3,,2686,,-1.2,,0.0,302859.5,3365.5327,,3.7829318,,7.8645163,336.55328,0.0,,184.57143,,0.54041886,0.054041885,1.1112522,1.1112522,,1333,1332,1328,1324,1333,,,
United States,2023-10-28,0.0,103436829,0,1149444,,1292,,-7.3,,2686,,-1.2,,0.0,302859.5,3365.5327,,3.7829318,,7.8645163,336.55328,0.0,,184.57143,,0.54041886,0.054041885,1.1112522,1.1112522,,1334,1333,1329,1325,1334,,,
United States,2023-10-29,0.0,103436829,0,1149444,,1292,,-7.3,,2686,,-1.2,,0.0,302859.5,3365.5327,,3.7829318,,7.8645163,336.55328,0.0,,184.57143,,0.54041886,0.054041885,1.1112522,1.1112522,,1335,1334,1330,1326,1335,,,
United States,2023-10-30,0.0,103436829,0,1149444,,1292,,-7.3,,2686,,-1.2,,0.0,302859.5,3365.5327,,3.7829318,,7.8645163,336.55328,0.0,,184.57143,,0.54041886,0.054041885,1.1112522,1.1112522,,1336,1335,1331,1327,1336,,,
United States,2023-10-31,0.0,103436829,1247,1150691,,1247,,-3.5,,2539,,-6.3,,3.6511734,302859.5,3369.1838,,3.6511734,,7.4341054,336.9184,0.36511734,,178.14285,,0.5215962,0.05215962,1.1124578,1.1124578,,1337,1336,1332,1328,1337,,,
United States,2023-11-01,0.0,103436829,0,1150691,,1247,,-3.5,,2539,,-6.3,,0.0,302859.5,3369.1838,,3.6511734,,7.4341054,336.9184,0.0,,178.14285,,0.5215962,0.05215962,1.1124578,1.1124578,,1338,1337,1333,1329,1338,,,
United States,2023-11-02,0.0,103436829,0,1150691,,1247,,-3.5,,2539,,-6.3,,0.0,302859.5,3369.1838,,3.6511734,,7.4341054,336.9184,0.0,,178.14285,,0.5215962,0.05215962,1.1124578,1.1124578,,1339,1338,1334,1330,1339,,,
United States,2023-11-03,0.0,103436829,0,1150691,,1247,,-3.5,,2539,,-6.3,,0.0,302859.5,3369.1838,,3.6511734,,7.4341054,336.9184,0.0,,178.14285,,0.5215962,0.05215962,1.1124578,1.1124578,,1340,1339,1335,1331,1340,,,
United States,2023-11-04,0.0,103436829,0,1150691,,1247,,-3.5,,2539,,-6.3,,0.0,302859.5,3369.1838,,3.6511734,,7.4341054,336.9184,0.0,,178.14285,,0.5215962,0.05215962,1.1124578,1.1124578,,1341,1340,1336,1332,1341,,,
United States,2023-11-05,0.0,103436829,0,1150691,,1247,,-3.5,,2539,,-6.3,,0.0,302859.5,3369.1838,,3.6511734,,7.4341054,336.9184,0.0,,178.14285,,0.5215962,0.05215962,1.1124578,1.1124578,,1342,1341,1337,1333,1342,,,
United States,2023-11-06,0.0,103436829,0,1150691,,1247,,-3.5,,2539,,-6.3,,0.0,302859.5,3369.1838,,3.6511734,,7.4341054,336.9184,0.0,,178.14285,,0.5215962,0.05215962,1.1124578,1.1124578,,1343,1342,1338,1334,1343,,,
United States,2023-11-07,0.0,103436829,1395,1152086,,1395,,11.9,,2642,,-1.6,,4.084512,302859.5,3373.2686,,4.084512,,7.735686,337.32684,0.40845123,,199.28572,,0.58350176,0.058350176,1.1138064,1.1138064,,1344,1343,1339,1335,1344,,,
United States,2023-11-08,0.0,103436829,0,1152086,,1395,,11.9,,2642,,-1.6,,0.0,302859.5,3373.2686,,4.084512,,7.735686,337.32684,0.0,,199.28572,,0.58350176,0.058350176,1.1138064,1.1138064,,1345,1344,1340,1336,1345,,,
United States,2023-11-09,0.0,103436829,0,1152086,,1395,,11.9,,2642,,-1.6,,0.0,302859.5,3373.2686,,4.084512,,7.735686,337.32684,0.0,,199.28572,,0.58350176,0.058350176,1.1138064,1.1138064,,1346,1345,1341,1337,1346,,,
United States,2023-11-10,0.0,103436829,0,1152086,,1395,,11.9,,2642,,-1.6,,0.0,302859.5,3373.2686,,4.084512,,7.735686,337.32684,0.0,,199.28572,,0.58350176,0.058350176,1.1138064,1.1138064,,1347,1346,1342,1338,1347,,,
United States,2023-11-11,0.0,103436829,0,1152086,,1395,,11.9,,2642,,-1.6,,0.0,302859.5,3373.2686,,4.084512,,7.735686,337.32684,0.0,,199.28572,,0.58350176,0.058350176,1.1138064,1.1138064,,1348,1347,1343,1339,1348,,,
United States,2023-11-12,0.0,103436829,0,1152086,,1395,,11.9,,2642,,-1.6,,0.0,302859.5,3373.2686,,4.084512,,7.735686,337.32684,0.0,,199.28572,,0.58350176,0.058350176,1.1138064,1.1138064,,1349,1348,1344,1340,1349,,,
United States,2023-11-13,0.0,103436829,0,1152086,,1395,,11.9,,2642,,-1.6,,0.0,302859.5,3373.2686,,4.084512,,7.735686,337.32684,0.0,,199.28572,,0.58350176,0.058350176,1.1138064,1.1138064,,1350,1349,1345,1341,1350,,,
United States,2023-11-14,0.0,103436829,1431,1153517,,1431,,2.6,,2826,,11.3,,4.189919,302859.5,3377.4583,,4.189919,,8.274431,337.74585,0.41899192,,204.42857,,0.59855986,0.059855986,1.1151898,1.1151898,,1351,1350,1346,1342,1351,,,
United States,2023-11-15,0.0,103436829,0,1153517,,1431,,2.6,,2826,,11.3,,0.0,302859.5,3377.4583,,4.189919,,8.274431,337.74585,0.0,,204.42857,,0.59855986,0.059855986,1.1151898,1.1151898,,1352,1351,1347,1343,1352,,,
United States,2023-11-16,0.0,103436829,0,1153517,,1431,,2.6,,2826,,11.3,,0.0,302859.5,3377.4583,,4.189919,,8.274431,337.74585,0.0,,204.42857,,0.59855986,0.059855986,1.1151898,1.1151898,,1353,1352,1348,1344,1353,,,
United States,2023-11-17,0.0,103436829,0,1153517,,1431,,2.6,,2826,,11.3,,0.0,302859.5,3377.4583,,4.189919,,8.274431,337.74585,0.0,,204.42857,,0.59855986,0.059855986,1.1151898,1.1151898,,1354,1353,1349,1345,1354,,,
United States,2023-11-18,0.0,103436829,0,1153517,,1431,,2.6,,2826,,11.3,,0.0,302859.5,3377.4583,,4.189919,,8.274431,337.74585,0.0,,204.42857,,0.59855986,0.059855986,1.1151898,1.1151898,,1355,1354,1350,1346,1355,,,
United States,2023-11-19,0.0,103436829,0,1153517,,1431,,2.6,,2826,,11.3,,0.0,302859.5,3377.4583,,4.189919,,8.274431,337.74585,0.0,,204.42857,,0.59855986,0.059855986,1.1151898,1.1151898,,1356,1355,1351,1347,1356,,,
United States,2023-11-20,0.0,103436829,0,1153517,,1431,,2.6,,2826,,11.3,,0.0,302859.5,3377.4583,,4.189919,,8.274431,337.74585,0.0,,204.42857,,0.59855986,0.059855986,1.1151898,1.1151898,,1357,1356,1352,1348,1357,,,
United States,2023-11-21,0.0,103436829,1428,1154945,,1428,,-0.2,,2859,,8.2,,4.181135,302859.5,3381.6394,,4.181135,,8.371055,338.16394,0.41811353,,204.0,,0.597305,0.059730504,1.1165704,1.1165704,,1358,1357,1353,1349,1358,,,
United States,2023-11-22,0.0,103436829,0,1154945,,1428,,-0.2,,2859,,8.2,,0.0,302859.5,3381.6394,,4.181135,,8.371055,338.16394,0.0,,204.0,,0.597305,0.059730504,1.1165704,1.1165704,,1359,1358,1354,1350,1359,,,
United States,2023-11-23,0.0,103436829,0,1154945,,1428,,-0.2,,2859,,8.2,,0.0,302859.5,3381.6394,,4.181135,,8.371055,338.16394,0.0,,204.0,,0.597305,0.059730504,1.1165704,1.1165704,,1360,1359,1355,1351,1360,,,
United States,2023-11-24,0.0,103436829,0,1154945,,1428,,-0.2,,2859,,8.2,,0.0,302859.5,3381.6394,,4.181135,,8.371055,338.16394,0.0,,204.0,,0.597305,0.059730504,1.1165704,1.1165704,,1361,1360,1356,1352,1361,,,
United States,2023-11-25,0.0,103436829,0,1154945,,1428,,-0.2,,2859,,8.2,,0.0,302859.5,3381.6394,,4.181135,,8.371055,338.16394,0.0,,204.0,,0.597305,0.059730504,1.1165704,1.1165704,,1362,1361,1357,1353,1362,,,
United States,2023-11-26,0.0,103436829,0,1154945,,1428,,-0.2,,2859,,8.2,,0.0,302859.5,3381.6394,,4.181135,,8.371055,338.16394,0.0,,204.0,,0.597305,0.059730504,1.1165704,1.1165704,,1363,1362,1358,1354,1363,,,
United States,2023-11-27,0.0,103436829,0,1154945,,1428,,-0.2,,2859,,8.2,,0.0,302859.5,3381.6394,,4.181135,,8.371055,338.16394,0.0,,204.0,,0.597305,0.059730504,1.1165704,1.1165704,,1364,1363,1359,1355,1364,,,
United States,2023-11-28,0.0,103436829,1735,1156680,,1735,,21.5,,3163,,11.9,,5.080021,302859.5,3386.7195,,5.080021,,9.261156,338.67194,0.50800204,,247.85715,,0.72571725,0.072571725,1.1182477,1.1182477,,1365,1364,1360,1356,1365,,,
United States,2023-11-29,0.0,103436829,0,1156680,,1735,,21.5,,3163,,11.9,,0.0,302859.5,3386.7195,,5.080021,,9.261156,338.67194,0.0,,247.85715,,0.72571725,0.072571725,1.1182477,1.1182477,,1366,1365,1361,1357,1366,,,
United States,2023-11-30,0.0,103436829,0,1156680,,1735,,21.5,,3163,,11.9,,0.0,302859.5,3386.7195,,5.080021,,9.261156,338.67194,0.0,,247.85715,,0.72571725,0.072571725,1.1182477,1.1182477,,1367,1366,1362,1358,1367,,,
United States,2023-12-01,0.0,103436829,0,1156680,,1735,,21.5,,3163,,11.9,,0.0,302859.5,3386.7195,,5.080021,,9.261156,338.67194,0.0,,247.85715,,0.72571725,0.072571725,1.1182477,1.1182477,,1368,1367,1363,1359,1368,,,
United States,2023-12-02,0.0,103436829,0,1156680,,1735,,21.5,,3163,,11.9,,0.0,302859.5,3386.7195,,5.080021,,9.261156,338.67194,0.0,,247.85715,,0.72571725,0.072571725,1.1182477,1.1182477,,1369,1368,1364,1360,1369,,,
United States,2023-12-03,0.0,103436829,0,1156680,,1735,,21.5,,3163,,11.9,,0.0,302859.5,3386.7195,,5.080021,,9.261156,338.67194,0.0,,247.85715,,0.72571725,0.072571725,1.1182477,1.1182477,,1370,1369,1365,1361,1370,,,
United States,2023-12-04,0.0,103436829,0,1156680,,1735,,21.5,,3163,,11.9,,0.0,302859.5,3386.7195,,5.080021,,9.261156,338.67194,0.0,,247.85715,,0.72571725,0.072571725,1.1182477,1.1182477,,1371,1370,1366,1362,1371,,,
United States,2023-12-05,0.0,103436829,1794,1158474,,1794,,3.4,,3529,,23.4,,5.252771,302859.5,3391.9722,,5.252771,,10.332791,339.19724,0.5252771,,256.2857,,0.75039583,0.07503958,1.1199821,1.1199821,,1372,1371,1367,1363,1372,,,
United States,2023-12-06,0.0,103436829,0,1158474,,1794,,3.4,,3529,,23.4,,0.0,302859.5,3391.9722,,5.252771,,10.332791,339.19724,0.0,,256.2857,,0.75039583,0.07503958,1.1199821,1.1199821,,1373,1372,1368,1364,1373,,,
United States,2023-12-07,0.0,103436829,0,1158474,,1794,,3.4,,3529,,23.4,,0.0,302859.5,3391.9722,,5.252771,,10.332791,339.19724,0.0,,256.2857,,0.75039583,0.07503958,1.1199821,1.1199821,,1374,1373,1369,1365,1374,,,
United States,2023-12-08,0.0,103436829,0,1158474,,1794,,3.4,,3529,,23.4,,0.0,302859.5,3391.9722,,5.252771,,10.332791,339.19724,0.0,,256.2857,,0.75039583,0.07503958,1.1199821,1.1199821,,1375,1374,1370,1366,1375,,,
United States,2023-12-09,0.0,103436829,0,1158474,,1794,,3.4,,3529,,23.4,,0.0,302859.5,3391.9722,,5.252771,,10.332791,339.19724,0.0,,256.2857,,0.75039583,0.07503958,1.1199821,1.1199821,,1376,1375,1371,1367,1376,,,
United States,2023-12-10,0.0,103436829,0,1158474,,1794,,3.4,,3529,,23.4,,0.0,302859.5,3391.9722,,5.252771,,10.332791,339.19724,0.0,,256.2857,,0.75039583,0.07503958,1.1199821,1.1199821,,1377,1376,1372,1368,1377,,,
United States,2023-12-11,0.0,103436829,0,1158474,,1794,,3.4,,3529,,23.4,,0.0,302859.5,3391.9722,,5.252771,,10.332791,339.19724,0.0,,256.2857,,0.75039583,0.07503958,1.1199821,1.1199821,,1378,1377,1373,1369,1378,,,
United States,2023-12-12,0.0,103436829,1851,1160325,,1851,,3.2,,3645,,15.2,,5.419665,302859.5,3397.3918,,5.419665,,10.672436,339.7392,0.5419665,,264.42856,,0.7742378,0.07742378,1.1217716,1.1217716,,1379,1378,1374,1370,1379,,,
United States,2023-12-13,0.0,103436829,0,1160325,,1851,,3.2,,3645,,15.2,,0.0,302859.5,3397.3918,,5.419665,,10.672436,339.7392,0.0,,264.42856,,0.7742378,0.07742378,1.1217716,1.1217716,,1380,1379,1375,1371,1380,,,
United States,2023-12-14,0.0,103436829,0,1160325,,1851,,3.2,,3645,,15.2,,0.0,302859.5,3397.3918,,5.419665,,10.672436,339.7392,0.0,,264.42856,,0.7742378,0.07742378,1.1217716,1.1217716,,1381,1380,1376,1372,1381,,,
United States,2023-12-15,0.0,103436829,0,1160325,,1851,,3.2,,3645,,15.2,,0.0,302859.5,3397.3918,,5.419665,,10.672436,339.7392,0.0,,264.42856,,0.7742378,0.07742378,1.1217716,1.1217716,,1382,1381,1377,1373,1382,,,
United States,2023-12-16,0.0,103436829,0,1160325,,1851,,3.2,,3645,,15.2,,0.0,302859.5,3397.3918,,5.419665,,10.672436,339.7392,0.0,,264.42856,,0.7742378,0.07742378,1.1217716,1.1217716,,1383,1382,1378,1374,1383,,,
United States,2023-12-17,0.0,103436829,0,1160325,,1851,,3.2,,3645,,15.2,,0.0,302859.5,3397.3918,,5.419665,,10.672436,339.7392,0.0,,264.42856,,0.7742378,0.07742378,1.1217716,1.1217716,,1384,1383,1379,1375,1384,,,
United States,2023-12-18,0.0,103436829,0,1160325,,1851,,3.2,,3645,,15.2,,0.0,302859.5,3397.3918,,5.419665,,10.672436,339.7392,0.0,,264.42856,,0.7742378,0.07742378,1.1217716,1.1217716,,1385,1384,1380,1376,1385,,,
United States,2023-12-19,0.0,103436829,1938,1162263,,1938,,4.7,,3789,,7.4,,5.674398,302859.5,3403.0664,,5.674398,,11.094063,340.30664,0.5674398,,276.85715,,0.81062824,0.08106282,1.1236452,1.1236452,,1386,1385,1381,1377,1386,,,
United States,2023-12-20,0.0,103436829,0,1162263,,1938,,4.7,,3789,,7.4,,0.0,302859.5,3403.0664,,5.674398,,11.094063,340.30664,0.0,,276.85715,,0.81062824,0.08106282,1.1236452,1.1236452,,1387,1386,1382,1378,1387,,,
United States,2023-12-21,0.0,103436829,0,1162263,,1938,,4.7,,3789,,7.4,,0.0,302859.5,3403.0664,,5.674398,,11.094063,340.30664,0.0,,276.85715,,0.81062824,0.08106282,1.1236452,1.1236452,,1388,1387,1383,1379,1388,,,
United States,2023-12-22,0.0,103436829,0,1162263,,1938,,4.7,,3789,,7.4,,0.0,302859.5,3403.0664,,5.674398,,11.094063,340.30664,0.0,,276.85715,,0.81062824,0.08106282,1.1236452,1.1236452,,1389,1388,1384,1380,1389,,,
United States,2023-12-23,0.0,103436829,0,1162263,,1938,,4.7,,3789,,7.4,,0.0,302859.5,3403.0664,,5.674398,,11.094063,340.30664,0.0,,276.85715,,0.81062824,0.08106282,1.1236452,1.1236452,,1390,1389,1385,1381,1390,,,
United States,2023-12-24,0.0,103436829,0,1162263,,1938,,4.7,,3789,,7.4,,0.0,302859.5,3403.0664,,5.674398,,11.094063,340.30664,0.0,,276.85715,,0.81062824,0.08106282,1.1236452,1.1236452,,1391,1390,1386,1382,1391,,,
United States,2023-12-25,0.0,103436829,0,1162263,,1938,,4.7,,3789,,7.4,,0.0,302859.5,3403.0664,,5.674398,,11.094063,340.30664,0.0,,276.85715,,0.81062824,0.08106282,1.1236452,1.1236452,,1392,1391,1387,1383,1392,,,
United States,2023-12-26,0.0,103436829,2234,1164497,,2234,,15.3,,4172,,14.5,,6.5410757,302859.5,3409.6074,,6.5410757,,12.215473,340.96075,0.6541076,,319.14285,,0.93443936,0.09344394,1.125805,1.125805,,1393,1392,1388,1384,1393,,,
United States,2023-12-27,0.0,103436829,0,1164497,,2234,,15.3,,4172,,14.5,,0.0,302859.5,3409.6074,,6.5410757,,12.215473,340.96075,0.0,,319.14285,,0.93443936,0.09344394,1.125805,1.125805,,1394,1393,1389,1385,1394,,,
United States,2023-12-28,0.0,103436829,0,1164497,,2234,,15.3,,4172,,14.5,,0.0,302859.5,3409.6074,,6.5410757,,12.215473,340.96075,0.0,,319.14285,,0.93443936,0.09344394,1.125805,1.125805,,1395,1394,1390,1386,1395,,,
United States,2023-12-29,0.0,103436829,0,1164497,,2234,,15.3,,4172,,14.5,,0.0,302859.5,3409.6074,,6.5410757,,12.215473,340.96075,0.0,,319.14285,,0.93443936,0.09344394,1.125805,1.125805,,1396,1395,1391,1387,1396,,,
United States,2023-12-30,0.0,103436829,0,1164497,,2234,,15.3,,4172,,14.5,,0.0,302859.5,3409.6074,,6.5410757,,12.215473,340.96075,0.0,,319.14285,,0.93443936,0.09344394,1.125805,1.125805,,1397,1396,1392,1388,1397,,,
United States,2023-12-31,0.0,103436829,0,1164497,,2234,,15.3,,4172,,14.5,,0.0,302859.5,3409.6074,,6.5410757,,12.215473,340.96075,0.0,,319.14285,,0.93443936,0.09344394,1.125805,1.125805,,1398,1397,1393,1389,1398,,,
United States,2024-01-01,0.0,103436829,0,1164497,,2234,,15.3,,4172,,14.5,,0.0,302859.5,3409.6074,,6.5410757,,12.215473,340.96075,0.0,,319.14285,,0.93443936,0.09344394,1.125805,1.125805,,1399,1398,1394,1390,1399,,,
United States,2024-01-02,0.0,103436829,2500,1166997,,2500,,11.9,,4734,,24.9,,7.3199143,302859.5,3416.9272,,7.3199143,,13.860991,341.69272,0.73199147,,357.14285,,1.0457021,0.10457021,1.128222,1.128222,,1400,1399,1395,1391,1400,,,
United States,2024-01-03,0.0,103436829,0,1166997,,2500,,11.9,,4734,,24.9,,0.0,302859.5,3416.9272,,7.3199143,,13.860991,341.69272,0.0,,357.14285,,1.0457021,0.10457021,1.128222,1.128222,,1401,1400,1396,1392,1401,,,
United States,2024-01-04,0.0,103436829,0,1166997,,2500,,11.9,,4734,,24.9,,0.0,302859.5,3416.9272,,7.3199143,,13.860991,341.69272,0.0,,357.14285,,1.0457021,0.10457021,1.128222,1.128222,,1402,1401,1397,1393,1402,,,
United States,2024-01-05,0.0,103436829,0,1166997,,2500,,11.9,,4734,,24.9,,0.0,302859.5,3416.9272,,7.3199143,,13.860991,341.69272,0.0,,357.14285,,1.0457021,0.10457021,1.128222,1.128222,,1403,1402,1398,1394,1403,,,
United States,2024-01-06,0.0,103436829,0,1166997,,2500,,11.9,,4734,,24.9,,0.0,302859.5,3416.9272,,7.3199143,,13.860991,341.69272,0.0,,357.14285,,1.0457021,0.10457021,1.128222,1.128222,,1404,1403,1399,1395,1404,,,
United States,2024-01-07,0.0,103436829,0,1166997,,2500,,11.9,,4734,,24.9,,0.0,302859.5,3416.9272,,7.3199143,,13.860991,341.69272,0.0,,357.14285,,1.0457021,0.10457021,1.128222,1.128222,,1405,1404,1400,1396,1405,,,
United States,2024-01-08,0.0,103436829,0,1166997,,2500,,11.9,,4734,,24.9,,0.0,302859.5,3416.9272,,7.3199143,,13.860991,341.69272,0.0,,357.14285,,1.0457021,0.10457021,1.128222,1.128222,,1406,1405,1401,1397,1406,,,
United States,2024-01-09,0.0,103436829,2593,1169590,,2593,,3.7,,5093,,22.1,,7.5922155,302859.5,3424.5195,,7.5922155,,14.91213,342.45197,0.75922155,,370.42856,,1.0846022,0.10846022,1.1307288,1.1307288,,1407,1406,1402,1398,1407,,,
United States,2024-01-10,0.0,103436829,0,1169590,,2593,,3.7,,5093,,22.1,,0.0,302859.5,3424.5195,,7.5922155,,14.91213,342.45197,0.0,,370.42856,,1.0846022,0.10846022,1.1307288,1.1307288,,1408,1407,1403,1399,1408,,,
United States,2024-01-11,0.0,103436829,0,1169590,,2593,,3.7,,5093,,22.1,,0.0,302859.5,3424.5195,,7.5922155,,14.91213,342.45197,0.0,,370.42856,,1.0846022,0.10846022,1.1307288,1.1307288,,1409,1408,1404,1400,1409,,,
United States,2024-01-12,0.0,103436829,0,1169590,,2593,,3.7,,5093,,22.1,,0.0,302859.5,3424.5195,,7.5922155,,14.91213,342.45197,0.0,,370.42856,,1.0846022,0.10846022,1.1307288,1.1307288,,1410,1409,1405,1401,1410,,,
United States,2024-01-13,0.0,103436829,0,1169590,,2593,,3.7,,5093,,22.1,,0.0,302859.5,3424.5195,,7.5922155,,14.91213,342.45197,0.0,,370.42856,,1.0846022,0.10846022,1.1307288,1.1307288,,1411,1410,1406,1402,1411,,,
United States,2024-01-14,0.0,103436829,0,1169590,,2593,,3.7,,5093,,22.1,,0.0,302859.5,3424.5195,,7.5922155,,14.91213,342.45197,0.0,,370.42856,,1.0846022,0.10846022,1.1307288,1.1307288,,1412,1411,1407,1403,1412,,,
United States,2024-01-15,0.0,103436829,0,1169590,,2593,,3.7,,5093,,22.1,,0.0,302859.5,3424.5195,,7.5922155,,14.91213,342.45197,0.0,,370.42856,,1.0846022,0.10846022,1.1307288,1.1307288,,1413,1412,1408,1404,1413,,,
United States,2024-01-16,0.0,103436829,2370,1171960,,2370,,-8.6,,4963,,4.8,,6.939279,302859.5,3431.4587,,6.939279,,14.531494,343.14587,0.6939279,,338.57144,,0.99132556,0.09913256,1.13302,1.13302,,1414,1413,1409,1405,1414,,,
United States,2024-01-17,0.0,103436829,0,1171960,,2370,,-8.6,,4963,,4.8,,0.0,302859.5,3431.4587,,6.939279,,14.531494,343.14587,0.0,,338.57144,,0.99132556,0.09913256,1.13302,1.13302,,1415,1414,1410,1406,1415,,,
United States,2024-01-18,0.0,103436829,0,1171960,,2370,,-8.6,,4963,,4.8,,0.0,302859.5,3431.4587,,6.939279,,14.531494,343.14587,0.0,,338.57144,,0.99132556,0.09913256,1.13302,1.13302,,1416,1415,1411,1407,1416,,,
United States,2024-01-19,0.0,103436829,0,1171960,,2370,,-8.6,,4963,,4.8,,0.0,302859.5,3431.4587,,6.939279,,14.531494,343.14587,0.0,,338.57144,,0.99132556,0.09913256,1.13302,1.13302,,1417,1416,1412,1408,1417,,,
United States,2024-01-20,0.0,103436829,0,1171960,,2370,,-8.6,,4963,,4.8,,0.0,302859.5,3431.4587,,6.939279,,14.531494,343.14587,0.0,,338.57144,,0.99132556,0.09913256,1.13302,1.13302,,1418,1417,1413,1409,1418,,,
United States,2024-01-21,0.0,103436829,0,1171960,,2370,,-8.6,,4963,,4.8,,0.0,302859.5,3431.4587,,6.939279,,14.531494,343.14587,0.0,,338.57144,,0.99132556,0.09913256,1.13302,1.13302,,1419,1418,1414,1410,1419,,,
United States,2024-01-22,0.0,103436829,0,1171960,,2370,,-8.6,,4963,,4.8,,0.0,302859.5,3431.4587,,6.939279,,14.531494,343.14587,0.0,,338.57144,,0.99132556,0.09913256,1.13302,1.13302,,1420,1419,1415,1411,1420,,,
United States,2024-01-23,0.0,103436829,2139,1174099,,2139,,-9.7,,4509,,-11.5,,6.262919,302859.5,3437.7217,,6.262919,,13.202198,343.7722,0.6262919,,305.57144,,0.8947027,0.08947027,1.135088,1.135088,,1421,1420,1416,1412,1421,,,
United States,2024-01-24,0.0,103436829,0,1174099,,2139,,-9.7,,4509,,-11.5,,0.0,302859.5,3437.7217,,6.262919,,13.202198,343.7722,0.0,,305.57144,,0.8947027,0.08947027,1.135088,1.135088,,1422,1421,1417,1413,1422,,,
United States,2024-01-25,0.0,103436829,0,1174099,,2139,,-9.7,,4509,,-11.5,,0.0,302859.5,3437.7217,,6.262919,,13.202198,343.7722,0.0,,305.57144,,0.8947027,0.08947027,1.135088,1.135088,,1423,1422,1418,1414,1423,,,
United States,2024-01-26,0.0,103436829,0,1174099,,2139,,-9.7,,4509,,-11.5,,0.0,302859.5,3437.7217,,6.262919,,13.202198,343.7722,0.0,,305.57144,,0.8947027,0.08947027,1.135088,1.135088,,1424,1423,1419,1415,1424,,,
United States,2024-01-27,0.0,103436829,0,1174099,,2139,,-9.7,,4509,,-11.5,,0.0,302859.5,3437.7217,,6.262919,,13.202198,343.7722,0.0,,305.57144,,0.8947027,0.08947027,1.135088,1.135088,,1425,1424,1420,1416,1425,,,
United States,2024-01-28,0.0,103436829,0,1174099,,2139,,-9.7,,4509,,-11.5,,0.0,302859.5,3437.7217,,6.262919,,13.202198,343.7722,0.0,,305.57144,,0.8947027,0.08947027,1.135088,1.135088,,1426,1425,1421,1417,1426,,,
United States,2024-01-29,0.0,103436829,0,1174099,,2139,,-9.7,,4509,,-11.5,,0.0,302859.5,3437.7217,,6.262919,,13.202198,343.7722,0.0,,305.57144,,0.8947027,0.08947027,1.135088,1.135088,,1427,1426,1422,1418,1427,,,
United States,2024-01-30,0.0,103436829,1748,1175847,,1748,,-18.3,,3887,,-21.7,,5.1180844,302859.5,3442.8398,,5.1180844,,11.381003,344.284,0.51180845,,249.71428,,0.7311549,0.07311549,1.1367779,1.1367779,,1428,1427,1423,1419,1428,,,
United States,2024-01-31,0.0,103436829,0,1175847,,1748,,-18.3,,3887,,-21.7,,0.0,302859.5,3442.8398,,5.1180844,,11.381003,344.284,0.0,,249.71428,,0.7311549,0.07311549,1.1367779,1.1367779,,1429,1428,1424,1420,1429,,,
United States,2024-02-01,0.0,103436829,0,1175847,,1748,,-18.3,,3887,,-21.7,,0.0,302859.5,3442.8398,,5.1180844,,11.381003,344.284,0.0,,249.71428,,0.7311549,0.07311549,1.1367779,1.1367779,,1430,1429,1425,1421,1430,,,
United States,2024-02-02,0.0,103436829,0,1175847,,1748,,-18.3,,3887,,-21.7,,0.0,302859.5,3442.8398,,5.1180844,,11.381003,344.284,0.0,,249.71428,,0.7311549,0.07311549,1.1367779,1.1367779,,1431,1430,1426,1422,1431,,,
United States,2024-02-03,0.0,103436829,0,1175847,,1748,,-18.3,,3887,,-21.7,,0.0,302859.5,3442.8398,,5.1180844,,11.381003,344.284,0.0,,249.71428,,0.7311549,0.07311549,1.1367779,1.1367779,,1432,1431,1427,1423,1432,,,
United States,2024-02-04,0.0,103436829,0,1175847,,1748,,-18.3,,3887,,-21.7,,0.0,302859.5,3442.8398,,5.1180844,,11.381003,344.284,0.0,,249.71428,,0.7311549,0.07311549,1.1367779,1.1367779,,1433,1432,1428,1424,1433,,,
United States,2024-02-05,0.0,103436829,0,1175847,,1748,,-18.3,,3887,,-21.7,,0.0,302859.5,3442.8398,,5.1180844,,11.381003,344.284,0.0,,249.71428,,0.7311549,0.07311549,1.1367779,1.1367779,,1434,1433,1429,1425,1434,,,
United States,2024-02-06,0.0,103436829,1628,1177475,,1628,,-6.9,,3376,,-25.1,,4.7667284,302859.5,3447.6064,,4.7667284,,9.884812,344.76065,0.47667283,,232.57143,,0.6809612,0.068096116,1.1383518,1.1383518,,1435,1434,1430,1426,1435,,,
United States,2024-02-07,0.0,103436829,0,1177475,,1628,,-6.9,,3376,,-25.1,,0.0,302859.5,3447.6064,,4.7667284,,9.884812,344.76065,0.0,,232.57143,,0.6809612,0.068096116,1.1383518,1.1383518,,1436,1435,1431,1427,1436,,,
United States,2024-02-08,0.0,103436829,0,1177475,,1628,,-6.9,,3376,,-25.1,,0.0,302859.5,3447.6064,,4.7667284,,9.884812,344.76065,0.0,,232.57143,,0.6809612,0.068096116,1.1383518,1.1383518,,1437,1436,1432,1428,1437,,,
United States,2024-02-09,0.0,103436829,0,1177475,,1628,,-6.9,,3376,,-25.1,,0.0,302859.5,3447.6064,,4.7667284,,9.884812,344.76065,0.0,,232.57143,,0.6809612,0.068096116,1.1383518,1.1383518,,1438,1437,1433,1429,1438,,,
United States,2024-02-10,0.0,103436829,0,1177475,,1628,,-6.9,,3376,,-25.1,,0.0,302859.5,3447.6064,,4.7667284,,9.884812,344.76065,0.0,,232.57143,,0.6809612,0.068096116,1.1383518,1.1383518,,1439,1438,1434,1430,1439,,,
United States,2024-02-11,0.0,103436829,0,1177475,,1628,,-6.9,,3376,,-25.1,,0.0,302859.5,3447.6064,,4.7667284,,9.884812,344.76065,0.0,,232.57143,,0.6809612,0.068096116,1.1383518,1.1383518,,1440,1439,1435,1431,1440,,,
United States,2024-02-12,0.0,103436829,0,1177475,,1628,,-6.9,,3376,,-25.1,,0.0,302859.5,3447.6064,,4.7667284,,9.884812,344.76065,0.0,,232.57143,,0.6809612,0.068096116,1.1383518,1.1383518,,1441,1440,1436,1432,1441,,,
United States,2024-02-13,0.0,103436829,1393,1178868,,1393,,-14.4,,3021,,-22.3,,4.078656,302859.5,3451.6853,,4.078656,,8.845385,345.16852,0.40786564,,199.0,,0.5826652,0.05826652,1.1396985,1.1396985,,1442,1441,1437,1433,1442,,,
United States,2024-02-14,0.0,103436829,0,1178868,,1393,,-14.4,,3021,,-22.3,,0.0,302859.5,3451.6853,,4.078656,,8.845385,345.16852,0.0,,199.0,,0.5826652,0.05826652,1.1396985,1.1396985,,1443,1442,1438,1434,1443,,,
United States,2024-02-15,0.0,103436829,0,1178868,,1393,,-14.4,,3021,,-22.3,,0.0,302859.5,3451.6853,,4.078656,,8.845385,345.16852,0.0,,199.0,,0.5826652,0.05826652,1.1396985,1.1396985,,1444,1443,1439,1435,1444,,,
United States,2024-02-16,0.0,103436829,0,1178868,,1393,,-14.4,,3021,,-22.3,,0.0,302859.5,3451.6853,,4.078656,,8.845385,345.16852,0.0,,199.0,,0.5826652,0.05826652,1.1396985,1.1396985,,1445,1444,1440,1436,1445,,,
United States,2024-02-17,0.0,103436829,0,1178868,,1393,,-14.4,,3021,,-22.3,,0.0,302859.5,3451.6853,,4.078656,,8.845385,345.16852,0.0,,199.0,,0.5826652,0.05826652,1.1396985,1.1396985,,1446,1445,1441,1437,1446,,,
United States,2024-02-18,0.0,103436829,0,1178868,,1393,,-14.4,,3021,,-22.3,,0.0,302859.5,3451.6853,,4.078656,,8.845385,345.16852,0.0,,199.0,,0.5826652,0.05826652,1.1396985,1.1396985,,1447,1446,1442,1438,1447,,,
United States,2024-02-19,0.0,103436829,0,1178868,,1393,,-14.4,,3021,,-22.3,,0.0,302859.5,3451.6853,,4.078656,,8.845385,345.16852,0.0,,199.0,,0.5826652,0.05826652,1.1396985,1.1396985,,1448,1447,1443,1439,1448,,,
United States,2024-02-20,0.0,103436829,1329,1180197,,1329,,-4.6,,2722,,-19.4,,3.8912666,302859.5,3455.5764,,3.8912666,,7.969923,345.55765,0.38912666,,189.85715,,0.5558952,0.055589523,1.1409833,1.1409833,,1449,1448,1444,1440,1449,,,
United States,2024-02-21,0.0,103436829,0,1180197,,1329,,-4.6,,2722,,-19.4,,0.0,302859.5,3455.5764,,3.8912666,,7.969923,345.55765,0.0,,189.85715,,0.5558952,0.055589523,1.1409833,1.1409833,,1450,1449,1445,1441,1450,,,
United States,2024-02-22,0.0,103436829,0,1180197,,1329,,-4.6,,2722,,-19.4,,0.0,302859.5,3455.5764,,3.8912666,,7.969923,345.55765,0.0,,189.85715,,0.5558952,0.055589523,1.1409833,1.1409833,,1451,1450,1446,1442,1451,,,
United States,2024-02-23,0.0,103436829,0,1180197,,1329,,-4.6,,2722,,-19.4,,0.0,302859.5,3455.5764,,3.8912666,,7.969923,345.55765,0.0,,189.85715,,0.5558952,0.055589523,1.1409833,1.1409833,,1452,1451,1447,1443,1452,,,
United States,2024-02-24,0.0,103436829,0,1180197,,1329,,-4.6,,2722,,-19.4,,0.0,302859.5,3455.5764,,3.8912666,,7.969923,345.55765,0.0,,189.85715,,0.5558952,0.055589523,1.1409833,1.1409833,,1453,1452,1448,1444,1453,,,
United States,2024-02-25,0.0,103436829,0,1180197,,1329,,-4.6,,2722,,-19.4,,0.0,302859.5,3455.5764,,3.8912666,,7.969923,345.55765,0.0,,189.85715,,0.5558952,0.055589523,1.1409833,1.1409833,,1454,1453,1449,1445,1454,,,
United States,2024-02-26,0.0,103436829,0,1180197,,1329,,-4.6,,2722,,-19.4,,0.0,302859.5,3455.5764,,3.8912666,,7.969923,345.55765,0.0,,189.85715,,0.5558952,0.055589523,1.1409833,1.1409833,,1455,1454,1450,1446,1455,,,
United States,2024-02-27,0.0,103436829,1276,1181473,,1276,,-4.0,,2605,,-13.8,,3.7360845,302859.5,3459.3125,,3.7360845,,7.627351,345.93124,0.37360844,,182.28572,,0.53372633,0.053372633,1.1422169,1.1422169,,1456,1455,1451,1447,1456,,,
United States,2024-02-28,0.0,103436829,0,1181473,,1276,,-4.0,,2605,,-13.8,,0.0,302859.5,3459.3125,,3.7360845,,7.627351,345.93124,0.0,,182.28572,,0.53372633,0.053372633,1.1422169,1.1422169,,1457,1456,1452,1448,1457,,,
United States,2024-02-29,0.0,103436829,0,1181473,,1276,,-4.0,,2605,,-13.8,,0.0,302859.5,3459.3125,,3.7360845,,7.627351,345.93124,0.0,,182.28572,,0.53372633,0.053372633,1.1422169,1.1422169,,1458,1457,1453,1449,1458,,,
United States,2024-03-01,0.0,103436829,0,1181473,,1276,,-4.0,,2605,,-13.8,,0.0,302859.5,3459.3125,,3.7360845,,7.627351,345.93124,0.0,,182.28572,,0.53372633,0.053372633,1.1422169,1.1422169,,1459,1458,1454,1450,1459,,,
United States,2024-03-02,0.0,103436829,0,1181473,,1276,,-4.0,,2605,,-13.8,,0.0,302859.5,3459.3125,,3.7360845,,7.627351,345.93124,0.0,,182.28572,,0.53372633,0.053372633,1.1422169,1.1422169,,1460,1459,1455,1451,1460,,,
United States,2024-03-03,0.0,103436829,0,1181473,,1276,,-4.0,,2605,,-13.8,,0.0,302859.5,3459.3125,,3.7360845,,7.627351,345.93124,0.0,,182.28572,,0.53372633,0.053372633,1.1422169,1.1422169,,1461,1460,1456,1452,1461,,,
United States,2024-03-04,0.0,103436829,0,1181473,,1276,,-4.0,,2605,,-13.8,,0.0,302859.5,3459.3125,,3.7360845,,7.627351,345.93124,0.0,,182.28572,,0.53372633,0.053372633,1.1422169,1.1422169,,1462,1461,1457,1453,1462,,,
United States,2024-03-05,0.0,103436829,1105,1182578,,1105,,-13.4,,2381,,-12.5,,3.2354023,302859.5,3462.5479,,3.2354023,,6.9714866,346.2548,0.3235402,,157.85715,,0.4622003,0.04622003,1.1432853,1.1432853,,1463,1462,1458,1454,1463,,,
United States,2024-03-06,0.0,103436829,0,1182578,,1105,,-13.4,,2381,,-12.5,,0.0,302859.5,3462.5479,,3.2354023,,6.9714866,346.2548,0.0,,157.85715,,0.4622003,0.04622003,1.1432853,1.1432853,,1464,1463,1459,1455,1464,,,
United States,2024-03-07,0.0,103436829,0,1182578,,1105,,-13.4,,2381,,-12.5,,0.0,302859.5,3462.5479,,3.2354023,,6.9714866,346.2548,0.0,,157.85715,,0.4622003,0.04622003,1.1432853,1.1432853,,1465,1464,1460,1456,1465,,,
United States,2024-03-08,0.0,103436829,0,1182578,,1105,,-13.4,,2381,,-12.5,,0.0,302859.5,3462.5479,,3.2354023,,6.9714866,346.2548,0.0,,157.85715,,0.4622003,0.04622003,1.1432853,1.1432853,,1466,1465,1461,1457,1466,,,
United States,2024-03-09,0.0,103436829,0,1182578,,1105,,-13.4,,2381,,-12.5,,0.0,302859.5,3462.5479,,3.2354023,,6.9714866,346.2548,0.0,,157.85715,,0.4622003,0.04622003,1.1432853,1.1432853,,1467,1466,1462,1458,1467,,,
United States,2024-03-10,0.0,103436829,0,1182578,,1105,,-13.4,,2381,,-12.5,,0.0,302859.5,3462.5479,,3.2354023,,6.9714866,346.2548,0.0,,157.85715,,0.4622003,0.04622003,1.1432853,1.1432853,,1468,1467,1463,1459,1468,,,
United States,2024-03-11,0.0,103436829,0,1182578,,1105,,-13.4,,2381,,-12.5,,0.0,302859.5,3462.5479,,3.2354023,,6.9714866,346.2548,0.0,,157.85715,,0.4622003,0.04622003,1.1432853,1.1432853,,1469,1468,1464,1460,1469,,,
United States,2024-03-12,0.0,103436829,1047,1183625,,1047,,-5.2,,2152,,-17.4,,3.0655801,302859.5,3465.6135,,3.0655801,,6.3009825,346.56134,0.306558,,149.57143,,0.43794003,0.043794002,1.1442975,1.1442975,,1470,1469,1465,1461,1470,,,
United States,2024-03-13,0.0,103436829,0,1183625,,1047,,-5.2,,2152,,-17.4,,0.0,302859.5,3465.6135,,3.0655801,,6.3009825,346.56134,0.0,,149.57143,,0.43794003,0.043794002,1.1442975,1.1442975,,1471,1470,1466,1462,1471,,,
United States,2024-03-14,0.0,103436829,0,1183625,,1047,,-5.2,,2152,,-17.4,,0.0,302859.5,3465.6135,,3.0655801,,6.3009825,346.56134,0.0,,149.57143,,0.43794003,0.043794002,1.1442975,1.1442975,,1472,1471,1467,1463,1472,,,
United States,2024-03-15,0.0,103436829,0,1183625,,1047,,-5.2,,2152,,-17.4,,0.0,302859.5,3465.6135,,3.0655801,,6.3009825,346.56134,0.0,,149.57143,,0.43794003,0.043794002,1.1442975,1.1442975,,1473,1472,1468,1464,1473,,,
United States,2024-03-16,0.0,103436829,0,1183625,,1047,,-5.2,,2152,,-17.4,,0.0,302859.5,3465.6135,,3.0655801,,6.3009825,346.56134,0.0,,149.57143,,0.43794003,0.043794002,1.1442975,1.1442975,,1474,1473,1469,1465,1474,,,
United States,2024-03-17,0.0,103436829,0,1183625,,1047,,-5.2,,2152,,-17.4,,0.0,302859.5,3465.6135,,3.0655801,,6.3009825,346.56134,0.0,,149.57143,,0.43794003,0.043794002,1.1442975,1.1442975,,1475,1474,1470,1466,1475,,,
United States,2024-03-18,0.0,103436829,0,1183625,,1047,,-5.2,,2152,,-17.4,,0.0,302859.5,3465.6135,,3.0655801,,6.3009825,346.56134,0.0,,149.57143,,0.43794003,0.043794002,1.1442975,1.1442975,,1476,1475,1471,1467,1476,,,
United States,2024-03-19,0.0,103436829,853,1184478,,853,,-18.5,,1900,,-20.2,,2.4975548,302859.5,3468.111,,2.4975548,,5.563135,346.8111,0.24975549,,121.85714,,0.35679355,0.035679355,1.1451222,1.1451222,,1477,1476,1472,1468,1477,,,
United States,2024-03-20,0.0,103436829,0,1184478,,853,,-18.5,,1900,,-20.2,,0.0,302859.5,3468.111,,2.4975548,,5.563135,346.8111,0.0,,121.85714,,0.35679355,0.035679355,1.1451222,1.1451222,,1478,1477,1473,1469,1478,,,
United States,2024-03-21,0.0,103436829,0,1184478,,853,,-18.5,,1900,,-20.2,,0.0,302859.5,3468.111,,2.4975548,,5.563135,346.8111,0.0,,121.85714,,0.35679355,0.035679355,1.1451222,1.1451222,,1479,1478,1474,1470,1479,,,
United States,2024-03-22,0.0,103436829,0,1184478,,853,,-18.5,,1900,,-20.2,,0.0,302859.5,3468.111,,2.4975548,,5.563135,346.8111,0.0,,121.85714,,0.35679355,0.035679355,1.1451222,1.1451222,,1480,1479,1475,1471,1480,,,
United States,2024-03-23,0.0,103436829,0,1184478,,853,,-18.5,,1900,,-20.2,,0.0,302859.5,3468.111,,2.4975548,,5.563135,346.8111,0.0,,121.85714,,0.35679355,0.035679355,1.1451222,1.1451222,,1481,1480,1476,1472,1481,,,
United States,2024-03-24,0.0,103436829,0,1184478,,853,,-18.5,,1900,,-20.2,,0.0,302859.5,3468.111,,2.4975548,,5.563135,346.8111,0.0,,121.85714,,0.35679355,0.035679355,1.1451222,1.1451222,,1482,1481,1477,1473,1482,,,
United States,2024-03-25,0.0,103436829,0,1184478,,853,,-18.5,,1900,,-20.2,,0.0,302859.5,3468.111,,2.4975548,,5.563135,346.8111,0.0,,121.85714,,0.35679355,0.035679355,1.1451222,1.1451222,,1483,1482,1478,1474,1483,,,
United States,2024-03-26,0.0,103436829,743,1185221,,743,,-12.9,,1596,,-25.8,,2.1754787,302859.5,3470.2866,,2.1754787,,4.673033,347.02866,0.21754786,,106.14286,,0.31078267,0.031078266,1.1458404,1.1458404,,1484,1483,1479,1475,1484,,,
United States,2024-03-27,0.0,103436829,0,1185221,,743,,-12.9,,1596,,-25.8,,0.0,302859.5,3470.2866,,2.1754787,,4.673033,347.02866,0.0,,106.14286,,0.31078267,0.031078266,1.1458404,1.1458404,,1485,1484,1480,1476,1485,,,
United States,2024-03-28,0.0,103436829,0,1185221,,743,,-12.9,,1596,,-25.8,,0.0,302859.5,3470.2866,,2.1754787,,4.673033,347.02866,0.0,,106.14286,,0.31078267,0.031078266,1.1458404,1.1458404,,1486,1485,1481,1477,1486,,,
United States,2024-03-29,0.0,103436829,0,1185221,,743,,-12.9,,1596,,-25.8,,0.0,302859.5,3470.2866,,2.1754787,,4.673033,347.02866,0.0,,106.14286,,0.31078267,0.031078266,1.1458404,1.1458404,,1487,1486,1482,1478,1487,,,
United States,2024-03-30,0.0,103436829,0,1185221,,743,,-12.9,,1596,,-25.8,,0.0,302859.5,3470.2866,,2.1754787,,4.673033,347.02866,0.0,,106.14286,,0.31078267,0.031078266,1.1458404,1.1458404,,1488,1487,1483,1479,1488,,,
United States,2024-03-31,0.0,103436829,0,1185221,,743,,-12.9,,1596,,-25.8,,0.0,302859.5,3470.2866,,2.1754787,,4.673033,347.02866,0.0,,106.14286,,0.31078267,0.031078266,1.1458404,1.1458404,,1489,1488,1484,1480,1489,,,
United States,2024-04-01,0.0,103436829,0,1185221,,743,,-12.9,,1596,,-25.8,,0.0,302859.5,3470.2866,,2.1754787,,4.673033,347.02866,0.0,,106.14286,,0.31078267,0.031078266,1.1458404,1.1458404,,1490,1489,1485,1481,1490,,,
United States,2024-04-02,0.0,103436829,635,1185856,,635,,-14.5,,1378,,-27.5,,1.8592583,302859.5,3472.1458,,1.8592583,,4.034737,347.21457,0.18592583,,90.71429,,0.26560834,0.026560834,1.1464543,1.1464543,,1491,1490,1486,1482,1491,,,
United States,2024-04-03,0.0,103436829,0,1185856,,635,,-14.5,,1378,,-27.5,,0.0,302859.5,3472.1458,,1.8592583,,4.034737,347.21457,0.0,,90.71429,,0.26560834,0.026560834,1.1464543,1.1464543,,1492,1491,1487,1483,1492,,,
United States,2024-04-04,0.0,103436829,0,1185856,,635,,-14.5,,1378,,-27.5,,0.0,302859.5,3472.1458,,1.8592583,,4.034737,347.21457,0.0,,90.71429,,0.26560834,0.026560834,1.1464543,1.1464543,,1493,1492,1488,1484,1493,,,
United States,2024-04-05,0.0,103436829,0,1185856,,635,,-14.5,,1378,,-27.5,,0.0,302859.5,3472.1458,,1.8592583,,4.034737,347.21457,0.0,,90.71429,,0.26560834,0.026560834,1.1464543,1.1464543,,1494,1493,1489,1485,1494,,,
United States,2024-04-06,0.0,103436829,0,1185856,,635,,-14.5,,1378,,-27.5,,0.0,302859.5,3472.1458,,1.8592583,,4.034737,347.21457,0.0,,90.71429,,0.26560834,0.026560834,1.1464543,1.1464543,,1495,1494,1490,1486,1495,,,
United States,2024-04-07,0.0,103436829,0,1185856,,635,,-14.5,,1378,,-27.5,,0.0,302859.5,3472.1458,,1.8592583,,4.034737,347.21457,0.0,,90.71429,,0.26560834,0.026560834,1.1464543,1.1464543,,1496,1495,1491,1487,1496,,,
United States,2024-04-08,0.0,103436829,0,1185856,,635,,-14.5,,1378,,-27.5,,0.0,302859.5,3472.1458,,1.8592583,,4.034737,347.21457,0.0,,90.71429,,0.26560834,0.026560834,1.1464543,1.1464543,,1497,1496,1492,1488,1497,,,
United States,2024-04-09,0.0,103436829,575,1186431,,575,,-9.4,,1210,,-24.2,,1.6835804,302859.5,3473.8293,,1.6835804,,3.5428386,347.38293,0.16835803,,82.14286,,0.24051148,0.024051148,1.1470102,1.1470102,,1498,1497,1493,1489,1498,,,
United States,2024-04-10,0.0,103436829,0,1186431,,575,,-9.4,,1210,,-24.2,,0.0,302859.5,3473.8293,,1.6835804,,3.5428386,347.38293,0.0,,82.14286,,0.24051148,0.024051148,1.1470102,1.1470102,,1499,1498,1494,1490,1499,,,
United States,2024-04-11,0.0,103436829,0,1186431,,575,,-9.4,,1210,,-24.2,,0.0,302859.5,3473.8293,,1.6835804,,3.5428386,347.38293,0.0,,82.14286,,0.24051148,0.024051148,1.1470102,1.1470102,,1500,1499,1495,1491,1500,,,
United States,2024-04-12,0.0,103436829,0,1186431,,575,,-9.4,,1210,,-24.2,,0.0,302859.5,3473.8293,,1.6835804,,3.5428386,347.38293,0.0,,82.14286,,0.24051148,0.024051148,1.1470102,1.1470102,,1501,1500,1496,1492,1501,,,
United States,2024-04-13,0.0,103436829,0,1186431,,575,,-9.4,,1210,,-24.2,,0.0,302859.5,3473.8293,,1.6835804,,3.5428386,347.38293,0.0,,82.14286,,0.24051148,0.024051148,1.1470102,1.1470102,,1502,1501,1497,1493,1502,,,
United States,2024-04-14,0.0,103436829,0,1186431,,575,,-9.4,,1210,,-24.2,,0.0,302859.5,3473.8293,,1.6835804,,3.5428386,347.38293,0.0,,82.14286,,0.24051148,0.024051148,1.1470102,1.1470102,,1503,1502,1498,1494,1503,,,
United States,2024-04-15,0.0,103436829,0,1186431,,575,,-9.4,,1210,,-24.2,,0.0,302859.5,3473.8293,,1.6835804,,3.5428386,347.38293,0.0,,82.14286,,0.24051148,0.024051148,1.1470102,1.1470102,,1504,1503,1499,1495,1504,,,
United States,2024-04-16,0.0,103436829,501,1186932,,501,,-12.9,,1076,,-21.9,,1.4669108,302859.5,3475.2964,,1.4669108,,3.1504912,347.52963,0.14669108,,71.57143,,0.2095587,0.02095587,1.1474946,1.1474946,,1505,1504,1500,1496,1505,,,
United States,2024-04-17,0.0,103436829,0,1186932,,501,,-12.9,,1076,,-21.9,,0.0,302859.5,3475.2964,,1.4669108,,3.1504912,347.52963,0.0,,71.57143,,0.2095587,0.02095587,1.1474946,1.1474946,,1506,1505,1501,1497,1506,,,
United States,2024-04-18,0.0,103436829,0,1186932,,501,,-12.9,,1076,,-21.9,,0.0,302859.5,3475.2964,,1.4669108,,3.1504912,347.52963,0.0,,71.57143,,0.2095587,0.02095587,1.1474946,1.1474946,,1507,1506,1502,1498,1507,,,
United States,2024-04-19,0.0,103436829,0,1186932,,501,,-12.9,,1076,,-21.9,,0.0,302859.5,3475.2964,,1.4669108,,3.1504912,347.52963,0.0,,71.57143,,0.2095587,0.02095587,1.1474946,1.1474946,,1508,1507,1503,1499,1508,,,
United States,2024-04-20,0.0,103436829,0,1186932,,501,,-12.9,,1076,,-21.9,,0.0,302859.5,3475.2964,,1.4669108,,3.1504912,347.52963,0.0,,71.57143,,0.2095587,0.02095587,1.1474946,1.1474946,,1509,1508,1504,1500,1509,,,
United States,2024-04-21,0.0,103436829,0,1186932,,501,,-12.9,,1076,,-21.9,,0.0,302859.5,3475.2964,,1.4669108,,3.1504912,347.52963,0.0,,71.57143,,0.2095587,0.02095587,1.1474946,1.1474946,,1510,1509,1505,1501,1510,,,
United States,2024-04-22,0.0,103436829,0,1186932,,501,,-12.9,,1076,,-21.9,,0.0,302859.5,3475.2964,,1.4669108,,3.1504912,347.52963,0.0,,71.57143,,0.2095587,0.02095587,1.1474946,1.1474946,,1511,1510,1506,1502,1511,,,
United States,2024-04-23,0.0,103436829,430,1187362,,430,,-14.2,,931,,-23.1,,1.2590253,302859.5,3476.5554,,1.2590253,,2.7259362,347.65555,0.12590253,,61.42857,,0.17986076,0.017986076,1.1479102,1.1479102,,1512,1511,1507,1503,1512,,,
United States,2024-04-24,0.0,103436829,0,1187362,,430,,-14.2,,931,,-23.1,,0.0,302859.5,3476.5554,,1.2590253,,2.7259362,347.65555,0.0,,61.42857,,0.17986076,0.017986076,1.1479102,1.1479102,,1513,1512,1508,1504,1513,,,
United States,2024-04-25,0.0,103436829,0,1187362,,430,,-14.2,,931,,-23.1,,0.0,302859.5,3476.5554,,1.2590253,,2.7259362,347.65555,0.0,,61.42857,,0.17986076,0.017986076,1.1479102,1.1479102,,1514,1513,1509,1505,1514,,,
United States,2024-04-26,0.0,103436829,0,1187362,,430,,-14.2,,931,,-23.1,,0.0,302859.5,3476.5554,,1.2590253,,2.7259362,347.65555,0.0,,61.42857,,0.17986076,0.017986076,1.1479102,1.1479102,,1515,1514,1510,1506,1515,,,
United States,2024-04-27,0.0,103436829,0,1187362,,430,,-14.2,,931,,-23.1,,0.0,302859.5,3476.5554,,1.2590253,,2.7259362,347.65555,0.0,,61.42857,,0.17986076,0.017986076,1.1479102,1.1479102,,1516,1515,1511,1507,1516,,,
United States,2024-04-28,0.0,103436829,0,1187362,,430,,-14.2,,931,,-23.1,,0.0,302859.5,3476.5554,,1.2590253,,2.7259362,347.65555,0.0,,61.42857,,0.17986076,0.017986076,1.1479102,1.1479102,,1517,1516,1512,1508,1517,,,
United States,2024-04-29,0.0,103436829,0,1187362,,430,,-14.2,,931,,-23.1,,0.0,302859.5,3476.5554,,1.2590253,,2.7259362,347.65555,0.0,,61.42857,,0.17986076,0.017986076,1.1479102,1.1479102,,1518,1517,1513,1509,1518,,,
United States,2024-04-30,0.0,103436829,427,1187789,,427,,-0.7,,857,,-20.4,,1.2502414,302859.5,3477.8057,,1.2502414,,2.5092666,347.78055,0.12502414,,61.0,,0.17860591,0.017860591,1.148323,1.148323,,1519,1518,1514,1510,1519,,,
United States,2024-05-01,0.0,103436829,0,1187789,,427,,-0.7,,857,,-20.4,,0.0,302859.5,3477.8057,,1.2502414,,2.5092666,347.78055,0.0,,61.0,,0.17860591,0.017860591,1.148323,1.148323,,1520,1519,1515,1511,1520,,,
United States,2024-05-02,0.0,103436829,0,1187789,,427,,-0.7,,857,,-20.4,,0.0,302859.5,3477.8057,,1.2502414,,2.5092666,347.78055,0.0,,61.0,,0.17860591,0.017860591,1.148323,1.148323,,1521,1520,1516,1512,1521,,,
United States,2024-05-03,0.0,103436829,0,1187789,,427,,-0.7,,857,,-20.4,,0.0,302859.5,3477.8057,,1.2502414,,2.5092666,347.78055,0.0,,61.0,,0.17860591,0.017860591,1.148323,1.148323,,1522,1521,1517,1513,1522,,,
United States,2024-05-04,0.0,103436829,0,1187789,,427,,-0.7,,857,,-20.4,,0.0,302859.5,3477.8057,,1.2502414,,2.5092666,347.78055,0.0,,61.0,,0.17860591,0.017860591,1.148323,1.148323,,1523,1522,1518,1514,1523,,,
United States,2024-05-05,0.0,103436829,0,1187789,,427,,-0.7,,857,,-20.4,,0.0,302859.5,3477.8057,,1.2502414,,2.5092666,347.78055,0.0,,61.0,,0.17860591,0.017860591,1.148323,1.148323,,1524,1523,1519,1515,1524,,,
United States,2024-05-06,0.0,103436829,0,1187789,,427,,-0.7,,857,,-20.4,,0.0,302859.5,3477.8057,,1.2502414,,2.5092666,347.78055,0.0,,61.0,,0.17860591,0.017860591,1.148323,1.148323,,1525,1524,1520,1516,1525,,,
United States,2024-05-07,0.0,103436829,334,1188123,,334,,-21.8,,761,,-18.3,,0.97794056,302859.5,3478.7834,,0.97794056,,2.228182,347.87836,0.097794056,,47.714287,,0.13970579,0.01397058,1.148646,1.148646,,1526,1525,1521,1517,1526,,,
United States,2024-05-08,0.0,103436829,0,1188123,,334,,-21.8,,761,,-18.3,,0.0,302859.5,3478.7834,,0.97794056,,2.228182,347.87836,0.0,,47.714287,,0.13970579,0.01397058,1.148646,1.148646,,1527,1526,1522,1518,1527,,,
United States,2024-05-09,0.0,103436829,0,1188123,,334,,-21.8,,761,,-18.3,,0.0,302859.5,3478.7834,,0.97794056,,2.228182,347.87836,0.0,,47.714287,,0.13970579,0.01397058,1.148646,1.148646,,1528,1527,1523,1519,1528,,,
United States,2024-05-10,0.0,103436829,0,1188123,,334,,-21.8,,761,,-18.3,,0.0,302859.5,3478.7834,,0.97794056,,2.228182,347.87836,0.0,,47.714287,,0.13970579,0.01397058,1.148646,1.148646,,1529,1528,1524,1520,1529,,,
United States,2024-05-11,0.0,103436829,0,1188123,,334,,-21.8,,761,,-18.3,,0.0,302859.5,3478.7834,,0.97794056,,2.228182,347.87836,0.0,,47.714287,,0.13970579,0.01397058,1.148646,1.148646,,1530,1529,1525,1521,1530,,,
United States,2024-05-12,0.0,103436829,0,1188123,,334,,-21.8,,761,,-18.3,,0.0,302859.5,3478.7834,,0.97794056,,2.228182,347.87836,0.0,,47.714287,,0.13970579,0.01397058,1.148646,1.148646,,1531,1530,1526,1522,1531,,,
United States,2024-05-13,0.0,103436829,0,1188123,,334,,-21.8,,761,,-18.3,,0.0,302859.5,3478.7834,,0.97794056,,2.228182,347.87836,0.0,,47.714287,,0.13970579,0.01397058,1.148646,1.148646,,1532,1531,1527,1523,1532,,,
United States,2024-05-14,0.0,103436829,340,1188463,,340,,1.8,,674,,-21.4,,0.9955084,302859.5,3479.779,,0.9955084,,1.973449,347.9779,0.099550836,,48.57143,,0.14221549,0.014221548,1.1489747,1.1489747,,1533,1532,1528,1524,1533,,,
United States,2024-05-15,0.0,103436829,0,1188463,,340,,1.8,,674,,-21.4,,0.0,302859.5,3479.779,,0.9955084,,1.973449,347.9779,0.0,,48.57143,,0.14221549,0.014221548,1.1489747,1.1489747,,1534,1533,1529,1525,1534,,,
United States,2024-05-16,0.0,103436829,0,1188463,,340,,1.8,,674,,-21.4,,0.0,302859.5,3479.779,,0.9955084,,1.973449,347.9779,0.0,,48.57143,,0.14221549,0.014221548,1.1489747,1.1489747,,1535,1534,1530,1526,1535,,,
United States,2024-05-17,0.0,103436829,0,1188463,,340,,1.8,,674,,-21.4,,0.0,302859.5,3479.779,,0.9955084,,1.973449,347.9779,0.0,,48.57143,,0.14221549,0.014221548,1.1489747,1.1489747,,1536,1535,1531,1527,1536,,,
United States,2024-05-18,0.0,103436829,0,1188463,,340,,1.8,,674,,-21.4,,0.0,302859.5,3479.779,,0.9955084,,1.973449,347.9779,0.0,,48.57143,,0.14221549,0.014221548,1.1489747,1.1489747,,1537,1536,1532,1528,1537,,,
United States,2024-05-19,0.0,103436829,0,1188463,,340,,1.8,,674,,-21.4,,0.0,302859.5,3479.779,,0.9955084,,1.973449,347.9779,0.0,,48.57143,,0.14221549,0.014221548,1.1489747,1.1489747,,1538,1537,1533,1529,1538,,,
United States,2024-05-20,0.0,103436829,0,1188463,,340,,1.8,,674,,-21.4,,0.0,302859.5,3479.779,,0.9955084,,1.973449,347.9779,0.0,,48.57143,,0.14221549,0.014221548,1.1489747,1.1489747,,1539,1538,1534,1530,1539,,,
United States,2024-05-21,0.0,103436829,344,1188807,,344,,1.2,,684,,-10.1,,1.0072203,302859.5,3480.7864,,1.0072203,,2.0027287,348.0786,0.10072202,,49.142857,,0.14388861,0.01438886,1.1493073,1.1493073,,1540,1539,1535,1531,1540,,,
United States,2024-05-22,0.0,103436829,0,1188807,,344,,1.2,,684,,-10.1,,0.0,302859.5,3480.7864,,1.0072203,,2.0027287,348.0786,0.0,,49.142857,,0.14388861,0.01438886,1.1493073,1.1493073,,1541,1540,1536,1532,1541,,,
United States,2024-05-23,0.0,103436829,0,1188807,,344,,1.2,,684,,-10.1,,0.0,302859.5,3480.7864,,1.0072203,,2.0027287,348.0786,0.0,,49.142857,,0.14388861,0.01438886,1.1493073,1.1493073,,1542,1541,1537,1533,1542,,,
United States,2024-05-24,0.0,103436829,0,1188807,,344,,1.2,,684,,-10.1,,0.0,302859.5,3480.7864,,1.0072203,,2.0027287,348.0786,0.0,,49.142857,,0.14388861,0.01438886,1.1493073,1.1493073,,1543,1542,1538,1534,1543,,,
United States,2024-05-25,0.0,103436829,0,1188807,,344,,1.2,,684,,-10.1,,0.0,302859.5,3480.7864,,1.0072203,,2.0027287,348.0786,0.0,,49.142857,,0.14388861,0.01438886,1.1493073,1.1493073,,1544,1543,1539,1535,1544,,,
United States,2024-05-26,0.0,103436829,0,1188807,,344,,1.2,,684,,-10.1,,0.0,302859.5,3480.7864,,1.0072203,,2.0027287,348.0786,0.0,,49.142857,,0.14388861,0.01438886,1.1493073,1.1493073,,1545,1544,1540,1536,1545,,,
United States,2024-05-27,0.0,103436829,0,1188807,,344,,1.2,,684,,-10.1,,0.0,302859.5,3480.7864,,1.0072203,,2.0027287,348.0786,0.0,,49.142857,,0.14388861,0.01438886,1.1493073,1.1493073,,1546,1545,1541,1537,1546,,,
United States,2024-05-28,0.0,103436829,326,1189133,,326,,-5.2,,670,,-0.6,,0.9545169,302859.5,3481.7407,,0.9545169,,1.9617372,348.17407,0.09545168,,46.57143,,0.13635956,0.013635955,1.1496224,1.1496224,,1547,1546,1542,1538,1547,,,
United States,2024-05-29,0.0,103436829,0,1189133,,326,,-5.2,,670,,-0.6,,0.0,302859.5,3481.7407,,0.9545169,,1.9617372,348.17407,0.0,,46.57143,,0.13635956,0.013635955,1.1496224,1.1496224,,1548,1547,1543,1539,1548,,,
United States,2024-05-30,0.0,103436829,0,1189133,,326,,-5.2,,670,,-0.6,,0.0,302859.5,3481.7407,,0.9545169,,1.9617372,348.17407,0.0,,46.57143,,0.13635956,0.013635955,1.1496224,1.1496224,,1549,1548,1544,1540,1549,,,
United States,2024-05-31,0.0,103436829,0,1189133,,326,,-5.2,,670,,-0.6,,0.0,302859.5,3481.7407,,0.9545169,,1.9617372,348.17407,0.0,,46.57143,,0.13635956,0.013635955,1.1496224,1.1496224,,1550,1549,1545,1541,1550,,,
United States,2024-06-01,0.0,103436829,0,1189133,,326,,-5.2,,670,,-0.6,,0.0,302859.5,3481.7407,,0.9545169,,1.9617372,348.17407,0.0,,46.57143,,0.13635956,0.013635955,1.1496224,1.1496224,,1551,1550,1546,1542,1551,,,
United States,2024-06-02,0.0,103436829,0,1189133,,326,,-5.2,,670,,-0.6,,0.0,302859.5,3481.7407,,0.9545169,,1.9617372,348.17407,0.0,,46.57143,,0.13635956,0.013635955,1.1496224,1.1496224,,1552,1551,1547,1543,1552,,,
United States,2024-06-03,0.0,103436829,0,1189133,,326,,-5.2,,670,,-0.6,,0.0,302859.5,3481.7407,,0.9545169,,1.9617372,348.17407,0.0,,46.57143,,0.13635956,0.013635955,1.1496224,1.1496224,,1553,1552,1548,1544,1553,,,
United States,2024-06-04,0.0,103436829,314,1189447,,314,,-3.7,,640,,-6.4,,0.91938126,302859.5,3482.6602,,0.91938126,,1.8738981,348.26602,0.09193813,,44.857143,,0.13134018,0.0131340185,1.1499261,1.1499261,,1554,1553,1549,1545,1554,,,
United States,2024-06-05,0.0,103436829,0,1189447,,314,,-3.7,,640,,-6.4,,0.0,302859.5,3482.6602,,0.91938126,,1.8738981,348.26602,0.0,,44.857143,,0.13134018,0.0131340185,1.1499261,1.1499261,,1555,1554,1550,1546,1555,,,
United States,2024-06-06,0.0,103436829,0,1189447,,314,,-3.7,,640,,-6.4,,0.0,302859.5,3482.6602,,0.91938126,,1.8738981,348.26602,0.0,,44.857143,,0.13134018,0.0131340185,1.1499261,1.1499261,,1556,1555,1551,1547,1556,,,
United States,2024-06-07,0.0,103436829,0,1189447,,314,,-3.7,,640,,-6.4,,0.0,302859.5,3482.6602,,0.91938126,,1.8738981,348.26602,0.0,,44.857143,,0.13134018,0.0131340185,1.1499261,1.1499261,,1557,1556,1552,1548,1557,,,
United States,2024-06-08,0.0,103436829,0,1189447,,314,,-3.7,,640,,-6.4,,0.0,302859.5,3482.6602,,0.91938126,,1.8738981,348.26602,0.0,,44.857143,,0.13134018,0.0131340185,1.1499261,1.1499261,,1558,1557,1553,1549,1558,,,
United States,2024-06-09,0.0,103436829,0,1189447,,314,,-3.7,,640,,-6.4,,0.0,302859.5,3482.6602,,0.91938126,,1.8738981,348.26602,0.0,,44.857143,,0.13134018,0.0131340185,1.1499261,1.1499261,,1559,1558,1554,1550,1559,,,
United States,2024-06-10,0.0,103436829,0,1189447,,314,,-3.7,,640,,-6.4,,0.0,302859.5,3482.6602,,0.91938126,,1.8738981,348.26602,0.0,,44.857143,,0.13134018,0.0131340185,1.1499261,1.1499261,,1560,1559,1555,1551,1560,,,
United States,2024-06-11,0.0,103436829,367,1189814,,367,,16.9,,681,,1.6,,1.0745635,302859.5,3483.7346,,1.0745635,,1.9939448,348.37347,0.10745635,,52.42857,,0.15350907,0.015350906,1.1502808,1.1502808,,1561,1560,1556,1552,1561,,,
United States,2024-06-12,0.0,103436829,0,1189814,,367,,16.9,,681,,1.6,,0.0,302859.5,3483.7346,,1.0745635,,1.9939448,348.37347,0.0,,52.42857,,0.15350907,0.015350906,1.1502808,1.1502808,,1562,1561,1557,1553,1562,,,
United States,2024-06-13,0.0,103436829,0,1189814,,367,,16.9,,681,,1.6,,0.0,302859.5,3483.7346,,1.0745635,,1.9939448,348.37347,0.0,,52.42857,,0.15350907,0.015350906,1.1502808,1.1502808,,1563,1562,1558,1554,1563,,,
United States,2024-06-14,0.0,103436829,0,1189814,,367,,16.9,,681,,1.6,,0.0,302859.5,3483.7346,,1.0745635,,1.9939448,348.37347,0.0,,52.42857,,0.15350907,0.015350906,1.1502808,1.1502808,,1564,1563,1559,1555,1564,,,
United States,2024-06-15,0.0,103436829,0,1189814,,367,,16.9,,681,,1.6,,0.0,302859.5,3483.7346,,1.0745635,,1.9939448,348.37347,0.0,,52.42857,,0.15350907,0.015350906,1.1502808,1.1502808,,1565,1564,1560,1556,1565,,,
United States,2024-06-16,0.0,103436829,0,1189814,,367,,16.9,,681,,1.6,,0.0,302859.5,3483.7346,,1.0745635,,1.9939448,348.37347,0.0,,52.42857,,0.15350907,0.015350906,1.1502808,1.1502808,,1566,1565,1561,1557,1566,,,
United States,2024-06-17,0.0,103436829,0,1189814,,367,,16.9,,681,,1.6,,0.0,302859.5,3483.7346,,1.0745635,,1.9939448,348.37347,0.0,,52.42857,,0.15350907,0.015350906,1.1502808,1.1502808,,1567,1566,1562,1558,1567,,,
United States,2024-06-18,0.0,103436829,436,1190250,,436,,18.8,,803,,25.5,,1.2765931,302859.5,3485.0112,,1.2765931,,2.3511565,348.50113,0.1276593,,62.285713,,0.18237044,0.018237045,1.1507024,1.1507024,,1568,1567,1563,1559,1568,,,
United States,2024-06-19,0.0,103436829,0,1190250,,436,,18.8,,803,,25.5,,0.0,302859.5,3485.0112,,1.2765931,,2.3511565,348.50113,0.0,,62.285713,,0.18237044,0.018237045,1.1507024,1.1507024,,1569,1568,1564,1560,1569,,,
United States,2024-06-20,0.0,103436829,0,1190250,,436,,18.8,,803,,25.5,,0.0,302859.5,3485.0112,,1.2765931,,2.3511565,348.50113,0.0,,62.285713,,0.18237044,0.018237045,1.1507024,1.1507024,,1570,1569,1565,1561,1570,,,
United States,2024-06-21,0.0,103436829,0,1190250,,436,,18.8,,803,,25.5,,0.0,302859.5,3485.0112,,1.2765931,,2.3511565,348.50113,0.0,,62.285713,,0.18237044,0.018237045,1.1507024,1.1507024,,1571,1570,1566,1562,1571,,,
United States,2024-06-22,0.0,103436829,0,1190250,,436,,18.8,,803,,25.5,,0.0,302859.5,3485.0112,,1.2765931,,2.3511565,348.50113,0.0,,62.285713,,0.18237044,0.018237045,1.1507024,1.1507024,,1572,1571,1567,1563,1572,,,
United States,2024-06-23,0.0,103436829,0,1190250,,436,,18.8,,803,,25.5,,0.0,302859.5,3485.0112,,1.2765931,,2.3511565,348.50113,0.0,,62.285713,,0.18237044,0.018237045,1.1507024,1.1507024,,1573,1572,1568,1564,1573,,,
United States,2024-06-24,0.0,103436829,0,1190250,,436,,18.8,,803,,25.5,,0.0,302859.5,3485.0112,,1.2765931,,2.3511565,348.50113,0.0,,62.285713,,0.18237044,0.018237045,1.1507024,1.1507024,,1574,1573,1569,1565,1574,,,
United States,2024-06-25,0.0,103436829,444,1190694,,444,,1.8,,880,,29.2,,1.3000169,302859.5,3486.3113,,1.3000169,,2.5766098,348.63113,0.13000168,,63.42857,,0.18571669,0.01857167,1.1511316,1.1511316,,1575,1574,1570,1566,1575,,,
United States,2024-06-26,0.0,103436829,0,1190694,,444,,1.8,,880,,29.2,,0.0,302859.5,3486.3113,,1.3000169,,2.5766098,348.63113,0.0,,63.42857,,0.18571669,0.01857167,1.1511316,1.1511316,,1576,1575,1571,1567,1576,,,
United States,2024-06-27,0.0,103436829,0,1190694,,444,,1.8,,880,,29.2,,0.0,302859.5,3486.3113,,1.3000169,,2.5766098,348.63113,0.0,,63.42857,,0.18571669,0.01857167,1.1511316,1.1511316,,1577,1576,1572,1568,1577,,,
United States,2024-06-28,0.0,103436829,0,1190694,,444,,1.8,,880,,29.2,,0.0,302859.5,3486.3113,,1.3000169,,2.5766098,348.63113,0.0,,63.42857,,0.18571669,0.01857167,1.1511316,1.1511316,,1578,1577,1573,1569,1578,,,
United States,2024-06-29,0.0,103436829,0,1190694,,444,,1.8,,880,,29.2,,0.0,302859.5,3486.3113,,1.3000169,,2.5766098,348.63113,0.0,,63.42857,,0.18571669,0.01857167,1.1511316,1.1511316,,1579,1578,1574,1570,1579,,,
United States,2024-06-30,0.0,103436829,0,1190694,,444,,1.8,,880,,29.2,,0.0,302859.5,3486.3113,,1.3000169,,2.5766098,348.63113,0.0,,63.42857,,0.18571669,0.01857167,1.1511316,1.1511316,,1580,1579,1575,1571,1580,,,
United States,2024-07-01,0.0,103436829,0,1190694,,444,,1.8,,880,,29.2,,0.0,302859.5,3486.3113,,1.3000169,,2.5766098,348.63113,0.0,,63.42857,,0.18571669,0.01857167,1.1511316,1.1511316,,1581,1580,1576,1572,1581,,,
United States,2024-07-02,0.0,103436829,533,1191227,,533,,20.0,,977,,21.7,,1.5606058,302859.5,3487.8718,,1.5606058,,2.8606226,348.7872,0.15606058,,76.14286,,0.22294368,0.022294369,1.1516469,1.1516469,,1582,1581,1577,1573,1582,,,
United States,2024-07-03,0.0,103436829,0,1191227,,533,,20.0,,977,,21.7,,0.0,302859.5,3487.8718,,1.5606058,,2.8606226,348.7872,0.0,,76.14286,,0.22294368,0.022294369,1.1516469,1.1516469,,1583,1582,1578,1574,1583,,,
United States,2024-07-04,0.0,103436829,0,1191227,,533,,20.0,,977,,21.7,,0.0,302859.5,3487.8718,,1.5606058,,2.8606226,348.7872,0.0,,76.14286,,0.22294368,0.022294369,1.1516469,1.1516469,,1584,1583,1579,1575,1584,,,
United States,2024-07-05,0.0,103436829,0,1191227,,533,,20.0,,977,,21.7,,0.0,302859.5,3487.8718,,1.5606058,,2.8606226,348.7872,0.0,,76.14286,,0.22294368,0.022294369,1.1516469,1.1516469,,1585,1584,1580,1576,1585,,,
United States,2024-07-06,0.0,103436829,0,1191227,,533,,20.0,,977,,21.7,,0.0,302859.5,3487.8718,,1.5606058,,2.8606226,348.7872,0.0,,76.14286,,0.22294368,0.022294369,1.1516469,1.1516469,,1586,1585,1581,1577,1586,,,
United States,2024-07-07,0.0,103436829,0,1191227,,533,,20.0,,977,,21.7,,0.0,302859.5,3487.8718,,1.5606058,,2.8606226,348.7872,0.0,,76.14286,,0.22294368,0.022294369,1.1516469,1.1516469,,1587,1586,1582,1578,1587,,,
United States,2024-07-08,0.0,103436829,0,1191227,,533,,20.0,,977,,21.7,,0.0,302859.5,3487.8718,,1.5606058,,2.8606226,348.7872,0.0,,76.14286,,0.22294368,0.022294369,1.1516469,1.1516469,,1588,1587,1583,1579,1588,,,
United States,2024-07-09,0.0,103436829,595,1191822,,595,,11.6,,1128,,28.2,,1.7421397,302859.5,3489.614,,1.7421397,,3.3027453,348.9614,0.17421396,,85.0,,0.2488771,0.024887709,1.152222,1.152222,,1589,1588,1584,1580,1589,,,
United States,2024-07-10,0.0,103436829,0,1191822,,595,,11.6,,1128,,28.2,,0.0,302859.5,3489.614,,1.7421397,,3.3027453,348.9614,0.0,,85.0,,0.2488771,0.024887709,1.152222,1.152222,,1590,1589,1585,1581,1590,,,
United States,2024-07-11,0.0,103436829,0,1191822,,595,,11.6,,1128,,28.2,,0.0,302859.5,3489.614,,1.7421397,,3.3027453,348.9614,0.0,,85.0,,0.2488771,0.024887709,1.152222,1.152222,,1591,1590,1586,1582,1591,,,
United States,2024-07-12,0.0,103436829,0,1191822,,595,,11.6,,1128,,28.2,,0.0,302859.5,3489.614,,1.7421397,,3.3027453,348.9614,0.0,,85.0,,0.2488771,0.024887709,1.152222,1.152222,,1592,1591,1587,1583,1592,,,
United States,2024-07-13,0.0,103436829,0,1191822,,595,,11.6,,1128,,28.2,,0.0,302859.5,3489.614,,1.7421397,,3.3027453,348.9614,0.0,,85.0,,0.2488771,0.024887709,1.152222,1.152222,,1593,1592,1588,1584,1593,,,
United States,2024-07-14,0.0,103436829,0,1191822,,595,,11.6,,1128,,28.2,,0.0,302859.5,3489.614,,1.7421397,,3.3027453,348.9614,0.0,,85.0,,0.2488771,0.024887709,1.152222,1.152222,,1594,1593,1589,1585,1594,,,
United States,2024-07-15,0.0,103436829,0,1191822,,595,,11.6,,1128,,28.2,,0.0,302859.5,3489.614,,1.7421397,,3.3027453,348.9614,0.0,,85.0,,0.2488771,0.024887709,1.152222,1.152222,,1595,1594,1590,1586,1595,,,
United States,2024-07-16,0.0,103436829,737,1192559,,737,,23.9,,1332,,36.3,,2.1579108,302859.5,3491.772,,2.1579108,,3.9000504,349.1772,0.21579108,,105.28571,,0.308273,0.030827297,1.1529346,1.1529346,,1596,1595,1591,1587,1596,,,
United States,2024-07-17,0.0,103436829,0,1192559,,737,,23.9,,1332,,36.3,,0.0,302859.5,3491.772,,2.1579108,,3.9000504,349.1772,0.0,,105.28571,,0.308273,0.030827297,1.1529346,1.1529346,,1597,1596,1592,1588,1597,,,
United States,2024-07-18,0.0,103436829,0,1192559,,737,,23.9,,1332,,36.3,,0.0,302859.5,3491.772,,2.1579108,,3.9000504,349.1772,0.0,,105.28571,,0.308273,0.030827297,1.1529346,1.1529346,,1598,1597,1593,1589,1598,,,
United States,2024-07-19,0.0,103436829,0,1192559,,737,,23.9,,1332,,36.3,,0.0,302859.5,3491.772,,2.1579108,,3.9000504,349.1772,0.0,,105.28571,,0.308273,0.030827297,1.1529346,1.1529346,,1599,1598,1594,1590,1599,,,
United States,2024-07-20,0.0,103436829,0,1192559,,737,,23.9,,1332,,36.3,,0.0,302859.5,3491.772,,2.1579108,,3.9000504,349.1772,0.0,,105.28571,,0.308273,0.030827297,1.1529346,1.1529346,,1600,1599,1595,1591,1600,,,
United States,2024-07-21,0.0,103436829,0,1192559,,737,,23.9,,1332,,36.3,,0.0,302859.5,3491.772,,2.1579108,,3.9000504,349.1772,0.0,,105.28571,,0.308273,0.030827297,1.1529346,1.1529346,,1601,1600,1596,1592,1601,,,
United States,2024-07-22,0.0,103436829,0,1192559,,737,,23.9,,1332,,36.3,,0.0,302859.5,3491.772,,2.1579108,,3.9000504,349.1772,0.0,,105.28571,,0.308273,0.030827297,1.1529346,1.1529346,,1602,1601,1597,1593,1602,,,
United States,2024-07-23,0.0,103436829,862,1193421,,862,,17.0,,1599,,41.8,,2.5239065,302859.5,3494.296,,2.5239065,,4.6818175,349.4296,0.25239065,,123.14286,,0.36055806,0.036055807,1.153768,1.153768,,1603,1602,1598,1594,1603,,,
United States,2024-07-24,0.0,103436829,0,1193421,,862,,17.0,,1599,,41.8,,0.0,302859.5,3494.296,,2.5239065,,4.6818175,349.4296,0.0,,123.14286,,0.36055806,0.036055807,1.153768,1.153768,,1604,1603,1599,1595,1604,,,
United States,2024-07-25,0.0,103436829,0,1193421,,862,,17.0,,1599,,41.8,,0.0,302859.5,3494.296,,2.5239065,,4.6818175,349.4296,0.0,,123.14286,,0.36055806,0.036055807,1.153768,1.153768,,1605,1604,1600,1596,1605,,,
United States,2024-07-26,0.0,103436829,0,1193421,,862,,17.0,,1599,,41.8,,0.0,302859.5,3494.296,,2.5239065,,4.6818175,349.4296,0.0,,123.14286,,0.36055806,0.036055807,1.153768,1.153768,,1606,1605,1601,1597,1606,,,
United States,2024-07-27,0.0,103436829,0,1193421,,862,,17.0,,1599,,41.8,,0.0,302859.5,3494.296,,2.5239065,,4.6818175,349.4296,0.0,,123.14286,,0.36055806,0.036055807,1.153768,1.153768,,1607,1606,1602,1598,1607,,,
United States,2024-07-28,0.0,103436829,0,1193421,,862,,17.0,,1599,,41.8,,0.0,302859.5,3494.296,,2.5239065,,4.6818175,349.4296,0.0,,123.14286,,0.36055806,0.036055807,1.153768,1.153768,,1608,1607,1603,1599,1608,,,
United States,2024-07-29,0.0,103436829,0,1193421,,862,,17.0,,1599,,41.8,,0.0,302859.5,3494.296,,2.5239065,,4.6818175,349.4296,0.0,,123.14286,,0.36055806,0.036055807,1.153768,1.153768,,1609,1608,1604,1600,1609,,,
United States,2024-07-30,0.0,103436829,990,1194411,,990,,14.8,,1852,,39.0,,2.8986862,302859.5,3497.1946,,2.8986862,,5.4225926,349.71945,0.28986862,,141.42857,,0.41409802,0.0414098,1.1547251,1.1547251,,1610,1609,1605,1601,1610,,,
United States,2024-07-31,0.0,103436829,0,1194411,,990,,14.8,,1852,,39.0,,0.0,302859.5,3497.1946,,2.8986862,,5.4225926,349.71945,0.0,,141.42857,,0.41409802,0.0414098,1.1547251,1.1547251,,1611,1610,1606,1602,1611,,,
United States,2024-08-01,0.0,103436829,0,1194411,,990,,14.8,,1852,,39.0,,0.0,302859.5,3497.1946,,2.8986862,,5.4225926,349.71945,0.0,,141.42857,,0.41409802,0.0414098,1.1547251,1.1547251,,1612,1611,1607,1603,1612,,,
United States,2024-08-02,0.0,103436829,0,1194411,,990,,14.8,,1852,,39.0,,0.0,302859.5,3497.1946,,2.8986862,,5.4225926,349.71945,0.0,,141.42857,,0.41409802,0.0414098,1.1547251,1.1547251,,1613,1612,1608,1604,1613,,,
United States,2024-08-03,0.0,103436829,0,1194411,,990,,14.8,,1852,,39.0,,0.0,302859.5,3497.1946,,2.8986862,,5.4225926,349.71945,0.0,,141.42857,,0.41409802,0.0414098,1.1547251,1.1547251,,1614,1613,1609,1605,1614,,,
United States,2024-08-04,0.0,103436829,0,1194411,,990,,14.8,,1852,,39.0,,0.0,302859.5,3497.1946,,2.8986862,,5.4225926,349.71945,0.0,,141.42857,,0.41409802,0.0414098,1.1547251,1.1547251,,1615,1614,1610,1606,1615,,,
United States,2024-08-05,0.0,103436829,0,1194411,,990,,14.8,,1852,,39.0,,0.0,302859.5,3497.1946,,2.8986862,,5.4225926,349.71945,0.0,,141.42857,,0.41409802,0.0414098,1.1547251,1.1547251,,1616,1615,1611,1607,1616,,,
United States,2024-08-06,0.0,103436829,1070,1195481,,1070,,8.1,,2060,,28.8,,3.1329234,302859.5,3500.3274,,3.1329234,,6.0316095,350.03275,0.31329235,,152.85715,,0.4475605,0.044756047,1.1557596,1.1557596,,1617,1616,1612,1608,1617,,,
United States,2024-08-07,0.0,103436829,0,1195481,,1070,,8.1,,2060,,28.8,,0.0,302859.5,3500.3274,,3.1329234,,6.0316095,350.03275,0.0,,152.85715,,0.4475605,0.044756047,1.1557596,1.1557596,,1618,1617,1613,1609,1618,,,
United States,2024-08-08,0.0,103436829,0,1195481,,1070,,8.1,,2060,,28.8,,0.0,302859.5,3500.3274,,3.1329234,,6.0316095,350.03275,0.0,,152.85715,,0.4475605,0.044756047,1.1557596,1.1557596,,1619,1618,1614,1610,1619,,,
United States,2024-08-09,0.0,103436829,0,1195481,,1070,,8.1,,2060,,28.8,,0.0,302859.5,3500.3274,,3.1329234,,6.0316095,350.03275,0.0,,152.85715,,0.4475605,0.044756047,1.1557596,1.1557596,,1620,1619,1615,1611,1620,,,
United States,2024-08-10,0.0,103436829,0,1195481,,1070,,8.1,,2060,,28.8,,0.0,302859.5,3500.3274,,3.1329234,,6.0316095,350.03275,0.0,,152.85715,,0.4475605,0.044756047,1.1557596,1.1557596,,1621,1620,1616,1612,1621,,,
United States,2024-08-11,0.0,103436829,0,1195481,,1070,,8.1,,2060,,28.8,,0.0,302859.5,3500.3274,,3.1329234,,6.0316095,350.03275,0.0,,152.85715,,0.4475605,0.044756047,1.1557596,1.1557596,,1622,1621,1617,1613,1622,,,
United States,2024-08-12,0.0,103436829,0,1195481,,1070,,8.1,,2060,,28.8,,0.0,302859.5,3500.3274,,3.1329234,,6.0316095,350.03275,0.0,,152.85715,,0.4475605,0.044756047,1.1557596,1.1557596,,1623,1622,1618,1614,1623,,,
United States,2024-08-13,0.0,103436829,1083,1196564,,1083,,1.2,,2153,,16.3,,3.170987,302859.5,3503.4985,,3.170987,,6.3039103,350.34985,0.3170987,,154.71428,,0.45299813,0.045299813,1.1568066,1.1568066,,1624,1623,1619,1615,1624,,,
United States,2024-08-14,0.0,103436829,0,1196564,,1083,,1.2,,2153,,16.3,,0.0,302859.5,3503.4985,,3.170987,,6.3039103,350.34985,0.0,,154.71428,,0.45299813,0.045299813,1.1568066,1.1568066,,1625,1624,1620,1616,1625,,,
United States,2024-08-15,0.0,103436829,0,1196564,,1083,,1.2,,2153,,16.3,,0.0,302859.5,3503.4985,,3.170987,,6.3039103,350.34985,0.0,,154.71428,,0.45299813,0.045299813,1.1568066,1.1568066,,1626,1625,1621,1617,1626,,,
United States,2024-08-16,0.0,103436829,0,1196564,,1083,,1.2,,2153,,16.3,,0.0,302859.5,3503.4985,,3.170987,,6.3039103,350.34985,0.0,,154.71428,,0.45299813,0.045299813,1.1568066,1.1568066,,1627,1626,1622,1618,1627,,,
United States,2024-08-17,0.0,103436829,0,1196564,,1083,,1.2,,2153,,16.3,,0.0,302859.5,3503.4985,,3.170987,,6.3039103,350.34985,0.0,,154.71428,,0.45299813,0.045299813,1.1568066,1.1568066,,1628,1627,1623,1619,1628,,,
United States,2024-08-18,0.0,103436829,0,1196564,,1083,,1.2,,2153,,16.3,,0.0,302859.5,3503.4985,,3.170987,,6.3039103,350.34985,0.0,,154.71428,,0.45299813,0.045299813,1.1568066,1.1568066,,1629,1628,1624,1620,1629,,,
United States,2024-08-19,0.0,103436829,0,1196564,,1083,,1.2,,2153,,16.3,,0.0,302859.5,3503.4985,,3.170987,,6.3039103,350.34985,0.0,,154.71428,,0.45299813,0.045299813,1.1568066,1.1568066,,1630,1629,1625,1621,1630,,,
United States,2024-08-20,0.0,103436829,1258,1197822,,1258,,16.2,,2341,,13.6,,3.683381,302859.5,3507.182,,3.683381,,6.854368,350.7182,0.3683381,,179.71428,,0.5261973,0.05261973,1.1580228,1.1580228,,1631,1630,1626,1622,1631,,,
United States,2024-08-21,0.0,103436829,0,1197822,,1258,,16.2,,2341,,13.6,,0.0,302859.5,3507.182,,3.683381,,6.854368,350.7182,0.0,,179.71428,,0.5261973,0.05261973,1.1580228,1.1580228,,1632,1631,1627,1623,1632,,,
United States,2024-08-22,0.0,103436829,0,1197822,,1258,,16.2,,2341,,13.6,,0.0,302859.5,3507.182,,3.683381,,6.854368,350.7182,0.0,,179.71428,,0.5261973,0.05261973,1.1580228,1.1580228,,1633,1632,1628,1624,1633,,,
United States,2024-08-23,0.0,103436829,0,1197822,,1258,,16.2,,2341,,13.6,,0.0,302859.5,3507.182,,3.683381,,6.854368,350.7182,0.0,,179.71428,,0.5261973,0.05261973,1.1580228,1.1580228,,1634,1633,1629,1625,1634,,,
United States,2024-08-24,0.0,103436829,0,1197822,,1258,,16.2,,2341,,13.6,,0.0,302859.5,3507.182,,3.683381,,6.854368,350.7182,0.0,,179.71428,,0.5261973,0.05261973,1.1580228,1.1580228,,1635,1634,1630,1626,1635,,,
United States,2024-08-25,0.0,103436829,0,1197822,,1258,,16.2,,2341,,13.6,,0.0,302859.5,3507.182,,3.683381,,6.854368,350.7182,0.0,,179.71428,,0.5261973,0.05261973,1.1580228,1.1580228,,1636,1635,1631,1627,1636,,,
United States,2024-08-26,0.0,103436829,0,1197822,,1258,,16.2,,2341,,13.6,,0.0,302859.5,3507.182,,3.683381,,6.854368,350.7182,0.0,,179.71428,,0.5261973,0.05261973,1.1580228,1.1580228,,1637,1636,1632,1628,1637,,,
United States,2024-08-27,0.0,103436829,1359,1199181,,1359,,8.0,,2617,,21.6,,3.9791055,302859.5,3511.161,,3.9791055,,7.6624866,351.1161,0.39791057,,194.14285,,0.56844366,0.056844365,1.1593366,1.1593366,,1638,1637,1633,1629,1638,,,
United States,2024-08-28,0.0,103436829,0,1199181,,1359,,8.0,,2617,,21.6,,0.0,302859.5,3511.161,,3.9791055,,7.6624866,351.1161,0.0,,194.14285,,0.56844366,0.056844365,1.1593366,1.1593366,,1639,1638,1634,1630,1639,,,
United States,2024-08-29,0.0,103436829,0,1199181,,1359,,8.0,,2617,,21.6,,0.0,302859.5,3511.161,,3.9791055,,7.6624866,351.1161,0.0,,194.14285,,0.56844366,0.056844365,1.1593366,1.1593366,,1640,1639,1635,1631,1640,,,
United States,2024-08-30,0.0,103436829,0,1199181,,1359,,8.0,,2617,,21.6,,0.0,302859.5,3511.161,,3.9791055,,7.6624866,351.1161,0.0,,194.14285,,0.56844366,0.056844365,1.1593366,1.1593366,,1641,1640,1636,1632,1641,,,
United States,2024-08-31,0.0,103436829,0,1199181,,1359,,8.0,,2617,,21.6,,0.0,302859.5,3511.161,,3.9791055,,7.6624866,351.1161,0.0,,194.14285,,0.56844366,0.056844365,1.1593366,1.1593366,,1642,1641,1637,1633,1642,,,
United States,2024-09-01,0.0,103436829,0,1199181,,1359,,8.0,,2617,,21.6,,0.0,302859.5,3511.161,,3.9791055,,7.6624866,351.1161,0.0,,194.14285,,0.56844366,0.056844365,1.1593366,1.1593366,,1643,1642,1638,1634,1643,,,
United States,2024-09-02,0.0,103436829,0,1199181,,1359,,8.0,,2617,,21.6,,0.0,302859.5,3511.161,,3.9791055,,7.6624866,351.1161,0.0,,194.14285,,0.56844366,0.056844365,1.1593366,1.1593366,,1644,1643,1639,1635,1644,,,
United States,2024-09-03,0.0,103436829,1231,1200412,,1231,,-9.4,,2590,,10.6,,3.604326,302859.5,3514.7654,,3.604326,,7.5834317,351.47653,0.3604326,,175.85715,,0.5149037,0.05149037,1.1605266,1.1605266,,1645,1644,1640,1636,1645,,,
United States,2024-09-04,0.0,103436829,0,1200412,,1231,,-9.4,,2590,,10.6,,0.0,302859.5,3514.7654,,3.604326,,7.5834317,351.47653,0.0,,175.85715,,0.5149037,0.05149037,1.1605266,1.1605266,,1646,1645,1641,1637,1646,,,
United States,2024-09-05,0.0,103436829,0,1200412,,1231,,-9.4,,2590,,10.6,,0.0,302859.5,3514.7654,,3.604326,,7.5834317,351.47653,0.0,,175.85715,,0.5149037,0.05149037,1.1605266,1.1605266,,1647,1646,1642,1638,1647,,,
United States,2024-09-06,0.0,103436829,0,1200412,,1231,,-9.4,,2590,,10.6,,0.0,302859.5,3514.7654,,3.604326,,7.5834317,351.47653,0.0,,175.85715,,0.5149037,0.05149037,1.1605266,1.1605266,,1648,1647,1643,1639,1648,,,
United States,2024-09-07,0.0,103436829,0,1200412,,1231,,-9.4,,2590,,10.6,,0.0,302859.5,3514.7654,,3.604326,,7.5834317,351.47653,0.0,,175.85715,,0.5149037,0.05149037,1.1605266,1.1605266,,1649,1648,1644,1640,1649,,,
United States,2024-09-08,0.0,103436829,0,1200412,,1231,,-9.4,,2590,,10.6,,0.0,302859.5,3514.7654,,3.604326,,7.5834317,351.47653,0.0,,175.85715,,0.5149037,0.05149037,1.1605266,1.1605266,,1650,1649,1645,1641,1650,,,
United States,2024-09-09,0.0,103436829,0,1200412,,1231,,-9.4,,2590,,10.6,,0.0,302859.5,3514.7654,,3.604326,,7.5834317,351.47653,0.0,,175.85715,,0.5149037,0.05149037,1.1605266,1.1605266,,1651,1650,1646,1642,1651,,,
United States,2024-09-10,0.0,103436829,1245,1201657,,1245,,1.1,,2476,,-5.4,,3.6453176,302859.5,3518.4106,,3.6453176,,7.2496433,351.84106,0.36453176,,177.85715,,0.52075964,0.052075963,1.1617303,1.1617303,,1652,1651,1647,1643,1652,,,
United States,2024-09-11,0.0,103436829,0,1201657,,1245,,1.1,,2476,,-5.4,,0.0,302859.5,3518.4106,,3.6453176,,7.2496433,351.84106,0.0,,177.85715,,0.52075964,0.052075963,1.1617303,1.1617303,,1653,1652,1648,1644,1653,,,
United States,2024-09-12,0.0,103436829,0,1201657,,1245,,1.1,,2476,,-5.4,,0.0,302859.5,3518.4106,,3.6453176,,7.2496433,351.84106,0.0,,177.85715,,0.52075964,0.052075963,1.1617303,1.1617303,,1654,1653,1649,1645,1654,,,
United States,2024-09-13,0.0,103436829,0,1201657,,1245,,1.1,,2476,,-5.4,,0.0,302859.5,3518.4106,,3.6453176,,7.2496433,351.84106,0.0,,177.85715,,0.52075964,0.052075963,1.1617303,1.1617303,,1655,1654,1650,1646,1655,,,
United States,2024-09-14,0.0,103436829,0,1201657,,1245,,1.1,,2476,,-5.4,,0.0,302859.5,3518.4106,,3.6453176,,7.2496433,351.84106,0.0,,177.85715,,0.52075964,0.052075963,1.1617303,1.1617303,,1656,1655,1651,1647,1656,,,
United States,2024-09-15,0.0,103436829,0,1201657,,1245,,1.1,,2476,,-5.4,,0.0,302859.5,3518.4106,,3.6453176,,7.2496433,351.84106,0.0,,177.85715,,0.52075964,0.052075963,1.1617303,1.1617303,,1657,1656,1652,1648,1657,,,
United States,2024-09-16,0.0,103436829,0,1201657,,1245,,1.1,,2476,,-5.4,,0.0,302859.5,3518.4106,,3.6453176,,7.2496433,351.84106,0.0,,177.85715,,0.52075964,0.052075963,1.1617303,1.1617303,,1658,1657,1653,1649,1658,,,
United States,2024-09-17,0.0,103436829,1103,1202760,,1103,,-11.4,,2348,,-9.3,,3.2295463,302859.5,3521.6401,,3.2295463,,6.8748636,352.16403,0.32295462,,157.57143,,0.46136376,0.046136376,1.1627966,1.1627966,,1659,1658,1654,1650,1659,,,
United States,2024-09-18,0.0,103436829,0,1202760,,1103,,-11.4,,2348,,-9.3,,0.0,302859.5,3521.6401,,3.2295463,,6.8748636,352.16403,0.0,,157.57143,,0.46136376,0.046136376,1.1627966,1.1627966,,1660,1659,1655,1651,1660,,,
United States,2024-09-19,0.0,103436829,0,1202760,,1103,,-11.4,,2348,,-9.3,,0.0,302859.5,3521.6401,,3.2295463,,6.8748636,352.16403,0.0,,157.57143,,0.46136376,0.046136376,1.1627966,1.1627966,,1661,1660,1656,1652,1661,,,
United States,2024-09-20,0.0,103436829,0,1202760,,1103,,-11.4,,2348,,-9.3,,0.0,302859.5,3521.6401,,3.2295463,,6.8748636,352.16403,0.0,,157.57143,,0.46136376,0.046136376,1.1627966,1.1627966,,1662,1661,1657,1653,1662,,,
United States,2024-09-21,0.0,103436829,0,1202760,,1103,,-11.4,,2348,,-9.3,,0.0,302859.5,3521.6401,,3.2295463,,6.8748636,352.16403,0.0,,157.57143,,0.46136376,0.046136376,1.1627966,1.1627966,,1663,1662,1658,1654,1663,,,
United States,2024-09-22,0.0,103436829,0,1202760,,1103,,-11.4,,2348,,-9.3,,0.0,302859.5,3521.6401,,3.2295463,,6.8748636,352.16403,0.0,,157.57143,,0.46136376,0.046136376,1.1627966,1.1627966,,1664,1663,1659,1655,1664,,,
United States,2024-09-23,0.0,103436829,0,1202760,,1103,,-11.4,,2348,,-9.3,,0.0,302859.5,3521.6401,,3.2295463,,6.8748636,352.16403,0.0,,157.57143,,0.46136376,0.046136376,1.1627966,1.1627966,,1665,1664,1660,1656,1665,,,
United States,2024-09-24,0.0,103436829,1035,1203795,,1035,,-6.2,,2138,,-13.7,,3.0304446,302859.5,3524.6707,,3.0304446,,6.259991,352.46707,0.30304447,,147.85715,,0.43292066,0.043292068,1.1637973,1.1637973,,1666,1665,1661,1657,1666,,,
United States,2024-09-25,0.0,103436829,0,1203795,,1035,,-6.2,,2138,,-13.7,,0.0,302859.5,3524.6707,,3.0304446,,6.259991,352.46707,0.0,,147.85715,,0.43292066,0.043292068,1.1637973,1.1637973,,1667,1666,1662,1658,1667,,,
United States,2024-09-26,0.0,103436829,0,1203795,,1035,,-6.2,,2138,,-13.7,,0.0,302859.5,3524.6707,,3.0304446,,6.259991,352.46707,0.0,,147.85715,,0.43292066,0.043292068,1.1637973,1.1637973,,1668,1667,1663,1659,1668,,,
United States,2024-09-27,0.0,103436829,0,1203795,,1035,,-6.2,,2138,,-13.7,,0.0,302859.5,3524.6707,,3.0304446,,6.259991,352.46707,0.0,,147.85715,,0.43292066,0.043292068,1.1637973,1.1637973,,1669,1668,1664,1660,1669,,,
United States,2024-09-28,0.0,103436829,0,1203795,,1035,,-6.2,,2138,,-13.7,,0.0,302859.5,3524.6707,,3.0304446,,6.259991,352.46707,0.0,,147.85715,,0.43292066,0.043292068,1.1637973,1.1637973,,1670,1669,1665,1661,1670,,,
United States,2024-09-29,0.0,103436829,0,1203795,,1035,,-6.2,,2138,,-13.7,,0.0,302859.5,3524.6707,,3.0304446,,6.259991,352.46707,0.0,,147.85715,,0.43292066,0.043292068,1.1637973,1.1637973,,1671,1670,1666,1662,1671,,,
United States,2024-09-30,0.0,103436829,0,1203795,,1035,,-6.2,,2138,,-13.7,,0.0,302859.5,3524.6707,,3.0304446,,6.259991,352.46707,0.0,,147.85715,,0.43292066,0.043292068,1.1637973,1.1637973,,1672,1671,1667,1663,1672,,,
United States,2024-10-01,0.0,103436829,977,1204772,,977,,-5.6,,2012,,-14.3,,2.8606226,302859.5,3527.5312,,2.8606226,,5.891067,352.7531,0.28606227,,139.57143,,0.40866038,0.040866036,1.1647419,1.1647419,,1673,1672,1668,1664,1673,,,
United States,2024-10-02,0.0,103436829,0,1204772,,977,,-5.6,,2012,,-14.3,,0.0,302859.5,3527.5312,,2.8606226,,5.891067,352.7531,0.0,,139.57143,,0.40866038,0.040866036,1.1647419,1.1647419,,1674,1673,1669,1665,1674,,,
United States,2024-10-03,0.0,103436829,0,1204772,,977,,-5.6,,2012,,-14.3,,0.0,302859.5,3527.5312,,2.8606226,,5.891067,352.7531,0.0,,139.57143,,0.40866038,0.040866036,1.1647419,1.1647419,,1675,1674,1670,1666,1675,,,
United States,2024-10-04,0.0,103436829,0,1204772,,977,,-5.6,,2012,,-14.3,,0.0,302859.5,3527.5312,,2.8606226,,5.891067,352.7531,0.0,,139.57143,,0.40866038,0.040866036,1.1647419,1.1647419,,1676,1675,1671,1667,1676,,,
United States,2024-10-05,0.0,103436829,0,1204772,,977,,-5.6,,2012,,-14.3,,0.0,302859.5,3527.5312,,2.8606226,,5.891067,352.7531,0.0,,139.57143,,0.40866038,0.040866036,1.1647419,1.1647419,,1677,1676,1672,1668,1677,,,
United States,2024-10-06,0.0,103436829,0,1204772,,977,,-5.6,,2012,,-14.3,,0.0,302859.5,3527.5312,,2.8606226,,5.891067,352.7531,0.0,,139.57143,,0.40866038,0.040866036,1.1647419,1.1647419,,1678,1677,1673,1669,1678,,,
United States,2024-10-07,0.0,103436829,0,1204772,,977,,-5.6,,2012,,-14.3,,0.0,302859.5,3527.5312,,2.8606226,,5.891067,352.7531,0.0,,139.57143,,0.40866038,0.040866036,1.1647419,1.1647419,,1679,1678,1674,1670,1679,,,
United States,2024-10-08,0.0,103436829,808,1205580,,808,,-17.3,,1785,,-16.5,,2.3657963,302859.5,3529.897,,2.3657963,,5.226419,352.98972,0.23657964,,115.42857,,0.3379709,0.033797093,1.1655229,1.1655229,,1680,1679,1675,1671,1680,,,
United States,2024-10-09,0.0,103436829,0,1205580,,808,,-17.3,,1785,,-16.5,,0.0,302859.5,3529.897,,2.3657963,,5.226419,352.98972,0.0,,115.42857,,0.3379709,0.033797093,1.1655229,1.1655229,,1681,1680,1676,1672,1681,,,
United States,2024-10-10,0.0,103436829,0,1205580,,808,,-17.3,,1785,,-16.5,,0.0,302859.5,3529.897,,2.3657963,,5.226419,352.98972,0.0,,115.42857,,0.3379709,0.033797093,1.1655229,1.1655229,,1682,1681,1677,1673,1682,,,
United States,2024-10-11,0.0,103436829,0,1205580,,808,,-17.3,,1785,,-16.5,,0.0,302859.5,3529.897,,2.3657963,,5.226419,352.98972,0.0,,115.42857,,0.3379709,0.033797093,1.1655229,1.1655229,,1683,1682,1678,1674,1683,,,
United States,2024-10-12,0.0,103436829,0,1205580,,808,,-17.3,,1785,,-16.5,,0.0,302859.5,3529.897,,2.3657963,,5.226419,352.98972,0.0,,115.42857,,0.3379709,0.033797093,1.1655229,1.1655229,,1684,1683,1679,1675,1684,,,
United States,2024-10-13,0.0,103436829,0,1205580,,808,,-17.3,,1785,,-16.5,,0.0,302859.5,3529.897,,2.3657963,,5.226419,352.98972,0.0,,115.42857,,0.3379709,0.033797093,1.1655229,1.1655229,,1685,1684,1680,1676,1685,,,
United States,2024-10-14,0.0,103436829,0,1205580,,808,,-17.3,,1785,,-16.5,,0.0,302859.5,3529.897,,2.3657963,,5.226419,352.98972,0.0,,115.42857,,0.3379709,0.033797093,1.1655229,1.1655229,,1686,1685,1681,1677,1686,,,
United States,2024-10-15,0.0,103436829,739,1206319,,739,,-8.5,,1547,,-23.1,,2.1637669,302859.5,3532.0608,,2.1637669,,4.529563,353.2061,0.21637668,,105.57143,,0.30910954,0.030910954,1.1662375,1.1662375,,1687,1686,1682,1678,1687,,,
United States,2024-10-16,0.0,103436829,0,1206319,,739,,-8.5,,1547,,-23.1,,0.0,302859.5,3532.0608,,2.1637669,,4.529563,353.2061,0.0,,105.57143,,0.30910954,0.030910954,1.1662375,1.1662375,,1688,1687,1683,1679,1688,,,
United States,2024-10-17,0.0,103436829,0,1206319,,739,,-8.5,,1547,,-23.1,,0.0,302859.5,3532.0608,,2.1637669,,4.529563,353.2061,0.0,,105.57143,,0.30910954,0.030910954,1.1662375,1.1662375,,1689,1688,1684,1680,1689,,,
United States,2024-10-18,0.0,103436829,0,1206319,,739,,-8.5,,1547,,-23.1,,0.0,302859.5,3532.0608,,2.1637669,,4.529563,353.2061,0.0,,105.57143,,0.30910954,0.030910954,1.1662375,1.1662375,,1690,1689,1685,1681,1690,,,
United States,2024-10-19,0.0,103436829,0,1206319,,739,,-8.5,,1547,,-23.1,,0.0,302859.5,3532.0608,,2.1637669,,4.529563,353.2061,0.0,,105.57143,,0.30910954,0.030910954,1.1662375,1.1662375,,1691,1690,1686,1682,1691,,,
United States,2024-10-20,0.0,103436829,0,1206319,,739,,-8.5,,1547,,-23.1,,0.0,302859.5,3532.0608,,2.1637669,,4.529563,353.2061,0.0,,105.57143,,0.30910954,0.030910954,1.1662375,1.1662375,,1692,1691,1687,1683,1692,,,
United States,2024-10-21,0.0,103436829,0,1206319,,739,,-8.5,,1547,,-23.1,,0.0,302859.5,3532.0608,,2.1637669,,4.529563,353.2061,0.0,,105.57143,,0.30910954,0.030910954,1.1662375,1.1662375,,1693,1692,1688,1684,1693,,,
United States,2024-10-22,0.0,103436829,646,1206965,,646,,-12.6,,1385,,-22.4,,1.8914659,302859.5,3533.9524,,1.8914659,,4.0552325,353.39523,0.1891466,,92.28571,,0.27020943,0.027020942,1.1668619,1.1668619,,1694,1693,1689,1685,1694,,,
United States,2024-10-23,0.0,103436829,0,1206965,,646,,-12.6,,1385,,-22.4,,0.0,302859.5,3533.9524,,1.8914659,,4.0552325,353.39523,0.0,,92.28571,,0.27020943,0.027020942,1.1668619,1.1668619,,1695,1694,1690,1686,1695,,,
United States,2024-10-24,0.0,103436829,0,1206965,,646,,-12.6,,1385,,-22.4,,0.0,302859.5,3533.9524,,1.8914659,,4.0552325,353.39523,0.0,,92.28571,,0.27020943,0.027020942,1.1668619,1.1668619,,1696,1695,1691,1687,1696,,,
United States,2024-10-25,0.0,103436829,0,1206965,,646,,-12.6,,1385,,-22.4,,0.0,302859.5,3533.9524,,1.8914659,,4.0552325,353.39523,0.0,,92.28571,,0.27020943,0.027020942,1.1668619,1.1668619,,1697,1696,1692,1688,1697,,,
United States,2024-10-26,0.0,103436829,0,1206965,,646,,-12.6,,1385,,-22.4,,0.0,302859.5,3533.9524,,1.8914659,,4.0552325,353.39523,0.0,,92.28571,,0.27020943,0.027020942,1.1668619,1.1668619,,1698,1697,1693,1689,1698,,,
United States,2024-10-27,0.0,103436829,0,1206965,,646,,-12.6,,1385,,-22.4,,0.0,302859.5,3533.9524,,1.8914659,,4.0552325,353.39523,0.0,,92.28571,,0.27020943,0.027020942,1.1668619,1.1668619,,1699,1698,1694,1690,1699,,,
United States,2024-10-28,0.0,103436829,0,1206965,,646,,-12.6,,1385,,-22.4,,0.0,302859.5,3533.9524,,1.8914659,,4.0552325,353.39523,0.0,,92.28571,,0.27020943,0.027020942,1.1668619,1.1668619,,1700,1699,1695,1691,1700,,,
United States,2024-10-29,0.0,103436829,604,1207569,,604,,-6.5,,1250,,-19.2,,1.7684914,302859.5,3535.7207,,1.7684914,,3.6599572,353.57208,0.17684914,,86.28571,,0.25264162,0.025264163,1.1674459,1.1674459,,1701,1700,1696,1692,1701,,,
United States,2024-10-30,0.0,103436829,0,1207569,,604,,-6.5,,1250,,-19.2,,0.0,302859.5,3535.7207,,1.7684914,,3.6599572,353.57208,0.0,,86.28571,,0.25264162,0.025264163,1.1674459,1.1674459,,1702,1701,1697,1693,1702,,,
United States,2024-10-31,0.0,103436829,0,1207569,,604,,-6.5,,1250,,-19.2,,0.0,302859.5,3535.7207,,1.7684914,,3.6599572,353.57208,0.0,,86.28571,,0.25264162,0.025264163,1.1674459,1.1674459,,1703,1702,1698,1694,1703,,,
United States,2024-11-01,0.0,103436829,0,1207569,,604,,-6.5,,1250,,-19.2,,0.0,302859.5,3535.7207,,1.7684914,,3.6599572,353.57208,0.0,,86.28571,,0.25264162,0.025264163,1.1674459,1.1674459,,1704,1703,1699,1695,1704,,,
United States,2024-11-02,0.0,103436829,0,1207569,,604,,-6.5,,1250,,-19.2,,0.0,302859.5,3535.7207,,1.7684914,,3.6599572,353.57208,0.0,,86.28571,,0.25264162,0.025264163,1.1674459,1.1674459,,1705,1704,1700,1696,1705,,,
United States,2024-11-03,0.0,103436829,0,1207569,,604,,-6.5,,1250,,-19.2,,0.0,302859.5,3535.7207,,1.7684914,,3.6599572,353.57208,0.0,,86.28571,,0.25264162,0.025264163,1.1674459,1.1674459,,1706,1705,1701,1697,1706,,,
United States,2024-11-04,0.0,103436829,0,1207569,,604,,-6.5,,1250,,-19.2,,0.0,302859.5,3535.7207,,1.7684914,,3.6599572,353.57208,0.0,,86.28571,,0.25264162,0.025264163,1.1674459,1.1674459,,1707,1706,1702,1698,1707,,,
United States,2024-11-05,0.0,103436829,560,1208129,,560,,-7.3,,1164,,-16.0,,1.6396608,302859.5,3537.3604,,1.6396608,,3.408152,353.73605,0.16396609,,80.0,,0.23423727,0.023423726,1.1679872,1.1679872,,1708,1707,1703,1699,1708,,,
United States,2024-11-06,0.0,103436829,0,1208129,,560,,-7.3,,1164,,-16.0,,0.0,302859.5,3537.3604,,1.6396608,,3.408152,353.73605,0.0,,80.0,,0.23423727,0.023423726,1.1679872,1.1679872,,1709,1708,1704,1700,1709,,,
United States,2024-11-07,0.0,103436829,0,1208129,,560,,-7.3,,1164,,-16.0,,0.0,302859.5,3537.3604,,1.6396608,,3.408152,353.73605,0.0,,80.0,,0.23423727,0.023423726,1.1679872,1.1679872,,1710,1709,1705,1701,1710,,,
United States,2024-11-08,0.0,103436829,0,1208129,,560,,-7.3,,1164,,-16.0,,0.0,302859.5,3537.3604,,1.6396608,,3.408152,353.73605,0.0,,80.0,,0.23423727,0.023423726,1.1679872,1.1679872,,1711,1710,1706,1702,1711,,,
United States,2024-11-09,0.0,103436829,0,1208129,,560,,-7.3,,1164,,-16.0,,0.0,302859.5,3537.3604,,1.6396608,,3.408152,353.73605,0.0,,80.0,,0.23423727,0.023423726,1.1679872,1.1679872,,1712,1711,1707,1703,1712,,,
United States,2024-11-10,0.0,103436829,0,1208129,,560,,-7.3,,1164,,-16.0,,0.0,302859.5,3537.3604,,1.6396608,,3.408152,353.73605,0.0,,80.0,,0.23423727,0.023423726,1.1679872,1.1679872,,1713,1712,1708,1704,1713,,,
United States,2024-11-11,0.0,103436829,0,1208129,,560,,-7.3,,1164,,-16.0,,0.0,302859.5,3537.3604,,1.6396608,,3.408152,353.73605,0.0,,80.0,,0.23423727,0.023423726,1.1679872,1.1679872,,1714,1713,1709,1705,1714,,,
United States,2024-11-12,0.0,103436829,531,1208660,,531,,-5.2,,1091,,-12.7,,1.5547498,302859.5,3538.9153,,1.5547498,,3.1944108,353.8915,0.15547499,,75.85714,,0.22210713,0.022210712,1.1685007,1.1685007,,1715,1714,1710,1706,1715,,,
United States,2024-11-13,0.0,103436829,0,1208660,,531,,-5.2,,1091,,-12.7,,0.0,302859.5,3538.9153,,1.5547498,,3.1944108,353.8915,0.0,,75.85714,,0.22210713,0.022210712,1.1685007,1.1685007,,1716,1715,1711,1707,1716,,,
United States,2024-11-14,0.0,103436829,0,1208660,,531,,-5.2,,1091,,-12.7,,0.0,302859.5,3538.9153,,1.5547498,,3.1944108,353.8915,0.0,,75.85714,,0.22210713,0.022210712,1.1685007,1.1685007,,1717,1716,1712,1708,1717,,,
United States,2024-11-15,0.0,103436829,0,1208660,,531,,-5.2,,1091,,-12.7,,0.0,302859.5,3538.9153,,1.5547498,,3.1944108,353.8915,0.0,,75.85714,,0.22210713,0.022210712,1.1685007,1.1685007,,1718,1717,1713,1709,1718,,,
United States,2024-11-16,0.0,103436829,0,1208660,,531,,-5.2,,1091,,-12.7,,0.0,302859.5,3538.9153,,1.5547498,,3.1944108,353.8915,0.0,,75.85714,,0.22210713,0.022210712,1.1685007,1.1685007,,1719,1718,1714,1710,1719,,,
United States,2024-11-17,0.0,103436829,0,1208660,,531,,-5.2,,1091,,-12.7,,0.0,302859.5,3538.9153,,1.5547498,,3.1944108,353.8915,0.0,,75.85714,,0.22210713,0.022210712,1.1685007,1.1685007,,1720,1719,1715,1711,1720,,,
United States,2024-11-18,0.0,103436829,0,1208660,,531,,-5.2,,1091,,-12.7,,0.0,302859.5,3538.9153,,1.5547498,,3.1944108,353.8915,0.0,,75.85714,,0.22210713,0.022210712,1.1685007,1.1685007,,1721,1720,1716,1712,1721,,,
United States,2024-11-19,0.0,103436829,474,1209134,,474,,-10.7,,1005,,-13.7,,1.3878558,302859.5,3540.303,,1.3878558,,2.9426057,354.0303,0.13878559,,67.71429,,0.19826512,0.01982651,1.1689589,1.1689589,,1722,1721,1717,1713,1722,,,
United States,2024-11-20,0.0,103436829,0,1209134,,474,,-10.7,,1005,,-13.7,,0.0,302859.5,3540.303,,1.3878558,,2.9426057,354.0303,0.0,,67.71429,,0.19826512,0.01982651,1.1689589,1.1689589,,1723,1722,1718,1714,1723,,,
United States,2024-11-21,0.0,103436829,0,1209134,,474,,-10.7,,1005,,-13.7,,0.0,302859.5,3540.303,,1.3878558,,2.9426057,354.0303,0.0,,67.71429,,0.19826512,0.01982651,1.1689589,1.1689589,,1724,1723,1719,1715,1724,,,
United States,2024-11-22,0.0,103436829,0,1209134,,474,,-10.7,,1005,,-13.7,,0.0,302859.5,3540.303,,1.3878558,,2.9426057,354.0303,0.0,,67.71429,,0.19826512,0.01982651,1.1689589,1.1689589,,1725,1724,1720,1716,1725,,,
United States,2024-11-23,0.0,103436829,0,1209134,,474,,-10.7,,1005,,-13.7,,0.0,302859.5,3540.303,,1.3878558,,2.9426057,354.0303,0.0,,67.71429,,0.19826512,0.01982651,1.1689589,1.1689589,,1726,1725,1721,1717,1726,,,
United States,2024-11-24,0.0,103436829,0,1209134,,474,,-10.7,,1005,,-13.7,,0.0,302859.5,3540.303,,1.3878558,,2.9426057,354.0303,0.0,,67.71429,,0.19826512,0.01982651,1.1689589,1.1689589,,1727,1726,1722,1718,1727,,,
United States,2024-11-25,0.0,103436829,0,1209134,,474,,-10.7,,1005,,-13.7,,0.0,302859.5,3540.303,,1.3878558,,2.9426057,354.0303,0.0,,67.71429,,0.19826512,0.01982651,1.1689589,1.1689589,,1728,1727,1723,1719,1728,,,
United States,2024-11-26,0.0,103436829,501,1209635,,501,,5.7,,975,,-10.6,,1.4669108,302859.5,3541.77,,1.4669108,,2.8547666,354.177,0.14669108,,71.57143,,0.2095587,0.02095587,1.1694432,1.1694432,,1729,1728,1724,1720,1729,,,
United States,2024-11-27,0.0,103436829,0,1209635,,501,,5.7,,975,,-10.6,,0.0,302859.5,3541.77,,1.4669108,,2.8547666,354.177,0.0,,71.57143,,0.2095587,0.02095587,1.1694432,1.1694432,,1730,1729,1725,1721,1730,,,
United States,2024-11-28,0.0,103436829,0,1209635,,501,,5.7,,975,,-10.6,,0.0,302859.5,3541.77,,1.4669108,,2.8547666,354.177,0.0,,71.57143,,0.2095587,0.02095587,1.1694432,1.1694432,,1731,1730,1726,1722,1731,,,
United States,2024-11-29,0.0,103436829,0,1209635,,501,,5.7,,975,,-10.6,,0.0,302859.5,3541.77,,1.4669108,,2.8547666,354.177,0.0,,71.57143,,0.2095587,0.02095587,1.1694432,1.1694432,,1732,1731,1727,1723,1732,,,
United States,2024-11-30,0.0,103436829,0,1209635,,501,,5.7,,975,,-10.6,,0.0,302859.5,3541.77,,1.4669108,,2.8547666,354.177,0.0,,71.57143,,0.2095587,0.02095587,1.1694432,1.1694432,,1733,1732,1728,1724,1733,,,
United States,2024-12-01,0.0,103436829,0,1209635,,501,,5.7,,975,,-10.6,,0.0,302859.5,3541.77,,1.4669108,,2.8547666,354.177,0.0,,71.57143,,0.2095587,0.02095587,1.1694432,1.1694432,,1734,1733,1729,1725,1734,,,
United States,2024-12-02,0.0,103436829,0,1209635,,501,,5.7,,975,,-10.6,,0.0,302859.5,3541.77,,1.4669108,,2.8547666,354.177,0.0,,71.57143,,0.2095587,0.02095587,1.1694432,1.1694432,,1735,1734,1730,1726,1735,,,
United States,2024-12-03,0.0,103436829,507,1210142,,507,,1.2,,1008,,0.3,,1.4844787,302859.5,3543.2544,,1.4844787,,2.9513896,354.32544,0.14844787,,72.42857,,0.21206838,0.021206839,1.1699334,1.1699334,,1736,1735,1731,1727,1736,,,
United States,2024-12-04,0.0,103436829,0,1210142,,507,,1.2,,1008,,0.3,,0.0,302859.5,3543.2544,,1.4844787,,2.9513896,354.32544,0.0,,72.42857,,0.21206838,0.021206839,1.1699334,1.1699334,,1737,1736,1732,1728,1737,,,
United States,2024-12-05,0.0,103436829,0,1210142,,507,,1.2,,1008,,0.3,,0.0,302859.5,3543.2544,,1.4844787,,2.9513896,354.32544,0.0,,72.42857,,0.21206838,0.021206839,1.1699334,1.1699334,,1738,1737,1733,1729,1738,,,
United States,2024-12-06,0.0,103436829,0,1210142,,507,,1.2,,1008,,0.3,,0.0,302859.5,3543.2544,,1.4844787,,2.9513896,354.32544,0.0,,72.42857,,0.21206838,0.021206839,1.1699334,1.1699334,,1739,1738,1734,1730,1739,,,
United States,2024-12-07,0.0,103436829,0,1210142,,507,,1.2,,1008,,0.3,,0.0,302859.5,3543.2544,,1.4844787,,2.9513896,354.32544,0.0,,72.42857,,0.21206838,0.021206839,1.1699334,1.1699334,,1740,1739,1735,1731,1740,,,
United States,2024-12-08,0.0,103436829,0,1210142,,507,,1.2,,1008,,0.3,,0.0,302859.5,3543.2544,,1.4844787,,2.9513896,354.32544,0.0,,72.42857,,0.21206838,0.021206839,1.1699334,1.1699334,,1741,1740,1736,1732,1741,,,
United States,2024-12-09,0.0,103436829,0,1210142,,507,,1.2,,1008,,0.3,,0.0,302859.5,3543.2544,,1.4844787,,2.9513896,354.32544,0.0,,72.42857,,0.21206838,0.021206839,1.1699334,1.1699334,,1742,1741,1737,1733,1742,,,
United States,2024-12-10,0.0,103436829,571,1210713,,571,,12.6,,1078,,10.6,,1.6718684,302859.5,3544.9263,,1.6718684,,3.1563473,354.4926,0.16718684,,81.57143,,0.23883836,0.023883836,1.1704854,1.1704854,,1743,1742,1738,1734,1743,,,
United States,2024-12-11,0.0,103436829,0,1210713,,571,,12.6,,1078,,10.6,,0.0,302859.5,3544.9263,,1.6718684,,3.1563473,354.4926,0.0,,81.57143,,0.23883836,0.023883836,1.1704854,1.1704854,,1744,1743,1739,1735,1744,,,
United States,2024-12-12,0.0,103436829,0,1210713,,571,,12.6,,1078,,10.6,,0.0,302859.5,3544.9263,,1.6718684,,3.1563473,354.4926,0.0,,81.57143,,0.23883836,0.023883836,1.1704854,1.1704854,,1745,1744,1740,1736,1745,,,
United States,2024-12-13,0.0,103436829,0,1210713,,571,,12.6,,1078,,10.6,,0.0,302859.5,3544.9263,,1.6718684,,3.1563473,354.4926,0.0,,81.57143,,0.23883836,0.023883836,1.1704854,1.1704854,,1746,1745,1741,1737,1746,,,
United States,2024-12-14,0.0,103436829,0,1210713,,571,,12.6,,1078,,10.6,,0.0,302859.5,3544.9263,,1.6718684,,3.1563473,354.4926,0.0,,81.57143,,0.23883836,0.023883836,1.1704854,1.1704854,,1747,1746,1742,1738,1747,,,
United States,2024-12-15,0.0,103436829,0,1210713,,571,,12.6,,1078,,10.6,,0.0,302859.5,3544.9263,,1.6718684,,3.1563473,354.4926,0.0,,81.57143,,0.23883836,0.023883836,1.1704854,1.1704854,,1748,1747,1743,1739,1748,,,
United States,2024-12-16,0.0,103436829,0,1210713,,571,,12.6,,1078,,10.6,,0.0,302859.5,3544.9263,,1.6718684,,3.1563473,354.4926,0.0,,81.57143,,0.23883836,0.023883836,1.1704854,1.1704854,,1749,1748,1744,1740,1749,,,
United States,2024-12-17,0.0,103436829,597,1211310,,597,,4.6,,1168,,15.9,,1.7479956,302859.5,3546.6743,,1.7479956,,3.4198642,354.66742,0.17479956,,85.28571,,0.24971366,0.024971366,1.1710626,1.1710626,,1750,1749,1745,1741,1750,,,
United States,2024-12-18,0.0,103436829,0,1211310,,597,,4.6,,1168,,15.9,,0.0,302859.5,3546.6743,,1.7479956,,3.4198642,354.66742,0.0,,85.28571,,0.24971366,0.024971366,1.1710626,1.1710626,,1751,1750,1746,1742,1751,,,
United States,2024-12-19,0.0,103436829,0,1211310,,597,,4.6,,1168,,15.9,,0.0,302859.5,3546.6743,,1.7479956,,3.4198642,354.66742,0.0,,85.28571,,0.24971366,0.024971366,1.1710626,1.1710626,,1752,1751,1747,1743,1752,,,
United States,2024-12-20,0.0,103436829,0,1211310,,597,,4.6,,1168,,15.9,,0.0,302859.5,3546.6743,,1.7479956,,3.4198642,354.66742,0.0,,85.28571,,0.24971366,0.024971366,1.1710626,1.1710626,,1753,1752,1748,1744,1753,,,
United States,2024-12-21,0.0,103436829,0,1211310,,597,,4.6,,1168,,15.9,,0.0,302859.5,3546.6743,,1.7479956,,3.4198642,354.66742,0.0,,85.28571,,0.24971366,0.024971366,1.1710626,1.1710626,,1754,1753,1749,1745,1754,,,
United States,2024-12-22,0.0,103436829,0,1211310,,597,,4.6,,1168,,15.9,,0.0,302859.5,3546.6743,,1.7479956,,3.4198642,354.66742,0.0,,85.28571,,0.24971366,0.024971366,1.1710626,1.1710626,,1755,1754,1750,1746,1755,,,
United States,2024-12-23,0.0,103436829,0,1211310,,597,,4.6,,1168,,15.9,,0.0,302859.5,3546.6743,,1.7479956,,3.4198642,354.66742,0.0,,85.28571,,0.24971366,0.024971366,1.1710626,1.1710626,,1756,1755,1751,1747,1756,,,
United States,2024-12-24,0.0,103436829,679,1211989,,679,,13.7,,1276,,18.4,,1.9880888,302859.5,3548.6624,,1.9880888,,3.7360845,354.86624,0.19880888,,97.0,,0.28401268,0.028401269,1.1717191,1.1717191,,1757,1756,1752,1748,1757,,,
United States,2024-12-25,0.0,103436829,0,1211989,,679,,13.7,,1276,,18.4,,0.0,302859.5,3548.6624,,1.9880888,,3.7360845,354.86624,0.0,,97.0,,0.28401268,0.028401269,1.1717191,1.1717191,,1758,1757,1753,1749,1758,,,
United States,2024-12-26,0.0,103436829,0,1211989,,679,,13.7,,1276,,18.4,,0.0,302859.5,3548.6624,,1.9880888,,3.7360845,354.86624,0.0,,97.0,,0.28401268,0.028401269,1.1717191,1.1717191,,1759,1758,1754,1750,1759,,,
United States,2024-12-27,0.0,103436829,0,1211989,,679,,13.7,,1276,,18.4,,0.0,302859.5,3548.6624,,1.9880888,,3.7360845,354.86624,0.0,,97.0,,0.28401268,0.028401269,1.1717191,1.1717191,,1760,1759,1755,1751,1760,,,
United States,2024-12-28,0.0,103436829,0,1211989,,679,,13.7,,1276,,18.4,,0.0,302859.5,3548.6624,,1.9880888,,3.7360845,354.86624,0.0,,97.0,,0.28401268,0.028401269,1.1717191,1.1717191,,1761,1760,1756,1752,1761,,,
United States,2024-12-29,0.0,103436829,0,1211989,,679,,13.7,,1276,,18.4,,0.0,302859.5,3548.6624,,1.9880888,,3.7360845,354.86624,0.0,,97.0,,0.28401268,0.028401269,1.1717191,1.1717191,,1762,1761,1757,1753,1762,,,
United States,2024-12-30,0.0,103436829,0,1211989,,679,,13.7,,1276,,18.4,,0.0,302859.5,3548.6624,,1.9880888,,3.7360845,354.86624,0.0,,97.0,,0.28401268,0.028401269,1.1717191,1.1717191,,1763,1762,1758,1754,1763,,,
United States,2024-12-31,0.0,103436829,910,1212899,,910,,34.0,,1589,,36.0,,2.664449,302859.5,3551.327,,2.664449,,4.652538,355.1327,0.2664449,,130.0,,0.38063556,0.038063556,1.1725988,1.1725988,,1764,1763,1759,1755,1764,,,
United States,2025-01-01,0.0,103436829,0,1212899,,910,,34.0,,1589,,36.0,,0.0,302859.5,3551.327,,2.664449,,4.652538,355.1327,0.0,,130.0,,0.38063556,0.038063556,1.1725988,1.1725988,,1765,1764,1760,1756,1765,,,
United States,2025-01-02,0.0,103436829,0,1212899,,910,,34.0,,1589,,36.0,,0.0,302859.5,3551.327,,2.664449,,4.652538,355.1327,0.0,,130.0,,0.38063556,0.038063556,1.1725988,1.1725988,,1766,1765,1761,1757,1766,,,
United States,2025-01-03,0.0,103436829,0,1212899,,910,,34.0,,1589,,36.0,,0.0,302859.5,3551.327,,2.664449,,4.652538,355.1327,0.0,,130.0,,0.38063556,0.038063556,1.1725988,1.1725988,,1767,1766,1762,1758,1767,,,
United States,2025-01-04,0.0,103436829,0,1212899,,910,,34.0,,1589,,36.0,,0.0,302859.5,3551.327,,2.664449,,4.652538,355.1327,0.0,,130.0,,0.38063556,0.038063556,1.1725988,1.1725988,,1768,1767,1763,1759,1768,,,
United States,2025-01-05,0.0,103436829,0,1212899,,910,,34.0,,1589,,36.0,,0.0,302859.5,3551.327,,2.664449,,4.652538,355.1327,0.0,,130.0,,0.38063556,0.038063556,1.1725988,1.1725988,,1769,1768,1764,1760,1769,,,
United States,2025-01-06,0.0,103436829,0,1212899,,910,,34.0,,1589,,36.0,,0.0,302859.5,3551.327,,2.664449,,4.652538,355.1327,0.0,,130.0,,0.38063556,0.038063556,1.1725988,1.1725988,,1770,1769,1765,1761,1770,,,
United States,2025-01-07,0.0,103436829,1050,1213949,,1050,,15.4,,1960,,53.6,,3.0743642,302859.5,3554.4011,,3.0743642,,5.738813,355.44012,0.3074364,,150.0,,0.4391949,0.04391949,1.1736139,1.1736139,,1771,1770,1766,1762,1771,,,
United States,2025-01-08,0.0,103436829,0,1213949,,1050,,15.4,,1960,,53.6,,0.0,302859.5,3554.4011,,3.0743642,,5.738813,355.44012,0.0,,150.0,,0.4391949,0.04391949,1.1736139,1.1736139,,1772,1771,1767,1763,1772,,,
United States,2025-01-09,0.0,103436829,0,1213949,,1050,,15.4,,1960,,53.6,,0.0,302859.5,3554.4011,,3.0743642,,5.738813,355.44012,0.0,,150.0,,0.4391949,0.04391949,1.1736139,1.1736139,,1773,1772,1768,1764,1773,,,
United States,2025-01-10,0.0,103436829,0,1213949,,1050,,15.4,,1960,,53.6,,0.0,302859.5,3554.4011,,3.0743642,,5.738813,355.44012,0.0,,150.0,,0.4391949,0.04391949,1.1736139,1.1736139,,1774,1773,1769,1765,1774,,,
United States,2025-01-11,0.0,103436829,0,1213949,,1050,,15.4,,1960,,53.6,,0.0,302859.5,3554.4011,,3.0743642,,5.738813,355.44012,0.0,,150.0,,0.4391949,0.04391949,1.1736139,1.1736139,,1775,1774,1770,1766,1775,,,
United States,2025-01-12,0.0,103436829,0,1213949,,1050,,15.4,,1960,,53.6,,0.0,302859.5,3554.4011,,3.0743642,,5.738813,355.44012,0.0,,150.0,,0.4391949,0.04391949,1.1736139,1.1736139,,1776,1775,1771,1767,1776,,,
United States,2025-01-13,0.0,103436829,0,1213949,,1050,,15.4,,1960,,53.6,,0.0,302859.5,3554.4011,,3.0743642,,5.738813,355.44012,0.0,,150.0,,0.4391949,0.04391949,1.1736139,1.1736139,,1777,1776,1772,1768,1777,,,
United States,2025-01-14,0.0,103436829,1002,1214951,,1002,,-4.6,,2052,,29.1,,2.9338217,302859.5,3557.335,,2.9338217,,6.008186,355.7335,0.29338217,,143.14285,,0.4191174,0.04191174,1.1745826,1.1745826,,1778,1777,1773,1769,1778,,,
United States,2025-01-15,0.0,103436829,0,1214951,,1002,,-4.6,,2052,,29.1,,0.0,302859.5,3557.335,,2.9338217,,6.008186,355.7335,0.0,,143.14285,,0.4191174,0.04191174,1.1745826,1.1745826,,1779,1778,1774,1770,1779,,,
United States,2025-01-16,0.0,103436829,0,1214951,,1002,,-4.6,,2052,,29.1,,0.0,302859.5,3557.335,,2.9338217,,6.008186,355.7335,0.0,,143.14285,,0.4191174,0.04191174,1.1745826,1.1745826,,1780,1779,1775,1771,1780,,,
United States,2025-01-17,0.0,103436829,0,1214951,,1002,,-4.6,,2052,,29.1,,0.0,302859.5,3557.335,,2.9338217,,6.008186,355.7335,0.0,,143.14285,,0.4191174,0.04191174,1.1745826,1.1745826,,1781,1780,1776,1772,1781,,,
United States,2025-01-18,0.0,103436829,0,1214951,,1002,,-4.6,,2052,,29.1,,0.0,302859.5,3557.335,,2.9338217,,6.008186,355.7335,0.0,,143.14285,,0.4191174,0.04191174,1.1745826,1.1745826,,1782,1781,1777,1773,1782,,,
United States,2025-01-19,0.0,103436829,0,1214951,,1002,,-4.6,,2052,,29.1,,0.0,302859.5,3557.335,,2.9338217,,6.008186,355.7335,0.0,,143.14285,,0.4191174,0.04191174,1.1745826,1.1745826,,1783,1782,1778,1774,1783,,,
United States,2025-01-20,0.0,103436829,0,1214951,,1002,,-4.6,,2052,,29.1,,0.0,302859.5,3557.335,,2.9338217,,6.008186,355.7335,0.0,,143.14285,,0.4191174,0.04191174,1.1745826,1.1745826,,1784,1783,1779,1775,1784,,,
United States,2025-01-21,0.0,103436829,968,1215919,,968,,-3.4,,1970,,0.5,,2.834271,302859.5,3560.1692,,2.834271,,5.7680926,356.01694,0.2834271,,138.28572,,0.40489584,0.040489584,1.1755184,1.1755184,,1785,1784,1780,1776,1785,,,
United States,2025-01-22,0.0,103436829,0,1215919,,968,,-3.4,,1970,,0.5,,0.0,302859.5,3560.1692,,2.834271,,5.7680926,356.01694,0.0,,138.28572,,0.40489584,0.040489584,1.1755184,1.1755184,,1786,1785,1781,1777,1786,,,
United States,2025-01-23,0.0,103436829,0,1215919,,968,,-3.4,,1970,,0.5,,0.0,302859.5,3560.1692,,2.834271,,5.7680926,356.01694,0.0,,138.28572,,0.40489584,0.040489584,1.1755184,1.1755184,,1787,1786,1782,1778,1787,,,
United States,2025-01-24,0.0,103436829,0,1215919,,968,,-3.4,,1970,,0.5,,0.0,302859.5,3560.1692,,2.834271,,5.7680926,356.01694,0.0,,138.28572,,0.40489584,0.040489584,1.1755184,1.1755184,,1788,1787,1783,1779,1788,,,
United States,2025-01-25,0.0,103436829,0,1215919,,968,,-3.4,,1970,,0.5,,0.0,302859.5,3560.1692,,2.834271,,5.7680926,356.01694,0.0,,138.28572,,0.40489584,0.040489584,1.1755184,1.1755184,,1789,1788,1784,1780,1789,,,
United States,2025-01-26,0.0,103436829,0,1215919,,968,,-3.4,,1970,,0.5,,0.0,302859.5,3560.1692,,2.834271,,5.7680926,356.01694,0.0,,138.28572,,0.40489584,0.040489584,1.1755184,1.1755184,,1790,1789,1785,1781,1790,,,
United States,2025-01-27,0.0,103436829,0,1215919,,968,,-3.4,,1970,,0.5,,0.0,302859.5,3560.1692,,2.834271,,5.7680926,356.01694,0.0,,138.28572,,0.40489584,0.040489584,1.1755184,1.1755184,,1791,1790,1786,1782,1791,,,
United States,2025-01-28,0.0,103436829,940,1216859,,940,,-2.9,,1908,,-7.0,,2.7522879,302859.5,3562.9216,,2.7522879,,5.586559,356.29214,0.2752288,,134.28572,,0.39318398,0.039318398,1.1764272,1.1764272,,1792,1791,1787,1783,1792,,,
United States,2025-01-29,0.0,103436829,0,1216859,,940,,-2.9,,1908,,-7.0,,0.0,302859.5,3562.9216,,2.7522879,,5.586559,356.29214,0.0,,134.28572,,0.39318398,0.039318398,1.1764272,1.1764272,,1793,1792,1788,1784,1793,,,
United States,2025-01-30,0.0,103436829,0,1216859,,940,,-2.9,,1908,,-7.0,,0.0,302859.5,3562.9216,,2.7522879,,5.586559,356.29214,0.0,,134.28572,,0.39318398,0.039318398,1.1764272,1.1764272,,1794,1793,1789,1785,1794,,,
United States,2025-01-31,0.0,103436829,0,1216859,,940,,-2.9,,1908,,-7.0,,0.0,302859.5,3562.9216,,2.7522879,,5.586559,356.29214,0.0,,134.28572,,0.39318398,0.039318398,1.1764272,1.1764272,,1795,1794,1790,1786,1795,,,
United States,2025-02-01,0.0,103436829,0,1216859,,940,,-2.9,,1908,,-7.0,,0.0,302859.5,3562.9216,,2.7522879,,5.586559,356.29214,0.0,,134.28572,,0.39318398,0.039318398,1.1764272,1.1764272,,1796,1795,1791,1787,1796,,,
United States,2025-02-02,0.0,103436829,0,1216859,,940,,-2.9,,1908,,-7.0,,0.0,302859.5,3562.9216,,2.7522879,,5.586559,356.29214,0.0,,134.28572,,0.39318398,0.039318398,1.1764272,1.1764272,,1797,1796,1792,1788,1797,,,
United States,2025-02-03,0.0,103436829,0,1216859,,940,,-2.9,,1908,,-7.0,,0.0,302859.5,3562.9216,,2.7522879,,5.586559,356.29214,0.0,,134.28572,,0.39318398,0.039318398,1.1764272,1.1764272,,1798,1797,1793,1789,1798,,,
United States,2025-02-04,0.0,103436829,841,1217700,,841,,-10.5,,1781,,-9.6,,2.4624193,302859.5,3565.384,,2.4624193,,5.214707,356.5384,0.24624193,,120.14286,,0.3517742,0.035177417,1.1772403,1.1772403,,1799,1798,1794,1790,1799,,,
United States,2025-02-05,0.0,103436829,0,1217700,,841,,-10.5,,1781,,-9.6,,0.0,302859.5,3565.384,,2.4624193,,5.214707,356.5384,0.0,,120.14286,,0.3517742,0.035177417,1.1772403,1.1772403,,1800,1799,1795,1791,1800,,,
United States,2025-02-06,0.0,103436829,0,1217700,,841,,-10.5,,1781,,-9.6,,0.0,302859.5,3565.384,,2.4624193,,5.214707,356.5384,0.0,,120.14286,,0.3517742,0.035177417,1.1772403,1.1772403,,1801,1800,1796,1792,1801,,,
United States,2025-02-07,0.0,103436829,0,1217700,,841,,-10.5,,1781,,-9.6,,0.0,302859.5,3565.384,,2.4624193,,5.214707,356.5384,0.0,,120.14286,,0.3517742,0.035177417,1.1772403,1.1772403,,1802,1801,1797,1793,1802,,,
United States,2025-02-08,0.0,103436829,0,1217700,,841,,-10.5,,1781,,-9.6,,0.0,302859.5,3565.384,,2.4624193,,5.214707,356.5384,0.0,,120.14286,,0.3517742,0.035177417,1.1772403,1.1772403,,1803,1802,1798,1794,1803,,,
United States,2025-02-09,0.0,103436829,0,1217700,,841,,-10.5,,1781,,-9.6,,0.0,302859.5,3565.384,,2.4624193,,5.214707,356.5384,0.0,,120.14286,,0.3517742,0.035177417,1.1772403,1.1772403,,1804,1803,1799,1795,1804,,,
United States,2025-02-10,0.0,103436829,0,1217700,,841,,-10.5,,1781,,-9.6,,0.0,302859.5,3565.384,,2.4624193,,5.214707,356.5384,0.0,,120.14286,,0.3517742,0.035177417,1.1772403,1.1772403,,1805,1804,1800,1796,1805,,,
United States,2025-02-11,0.0,103436829,755,1218455,,755,,-10.2,,1596,,-16.4,,2.2106142,302859.5,3567.5945,,2.2106142,,4.673033,356.75946,0.22106142,,107.85714,,0.31580204,0.031580202,1.1779702,1.1779702,,1806,1805,1801,1797,1806,,,
United States,2025-02-12,0.0,103436829,0,1218455,,755,,-10.2,,1596,,-16.4,,0.0,302859.5,3567.5945,,2.2106142,,4.673033,356.75946,0.0,,107.85714,,0.31580204,0.031580202,1.1779702,1.1779702,,1807,1806,1802,1798,1807,,,
United States,2025-02-13,0.0,103436829,0,1218455,,755,,-10.2,,1596,,-16.4,,0.0,302859.5,3567.5945,,2.2106142,,4.673033,356.75946,0.0,,107.85714,,0.31580204,0.031580202,1.1779702,1.1779702,,1808,1807,1803,1799,1808,,,
United States,2025-02-14,0.0,103436829,0,1218455,,755,,-10.2,,1596,,-16.4,,0.0,302859.5,3567.5945,,2.2106142,,4.673033,356.75946,0.0,,107.85714,,0.31580204,0.031580202,1.1779702,1.1779702,,1809,1808,1804,1800,1809,,,
United States,2025-02-15,0.0,103436829,0,1218455,,755,,-10.2,,1596,,-16.4,,0.0,302859.5,3567.5945,,2.2106142,,4.673033,356.75946,0.0,,107.85714,,0.31580204,0.031580202,1.1779702,1.1779702,,1810,1809,1805,1801,1810,,,
United States,2025-02-16,0.0,103436829,0,1218455,,755,,-10.2,,1596,,-16.4,,0.0,302859.5,3567.5945,,2.2106142,,4.673033,356.75946,0.0,,107.85714,,0.31580204,0.031580202,1.1779702,1.1779702,,1811,1810,1806,1802,1811,,,
United States,2025-02-17,0.0,103436829,0,1218455,,755,,-10.2,,1596,,-16.4,,0.0,302859.5,3567.5945,,2.2106142,,4.673033,356.75946,0.0,,107.85714,,0.31580204,0.031580202,1.1779702,1.1779702,,1812,1811,1807,1803,1812,,,
United States,2025-02-18,0.0,103436829,741,1219196,,741,,-1.9,,1496,,-16.0,,2.1696227,302859.5,3569.7642,,2.1696227,,4.380237,356.9764,0.21696226,,105.85714,,0.3099461,0.030994609,1.1786865,1.1786865,,1813,1812,1808,1804,1813,,,
United States,2025-02-19,0.0,103436829,0,1219196,,741,,-1.9,,1496,,-16.0,,0.0,302859.5,3569.7642,,2.1696227,,4.380237,356.9764,0.0,,105.85714,,0.3099461,0.030994609,1.1786865,1.1786865,,1814,1813,1809,1805,1814,,,
United States,2025-02-20,0.0,103436829,0,1219196,,741,,-1.9,,1496,,-16.0,,0.0,302859.5,3569.7642,,2.1696227,,4.380237,356.9764,0.0,,105.85714,,0.3099461,0.030994609,1.1786865,1.1786865,,1815,1814,1810,1806,1815,,,
United States,2025-02-21,0.0,103436829,0,1219196,,741,,-1.9,,1496,,-16.0,,0.0,302859.5,3569.7642,,2.1696227,,4.380237,356.9764,0.0,,105.85714,,0.3099461,0.030994609,1.1786865,1.1786865,,1816,1815,1811,1807,1816,,,
United States,2025-02-22,0.0,103436829,0,1219196,,741,,-1.9,,1496,,-16.0,,0.0,302859.5,3569.7642,,2.1696227,,4.380237,356.9764,0.0,,105.85714,,0.3099461,0.030994609,1.1786865,1.1786865,,1817,1816,1812,1808,1817,,,
United States,2025-02-23,0.0,103436829,0,1219196,,741,,-1.9,,1496,,-16.0,,0.0,302859.5,3569.7642,,2.1696227,,4.380237,356.9764,0.0,,105.85714,,0.3099461,0.030994609,1.1786865,1.1786865,,1818,1817,1813,1809,1818,,,
United States,2025-02-24,0.0,103436829,0,1219196,,741,,-1.9,,1496,,-16.0,,0.0,302859.5,3569.7642,,2.1696227,,4.380237,356.9764,0.0,,105.85714,,0.3099461,0.030994609,1.1786865,1.1786865,,1819,1818,1814,1810,1819,,,
United States,2025-02-25,0.0,103436829,704,1219900,,704,,-5.0,,1445,,-9.5,,2.0612879,302859.5,3571.8254,,2.0612879,,4.230911,357.18256,0.20612879,,100.57143,,0.2944697,0.02944697,1.1793672,1.1793672,,1820,1819,1815,1811,1820,,,
United States,2025-02-26,0.0,103436829,0,1219900,,704,,-5.0,,1445,,-9.5,,0.0,302859.5,3571.8254,,2.0612879,,4.230911,357.18256,0.0,,100.57143,,0.2944697,0.02944697,1.1793672,1.1793672,,1821,1820,1816,1812,1821,,,
United States,2025-02-27,0.0,103436829,0,1219900,,704,,-5.0,,1445,,-9.5,,0.0,302859.5,3571.8254,,2.0612879,,4.230911,357.18256,0.0,,100.57143,,0.2944697,0.02944697,1.1793672,1.1793672,,1822,1821,1817,1813,1822,,,
United States,2025-02-28,0.0,103436829,0,1219900,,704,,-5.0,,1445,,-9.5,,0.0,302859.5,3571.8254,,2.0612879,,4.230911,357.18256,0.0,,100.57143,,0.2944697,0.02944697,1.1793672,1.1793672,,1823,1822,1818,1814,1823,,,
United States,2025-03-01,0.0,103436829,0,1219900,,704,,-5.0,,1445,,-9.5,,0.0,302859.5,3571.8254,,2.0612879,,4.230911,357.18256,0.0,,100.57143,,0.2944697,0.02944697,1.1793672,1.1793672,,1824,1823,1819,1815,1824,,,
United States,2025-03-02,0.0,103436829,0,1219900,,704,,-5.0,,1445,,-9.5,,0.0,302859.5,3571.8254,,2.0612879,,4.230911,357.18256,0.0,,100.57143,,0.2944697,0.02944697,1.1793672,1.1793672,,1825,1824,1820,1816,1825,,,
United States,2025-03-03,0.0,103436829,0,1219900,,704,,-5.0,,1445,,-9.5,,0.0,302859.5,3571.8254,,2.0612879,,4.230911,357.18256,0.0,,100.57143,,0.2944697,0.02944697,1.1793672,1.1793672,,1826,1825,1821,1817,1826,,,
United States,2025-03-04,0.0,103436829,619,1220519,,619,,-12.1,,1323,,-11.6,,1.8124108,302859.5,3573.638,,1.8124108,,3.8736987,357.3638,0.18124108,,88.42857,,0.25891584,0.025891583,1.1799656,1.1799656,,1827,1826,1822,1818,1827,,,
United States,2025-03-05,0.0,103436829,0,1220519,,619,,-12.1,,1323,,-11.6,,0.0,302859.5,3573.638,,1.8124108,,3.8736987,357.3638,0.0,,88.42857,,0.25891584,0.025891583,1.1799656,1.1799656,,1828,1827,1823,1819,1828,,,
United States,2025-03-06,0.0,103436829,0,1220519,,619,,-12.1,,1323,,-11.6,,0.0,302859.5,3573.638,,1.8124108,,3.8736987,357.3638,0.0,,88.42857,,0.25891584,0.025891583,1.1799656,1.1799656,,1829,1828,1824,1820,1829,,,
United States,2025-03-07,0.0,103436829,0,1220519,,619,,-12.1,,1323,,-11.6,,0.0,302859.5,3573.638,,1.8124108,,3.8736987,357.3638,0.0,,88.42857,,0.25891584,0.025891583,1.1799656,1.1799656,,1830,1829,1825,1821,1830,,,
United States,2025-03-08,0.0,103436829,0,1220519,,619,,-12.1,,1323,,-11.6,,0.0,302859.5,3573.638,,1.8124108,,3.8736987,357.3638,0.0,,88.42857,,0.25891584,0.025891583,1.1799656,1.1799656,,1831,1830,1826,1822,1831,,,
United States,2025-03-09,0.0,103436829,0,1220519,,619,,-12.1,,1323,,-11.6,,0.0,302859.5,3573.638,,1.8124108,,3.8736987,357.3638,0.0,,88.42857,,0.25891584,0.025891583,1.1799656,1.1799656,,1832,1831,1827,1823,1832,,,
United States,2025-03-10,0.0,103436829,0,1220519,,619,,-12.1,,1323,,-11.6,,0.0,302859.5,3573.638,,1.8124108,,3.8736987,357.3638,0.0,,88.42857,,0.25891584,0.025891583,1.1799656,1.1799656,,1833,1832,1828,1824,1833,,,
United States,2025-03-11,0.0,103436829,507,1221026,,507,,-18.1,,1126,,-22.1,,1.4844787,302859.5,3575.1223,,1.4844787,,3.2968895,357.51224,0.14844787,,72.42857,,0.21206838,0.021206839,1.1804558,1.1804558,,1834,1833,1829,1825,1834,,,
United States,2025-03-12,0.0,103436829,0,1221026,,507,,-18.1,,1126,,-22.1,,0.0,302859.5,3575.1223,,1.4844787,,3.2968895,357.51224,0.0,,72.42857,,0.21206838,0.021206839,1.1804558,1.1804558,,1835,1834,1830,1826,1835,,,
United States,2025-03-13,0.0,103436829,0,1221026,,507,,-18.1,,1126,,-22.1,,0.0,302859.5,3575.1223,,1.4844787,,3.2968895,357.51224,0.0,,72.42857,,0.21206838,0.021206839,1.1804558,1.1804558,,1836,1835,1831,1827,1836,,,
United States,2025-03-14,0.0,103436829,0,1221026,,507,,-18.1,,1126,,-22.1,,0.0,302859.5,3575.1223,,1.4844787,,3.2968895,357.51224,0.0,,72.42857,,0.21206838,0.021206839,1.1804558,1.1804558,,1837,1836,1832,1828,1837,,,
United States,2025-03-15,0.0,103436829,0,1221026,,507,,-18.1,,1126,,-22.1,,0.0,302859.5,3575.1223,,1.4844787,,3.2968895,357.51224,0.0,,72.42857,,0.21206838,0.021206839,1.1804558,1.1804558,,1838,1837,1833,1829,1838,,,
United States,2025-03-16,0.0,103436829,0,1221026,,507,,-18.1,,1126,,-22.1,,0.0,302859.5,3575.1223,,1.4844787,,3.2968895,357.51224,0.0,,72.42857,,0.21206838,0.021206839,1.1804558,1.1804558,,1839,1838,1834,1830,1839,,,
United States,2025-03-17,0.0,103436829,0,1221026,,507,,-18.1,,1126,,-22.1,,0.0,302859.5,3575.1223,,1.4844787,,3.2968895,357.51224,0.0,,72.42857,,0.21206838,0.021206839,1.1804558,1.1804558,,1840,1839,1835,1831,1840,,,
United States,2025-03-18,0.0,103436829,475,1221501,,475,,-6.3,,982,,-25.8,,1.3907838,302859.5,3576.5132,,1.3907838,,2.8752625,357.6513,0.13907838,,67.85714,,0.1986834,0.01986834,1.180915,1.180915,,1841,1840,1836,1832,1841,,,
United States,2025-03-19,0.0,103436829,0,1221501,,475,,-6.3,,982,,-25.8,,0.0,302859.5,3576.5132,,1.3907838,,2.8752625,357.6513,0.0,,67.85714,,0.1986834,0.01986834,1.180915,1.180915,,1842,1841,1837,1833,1842,,,
United States,2025-03-20,0.0,103436829,0,1221501,,475,,-6.3,,982,,-25.8,,0.0,302859.5,3576.5132,,1.3907838,,2.8752625,357.6513,0.0,,67.85714,,0.1986834,0.01986834,1.180915,1.180915,,1843,1842,1838,1834,1843,,,
United States,2025-03-21,0.0,103436829,0,1221501,,475,,-6.3,,982,,-25.8,,0.0,302859.5,3576.5132,,1.3907838,,2.8752625,357.6513,0.0,,67.85714,,0.1986834,0.01986834,1.180915,1.180915,,1844,1843,1839,1835,1844,,,
United States,2025-03-22,0.0,103436829,0,1221501,,475,,-6.3,,982,,-25.8,,0.0,302859.5,3576.5132,,1.3907838,,2.8752625,357.6513,0.0,,67.85714,,0.1986834,0.01986834,1.180915,1.180915,,1845,1844,1840,1836,1845,,,
United States,2025-03-23,0.0,103436829,0,1221501,,475,,-6.3,,982,,-25.8,,0.0,302859.5,3576.5132,,1.3907838,,2.8752625,357.6513,0.0,,67.85714,,0.1986834,0.01986834,1.180915,1.180915,,1846,1845,1841,1837,1846,,,
United States,2025-03-24,0.0,103436829,0,1221501,,475,,-6.3,,982,,-25.8,,0.0,302859.5,3576.5132,,1.3907838,,2.8752625,357.6513,0.0,,67.85714,,0.1986834,0.01986834,1.180915,1.180915,,1847,1846,1842,1838,1847,,,
United States,2025-03-25,0.0,103436829,489,1221990,,489,,2.9,,964,,-14.4,,1.4317753,302859.5,3577.945,,1.4317753,,2.822559,357.7945,0.14317752,,69.85714,,0.20453933,0.020453932,1.1813878,1.1813878,,1848,1847,1843,1839,1848,,,
United States,2025-03-26,0.0,103436829,0,1221990,,489,,2.9,,964,,-14.4,,0.0,302859.5,3577.945,,1.4317753,,2.822559,357.7945,0.0,,69.85714,,0.20453933,0.020453932,1.1813878,1.1813878,,1849,1848,1844,1840,1849,,,
United States,2025-03-27,0.0,103436829,0,1221990,,489,,2.9,,964,,-14.4,,0.0,302859.5,3577.945,,1.4317753,,2.822559,357.7945,0.0,,69.85714,,0.20453933,0.020453932,1.1813878,1.1813878,,1850,1849,1845,1841,1850,,,
United States,2025-03-28,0.0,103436829,0,1221990,,489,,2.9,,964,,-14.4,,0.0,302859.5,3577.945,,1.4317753,,2.822559,357.7945,0.0,,69.85714,,0.20453933,0.020453932,1.1813878,1.1813878,,1851,1850,1846,1842,1851,,,
United States,2025-03-29,0.0,103436829,0,1221990,,489,,2.9,,964,,-14.4,,0.0,302859.5,3577.945,,1.4317753,,2.822559,357.7945,0.0,,69.85714,,0.20453933,0.020453932,1.1813878,1.1813878,,1852,1851,1847,1843,1852,,,
United States,2025-03-30,0.0,103436829,0,1221990,,489,,2.9,,964,,-14.4,,0.0,302859.5,3577.945,,1.4317753,,2.822559,357.7945,0.0,,69.85714,,0.20453933,0.020453932,1.1813878,1.1813878,,1853,1852,1848,1844,1853,,,
United States,2025-03-31,0.0,103436829,0,1221990,,489,,2.9,,964,,-14.4,,0.0,302859.5,3577.945,,1.4317753,,2.822559,357.7945,0.0,,69.85714,,0.20453933,0.020453932,1.1813878,1.1813878,,1854,1853,1849,1845,1854,,,
United States,2025-04-01,0.0,103436829,421,1222411,,421,,-13.9,,910,,-7.3,,1.2326736,302859.5,3579.1777,,1.2326736,,2.664449,357.91776,0.12326736,,60.142857,,0.17609623,0.017609622,1.1817948,1.1817948,,1855,1854,1850,1846,1855,,,
United States,2025-04-02,0.0,103436829,0,1222411,,421,,-13.9,,910,,-7.3,,0.0,302859.5,3579.1777,,1.2326736,,2.664449,357.91776,0.0,,60.142857,,0.17609623,0.017609622,1.1817948,1.1817948,,1856,1855,1851,1847,1856,,,
United States,2025-04-03,0.0,103436829,0,1222411,,421,,-13.9,,910,,-7.3,,0.0,302859.5,3579.1777,,1.2326736,,2.664449,357.91776,0.0,,60.142857,,0.17609623,0.017609622,1.1817948,1.1817948,,1857,1856,1852,1848,1857,,,
United States,2025-04-04,0.0,103436829,0,1222411,,421,,-13.9,,910,,-7.3,,0.0,302859.5,3579.1777,,1.2326736,,2.664449,357.91776,0.0,,60.142857,,0.17609623,0.017609622,1.1817948,1.1817948,,1858,1857,1853,1849,1858,,,
United States,2025-04-05,0.0,103436829,0,1222411,,421,,-13.9,,910,,-7.3,,0.0,302859.5,3579.1777,,1.2326736,,2.664449,357.91776,0.0,,60.142857,,0.17609623,0.017609622,1.1817948,1.1817948,,1859,1858,1854,1850,1859,0,0.0,0.0
United States,2025-04-06,0.0,103436829,0,1222411,,421,,-13.9,,910,,-7.3,,0.0,302859.5,3579.1777,,1.2326736,,2.664449,357.91776,0.0,,60.142857,,0.17609623,0.017609622,1.1817948,1.1817948,,1860,1859,1855,1851,1860,0,0.0,0.0
United States,2025-04-07,0.0,103436829,0,1222411,,421,,-13.9,,910,,-7.3,,0.0,302859.5,3579.1777,,1.2326736,,2.664449,357.91776,0.0,,60.142857,,0.17609623,0.017609622,1.1817948,1.1817948,,1861,1860,1856,1852,1861,0,0.0,0.0
United States,2025-04-08,0.0,103436829,371,1222782,,371,,-11.9,,792,,-17.8,,1.0862753,302859.5,3580.264,,1.0862753,,2.318949,358.0264,0.108627535,,53.0,,0.15518218,0.015518219,1.1821535,1.1821535,,1862,1861,1857,1853,1862,371,0.108627535,1.0862753
United States,2025-04-09,0.0,103436829,0,1222782,,371,,-11.9,,792,,-17.8,,0.0,302859.5,3580.264,,1.0862753,,2.318949,358.0264,0.0,,53.0,,0.15518218,0.015518219,1.1821535,1.1821535,,1863,1862,1858,1854,1863,371,0.108627535,1.0862753
United States,2025-04-10,0.0,103436829,0,1222782,,371,,-11.9,,792,,-17.8,,0.0,302859.5,3580.264,,1.0862753,,2.318949,358.0264,0.0,,53.0,,0.15518218,0.015518219,1.1821535,1.1821535,,1864,1863,1859,1855,1864,371,0.108627535,1.0862753
United States,2025-04-11,0.0,103436829,0,1222782,,371,,-11.9,,792,,-17.8,,0.0,302859.5,3580.264,,1.0862753,,2.318949,358.0264,0.0,,53.0,,0.15518218,0.015518219,1.1821535,1.1821535,,1865,1864,1860,1856,1865,371,0.108627535,1.0862753
United States,2025-04-12,0.0,103436829,0,1222782,,371,,-11.9,,792,,-17.8,,0.0,302859.5,3580.264,,1.0862753,,2.318949,358.0264,0.0,,53.0,,0.15518218,0.015518219,1.1821535,1.1821535,,1866,1865,1861,1857,1866,371,0.108627535,1.0862753
United States,2025-04-13,0.0,103436829,0,1222782,,371,,-11.9,,792,,-17.8,,0.0,302859.5,3580.264,,1.0862753,,2.318949,358.0264,0.0,,53.0,,0.15518218,0.015518219,1.1821535,1.1821535,,1867,1866,1862,1858,1867,371,0.108627535,1.0862753
United States,2025-04-14,0.0,103436829,0,1222782,,371,,-11.9,,792,,-17.8,,0.0,302859.5,3580.264,,1.0862753,,2.318949,358.0264,0.0,,53.0,,0.15518218,0.015518219,1.1821535,1.1821535,,1868,1867,1863,1859,1868,371,0.108627535,1.0862753
United States,2025-04-15,0.0,103436829,392,1223174,,392,,5.7,,763,,-16.2,,1.1477627,302859.5,3581.4116,,1.1477627,,2.2340379,358.14117,0.11477626,,56.0,,0.16396609,0.016396608,1.1825324,1.1825324,,1869,1868,1864,1860,1869,763,0.2234038,2.2340379
United States,2025-04-16,0.0,103436829,0,1223174,,392,,5.7,,763,,-16.2,,0.0,302859.5,3581.4116,,1.1477627,,2.2340379,358.14117,0.0,,56.0,,0.16396609,0.016396608,1.1825324,1.1825324,,1870,1869,1865,1861,1870,763,0.2234038,2.2340379
United States,2025-04-17,0.0,103436829,0,1223174,,392,,5.7,,763,,-16.2,,0.0,302859.5,3581.4116,,1.1477627,,2.2340379,358.14117,0.0,,56.0,,0.16396609,0.016396608,1.1825324,1.1825324,,1871,1870,1866,1862,1871,763,0.2234038,2.2340379
United States,2025-04-18,0.0,103436829,0,1223174,,392,,5.7,,763,,-16.2,,0.0,302859.5,3581.4116,,1.1477627,,2.2340379,358.14117,0.0,,56.0,,0.16396609,0.016396608,1.1825324,1.1825324,,1872,1871,1867,1863,1872,763,0.2234038,2.2340379
United States,2025-04-19,0.0,103436829,0,1223174,,392,,5.7,,763,,-16.2,,0.0,302859.5,3581.4116,,1.1477627,,2.2340379,358.14117,0.0,,56.0,,0.16396609,0.016396608,1.1825324,1.1825324,,1873,1872,1868,1864,1873,763,0.2234038,2.2340379
United States,2025-04-20,0.0,103436829,0,1223174,,392,,5.7,,763,,-16.2,,0.0,302859.5,3581.4116,,1.1477627,,2.2340379,358.14117,0.0,,56.0,,0.16396609,0.016396608,1.1825324,1.1825324,,1874,1873,1869,1865,1874,763,0.2234038,2.2340379
United States,2025-04-21,0.0,103436829,0,1223174,,392,,5.7,,763,,-16.2,,0.0,302859.5,3581.4116,,1.1477627,,2.2340379,358.14117,0.0,,56.0,,0.16396609,0.016396608,1.1825324,1.1825324,,1875,1874,1870,1866,1875,763,0.2234038,2.2340379
United States,2025-04-22,0.0,103436829,338,1223512,,338,,-13.8,,730,,-7.8,,0.98965245,302859.5,3582.4014,,0.98965245,,2.1374152,358.24014,0.09896524,,48.285713,,0.14137892,0.014137892,1.1828592,1.1828592,,1876,1875,1871,1867,1876,1101,0.32236904,3.2236903
United States,2025-04-23,0.0,103436829,0,1223512,,338,,-13.8,,730,,-7.8,,0.0,302859.5,3582.4014,,0.98965245,,2.1374152,358.24014,0.0,,48.285713,,0.14137892,0.014137892,1.1828592,1.1828592,,1877,1876,1872,1868,1877,1101,0.32236904,3.2236903
United States,2025-04-24,0.0,103436829,0,1223512,,338,,-13.8,,730,,-7.8,,0.0,302859.5,3582.4014,,0.98965245,,2.1374152,358.24014,0.0,,48.285713,,0.14137892,0.014137892,1.1828592,1.1828592,,1878,1877,1873,1869,1878,1101,0.32236904,3.2236903
United States,2025-04-25,0.0,103436829,0,1223512,,338,,-13.8,,730,,-7.8,,0.0,302859.5,3582.4014,,0.98965245,,2.1374152,358.24014,0.0,,48.285713,,0.14137892,0.014137892,1.1828592,1.1828592,,1879,1878,1874,1870,1879,1101,0.32236904,3.2236903
United States,2025-04-26,0.0,103436829,0,1223512,,338,,-13.8,,730,,-7.8,,0.0,302859.5,3582.4014,,0.98965245,,2.1374152,358.24014,0.0,,48.285713,,0.14137892,0.014137892,1.1828592,1.1828592,,1880,1879,1875,1871,1880,1101,0.32236904,3.2236903
United States,2025-04-27,0.0,103436829,0,1223512,,338,,-13.8,,730,,-7.8,,0.0,302859.5,3582.4014,,0.98965245,,2.1374152,358.24014,0.0,,48.285713,,0.14137892,0.014137892,1.1828592,1.1828592,,1881,1880,1876,1872,1881,1101,0.32236904,3.2236903
United States,2025-04-28,0.0,103436829,0,1223512,,338,,-13.8,,730,,-7.8,,0.0,302859.5,3582.4014,,0.98965245,,2.1374152,358.24014,0.0,,48.285713,,0.14137892,0.014137892,1.1828592,1.1828592,,1882,1881,1877,1873,1882,1101,0.32236904,3.2236903
United States,2025-04-29,0.0,103436829,299,1223811,,299,,-11.5,,637,,-16.5,,0.87546176,302859.5,3583.2769,,0.87546176,,1.8651142,358.32767,0.08754618,,42.714287,,0.12506597,0.012506597,1.1831483,1.1831483,,1883,1882,1878,1874,1883,1400,0.4099152,4.099152
United States,2025-04-30,0.0,103436829,0,1223811,,299,,-11.5,,637,,-16.5,,0.0,302859.5,3583.2769,,0.87546176,,1.8651142,358.32767,0.0,,42.714287,,0.12506597,0.012506597,1.1831483,1.1831483,,1884,1883,1879,1875,1884,1400,0.4099152,4.099152
United States,2025-05-01,0.0,103436829,0,1223811,,299,,-11.5,,637,,-16.5,,0.0,302859.5,3583.2769,,0.87546176,,1.8651142,358.32767,0.0,,42.714287,,0.12506597,0.012506597,1.1831483,1.1831483,,1885,1884,1880,1876,1885,1400,0.4099152,4.099152
United States,2025-05-02,0.0,103436829,0,1223811,,299,,-11.5,,637,,-16.5,,0.0,302859.5,3583.2769,,0.87546176,,1.8651142,358.32767,0.0,,42.714287,,0.12506597,0.012506597,1.1831483,1.1831483,,1886,1885,1881,1877,1886,1400,0.4099152,4.099152
United States,2025-05-03,0.0,103436829,0,1223811,,299,,-11.5,,637,,-16.5,,0.0,302859.5,3583.2769,,0.87546176,,1.8651142,358.32767,0.0,,42.714287,,0.12506597,0.012506597,1.1831483,1.1831483,,1887,1886,1882,1878,1887,1400,0.4099152,4.099152
United States,2025-05-04,0.0,103436829,0,1223811,,299,,-11.5,,637,,-16.5,,0.0,302859.5,3583.2769,,0.87546176,,1.8651142,358.32767,0.0,,42.714287,,0.12506597,0.012506597,1.1831483,1.1831483,,1888,1887,1883,1879,1888,1400,0.4099152,4.099152
United States,2025-05-05,0.0,103436829,0,1223811,,299,,-11.5,,637,,-16.5,,0.0,302859.5,3583.2769,,0.87546176,,1.8651142,358.32767,0.0,,42.714287,,0.12506597,0.012506597,1.1831483,1.1831483,,1889,1888,1884,1880,1889,1400,0.4099152,4.099152
United States,2025-05-06,0.0,103436829,266,1224077,,266,,-11.0,,565,,-22.6,,0.77883893,302859.5,3584.0557,,0.77883893,,1.6543007,358.40555,0.07788389,,38.0,,0.1112627,0.0111262705,1.1834054,1.1834054,,1890,1889,1885,1881,1890,1666,0.4877991,4.877991
United States,2025-05-07,0.0,103436829,0,1224077,,266,,-11.0,,565,,-22.6,,0.0,302859.5,3584.0557,,0.77883893,,1.6543007,358.40555,0.0,,38.0,,0.1112627,0.0111262705,1.1834054,1.1834054,,1891,1890,1886,1882,1891,1666,0.4877991,4.877991
United States,2025-05-08,0.0,103436829,0,1224077,,266,,-11.0,,565,,-22.6,,0.0,302859.5,3584.0557,,0.77883893,,1.6543007,358.40555,0.0,,38.0,,0.1112627,0.0111262705,1.1834054,1.1834054,,1892,1891,1887,1883,1892,1666,0.4877991,4.877991
United States,2025-05-09,0.0,103436829,0,1224077,,266,,-11.0,,565,,-22.6,,0.0,302859.5,3584.0557,,0.77883893,,1.6543007,358.40555,0.0,,38.0,,0.1112627,0.0111262705,1.1834054,1.1834054,,1893,1892,1888,1884,1893,1666,0.4877991,4.877991
United States,2025-05-10,0.0,103436829,0,1224077,,266,,-11.0,,565,,-22.6,,0.0,302859.5,3584.0557,,0.77883893,,1.6543007,358.40555,0.0,,38.0,,0.1112627,0.0111262705,1.1834054,1.1834054,,1894,1893,1889,1885,1894,1666,0.4877991,4.877991
United States,2025-05-11,0.0,103436829,0,1224077,,266,,-11.0,,565,,-22.6,,0.0,302859.5,3584.0557,,0.77883893,,1.6543007,358.40555,0.0,,38.0,,0.1112627,0.0111262705,1.1834054,1.1834054,,1895,1894,1890,1886,1895,1666,0.4877991,4.877991
United States,2025-05-12,0.0,103436829,0,1224077,,266,,-11.0,,565,,-22.6,,0.0,302859.5,3584.0557,,0.77883893,,1.6543007,358.40555,0.0,,38.0,,0.1112627,0.0111262705,1.1834054,1.1834054,,1896,1895,1891,1887,1896,1666,0.4877991,4.877991
United States,2025-05-13,0.0,103436829,235,1224312,,235,,-11.7,,501,,-21.4,,0.68807197,302859.5,3584.7437,,0.68807197,,1.4669108,358.47437,0.0688072,,33.57143,,0.098295994,0.009829599,1.1836326,1.1836326,,1897,1896,1892,1888,1897,1901,0.5566063,5.566063
United States,2025-05-14,0.0,103436829,0,1224312,,235,,-11.7,,501,,-21.4,,0.0,302859.5,3584.7437,,0.68807197,,1.4669108,358.47437,0.0,,33.57143,,0.098295994,0.009829599,1.1836326,1.1836326,,1898,1897,1893,1889,1898,1901,0.5566063,5.566063
United States,2025-05-15,0.0,103436829,0,1224312,,235,,-11.7,,501,,-21.4,,0.0,302859.5,3584.7437,,0.68807197,,1.4669108,358.47437,0.0,,33.57143,,0.098295994,0.009829599,1.1836326,1.1836326,,1899,1898,1894,1890,1899,1901,0.5566063,5.566063
United States,2025-05-16,0.0,103436829,0,1224312,,235,,-11.7,,501,,-21.4,,0.0,302859.5,3584.7437,,0.68807197,,1.4669108,358.47437,0.0,,33.57143,,0.098295994,0.009829599,1.1836326,1.1836326,,1900,1899,1895,1891,1900,1901,0.5566063,5.566063
United States,2025-05-17,0.0,103436829,0,1224312,,235,,-11.7,,501,,-21.4,,0.0,302859.5,3584.7437,,0.68807197,,1.4669108,358.47437,0.0,,33.57143,,0.098295994,0.009829599,1.1836326,1.1836326,,1901,1900,1896,1892,1901,1901,0.5566063,5.566063
United States,2025-05-18,0.0,103436829,0,1224312,,235,,-11.7,,501,,-21.4,,0.0,302859.5,3584.7437,,0.68807197,,1.4669108,358.47437,0.0,,33.57143,,0.098295994,0.009829599,1.1836326,1.1836326,,1902,1901,1897,1893,1902,1901,0.5566063,5.566063
United States,2025-05-19,0.0,103436829,0,1224312,,235,,-11.7,,501,,-21.4,,0.0,302859.5,3584.7437,,0.68807197,,1.4669108,358.47437,0.0,,33.57143,,0.098295994,0.009829599,1.1836326,1.1836326,,1903,1902,1898,1894,1903,1901,0.5566063,5.566063
United States,2025-05-20,0.0,103436829,195,1224507,,195,,-17.0,,430,,-23.9,,0.5709533,302859.5,3585.3147,,0.5709533,,1.2590253,358.53146,0.057095334,,27.857143,,0.08156476,0.008156477,1.1838211,1.1838211,,1904,1903,1899,1895,1904,2096,0.61370164,6.1370163
United States,2025-05-21,0.0,103436829,0,1224507,,195,,-17.0,,430,,-23.9,,0.0,302859.5,3585.3147,,0.5709533,,1.2590253,358.53146,0.0,,27.857143,,0.08156476,0.008156477,1.1838211,1.1838211,,1905,1904,1900,1896,1905,2096,0.61370164,6.1370163
United States,2025-05-22,0.0,103436829,0,1224507,,195,,-17.0,,430,,-23.9,,0.0,302859.5,3585.3147,,0.5709533,,1.2590253,358.53146,0.0,,27.857143,,0.08156476,0.008156477,1.1838211,1.1838211,,1906,1905,1901,1897,1906,2096,0.61370164,6.1370163
United States,2025-05-23,0.0,103436829,0,1224507,,195,,-17.0,,430,,-23.9,,0.0,302859.5,3585.3147,,0.5709533,,1.2590253,358.53146,0.0,,27.857143,,0.08156476,0.008156477,1.1838211,1.1838211,,1907,1906,1902,1898,1907,2096,0.61370164,6.1370163
United States,2025-05-24,0.0,103436829,0,1224507,,195,,-17.0,,430,,-23.9,,0.0,302859.5,3585.3147,,0.5709533,,1.2590253,358.53146,0.0,,27.857143,,0.08156476,0.008156477,1.1838211,1.1838211,,1908,1907,1903,1899,1908,2096,0.61370164,6.1370163
United States,2025-05-25,0.0,103436829,0,1224507,,195,,-17.0,,430,,-23.9,,0.0,302859.5,3585.3147,,0.5709533,,1.2590253,358.53146,0.0,,27.857143,,0.08156476,0.008156477,1.1838211,1.1838211,,1909,1908,1904,1900,1909,2096,0.61370164,6.1370163
United States,2025-05-26,0.0,103436829,0,1224507,,195,,-17.0,,430,,-23.9,,0.0,302859.5,3585.3147,,0.5709533,,1.2590253,358.53146,0.0,,27.857143,,0.08156476,0.008156477,1.1838211,1.1838211,,1910,1909,1905,1901,1910,2096,0.61370164,6.1370163
United States,2025-05-27,0.0,103436829,211,1224718,,211,,8.2,,406,,-19.0,,0.6178008,302859.5,3585.9324,,0.6178008,,1.1887541,358.59323,0.06178008,,30.142857,,0.08825725,0.008825726,1.184025,1.184025,,1911,1910,1906,1902,1911,2307,0.67548174,6.754817
United States,2025-05-28,0.0,103436829,0,1224718,,211,,8.2,,406,,-19.0,,0.0,302859.5,3585.9324,,0.6178008,,1.1887541,358.59323,0.0,,30.142857,,0.08825725,0.008825726,1.184025,1.184025,,1912,1911,1907,1903,1912,2307,0.67548174,6.754817
United States,2025-05-29,0.0,103436829,0,1224718,,211,,8.2,,406,,-19.0,,0.0,302859.5,3585.9324,,0.6178008,,1.1887541,358.59323,0.0,,30.142857,,0.08825725,0.008825726,1.184025,1.184025,,1913,1912,1908,1904,1913,2307,0.67548174,6.754817
United States,2025-05-30,0.0,103436829,0,1224718,,211,,8.2,,406,,-19.0,,0.0,302859.5,3585.9324,,0.6178008,,1.1887541,358.59323,0.0,,30.142857,,0.08825725,0.008825726,1.184025,1.184025,,1914,1913,1909,1905,1914,2307,0.67548174,6.754817
United States,2025-05-31,0.0,103436829,0,1224718,,211,,8.2,,406,,-19.0,,0.0,302859.5,3585.9324,,0.6178008,,1.1887541,358.59323,0.0,,30.142857,,0.08825725,0.008825726,1.184025,1.184025,,1915,1914,1910,1906,1915,2307,0.67548174,6.754817
United States,2025-06-01,0.0,103436829,0,1224718,,211,,8.2,,406,,-19.0,,0.0,302859.5,3585.9324,,0.6178008,,1.1887541,358.59323,0.0,,30.142857,,0.08825725,0.008825726,1.184025,1.184025,,1916,1915,1911,1907,1916,2307,0.67548174,6.754817
United States,2025-06-02,0.0,103436829,0,1224718,,211,,8.2,,406,,-19.0,,0.0,302859.5,3585.9324,,0.6178008,,1.1887541,358.59323,0.0,,30.142857,,0.08825725,0.008825726,1.184025,1.184025,,1917,1916,1912,1908,1917,2307,0.67548174,6.754817
United States,2025-06-03,0.0,103436829,197,1224915,,197,,-6.6,,408,,-5.1,,0.5768093,302859.5,3586.5093,,0.5768093,,1.19461,358.65094,0.057680927,,28.142857,,0.08240132,0.008240133,1.1842155,1.1842155,,1918,1917,1913,1909,1918,2504,0.73316264,7.3316264
United States,2025-06-04,0.0,103436829,0,1224915,,197,,-6.6,,408,,-5.1,,0.0,302859.5,3586.5093,,0.5768093,,1.19461,358.65094,0.0,,28.142857,,0.08240132,0.008240133,1.1842155,1.1842155,,1919,1918,1914,1910,1919,2504,0.73316264,7.3316264
United States,2025-06-05,0.0,103436829,0,1224915,,197,,-6.6,,408,,-5.1,,0.0,302859.5,3586.5093,,0.5768093,,1.19461,358.65094,0.0,,28.142857,,0.08240132,0.008240133,1.1842155,1.1842155,,1920,1919,1915,1911,1920,2504,0.73316264,7.3316264
United States,2025-06-06,0.0,103436829,0,1224915,,197,,-6.6,,408,,-5.1,,0.0,302859.5,3586.5093,,0.5768093,,1.19461,358.65094,0.0,,28.142857,,0.08240132,0.008240133,1.1842155,1.1842155,,1921,1920,1916,1912,1921,2504,0.73316264,7.3316264
United States,2025-06-07,0.0,103436829,0,1224915,,197,,-6.6,,408,,-5.1,,0.0,302859.5,3586.5093,,0.5768093,,1.19461,358.65094,0.0,,28.142857,,0.08240132,0.008240133,1.1842155,1.1842155,,1922,1921,1917,1913,1922,2504,0.73316264,7.3316264
United States,2025-06-08,0.0,103436829,0,1224915,,197,,-6.6,,408,,-5.1,,0.0,302859.5,3586.5093,,0.5768093,,1.19461,358.65094,0.0,,28.142857,,0.08240132,0.008240133,1.1842155,1.1842155,,1923,1922,1918,1914,1923,2504,0.73316264,7.3316264
United States,2025-06-09,0.0,103436829,0,1224915,,197,,-6.6,,408,,-5.1,,0.0,302859.5,3586.5093,,0.5768093,,1.19461,358.65094,0.0,,28.142857,,0.08240132,0.008240133,1.1842155,1.1842155,,1924,1923,1919,1915,1924,2504,0.73316264,7.3316264
United States,2025-06-10,0.0,103436829,170,1225085,,170,,-13.7,,367,,-9.6,,0.4977542,302859.5,3587.007,,0.4977542,,1.0745635,358.7007,0.049775418,,24.285715,,0.071107745,0.007110774,1.1843799,1.1843799,,1925,1924,1920,1916,1925,2674,0.78293806,7.8293805
United States,2025-06-11,0.0,103436829,0,1225085,,170,,-13.7,,367,,-9.6,,0.0,302859.5,3587.007,,0.4977542,,1.0745635,358.7007,0.0,,24.285715,,0.071107745,0.007110774,1.1843799,1.1843799,,1926,1925,1921,1917,1926,2674,0.78293806,7.8293805
United States,2025-06-12,0.0,103436829,0,1225085,,170,,-13.7,,367,,-9.6,,0.0,302859.5,3587.007,,0.4977542,,1.0745635,358.7007,0.0,,24.285715,,0.071107745,0.007110774,1.1843799,1.1843799,,1927,1926,1922,1918,1927,2674,0.78293806,7.8293805
United States,2025-06-13,0.0,103436829,0,1225085,,170,,-13.7,,367,,-9.6,,0.0,302859.5,3587.007,,0.4977542,,1.0745635,358.7007,0.0,,24.285715,,0.071107745,0.007110774,1.1843799,1.1843799,,1928,1927,1923,1919,1928,2674,0.78293806,7.8293805
United States,2025-06-14,0.0,103436829,0,1225085,,170,,-13.7,,367,,-9.6,,0.0,302859.5,3587.007,,0.4977542,,1.0745635,358.7007,0.0,,24.285715,,0.071107745,0.007110774,1.1843799,1.1843799,,1929,1928,1924,1920,1929,2674,0.78293806,7.8293805
United States,2025-06-15,0.0,103436829,0,1225085,,170,,-13.7,,367,,-9.6,,0.0,302859.5,3587.007,,0.4977542,,1.0745635,358.7007,0.0,,24.285715,,0.071107745,0.007110774,1.1843799,1.1843799,,1930,1929,1925,1921,1930,2674,0.78293806,7.8293805
United States,2025-06-16,0.0,103436829,0,1225085,,170,,-13.7,,367,,-9.6,,0.0,302859.5,3587.007,,0.4977542,,1.0745635,358.7007,0.0,,24.285715,,0.071107745,0.007110774,1.1843799,1.1843799,,1931,1930,1926,1922,1931,2674,0.78293806,7.8293805
United States,2025-06-17,0.0,103436829,187,1225272,,187,,10.0,,357,,-12.5,,0.54752964,302859.5,3587.5544,,0.54752964,,1.0452838,358.75546,0.05475296,,26.714285,,0.07821851,0.007821851,1.1845607,1.1845607,,1932,1931,1927,1923,1932,2861,0.837691,8.37691
United States,2025-06-18,0.0,103436829,0,1225272,,187,,10.0,,357,,-12.5,,0.0,302859.5,3587.5544,,0.54752964,,1.0452838,358.75546,0.0,,26.714285,,0.07821851,0.007821851,1.1845607,1.1845607,,1933,1932,1928,1924,1933,2861,0.837691,8.37691
United States,2025-06-19,0.0,103436829,0,1225272,,187,,10.0,,357,,-12.5,,0.0,302859.5,3587.5544,,0.54752964,,1.0452838,358.75546,0.0,,26.714285,,0.07821851,0.007821851,1.1845607,1.1845607,,1934,1933,1929,1925,1934,2861,0.837691,8.37691
United States,2025-06-20,0.0,103436829,0,1225272,,187,,10.0,,357,,-12.5,,0.0,302859.5,3587.5544,,0.54752964,,1.0452838,358.75546,0.0,,26.714285,,0.07821851,0.007821851,1.1845607,1.1845607,,1935,1934,1930,1926,1935,2861,0.837691,8.37691
United States,2025-06-21,0.0,103436829,0,1225272,,187,,10.0,,357,,-12.5,,0.0,302859.5,3587.5544,,0.54752964,,1.0452838,358.75546,0.0,,26.714285,,0.07821851,0.007821851,1.1845607,1.1845607,,1936,1935,1931,1927,1936,2861,0.837691,8.37691
United States,2025-06-22,0.0,103436829,0,1225272,,187,,10.0,,357,,-12.5,,0.0,302859.5,3587.5544,,0.54752964,,1.0452838,358.75546,0.0,,26.714285,,0.07821851,0.007821851,1.1845607,1.1845607,,1937,1936,1932,1928,1937,2861,0.837691,8.37691
United States,2025-06-23,0.0,103436829,0,1225272,,187,,10.0,,357,,-12.5,,0.0,302859.5,3587.5544,,0.54752964,,1.0452838,358.75546,0.0,,26.714285,,0.07821851,0.007821851,1.1845607,1.1845607,,1938,1937,1933,1929,1938,2861,0.837691,8.37691
United States,2025-06-24,0.0,103436829,167,1225439,,167,,-10.7,,354,,-3.5,,0.48897028,302859.5,3588.0435,,0.48897028,,1.0364999,358.80435,0.048897028,,23.857143,,0.069852896,0.00698529,1.1847222,1.1847222,,1939,1938,1934,1930,1939,3028,0.88658804,8.865881
United States,2025-06-25,0.0,103436829,0,1225439,,167,,-10.7,,354,,-3.5,,0.0,302859.5,3588.0435,,0.48897028,,1.0364999,358.80435,0.0,,23.857143,,0.069852896,0.00698529,1.1847222,1.1847222,,1940,1939,1935,1931,1940,3028,0.88658804,8.865881
United States,2025-06-26,0.0,103436829,0,1225439,,167,,-10.7,,354,,-3.5,,0.0,302859.5,3588.0435,,0.48897028,,1.0364999,358.80435,0.0,,23.857143,,0.069852896,0.00698529,1.1847222,1.1847222,,1941,1940,1936,1932,1941,3028,0.88658804,8.865881
United States,2025-06-27,0.0,103436829,0,1225439,,167,,-10.7,,354,,-3.5,,0.0,302859.5,3588.0435,,0.48897028,,1.0364999,358.80435,0.0,,23.857143,,0.069852896,0.00698529,1.1847222,1.1847222,,1942,1941,1937,1933,1942,3028,0.88658804,8.865881
United States,2025-06-28,0.0,103436829,0,1225439,,167,,-10.7,,354,,-3.5,,0.0,302859.5,3588.0435,,0.48897028,,1.0364999,358.80435,0.0,,23.857143,,0.069852896,0.00698529,1.1847222,1.1847222,,1943,1942,1938,1934,1943,3028,0.88658804,8.865881
United States,2025-06-29,0.0,103436829,0,1225439,,167,,-10.7,,354,,-3.5,,0.0,302859.5,3588.0435,,0.48897028,,1.0364999,358.80435,0.0,,23.857143,,0.069852896,0.00698529,1.1847222,1.1847222,,1944,1943,1939,1935,1944,3028,0.88658804,8.865881
United States,2025-06-30,0.0,103436829,0,1225439,,167,,-10.7,,354,,-3.5,,0.0,302859.5,3588.0435,,0.48897028,,1.0364999,358.80435,0.0,,23.857143,,0.069852896,0.00698529,1.1847222,1.1847222,,1945,1944,1940,1936,1945,3028,0.88658804,8.865881
United States,2025-07-01,0.0,103436829,194,1225633,,194,,16.2,,361,,1.1,,0.56802535,302859.5,3588.6116,,0.56802535,,1.0569956,358.86115,0.056802537,,27.714285,,0.08114648,0.008114648,1.1849097,1.1849097,,1946,1945,1941,1937,1946,3222,0.9433906,9.433906
United States,2025-07-02,0.0,103436829,0,1225633,,194,,16.2,,361,,1.1,,0.0,302859.5,3588.6116,,0.56802535,,1.0569956,358.86115,0.0,,27.714285,,0.08114648,0.008114648,1.1849097,1.1849097,,1947,1946,1942,1938,1947,3222,0.9433906,9.433906
United States,2025-07-03,0.0,103436829,0,1225633,,194,,16.2,,361,,1.1,,0.0,302859.5,3588.6116,,0.56802535,,1.0569956,358.86115,0.0,,27.714285,,0.08114648,0.008114648,1.1849097,1.1849097,,1948,1947,1943,1939,1948,3222,0.9433906,9.433906
United States,2025-07-04,0.0,103436829,0,1225633,,194,,16.2,,361,,1.1,,0.0,302859.5,3588.6116,,0.56802535,,1.0569956,358.86115,0.0,,27.714285,,0.08114648,0.008114648,1.1849097,1.1849097,,1949,1948,1944,1940,1949,3222,0.9433906,9.433906
United States,2025-07-05,0.0,103436829,0,1225633,,194,,16.2,,361,,1.1,,0.0,302859.5,3588.6116,,0.56802535,,1.0569956,358.86115,0.0,,27.714285,,0.08114648,0.008114648,1.1849097,1.1849097,,1950,1949,1945,1941,1950,3222,0.9433906,9.433906
United States,2025-07-06,0.0,103436829,0,1225633,,194,,16.2,,361,,1.1,,0.0,302859.5,3588.6116,,0.56802535,,1.0569956,358.86115,0.0,,27.714285,,0.08114648,0.008114648,1.1849097,1.1849097,,1951,1950,1946,1942,1951,3222,0.9433906,9.433906
United States,2025-07-07,0.0,103436829,0,1225633,,194,,16.2,,361,,1.1,,0.0,302859.5,3588.6116,,0.56802535,,1.0569956,358.86115,0.0,,27.714285,,0.08114648,0.008114648,1.1849097,1.1849097,,1952,1951,1947,1943,1952,3222,0.9433906,9.433906
United States,2025-07-08,0.0,103436829,172,1225805,,172,,-11.3,,366,,3.4,,0.50361013,302859.5,3589.1152,,0.50361013,,1.0716355,358.91153,0.05036101,,24.571428,,0.071944304,0.00719443,1.185076,1.185076,,1953,1952,1948,1944,1953,3394,0.9937516,9.937516
United States,2025-07-09,0.0,103436829,0,1225805,,172,,-11.3,,366,,3.4,,0.0,302859.5,3589.1152,,0.50361013,,1.0716355,358.91153,0.0,,24.571428,,0.071944304,0.00719443,1.185076,1.185076,,1954,1953,1949,1945,1954,3394,0.9937516,9.937516
United States,2025-07-10,0.0,103436829,0,1225805,,172,,-11.3,,366,,3.4,,0.0,302859.5,3589.1152,,0.50361013,,1.0716355,358.91153,0.0,,24.571428,,0.071944304,0.00719443,1.185076,1.185076,,1955,1954,1950,1946,1955,3394,0.9937516,9.937516
United States,2025-07-11,0.0,103436829,0,1225805,,172,,-11.3,,366,,3.4,,0.0,302859.5,3589.1152,,0.50361013,,1.0716355,358.91153,0.0,,24.571428,,0.071944304,0.00719443,1.185076,1.185076,,1956,1955,1951,1947,1956,3394,0.9937516,9.937516
United States,2025-07-12,0.0,103436829,0,1225805,,172,,-11.3,,366,,3.4,,0.0,302859.5,3589.1152,,0.50361013,,1.0716355,358.91153,0.0,,24.571428,,0.071944304,0.00719443,1.185076,1.185076,,1957,1956,1952,1948,1957,3394,0.9937516,9.937516
United States,2025-07-13,0.0,103436829,0,1225805,,172,,-11.3,,366,,3.4,,0.0,302859.5,3589.1152,,0.50361013,,1.0716355,358.91153,0.0,,24.571428,,0.071944304,0.00719443,1.185076,1.185076,,1958,1957,1953,1949,1958,3394,0.9937516,9.937516
United States,2025-07-14,0.0,103436829,0,1225805,,172,,-11.3,,366,,3.4,,0.0,302859.5,3589.1152,,0.50361013,,1.0716355,358.91153,0.0,,24.571428,,0.071944304,0.00719443,1.185076,1.185076,,1959,1958,1954,1950,1959,3394,0.9937516,9.937516
United States,2025-07-15,0.0,103436829,188,1225993,,188,,9.3,,360,,-0.3,,0.5504576,302859.5,3589.6655,,0.5504576,,1.0540677,358.96655,0.055045757,,26.857143,,0.078636795,0.00786368,1.1852577,1.1852577,,1960,1959,1955,1951,1960,3582,1.0487974,10.487973
United States,2025-07-16,0.0,103436829,0,1225993,,188,,9.3,,360,,-0.3,,0.0,302859.5,3589.6655,,0.5504576,,1.0540677,358.96655,0.0,,26.857143,,0.078636795,0.00786368,1.1852577,1.1852577,,1961,1960,1956,1952,1961,3582,1.0487974,10.487973
United States,2025-07-17,0.0,103436829,0,1225993,,188,,9.3,,360,,-0.3,,0.0,302859.5,3589.6655,,0.5504576,,1.0540677,358.96655,0.0,,26.857143,,0.078636795,0.00786368,1.1852577,1.1852577,,1962,1961,1957,1953,1962,3582,1.0487974,10.487973
United States,2025-07-18,0.0,103436829,0,1225993,,188,,9.3,,360,,-0.3,,0.0,302859.5,3589.6655,,0.5504576,,1.0540677,358.96655,0.0,,26.857143,,0.078636795,0.00786368,1.1852577,1.1852577,,1963,1962,1958,1954,1963,3582,1.0487974,10.487973
United States,2025-07-19,0.0,103436829,0,1225993,,188,,9.3,,360,,-0.3,,0.0,302859.5,3589.6655,,0.5504576,,1.0540677,358.96655,0.0,,26.857143,,0.078636795,0.00786368,1.1852577,1.1852577,,1964,1963,1959,1955,1964,3582,1.0487974,10.487973
United States,2025-07-20,0.0,103436829,0,1225993,,188,,9.3,,360,,-0.3,,0.0,302859.5,3589.6655,,0.5504576,,1.0540677,358.96655,0.0,,26.857143,,0.078636795,0.00786368,1.1852577,1.1852577,,1965,1964,1960,1956,1965,3582,1.0487974,10.487973
United States,2025-07-21,0.0,103436829,0,1225993,,188,,9.3,,360,,-0.3,,0.0,302859.5,3589.6655,,0.5504576,,1.0540677,358.96655,0.0,,26.857143,,0.078636795,0.00786368,1.1852577,1.1852577,,1966,1965,1961,1957,1966,3582,1.0487974,10.487973
United States,2025-07-22,0.0,103436829,188,1226181,,188,,0.0,,376,,2.7,,0.5504576,302859.5,3590.216,,0.5504576,,1.1009152,359.0216,0.055045757,,26.857143,,0.078636795,0.00786368,1.1854395,1.1854395,,1967,1966,1962,1958,1967,3770,1.1038431,11.038431
United States,2025-07-23,0.0,103436829,0,1226181,,188,,0.0,,376,,2.7,,0.0,302859.5,3590.216,,0.5504576,,1.1009152,359.0216,0.0,,26.857143,,0.078636795,0.00786368,1.1854395,1.1854395,,1968,1967,1963,1959,1968,3770,1.1038431,11.038431
United States,2025-07-24,0.0,103436829,0,1226181,,188,,0.0,,376,,2.7,,0.0,302859.5,3590.216,,0.5504576,,1.1009152,359.0216,0.0,,26.857143,,0.078636795,0.00786368,1.1854395,1.1854395,,1969,1968,1964,1960,1969,3770,1.1038431,11.038431
United States,2025-07-25,0.0,103436829,0,1226181,,188,,0.0,,376,,2.7,,0.0,302859.5,3590.216,,0.5504576,,1.1009152,359.0216,0.0,,26.857143,,0.078636795,0.00786368,1.1854395,1.1854395,,1970,1969,1965,1961,1970,3770,1.1038431,11.038431
United States,2025-07-26,0.0,103436829,0,1226181,,188,,0.0,,376,,2.7,,0.0,302859.5,3590.216,,0.5504576,,1.1009152,359.0216,0.0,,26.857143,,0.078636795,0.00786368,1.1854395,1.1854395,,1971,1970,1966,1962,1971,3770,1.1038431,11.038431
United States,2025-07-27,0.0,103436829,0,1226181,,188,,0.0,,376,,2.7,,0.0,302859.5,3590.216,,0.5504576,,1.1009152,359.0216,0.0,,26.857143,,0.078636795,0.00786368,1.1854395,1.1854395,,1972,1971,1967,1963,1972,3770,1.1038431,11.038431
United States,2025-07-28,0.0,103436829,0,1226181,,188,,0.0,,376,,2.7,,0.0,302859.5,3590.216,,0.5504576,,1.1009152,359.0216,0.0,,26.857143,,0.078636795,0.00786368,1.1854395,1.1854395,,1973,1972,1968,1964,1973,3770,1.1038431,11.038431
United States,2025-07-29,0.0,103436829,216,1226397,,216,,14.9,,404,,12.2,,0.6324406,302859.5,3590.8484,,0.6324406,,1.1828982,359.08484,0.06324406,,30.857143,,0.09034866,0.009034866,1.1856483,1.1856483,,1974,1973,1969,1965,1974,3986,1.1670872,11.670872
United States,2025-07-30,0.0,103436829,0,1226397,,216,,14.9,,404,,12.2,,0.0,302859.5,3590.8484,,0.6324406,,1.1828982,359.08484,0.0,,30.857143,,0.09034866,0.009034866,1.1856483,1.1856483,,1975,1974,1970,1966,1975,3986,1.1670872,11.670872
United States,2025-07-31,0.0,103436829,0,1226397,,216,,14.9,,404,,12.2,,0.0,302859.5,3590.8484,,0.6324406,,1.1828982,359.08484,0.0,,30.857143,,0.09034866,0.009034866,1.1856483,1.1856483,,1976,1975,1971,1967,1976,3986,1.1670872,11.670872
United States,2025-08-01,0.0,103436829,0,1226397,,216,,14.9,,404,,12.2,,0.0,302859.5,3590.8484,,0.6324406,,1.1828982,359.08484,0.0,,30.857143,,0.09034866,0.009034866,1.1856483,1.1856483,,1977,1976,1972,1968,1977,3986,1.1670872,11.670872
United States,2025-08-02,0.0,103436829,0,1226397,,216,,14.9,,404,,12.2,,0.0,302859.5,3590.8484,,0.6324406,,1.1828982,359.08484,0.0,,30.857143,,0.09034866,0.009034866,1.1856483,1.1856483,,1978,1977,1973,1969,1978,3986,1.1670872,11.670872
United States,2025-08-03,0.0,103436829,0,1226397,,216,,14.9,,404,,12.2,,0.0,302859.5,3590.8484,,0.6324406,,1.1828982,359.08484,0.0,,30.857143,,0.09034866,0.009034866,1.1856483,1.1856483,,1979,1978,1974,1970,1979,3986,1.1670872,11.670872
United States,2025-08-04,0.0,103436829,0,1226397,,216,,14.9,,404,,12.2,,0.0,302859.5,3590.8484,,0.6324406,,1.1828982,359.08484,0.0,,30.857143,,0.09034866,0.009034866,1.1856483,1.1856483,,1980,1979,1975,1971,1980,3986,1.1670872,11.670872
United States,2025-08-05,0.0,103436829,221,1226618,,221,,2.3,,437,,16.2,,0.6470804,302859.5,3591.4956,,0.6470804,,1.2795211,359.14957,0.06470805,,31.571428,,0.09244006,0.009244006,1.185862,1.185862,,1981,1980,1976,1972,1981,4207,1.2317952,12.317952
United States,2025-08-06,0.0,103436829,0,1226618,,221,,2.3,,437,,16.2,,0.0,302859.5,3591.4956,,0.6470804,,1.2795211,359.14957,0.0,,31.571428,,0.09244006,0.009244006,1.185862,1.185862,,1982,1981,1977,1973,1982,4207,1.2317952,12.317952
United States,2025-08-07,0.0,103436829,0,1226618,,221,,2.3,,437,,16.2,,0.0,302859.5,3591.4956,,0.6470804,,1.2795211,359.14957,0.0,,31.571428,,0.09244006,0.009244006,1.185862,1.185862,,1983,1982,1978,1974,1983,4207,1.2317952,12.317952
United States,2025-08-08,0.0,103436829,0,1226618,,221,,2.3,,437,,16.2,,0.0,302859.5,3591.4956,,0.6470804,,1.2795211,359.14957,0.0,,31.571428,,0.09244006,0.009244006,1.185862,1.185862,,1984,1983,1979,1975,1984,4207,1.2317952,12.317952
United States,2025-08-09,0.0,103436829,0,1226618,,221,,2.3,,437,,16.2,,0.0,302859.5,3591.4956,,0.6470804,,1.2795211,359.14957,0.0,,31.571428,,0.09244006,0.009244006,1.185862,1.185862,,1985,1984,1980,1976,1985,4207,1.2317952,12.317952
United States,2025-08-10,0.0,103436829,0,1226618,,221,,2.3,,437,,16.2,,0.0,302859.5,3591.4956,,0.6470804,,1.2795211,359.14957,0.0,,31.571428,,0.09244006,0.009244006,1.185862,1.185862,,1986,1985,1981,1977,1986,4207,1.2317952,12.317952
United States,2025-08-11,0.0,103436829,0,1226618,,221,,2.3,,437,,16.2,,0.0,302859.5,3591.4956,,0.6470804,,1.2795211,359.14957,0.0,,31.571428,,0.09244006,0.009244006,1.185862,1.185862,,1987,1986,1982,1978,1987,4207,1.2317952,12.317952
United States,2025-08-12,0.0,103436829,277,1226895,,277,,25.3,,498,,23.3,,0.81104654,302859.5,3592.3066,,0.81104654,,1.458127,359.23065,0.08110465,,39.57143,,0.11586379,0.011586379,1.1861297,1.1861297,,1988,1987,1983,1979,1988,4484,1.3128998,13.128999
United States,2025-08-13,0.0,103436829,0,1226895,,277,,25.3,,498,,23.3,,0.0,302859.5,3592.3066,,0.81104654,,1.458127,359.23065,0.0,,39.57143,,0.11586379,0.011586379,1.1861297,1.1861297,,1989,1988,1984,1980,1989,4484,1.3128998,13.128999
United States,2025-08-14,0.0,103436829,0,1226895,,277,,25.3,,498,,23.3,,0.0,302859.5,3592.3066,,0.81104654,,1.458127,359.23065,0.0,,39.57143,,0.11586379,0.011586379,1.1861297,1.1861297,,1990,1989,1985,1981,1990,4484,1.3128998,13.128999
United States,2025-08-15,0.0,103436829,0,1226895,,277,,25.3,,498,,23.3,,0.0,302859.5,3592.3066,,0.81104654,,1.458127,359.23065,0.0,,39.57143,,0.11586379,0.011586379,1.1861297,1.1861297,,1991,1990,1986,1982,1991,4484,1.3128998,13.128999
United States,2025-08-16,0.0,103436829,0,1226895,,277,,25.3,,498,,23.3,,0.0,302859.5,3592.3066,,0.81104654,,1.458127,359.23065,0.0,,39.57143,,0.11586379,0.011586379,1.1861297,1.1861297,,1992,1991,1987,1983,1992,4484,1.3128998,13.128999
United States,2025-08-17,0.0,103436829,0,1226895,,277,,25.3,,498,,23.3,,0.0,302859.5,3592.3066,,0.81104654,,1.458127,359.23065,0.0,,39.57143,,0.11586379,0.011586379,1.1861297,1.1861297,,1993,1992,1988,1984,1993,4484,1.3128998,13.128999
United States,2025-08-18,0.0,103436829,0,1226895,,277,,25.3,,498,,23.3,,0.0,302859.5,3592.3066,,0.81104654,,1.458127,359.23065,0.0,,39.57143,,0.11586379,0.011586379,1.1861297,1.1861297,,1994,1993,1989,1985,1994,4484,1.3128998,13.128999
United States,2025-08-19,0.0,103436829,301,1227196,,301,,8.7,,578,,32.3,,0.88131773,302859.5,3593.188,,0.88131773,,1.6923642,359.3188,0.08813177,,43.0,,0.12590253,0.012590253,1.1864208,1.1864208,,1995,1994,1990,1986,1995,4785,1.4010316,14.010317
United States,2025-08-20,0.0,103436829,0,1227196,,301,,8.7,,578,,32.3,,0.0,302859.5,3593.188,,0.88131773,,1.6923642,359.3188,0.0,,43.0,,0.12590253,0.012590253,1.1864208,1.1864208,,1996,1995,1991,1987,1996,4785,1.4010316,14.010317
United States,2025-08-21,0.0,103436829,0,1227196,,301,,8.7,,578,,32.3,,0.0,302859.5,3593.188,,0.88131773,,1.6923642,359.3188,0.0,,43.0,,0.12590253,0.012590253,1.1864208,1.1864208,,1997,1996,1992,1988,1997,4785,1.4010316,14.010317
United States,2025-08-22,0.0,103436829,0,1227196,,301,,8.7,,578,,32.3,,0.0,302859.5,3593.188,,0.88131773,,1.6923642,359.3188,0.0,,43.0,,0.12590253,0.012590253,1.1864208,1.1864208,,1998,1997,1993,1989,1998,4785,1.4010316,14.010317
United States,2025-08-23,0.0,103436829,0,1227196,,301,,8.7,,578,,32.3,,0.0,302859.5,3593.188,,0.88131773,,1.6923642,359.3188,0.0,,43.0,,0.12590253,0.012590253,1.1864208,1.1864208,,1999,1998,1994,1990,1999,4785,1.4010316,14.010317
United States,2025-08-24,0.0,103436829,0,1227196,,301,,8.7,,578,,32.3,,0.0,302859.5,3593.188,,0.88131773,,1.6923642,359.3188,0.0,,43.0,,0.12590253,0.012590253,1.1864208,1.1864208,,2000,1999,1995,1991,2000,4785,1.4010316,14.010317
United States,2025-08-25,0.0,103436829,0,1227196,,301,,8.7,,578,,32.3,,0.0,302859.5,3593.188,,0.88131773,,1.6923642,359.3188,0.0,,43.0,,0.12590253,0.012590253,1.1864208,1.1864208,,2001,2000,1996,1992,2001,4785,1.4010316,14.010317
United States,2025-08-26,0.0,103436829,372,1227568,,372,,23.6,,673,,35.1,,1.0892032,302859.5,3594.277,,1.0892032,,1.970521,359.4277,0.10892033,,53.142857,,0.15560047,0.015560047,1.1867803,1.1867803,,2002,2001,1997,1993,2002,5157,1.509952,15.09952
United States,2025-08-27,0.0,103436829,0,1227568,,372,,23.6,,673,,35.1,,0.0,302859.5,3594.277,,1.0892032,,1.970521,359.4277,0.0,,53.142857,,0.15560047,0.015560047,1.1867803,1.1867803,,2003,2002,1998,1994,2003,5157,1.509952,15.09952
United States,2025-08-28,0.0,103436829,0,1227568,,372,,23.6,,673,,35.1,,0.0,302859.5,3594.277,,1.0892032,,1.970521,359.4277,0.0,,53.142857,,0.15560047,0.015560047,1.1867803,1.1867803,,2004,2003,1999,1995,2004,5157,1.509952,15.09952
United States,2025-08-29,0.0,103436829,0,1227568,,372,,23.6,,673,,35.1,,0.0,302859.5,3594.277,,1.0892032,,1.970521,359.4277,0.0,,53.142857,,0.15560047,0.015560047,1.1867803,1.1867803,,2005,2004,2000,1996,2005,5157,1.509952,15.09952
United States,2025-08-30,0.0,103436829,0,1227568,,372,,23.6,,673,,35.1,,0.0,302859.5,3594.277,,1.0892032,,1.970521,359.4277,0.0,,53.142857,,0.15560047,0.015560047,1.1867803,1.1867803,,2006,2005,2001,1997,2006,5157,1.509952,15.09952
United States,2025-08-31,0.0,103436829,0,1227568,,372,,23.6,,673,,35.1,,0.0,302859.5,3594.277,,1.0892032,,1.970521,359.4277,0.0,,53.142857,,0.15560047,0.015560047,1.1867803,1.1867803,,2007,2006,2002,1998,2007,5157,1.509952,15.09952
United States,2025-09-01,0.0,103436829,0,1227568,,372,,23.6,,673,,35.1,,0.0,302859.5,3594.277,,1.0892032,,1.970521,359.4277,0.0,,53.142857,,0.15560047,0.015560047,1.1867803,1.1867803,,2008,2007,2003,1999,2008,5157,1.509952,15.09952
United States,2025-09-02,0.0,103436829,436,1228004,,436,,17.2,,808,,39.8,,1.2765931,302859.5,3595.5537,,1.2765931,,2.3657963,359.5554,0.1276593,,62.285713,,0.18237044,0.018237045,1.1872019,1.1872019,,2009,2008,2004,2000,2009,5593,1.6376113,16.376112
United States,2025-09-03,0.0,103436829,0,1228004,,436,,17.2,,808,,39.8,,0.0,302859.5,3595.5537,,1.2765931,,2.3657963,359.5554,0.0,,62.285713,,0.18237044,0.018237045,1.1872019,1.1872019,,2010,2009,2005,2001,2010,5593,1.6376113,16.376112
United States,2025-09-04,0.0,103436829,0,1228004,,436,,17.2,,808,,39.8,,0.0,302859.5,3595.5537,,1.2765931,,2.3657963,359.5554,0.0,,62.285713,,0.18237044,0.018237045,1.1872019,1.1872019,,2011,2010,2006,2002,2011,5593,1.6376113,16.376112
United States,2025-09-05,0.0,103436829,0,1228004,,436,,17.2,,808,,39.8,,0.0,302859.5,3595.5537,,1.2765931,,2.3657963,359.5554,0.0,,62.285713,,0.18237044,0.018237045,1.1872019,1.1872019,,2012,2011,2007,2003,2012,5593,1.6376113,16.376112
United States,2025-09-06,0.0,103436829,0,1228004,,436,,17.2,,808,,39.8,,0.0,302859.5,3595.5537,,1.2765931,,2.3657963,359.5554,0.0,,62.285713,,0.18237044,0.018237045,1.1872019,1.1872019,,2013,2012,2008,2004,2013,5593,1.6376113,16.376112
United States,2025-09-07,0.0,103436829,0,1228004,,436,,17.2,,808,,39.8,,0.0,302859.5,3595.5537,,1.2765931,,2.3657963,359.5554,0.0,,62.285713,,0.18237044,0.018237045,1.1872019,1.1872019,,2014,2013,2009,2005,2014,5593,1.6376113,16.376112
United States,2025-09-08,0.0,103436829,0,1228004,,436,,17.2,,808,,39.8,,0.0,302859.5,3595.5537,,1.2765931,,2.3657963,359.5554,0.0,,62.285713,,0.18237044,0.018237045,1.1872019,1.1872019,,2015,2014,2010,2006,2015,5593,1.6376113,16.376112
United States,2025-09-09,0.0,103436829,440,1228444,,440,,0.9,,876,,30.2,,1.2883049,302859.5,3596.842,,1.2883049,,2.564898,359.6842,0.12883049,,62.857143,,0.18404357,0.018404357,1.1876273,1.1876273,,2016,2015,2011,2007,2016,6033,1.7664418,17.664417
United States,2025-09-10,0.0,103436829,0,1228444,,440,,0.9,,876,,30.2,,0.0,302859.5,3596.842,,1.2883049,,2.564898,359.6842,0.0,,62.857143,,0.18404357,0.018404357,1.1876273,1.1876273,,2017,2016,2012,2008,2017,6033,1.7664418,17.664417
United States,2025-09-11,0.0,103436829,0,1228444,,440,,0.9,,876,,30.2,,0.0,302859.5,3596.842,,1.2883049,,2.564898,359.6842,0.0,,62.857143,,0.18404357,0.018404357,1.1876273,1.1876273,,2018,2017,2013,2009,2018,6033,1.7664418,17.664417
United States,2025-09-12,0.0,103436829,0,1228444,,440,,0.9,,876,,30.2,,0.0,302859.5,3596.842,,1.2883049,,2.564898,359.6842,0.0,,62.857143,,0.18404357,0.018404357,1.1876273,1.1876273,,2019,2018,2014,2010,2019,6033,1.7664418,17.664417
United States,2025-09-13,0.0,103436829,0,1228444,,440,,0.9,,876,,30.2,,0.0,302859.5,3596.842,,1.2883049,,2.564898,359.6842,0.0,,62.857143,,0.18404357,0.018404357,1.1876273,1.1876273,,2020,2019,2015,2011,2020,6033,1.7664418,17.664417
United States,2025-09-14,0.0,103436829,0,1228444,,440,,0.9,,876,,30.2,,0.0,302859.5,3596.842,,1.2883049,,2.564898,359.6842,0.0,,62.857143,,0.18404357,0.018404357,1.1876273,1.1876273,,2021,2020,2016,2012,2021,6033,1.7664418,17.664417
United States,2025-09-15,0.0,103436829,0,1228444,,440,,0.9,,876,,30.2,,0.0,302859.5,3596.842,,1.2883049,,2.564898,359.6842,0.0,,62.857143,,0.18404357,0.018404357,1.1876273,1.1876273,,2022,2021,2017,2013,2022,6033,1.7664418,17.664417
United States,2025-09-16,0.0,103436829,457,1228901,,457,,3.9,,897,,11.0,,1.3380804,302859.5,3598.1802,,1.3380804,,2.6263855,359.81802,0.13380803,,65.28571,,0.19115435,0.019115433,1.1880691,1.1880691,,2023,2022,2018,2014,2023,6490,1.9002498,19.002499
United States,2025-09-17,0.0,103436829,0,1228901,,457,,3.9,,897,,11.0,,0.0,302859.5,3598.1802,,1.3380804,,2.6263855,359.81802,0.0,,65.28571,,0.19115435,0.019115433,1.1880691,1.1880691,,2024,2023,2019,2015,2024,6490,1.9002498,19.002499
United States,2025-09-18,0.0,103436829,0,1228901,,457,,3.9,,897,,11.0,,0.0,302859.5,3598.1802,,1.3380804,,2.6263855,359.81802,0.0,,65.28571,,0.19115435,0.019115433,1.1880691,1.1880691,,2025,2024,2020,2016,2025,6490,1.9002498,19.002499
United States,2025-09-19,0.0,103436829,0,1228901,,457,,3.9,,897,,11.0,,0.0,302859.5,3598.1802,,1.3380804,,2.6263855,359.81802,0.0,,65.28571,,0.19115435,0.019115433,1.1880691,1.1880691,,2026,2025,2021,2017,2026,6490,1.9002498,19.002499
United States,2025-09-20,0.0,103436829,0,1228901,,457,,3.9,,897,,11.0,,0.0,302859.5,3598.1802,,1.3380804,,2.6263855,359.81802,0.0,,65.28571,,0.19115435,0.019115433,1.1880691,1.1880691,,2027,2026,2022,2018,2027,6490,1.9002498,19.002499
United States,2025-09-21,0.0,103436829,0,1228901,,457,,3.9,,897,,11.0,,0.0,302859.5,3598.1802,,1.3380804,,2.6263855,359.81802,0.0,,65.28571,,0.19115435,0.019115433,1.1880691,1.1880691,,2028,2027,2023,2019,2028,6490,1.9002498,19.002499
United States,2025-09-22,0.0,103436829,0,1228901,,457,,3.9,,897,,11.0,,0.0,302859.5,3598.1802,,1.3380804,,2.6263855,359.81802,0.0,,65.28571,,0.19115435,0.019115433,1.1880691,1.1880691,,2029,2028,2024,2020,2029,6490,1.9002498,19.002499
United States,2025-09-23,0.0,103436829,480,1229381,,480,,5.0,,937,,7.0,,1.4054236,302859.5,3599.5854,,1.4054236,,2.743504,359.95856,0.14054236,,68.57143,,0.2007748,0.02007748,1.1885332,1.1885332,,2030,2029,2025,2021,2030,6970,2.0407922,20.407923
United States,2025-09-24,0.0,103436829,0,1229381,,480,,5.0,,937,,7.0,,0.0,302859.5,3599.5854,,1.4054236,,2.743504,359.95856,0.0,,68.57143,,0.2007748,0.02007748,1.1885332,1.1885332,,2031,2030,2026,2022,2031,6970,2.0407922,20.407923
United States,2025-09-25,0.0,103436829,0,1229381,,480,,5.0,,937,,7.0,,0.0,302859.5,3599.5854,,1.4054236,,2.743504,359.95856,0.0,,68.57143,,0.2007748,0.02007748,1.1885332,1.1885332,,2032,2031,2027,2023,2032,6970,2.0407922,20.407923
United States,2025-09-26,0.0,103436829,0,1229381,,480,,5.0,,937,,7.0,,0.0,302859.5,3599.5854,,1.4054236,,2.743504,359.95856,0.0,,68.57143,,0.2007748,0.02007748,1.1885332,1.1885332,,2033,2032,2028,2024,2033,6970,2.0407922,20.407923
United States,2025-09-27,0.0,103436829,0,1229381,,480,,5.0,,937,,7.0,,0.0,302859.5,3599.5854,,1.4054236,,2.743504,359.95856,0.0,,68.57143,,0.2007748,0.02007748,1.1885332,1.1885332,,2034,2033,2029,2025,2034,6970,2.0407922,20.407923
United States,2025-09-28,0.0,103436829,0,1229381,,480,,5.0,,937,,7.0,,0.0,302859.5,3599.5854,,1.4054236,,2.743504,359.95856,0.0,,68.57143,,0.2007748,0.02007748,1.1885332,1.1885332,,2035,2034,2030,2026,2035,6970,2.0407922,20.407923
United States,2025-09-29,0.0,103436829,0,1229381,,480,,5.0,,937,,7.0,,0.0,302859.5,3599.5854,,1.4054236,,2.743504,359.95856,0.0,,68.57143,,0.2007748,0.02007748,1.1885332,1.1885332,,2036,2035,2031,2027,2036,6970,2.0407922,20.407923
United States,2025-09-30,0.0,103436829,415,1229796,,415,,-13.5,,895,,-0.2,,1.2151058,302859.5,3600.8008,,1.2151058,,2.6205294,360.08008,0.12151058,,59.285713,,0.17358655,0.017358655,1.1889343,1.1889343,,2037,2036,2032,2028,2037,7385,2.1623027,21.623028
United States,2025-10-01,0.0,103436829,0,1229796,,415,,-13.5,,895,,-0.2,,0.0,302859.5,3600.8008,,1.2151058,,2.6205294,360.08008,0.0,,59.285713,,0.17358655,0.017358655,1.1889343,1.1889343,,2038,2037,2033,2029,2038,7385,2.1623027,21.623028
United States,2025-10-02,0.0,103436829,0,1229796,,415,,-13.5,,895,,-0.2,,0.0,302859.5,3600.8008,,1.2151058,,2.6205294,360.08008,0.0,,59.285713,,0.17358655,0.017358655,1.1889343,1.1889343,,2039,2038,2034,2030,2039,7385,2.1623027,21.623028
United States,2025-10-03,0.0,103436829,0,1229796,,415,,-13.5,,895,,-0.2,,0.0,302859.5,3600.8008,,1.2151058,,2.6205294,360.08008,0.0,,59.285713,,0.17358655,0.017358655,1.1889343,1.1889343,,2040,2039,2035,2031,2040,7385,2.1623027,21.623028
United States,2025-10-04,0.0,103436829,0,1229796,,415,,-13.5,,895,,-0.2,,0.0,302859.5,3600.8008,,1.2151058,,2.6205294,360.08008,0.0,,59.285713,,0.17358655,0.017358655,1.1889343,1.1889343,,2041,2040,2036,2032,2041,7385,2.1623027,21.623028
United States,2025-10-05,0.0,103436829,0,1229796,,415,,-13.5,,895,,-0.2,,0.0,302859.5,3600.8008,,1.2151058,,2.6205294,360.08008,0.0,,59.285713,,0.17358655,0.017358655,1.1889343,1.1889343,,2042,2041,2037,2033,2042,7385,2.1623027,21.623028
United States,2025-10-06,0.0,103436829,0,1229796,,415,,-13.5,,895,,-0.2,,0.0,302859.5,3600.8008,,1.2151058,,2.6205294,360.08008,0.0,,59.285713,,0.17358655,0.017358655,1.1889343,1.1889343,,2043,2042,2038,2034,2043,7385,2.1623027,21.623028
United States,2025-10-07,0.0,103436829,339,1230135,,339,,-18.3,,754,,-19.5,,0.9925804,302859.5,3601.7932,,0.9925804,,2.2076862,360.17932,0.09925804,,48.42857,,0.1417972,0.014179721,1.1892622,1.1892622,,2044,2043,2039,2035,2044,7724,2.261561,22.615608
United States,2025-10-08,0.0,103436829,0,1230135,,339,,-18.3,,754,,-19.5,,0.0,302859.5,3601.7932,,0.9925804,,2.2076862,360.17932,0.0,,48.42857,,0.1417972,0.014179721,1.1892622,1.1892622,,2045,2044,2040,2036,2045,7724,2.261561,22.615608
United States,2025-10-09,0.0,103436829,0,1230135,,339,,-18.3,,754,,-19.5,,0.0,302859.5,3601.7932,,0.9925804,,2.2076862,360.17932,0.0,,48.42857,,0.1417972,0.014179721,1.1892622,1.1892622,,2046,2045,2041,2037,2046,7724,2.261561,22.615608
United States,2025-10-10,0.0,103436829,0,1230135,,339,,-18.3,,754,,-19.5,,0.0,302859.5,3601.7932,,0.9925804,,2.2076862,360.17932,0.0,,48.42857,,0.1417972,0.014179721,1.1892622,1.1892622,,2047,2046,2042,2038,2047,7724,2.261561,22.615608
United States,2025-10-11,0.0,103436829,0,1230135,,339,,-18.3,,754,,-19.5,,0.0,302859.5,3601.7932,,0.9925804,,2.2076862,360.17932,0.0,,48.42857,,0.1417972,0.014179721,1.1892622,1.1892622,,2048,2047,2043,2039,2048,7724,2.261561,22.615608
United States,2025-10-12,0.0,103436829,0,1230135,,339,,-18.3,,754,,-19.5,,0.0,302859.5,3601.7932,,0.9925804,,2.2076862,360.17932,0.0,,48.42857,,0.1417972,0.014179721,1.1892622,1.1892622,,2049,2048,2044,2040,2049,7724,2.261561,22.615608
United States,2025-10-13,0.0,103436829,0,1230135,,339,,-18.3,,754,,-19.5,,0.0,302859.5,3601.7932,,0.9925804,,2.2076862,360.17932,0.0,,48.42857,,0.1417972,0.014179721,1.1892622,1.1892622,,2050,2049,2045,2041,2050,7724,2.261561,22.615608
United States,2025-10-14,0.0,103436829,281,1230416,,281,,-17.1,,620,,-30.7,,0.8227584,302859.5,3602.616,,0.8227584,,1.8153389,360.2616,0.08227584,,40.142857,,0.11753692,0.011753691,1.1895337,1.1895337,,2051,2050,2046,2042,2051,8005,2.3438365,23.438366
United States,2025-10-15,0.0,103436829,0,1230416,,281,,-17.1,,620,,-30.7,,0.0,302859.5,3602.616,,0.8227584,,1.8153389,360.2616,0.0,,40.142857,,0.11753692,0.011753691,1.1895337,1.1895337,,2052,2051,2047,2043,2052,8005,2.3438365,23.438366
United States,2025-10-16,0.0,103436829,0,1230416,,281,,-17.1,,620,,-30.7,,0.0,302859.5,3602.616,,0.8227584,,1.8153389,360.2616,0.0,,40.142857,,0.11753692,0.011753691,1.1895337,1.1895337,,2053,2052,2048,2044,2053,8005,2.3438365,23.438366
United States,2025-10-17,0.0,103436829,0,1230416,,281,,-17.1,,620,,-30.7,,0.0,302859.5,3602.616,,0.8227584,,1.8153389,360.2616,0.0,,40.142857,,0.11753692,0.011753691,1.1895337,1.1895337,,2054,2053,2049,2045,2054,8005,2.3438365,23.438366
United States,2025-10-18,0.0,103436829,0,1230416,,281,,-17.1,,620,,-30.7,,0.0,302859.5,3602.616,,0.8227584,,1.8153389,360.2616,0.0,,40.142857,,0.11753692,0.011753691,1.1895337,1.1895337,,2055,2054,2050,2046,2055,8005,2.3438365,23.438366
United States,2025-10-19,0.0,103436829,0,1230416,,281,,-17.1,,620,,-30.7,,0.0,302859.5,3602.616,,0.8227584,,1.8153389,360.2616,0.0,,40.142857,,0.11753692,0.011753691,1.1895337,1.1895337,,2056,2055,2051,2047,2056,8005,2.3438365,23.438366
United States,2025-10-20,0.0,103436829,0,1230416,,281,,-17.1,,620,,-30.7,,0.0,302859.5,3602.616,,0.8227584,,1.8153389,360.2616,0.0,,40.142857,,0.11753692,0.011753691,1.1895337,1.1895337,,2057,2056,2052,2048,2057,8005,2.3438365,23.438366
United States,2025-10-21,0.0,103436829,251,1230667,,251,,-10.7,,532,,-29.4,,0.7349194,302859.5,3603.3508,,0.7349194,,1.5576779,360.33508,0.073491946,,35.857143,,0.104988486,0.010498849,1.1897764,1.1897764,,2058,2057,2053,2049,2058,8256,2.4173286,24.173286
United States,2025-10-22,0.0,103436829,0,1230667,,251,,-10.7,,532,,-29.4,,0.0,302859.5,3603.3508,,0.7349194,,1.5576779,360.33508,0.0,,35.857143,,0.104988486,0.010498849,1.1897764,1.1897764,,2059,2058,2054,2050,2059,8256,2.4173286,24.173286
United States,2025-10-23,0.0,103436829,0,1230667,,251,,-10.7,,532,,-29.4,,0.0,302859.5,3603.3508,,0.7349194,,1.5576779,360.33508,0.0,,35.857143,,0.104988486,0.010498849,1.1897764,1.1897764,,2060,2059,2055,2051,2060,8256,2.4173286,24.173286
United States,2025-10-24,0.0,103436829,0,1230667,,251,,-10.7,,532,,-29.4,,0.0,302859.5,3603.3508,,0.7349194,,1.5576779,360.33508,0.0,,35.857143,,0.104988486,0.010498849,1.1897764,1.1897764,,2061,2060,2056,2052,2061,8256,2.4173286,24.173286
United States,2025-10-25,0.0,103436829,0,1230667,,251,,-10.7,,532,,-29.4,,0.0,302859.5,3603.3508,,0.7349194,,1.5576779,360.33508,0.0,,35.857143,,0.104988486,0.010498849,1.1897764,1.1897764,,2062,2061,2057,2053,2062,8256,2.4173286,24.173286
United States,2025-10-26,0.0,103436829,0,1230667,,251,,-10.7,,532,,-29.4,,0.0,302859.5,3603.3508,,0.7349194,,1.5576779,360.33508,0.0,,35.857143,,0.104988486,0.010498849,1.1897764,1.1897764,,2063,2062,2058,2054,2063,8256,2.4173286,24.173286
United States,2025-10-27,0.0,103436829,0,1230667,,251,,-10.7,,532,,-29.4,,0.0,302859.5,3603.3508,,0.7349194,,1.5576779,360.33508,0.0,,35.857143,,0.104988486,0.010498849,1.1897764,1.1897764,,2064,2063,2059,2055,2064,8256,2.4173286,24.173286
United States,2025-10-28,0.0,103436829,229,1230896,,229,,-8.8,,480,,-22.6,,0.67050415,302859.5,3604.0215,,0.67050415,,1.4054236,360.40213,0.06705042,,32.714287,,0.09578631,0.009578631,1.1899978,1.1899978,,2065,2064,2060,2056,2065,8485,2.484379,24.84379
United States,2025-10-29,0.0,103436829,0,1230896,,229,,-8.8,,480,,-22.6,,0.0,302859.5,3604.0215,,0.67050415,,1.4054236,360.40213,0.0,,32.714287,,0.09578631,0.009578631,1.1899978,1.1899978,,2066,2065,2061,2057,2066,8485,2.484379,24.84379
United States,2025-10-30,0.0,103436829,0,1230896,,229,,-8.8,,480,,-22.6,,0.0,302859.5,3604.0215,,0.67050415,,1.4054236,360.40213,0.0,,32.714287,,0.09578631,0.009578631,1.1899978,1.1899978,,2067,2066,2062,2058,2067,8485,2.484379,24.84379
United States,2025-10-31,0.0,103436829,0,1230896,,229,,-8.8,,480,,-22.6,,0.0,302859.5,3604.0215,,0.67050415,,1.4054236,360.40213,0.0,,32.714287,,0.09578631,0.009578631,1.1899978,1.1899978,,2068,2067,2063,2059,2068,8485,2.484379,24.84379
United States,2025-11-01,0.0,103436829,0,1230896,,229,,-8.8,,480,,-22.6,,0.0,302859.5,3604.0215,,0.67050415,,1.4054236,360.40213,0.0,,32.714287,,0.09578631,0.009578631,1.1899978,1.1899978,,2069,2068,2064,2060,2069,8485,2.484379,24.84379
United States,2025-11-02,0.0,103436829,0,1230896,,229,,-8.8,,480,,-22.6,,0.0,302859.5,3604.0215,,0.67050415,,1.4054236,360.40213,0.0,,32.714287,,0.09578631,0.009578631,1.1899978,1.1899978,,2070,2069,2065,2061,2070,8485,2.484379,24.84379
United States,2025-11-03,0.0,103436829,0,1230896,,229,,-8.8,,480,,-22.6,,0.0,302859.5,3604.0215,,0.67050415,,1.4054236,360.40213,0.0,,32.714287,,0.09578631,0.009578631,1.1899978,1.1899978,,2071,2070,2066,2062,2071,8485,2.484379,24.84379
United States,2025-11-04,0.0,103436829,188,1231084,,188,,-17.9,,417,,-21.6,,0.5504576,302859.5,3604.5718,,0.5504576,,1.2209617,360.45718,0.055045757,,26.857143,,0.078636795,0.00786368,1.1901796,1.1901796,,2072,2071,2067,2063,2072,8673,2.5394247,25.394247
United States,2025-11-05,0.0,103436829,0,1231084,,188,,-17.9,,417,,-21.6,,0.0,302859.5,3604.5718,,0.5504576,,1.2209617,360.45718,0.0,,26.857143,,0.078636795,0.00786368,1.1901796,1.1901796,,2073,2072,2068,2064,2073,8673,2.5394247,25.394247
United States,2025-11-06,0.0,103436829,0,1231084,,188,,-17.9,,417,,-21.6,,0.0,302859.5,3604.5718,,0.5504576,,1.2209617,360.45718,0.0,,26.857143,,0.078636795,0.00786368,1.1901796,1.1901796,,2074,2073,2069,2065,2074,8673,2.5394247,25.394247
United States,2025-11-07,0.0,103436829,0,1231084,,188,,-17.9,,417,,-21.6,,0.0,302859.5,3604.5718,,0.5504576,,1.2209617,360.45718,0.0,,26.857143,,0.078636795,0.00786368,1.1901796,1.1901796,,2075,2074,2070,2066,2075,8673,2.5394247,25.394247
United States,2025-11-08,0.0,103436829,0,1231084,,188,,-17.9,,417,,-21.6,,0.0,302859.5,3604.5718,,0.5504576,,1.2209617,360.45718,0.0,,26.857143,,0.078636795,0.00786368,1.1901796,1.1901796,,2076,2075,2071,2067,2076,8673,2.5394247,25.394247
United States,2025-11-09,0.0,103436829,0,1231084,,188,,-17.9,,417,,-21.6,,0.0,302859.5,3604.5718,,0.5504576,,1.2209617,360.45718,0.0,,26.857143,,0.078636795,0.00786368,1.1901796,1.1901796,,2077,2076,2072,2068,2077,8673,2.5394247,25.394247
United States,2025-11-10,0.0,103436829,0,1231084,,188,,-17.9,,417,,-21.6,,0.0,302859.5,3604.5718,,0.5504576,,1.2209617,360.45718,0.0,,26.857143,,0.078636795,0.00786368,1.1901796,1.1901796,,2078,2077,2073,2069,2078,8673,2.5394247,25.394247
United States,2025-11-11,0.0,103436829,206,1231290,,206,,9.6,,394,,-17.9,,0.603161,302859.5,3605.175,,0.603161,,1.1536186,360.51752,0.060316097,,29.428572,,0.08616585,0.008616585,1.1903787,1.1903787,,2079,2078,2074,2070,2079,8879,2.5997407,25.997408
United States,2025-11-12,0.0,103436829,0,1231290,,206,,9.6,,394,,-17.9,,0.0,302859.5,3605.175,,0.603161,,1.1536186,360.51752,0.0,,29.428572,,0.08616585,0.008616585,1.1903787,1.1903787,,2080,2079,2075,2071,2080,8879,2.5997407,25.997408
United States,2025-11-13,0.0,103436829,0,1231290,,206,,9.6,,394,,-17.9,,0.0,302859.5,3605.175,,0.603161,,1.1536186,360.51752,0.0,,29.428572,,0.08616585,0.008616585,1.1903787,1.1903787,,2081,2080,2076,2072,2081,8879,2.5997407,25.997408
United States,2025-11-14,0.0,103436829,0,1231290,,206,,9.6,,394,,-17.9,,0.0,302859.5,3605.175,,0.603161,,1.1536186,360.51752,0.0,,29.428572,,0.08616585,0.008616585,1.1903787,1.1903787,,2082,2081,2077,2073,2082,8879,2.5997407,25.997408
United States,2025-11-15,0.0,103436829,0,1231290,,206,,9.6,,394,,-17.9,,0.0,302859.5,3605.175,,0.603161,,1.1536186,360.51752,0.0,,29.428572,,0.08616585,0.008616585,1.1903787,1.1903787,,2083,2082,2078,2074,2083,8879,2.5997407,25.997408
United States,2025-11-16,0.0,103436829,0,1231290,,206,,9.6,,394,,-17.9,,0.0,302859.5,3605.175,,0.603161,,1.1536186,360.51752,0.0,,29.428572,,0.08616585,0.008616585,1.1903787,1.1903787,,2084,2083,2079,2075,2084,8879,2.5997407,25.997408
United States,2025-11-17,0.0,103436829,0,1231290,,206,,9.6,,394,,-17.9,,0.0,302859.5,3605.175,,0.603161,,1.1536186,360.51752,0.0,,29.428572,,0.08616585,0.008616585,1.1903787,1.1903787,,2085,2084,2080,2076,2085,8879,2.5997407,25.997408
United States,2025-11-18,0.0,103436829,226,1231516,,226,,9.7,,432,,3.6,,0.6617203,302859.5,3605.8367,,0.6617203,,1.2648813,360.58368,0.066172026,,32.285713,,0.09453147,0.009453147,1.1905972,1.1905972,,2086,2085,2081,2077,2086,9105,2.6659129,26.659128
United States,2025-11-19,0.0,103436829,0,1231516,,226,,9.7,,432,,3.6,,0.0,302859.5,3605.8367,,0.6617203,,1.2648813,360.58368,0.0,,32.285713,,0.09453147,0.009453147,1.1905972,1.1905972,,2087,2086,2082,2078,2087,9105,2.6659129,26.659128
United States,2025-11-20,0.0,103436829,0,1231516,,226,,9.7,,432,,3.6,,0.0,302859.5,3605.8367,,0.6617203,,1.2648813,360.58368,0.0,,32.285713,,0.09453147,0.009453147,1.1905972,1.1905972,,2088,2087,2083,2079,2088,9105,2.6659129,26.659128
United States,2025-11-21,0.0,103436829,0,1231516,,226,,9.7,,432,,3.6,,0.0,302859.5,3605.8367,,0.6617203,,1.2648813,360.58368,0.0,,32.285713,,0.09453147,0.009453147,1.1905972,1.1905972,,2089,2088,2084,2080,2089,9105,2.6659129,26.659128
United States,2025-11-22,0.0,103436829,0,1231516,,226,,9.7,,432,,3.6,,0.0,302859.5,3605.8367,,0.6617203,,1.2648813,360.58368,0.0,,32.285713,,0.09453147,0.009453147,1.1905972,1.1905972,,2090,2089,2085,2081,2090,9105,2.6659129,26.659128
United States,2025-11-23,0.0,103436829,0,1231516,,226,,9.7,,432,,3.6,,0.0,302859.5,3605.8367,,0.6617203,,1.2648813,360.58368,0.0,,32.285713,,0.09453147,0.009453147,1.1905972,1.1905972,,2091,2090,2086,2082,2091,9105,2.6659129,26.659128
United States,2025-11-24,0.0,103436829,0,1231516,,226,,9.7,,432,,3.6,,0.0,302859.5,3605.8367,,0.6617203,,1.2648813,360.58368,0.0,,32.285713,,0.09453147,0.009453147,1.1905972,1.1905972,,2092,2091,2087,2083,2092,9105,2.6659129,26.659128
United States,2025-11-25,0.0,103436829,196,1231712,,196,,-13.3,,422,,7.1,,0.5738813,302859.5,3606.4106,,0.5738813,,1.2356015,360.64105,0.05738813,,28.0,,0.081983045,0.008198304,1.1907867,1.1907867,,2093,2092,2088,2084,2093,9301,2.723301,27.23301
United States,2025-11-26,0.0,103436829,0,1231712,,196,,-13.3,,422,,7.1,,0.0,302859.5,3606.4106,,0.5738813,,1.2356015,360.64105,0.0,,28.0,,0.081983045,0.008198304,1.1907867,1.1907867,,2094,2093,2089,2085,2094,9301,2.723301,27.23301
United States,2025-11-27,0.0,103436829,0,1231712,,196,,-13.3,,422,,7.1,,0.0,302859.5,3606.4106,,0.5738813,,1.2356015,360.64105,0.0,,28.0,,0.081983045,0.008198304,1.1907867,1.1907867,,2095,2094,2090,2086,2095,9301,2.723301,27.23301
United States,2025-11-28,0.0,103436829,0,1231712,,196,,-13.3,,422,,7.1,,0.0,302859.5,3606.4106,,0.5738813,,1.2356015,360.64105,0.0,,28.0,,0.081983045,0.008198304,1.1907867,1.1907867,,2096,2095,2091,2087,2096,9301,2.723301,27.23301
United States,2025-11-29,0.0,103436829,0,1231712,,196,,-13.3,,422,,7.1,,0.0,302859.5,3606.4106,,0.5738813,,1.2356015,360.64105,0.0,,28.0,,0.081983045,0.008198304,1.1907867,1.1907867,,2097,2096,2092,2088,2097,9301,2.723301,27.23301
United States,2025-11-30,0.0,103436829,0,1231712,,196,,-13.3,,422,,7.1,,0.0,302859.5,3606.4106,,0.5738813,,1.2356015,360.64105,0.0,,28.0,,0.081983045,0.008198304,1.1907867,1.1907867,,2098,2097,2093,2089,2098,9301,2.723301,27.23301
United States,2025-12-01,0.0,103436829,0,1231712,,196,,-13.3,,422,,7.1,,0.0,302859.5,3606.4106,,0.5738813,,1.2356015,360.64105,0.0,,28.0,,0.081983045,0.008198304,1.1907867,1.1907867,,2099,2098,2094,2090,2099,9301,2.723301,27.23301
United States,2025-12-02,0.0,103436829,205,1231917,,205,,4.6,,401,,-7.2,,0.600233,302859.5,3607.011,,0.600233,,1.1741143,360.70108,0.0600233,,29.285715,,0.08574757,0.008574757,1.1909848,1.1909848,,2100,2099,2095,2091,2100,9506,2.7833242,27.833242
United States,2025-12-03,0.0,103436829,0,1231917,,205,,4.6,,401,,-7.2,,0.0,302859.5,3607.011,,0.600233,,1.1741143,360.70108,0.0,,29.285715,,0.08574757,0.008574757,1.1909848,1.1909848,,2101,2100,2096,2092,2101,9506,2.7833242,27.833242
United States,2025-12-04,0.0,103436829,0,1231917,,205,,4.6,,401,,-7.2,,0.0,302859.5,3607.011,,0.600233,,1.1741143,360.70108,0.0,,29.285715,,0.08574757,0.008574757,1.1909848,1.1909848,,2102,2101,2097,2093,2102,9506,2.7833242,27.833242
United States,2025-12-05,0.0,103436829,0,1231917,,205,,4.6,,401,,-7.2,,0.0,302859.5,3607.011,,0.600233,,1.1741143,360.70108,0.0,,29.285715,,0.08574757,0.008574757,1.1909848,1.1909848,,2103,2102,2098,2094,2103,9506,2.7833242,27.833242
United States,2025-12-06,0.0,103436829,0,1231917,,205,,4.6,,401,,-7.2,,0.0,302859.5,3607.011,,0.600233,,1.1741143,360.70108,0.0,,29.285715,,0.08574757,0.008574757,1.1909848,1.1909848,,2104,2103,2099,2095,2104,9506,2.7833242,27.833242
United States,2025-12-07,0.0,103436829,0,1231917,,205,,4.6,,401,,-7.2,,0.0,302859.5,3607.011,,0.600233,,1.1741143,360.70108,0.0,,29.285715,,0.08574757,0.008574757,1.1909848,1.1909848,,2105,2104,2100,2096,2105,9506,2.7833242,27.833242
United States,2025-12-08,0.0,103436829,0,1231917,,205,,4.6,,401,,-7.2,,0.0,302859.5,3607.011,,0.600233,,1.1741143,360.70108,0.0,,29.285715,,0.08574757,0.008574757,1.1909848,1.1909848,,2106,2105,2101,2097,2106,9506,2.7833242,27.833242
United States,2025-12-09,0.0,103436829,234,1232151,,234,,14.1,,439,,4.0,,0.685144,302859.5,3607.696,,0.685144,,1.285377,360.7696,0.0685144,,33.42857,,0.09787771,0.009787772,1.1912111,1.1912111,,2107,2106,2102,2098,2107,9740,2.8518388,28.518387
United States,2025-12-10,0.0,103436829,0,1232151,,234,,14.1,,439,,4.0,,0.0,302859.5,3607.696,,0.685144,,1.285377,360.7696,0.0,,33.42857,,0.09787771,0.009787772,1.1912111,1.1912111,,2108,2107,2103,2099,2108,9740,2.8518388,28.518387
United States,2025-12-11,0.0,103436829,0,1232151,,234,,14.1,,439,,4.0,,0.0,302859.5,3607.696,,0.685144,,1.285377,360.7696,0.0,,33.42857,,0.09787771,0.009787772,1.1912111,1.1912111,,2109,2108,2104,2100,2109,9740,2.8518388,28.518387
United States,2025-12-12,0.0,103436829,0,1232151,,234,,14.1,,439,,4.0,,0.0,302859.5,3607.696,,0.685144,,1.285377,360.7696,0.0,,33.42857,,0.09787771,0.009787772,1.1912111,1.1912111,,2110,2109,2105,2101,2110,9740,2.8518388,28.518387
United States,2025-12-13,0.0,103436829,0,1232151,,234,,14.1,,439,,4.0,,0.0,302859.5,3607.696,,0.685144,,1.285377,360.7696,0.0,,33.42857,,0.09787771,0.009787772,1.1912111,1.1912111,,2111,2110,2106,2102,2111,9740,2.8518388,28.518387
United States,2025-12-14,0.0,103436829,0,1232151,,234,,14.1,,439,,4.0,,0.0,302859.5,3607.696,,0.685144,,1.285377,360.7696,0.0,,33.42857,,0.09787771,0.009787772,1.1912111,1.1912111,,2112,2111,2107,2103,2112,9740,2.8518388,28.518387
United States,2025-12-15,0.0,103436829,0,1232151,,234,,14.1,,439,,4.0,,0.0,302859.5,3607.696,,0.685144,,1.285377,360.7696,0.0,,33.42857,,0.09787771,0.009787772,1.1912111,1.1912111,,2113,2112,2108,2104,2113,9740,2.8518388,28.518387
United States,2025-12-16,0.0,103436829,299,1232450,,299,,27.8,,533,,32.9,,0.87546176,302859.5,3608.5715,,0.87546176,,1.5606058,360.85715,0.08754618,,42.714287,,0.12506597,0.012506597,1.1915002,1.1915002,,2114,2113,2109,2105,2114,10039,2.939385,29.393848
United States,2025-12-17,0.0,103436829,0,1232450,,299,,27.8,,533,,32.9,,0.0,302859.5,3608.5715,,0.87546176,,1.5606058,360.85715,0.0,,42.714287,,0.12506597,0.012506597,1.1915002,1.1915002,,2115,2114,2110,2106,2115,10039,2.939385,29.393848
United States,2025-12-18,0.0,103436829,0,1232450,,299,,27.8,,533,,32.9,,0.0,302859.5,3608.5715,,0.87546176,,1.5606058,360.85715,0.0,,42.714287,,0.12506597,0.012506597,1.1915002,1.1915002,,2116,2115,2111,2107,2116,10039,2.939385,29.393848
United States,2025-12-19,0.0,103436829,0,1232450,,299,,27.8,,533,,32.9,,0.0,302859.5,3608.5715,,0.87546176,,1.5606058,360.85715,0.0,,42.714287,,0.12506597,0.012506597,1.1915002,1.1915002,,2117,2116,2112,2108,2117,10039,2.939385,29.393848
United States,2025-12-20,0.0,103436829,0,1232450,,299,,27.8,,533,,32.9,,0.0,302859.5,3608.5715,,0.87546176,,1.5606058,360.85715,0.0,,42.714287,,0.12506597,0.012506597,1.1915002,1.1915002,,2118,2117,2113,2109,2118,10039,2.939385,29.393848
United States,2025-12-21,0.0,103436829,0,1232450,,299,,27.8,,533,,32.9,,0.0,302859.5,3608.5715,,0.87546176,,1.5606058,360.85715,0.0,,42.714287,,0.12506597,0.012506597,1.1915002,1.1915002,,2119,2118,2114,2110,2119,10039,2.939385,29.393848
United States,2025-12-22,0.0,103436829,0,1232450,,299,,27.8,,533,,32.9,,0.0,302859.5,3608.5715,,0.87546176,,1.5606058,360.85715,0.0,,42.714287,,0.12506597,0.012506597,1.1915002,1.1915002,,2120,2119,2115,2111,2120,10039,2.939385,29.393848
United States,2025-12-23,0.0,103436829,325,1232775,,325,,8.7,,624,,42.1,,0.95158887,302859.5,3609.523,,0.95158887,,1.8270507,360.9523,0.09515889,,46.42857,,0.13594127,0.013594127,1.1918144,1.1918144,,2121,2120,2116,2112,2121,10364,3.0345438,30.345438
United States,2025-12-24,0.0,103436829,0,1232775,,325,,8.7,,624,,42.1,,0.0,302859.5,3609.523,,0.95158887,,1.8270507,360.9523,0.0,,46.42857,,0.13594127,0.013594127,1.1918144,1.1918144,,2122,2121,2117,2113,2122,10364,3.0345438,30.345438
United States,2025-12-25,0.0,103436829,0,1232775,,325,,8.7,,624,,42.1,,0.0,302859.5,3609.523,,0.95158887,,1.8270507,360.9523,0.0,,46.42857,,0.13594127,0.013594127,1.1918144,1.1918144,,2123,2122,2118,2114,2123,10364,3.0345438,30.345438
United States,2025-12-26,0.0,103436829,0,1232775,,325,,8.7,,624,,42.1,,0.0,302859.5,3609.523,,0.95158887,,1.8270507,360.9523,0.0,,46.42857,,0.13594127,0.013594127,1.1918144,1.1918144,,2124,2123,2119,2115,2124,10364,3.0345438,30.345438
United States,2025-12-27,0.0,103436829,0,1232775,,325,,8.7,,624,,42.1,,0.0,302859.5,3609.523,,0.95158887,,1.8270507,360.9523,0.0,,46.42857,,0.13594127,0.013594127,1.1918144,1.1918144,,2125,2124,2120,2116,2125,10364,3.0345438,30.345438
United States,2025-12-28,0.0,103436829,0,1232775,,325,,8.7,,624,,42.1,,0.0,302859.5,3609.523,,0.95158887,,1.8270507,360.9523,0.0,,46.42857,,0.13594127,0.013594127,1.1918144,1.1918144,,2126,2125,2121,2117,2126,10364,3.0345438,30.345438
United States,2025-12-29,0.0,103436829,0,1232775,,325,,8.7,,624,,42.1,,0.0,302859.5,3609.523,,0.95158887,,1.8270507,360.9523,0.0,,46.42857,,0.13594127,0.013594127,1.1918144,1.1918144,,2127,2126,2122,2118,2127,10364,3.0345438,30.345438
United States,2025-12-30,0.0,103436829,422,1233197,,422,,29.8,,747,,40.2,,1.2356015,302859.5,3610.7588,,1.2356015,,2.1871905,361.07587,0.12356016,,60.285713,,0.1765145,0.017651452,1.1922224,1.1922224,,2128,2127,2123,2119,2128,10786,3.158104,31.58104
United States,2025-12-31,0.0,103436829,0,1233197,,422,,29.8,,747,,40.2,,0.0,302859.5,3610.7588,,1.2356015,,2.1871905,361.07587,0.0,,60.285713,,0.1765145,0.017651452,1.1922224,1.1922224,,2129,2128,2124,2120,2129,10786,3.158104,31.58104
United States,2026-01-01,0.0,103436829,0,1233197,,422,,29.8,,747,,40.2,,0.0,302859.5,3610.7588,,1.2356015,,2.1871905,361.07587,0.0,,60.285713,,0.1765145,0.017651452,1.1922224,1.1922224,,2130,2129,2125,2121,2130,10786,3.158104,31.58104
United States,2026-01-02,0.0,103436829,0,1233197,,422,,29.8,,747,,40.2,,0.0,302859.5,3610.7588,,1.2356015,,2.1871905,361.07587,0.0,,60.285713,,0.1765145,0.017651452,1.1922224,1.1922224,,2131,2130,2126,2122,2131,10786,3.158104,31.58104
United States,2026-01-03,0.0,103436829,0,1233197,,422,,29.8,,747,,40.2,,0.0,302859.5,3610.7588,,1.2356015,,2.1871905,361.07587,0.0,,60.285713,,0.1765145,0.017651452,1.1922224,1.1922224,,2132,2131,2127,2123,2132,10786,3.158104,31.58104
United States,2026-01-04,0.0,103436829,0,1233197,,422,,29.8,,747,,40.2,,0.0,302859.5,3610.7588,,1.2356015,,2.1871905,361.07587,0.0,,60.285713,,0.1765145,0.017651452,1.1922224,1.1922224,,2133,2132,2128,2124,2133,10786,3.158104,31.58104
United States,2026-01-05,0.0,103436829,0,1233197,,422,,29.8,,747,,40.2,,0.0,302859.5,3610.7588,,1.2356015,,2.1871905,361.07587,0.0,,60.285713,,0.1765145,0.017651452,1.1922224,1.1922224,,2134,2133,2129,2125,2134,10786,3.158104,31.58104
United States,2026-01-06,0.0,103436829,498,1233695,,498,,18.0,,920,,47.4,,1.458127,302859.5,3612.2168,,1.458127,,2.6937284,361.22168,0.1458127,,71.14286,,0.20830385,0.020830385,1.1927038,1.1927038,,2135,2134,2130,2126,2135,11284,3.3039167,33.039165
United States,2026-01-07,0.0,103436829,0,1233695,,498,,18.0,,920,,47.4,,0.0,302859.5,3612.2168,,1.458127,,2.6937284,361.22168,0.0,,71.14286,,0.20830385,0.020830385,1.1927038,1.1927038,,2136,2135,2131,2127,2136,11284,3.3039167,33.039165
United States,2026-01-08,0.0,103436829,0,1233695,,498,,18.0,,920,,47.4,,0.0,302859.5,3612.2168,,1.458127,,2.6937284,361.22168,0.0,,71.14286,,0.20830385,0.020830385,1.1927038,1.1927038,,2137,2136,2132,2128,2137,11284,3.3039167,33.039165
United States,2026-01-09,0.0,103436829,0,1233695,,498,,18.0,,920,,47.4,,0.0,302859.5,3612.2168,,1.458127,,2.6937284,361.22168,0.0,,71.14286,,0.20830385,0.020830385,1.1927038,1.1927038,,2138,2137,2133,2129,2138,11284,3.3039167,33.039165
United States,2026-01-10,0.0,103436829,0,1233695,,498,,18.0,,920,,47.4,,0.0,302859.5,3612.2168,,1.458127,,2.6937284,361.22168,0.0,,71.14286,,0.20830385,0.020830385,1.1927038,1.1927038,,2139,2138,2134,2130,2139,11284,3.3039167,33.039165
United States,2026-01-11,0.0,103436829,0,1233695,,498,,18.0,,920,,47.4,,0.0,302859.5,3612.2168,,1.458127,,2.6937284,361.22168,0.0,,71.14286,,0.20830385,0.020830385,1.1927038,1.1927038,,2140,2139,2135,2131,2140,11284,3.3039167,33.039165
United States,2026-01-12,0.0,103436829,0,1233695,,498,,18.0,,920,,47.4,,0.0,302859.5,3612.2168,,1.458127,,2.6937284,361.22168,0.0,,71.14286,,0.20830385,0.020830385,1.1927038,1.1927038,,2141,2140,2136,2132,2141,11284,3.3039167,33.039165
United States,2026-01-13,0.0,103436829,470,1234165,,470,,-5.6,,968,,29.6,,1.3761439,302859.5,3613.593,,1.3761439,,2.834271,361.35928,0.1376144,,67.14286,,0.19659199,0.019659199,1.1931581,1.1931581,,2142,2141,2137,2133,2142,11754,3.441531,34.41531
United States,2026-01-14,0.0,103436829,0,1234165,,470,,-5.6,,968,,29.6,,0.0,302859.5,3613.593,,1.3761439,,2.834271,361.35928,0.0,,67.14286,,0.19659199,0.019659199,1.1931581,1.1931581,,2143,2142,2138,2134,2143,11754,3.441531,34.41531
United States,2026-01-15,0.0,103436829,0,1234165,,470,,-5.6,,968,,29.6,,0.0,302859.5,3613.593,,1.3761439,,2.834271,361.35928,0.0,,67.14286,,0.19659199,0.019659199,1.1931581,1.1931581,,2144,2143,2139,2135,2144,11754,3.441531,34.41531
United States,2026-01-16,0.0,103436829,0,1234165,,470,,-5.6,,968,,29.6,,0.0,302859.5,3613.593,,1.3761439,,2.834271,361.35928,0.0,,67.14286,,0.19659199,0.019659199,1.1931581,1.1931581,,2145,2144,2140,2136,2145,11754,3.441531,34.41531
United States,2026-01-17,0.0,103436829,0,1234165,,470,,-5.6,,968,,29.6,,0.0,302859.5,3613.593,,1.3761439,,2.834271,361.35928,0.0,,67.14286,,0.19659199,0.019659199,1.1931581,1.1931581,,2146,2145,2141,2137,2146,11754,3.441531,34.41531
United States,2026-01-18,0.0,103436829,0,1234165,,470,,-5.6,,968,,29.6,,0.0,302859.5,3613.593,,1.3761439,,2.834271,361.35928,0.0,,67.14286,,0.19659199,0.019659199,1.1931581,1.1931581,,2147,2146,2142,2138,2147,11754,3.441531,34.41531
United States,2026-01-19,0.0,103436829,0,1234165,,470,,-5.6,,968,,29.6,,0.0,302859.5,3613.593,,1.3761439,,2.834271,361.35928,0.0,,67.14286,,0.19659199,0.019659199,1.1931581,1.1931581,,2148,2147,2143,2139,2148,11754,3.441531,34.41531
United States,2026-01-20,0.0,103436829,414,1234579,,414,,-11.9,,884,,-3.9,,1.2121779,302859.5,3614.8052,,1.2121779,,2.5883217,361.4805,0.12121779,,59.142857,,0.17316827,0.017316826,1.1935585,1.1935585,,2149,2148,2144,2140,2149,12168,3.562749,35.627487
United States,2026-01-21,0.0,103436829,0,1234579,,414,,-11.9,,884,,-3.9,,0.0,302859.5,3614.8052,,1.2121779,,2.5883217,361.4805,0.0,,59.142857,,0.17316827,0.017316826,1.1935585,1.1935585,,2150,2149,2145,2141,2150,12168,3.562749,35.627487
United States,2026-01-22,0.0,103436829,0,1234579,,414,,-11.9,,884,,-3.9,,0.0,302859.5,3614.8052,,1.2121779,,2.5883217,361.4805,0.0,,59.142857,,0.17316827,0.017316826,1.1935585,1.1935585,,2151,2150,2146,2142,2151,12168,3.562749,35.627487
United States,2026-01-23,0.0,103436829,0,1234579,,414,,-11.9,,884,,-3.9,,0.0,302859.5,3614.8052,,1.2121779,,2.5883217,361.4805,0.0,,59.142857,,0.17316827,0.017316826,1.1935585,1.1935585,,2152,2151,2147,2143,2152,12168,3.562749,35.627487
United States,2026-01-24,0.0,103436829,0,1234579,,414,,-11.9,,884,,-3.9,,0.0,302859.5,3614.8052,,1.2121779,,2.5883217,361.4805,0.0,,59.142857,,0.17316827,0.017316826,1.1935585,1.1935585,,2153,2152,2148,2144,2153,12168,3.562749,35.627487
United States,2026-01-25,0.0,103436829,0,1234579,,414,,-11.9,,884,,-3.9,,0.0,302859.5,3614.8052,,1.2121779,,2.5883217,361.4805,0.0,,59.142857,,0.17316827,0.017316826,1.1935585,1.1935585,,2154,2153,2149,2145,2154,12168,3.562749,35.627487
United States,2026-01-26,0.0,103436829,0,1234579,,414,,-11.9,,884,,-3.9,,0.0,302859.5,3614.8052,,1.2121779,,2.5883217,361.4805,0.0,,59.142857,,0.17316827,0.017316826,1.1935585,1.1935585,,2155,2154,2150,2146,2155,12168,3.562749,35.627487
United States,2026-01-27,0.0,103436829,392,1234971,,392,,-5.3,,806,,-16.7,,1.1477627,302859.5,3615.953,,1.1477627,,2.3599405,361.59528,0.11477626,,56.0,,0.16396609,0.016396608,1.1939374,1.1939374,,2156,2155,2151,2147,2156,12560,3.677525,36.77525
United States,2026-01-28,0.0,103436829,0,1234971,,392,,-5.3,,806,,-16.7,,0.0,302859.5,3615.953,,1.1477627,,2.3599405,361.59528,0.0,,56.0,,0.16396609,0.016396608,1.1939374,1.1939374,,2157,2156,2152,2148,2157,12560,3.677525,36.77525
United States,2026-01-29,0.0,103436829,0,1234971,,392,,-5.3,,806,,-16.7,,0.0,302859.5,3615.953,,1.1477627,,2.3599405,361.59528,0.0,,56.0,,0.16396609,0.016396608,1.1939374,1.1939374,,2158,2157,2153,2149,2158,12560,3.677525,36.77525
United States,2026-01-30,0.0,103436829,0,1234971,,392,,-5.3,,806,,-16.7,,0.0,302859.5,3615.953,,1.1477627,,2.3599405,361.59528,0.0,,56.0,,0.16396609,0.016396608,1.1939374,1.1939374,,2159,2158,2154,2150,2159,12560,3.677525,36.77525
United States,2026-01-31,0.0,103436829,0,1234971,,392,,-5.3,,806,,-16.7,,0.0,302859.5,3615.953,,1.1477627,,2.3599405,361.59528,0.0,,56.0,,0.16396609,0.016396608,1.1939374,1.1939374,,2160,2159,2155,2151,2160,12560,3.677525,36.77525
United States,2026-02-01,0.0,103436829,0,1234971,,392,,-5.3,,806,,-16.7,,0.0,302859.5,3615.953,,1.1477627,,2.3599405,361.59528,0.0,,56.0,,0.16396609,0.016396608,1.1939374,1.1939374,,2161,2160,2156,2152,2161,12560,3.677525,36.77525
United States,2026-02-02,0.0,103436829,0,1234971,,392,,-5.3,,806,,-16.7,,0.0,302859.5,3615.953,,1.1477627,,2.3599405,361.59528,0.0,,56.0,,0.16396609,0.016396608,1.1939374,1.1939374,,2162,2161,2157,2153,2162,12560,3.677525,36.77525
United States,2026-02-03,0.0,103436829,375,1235346,,375,,-4.3,,767,,-13.2,,1.0979872,302859.5,3617.0508,,1.0979872,,2.2457497,361.70508,0.10979872,,53.57143,,0.15685531,0.01568553,1.1942999,1.1942999,,2163,2162,2158,2154,2163,12935,3.7873237,37.873238
United States,2026-02-04,0.0,103436829,0,1235346,,375,,-4.3,,767,,-13.2,,0.0,302859.5,3617.0508,,1.0979872,,2.2457497,361.70508,0.0,,53.57143,,0.15685531,0.01568553,1.1942999,1.1942999,,2164,2163,2159,2155,2164,12935,3.7873237,37.873238
United States,2026-02-05,0.0,103436829,0,1235346,,375,,-4.3,,767,,-13.2,,0.0,302859.5,3617.0508,,1.0979872,,2.2457497,361.70508,0.0,,53.57143,,0.15685531,0.01568553,1.1942999,1.1942999,,2165,2164,2160,2156,2165,12935,3.7873237,37.873238
United States,2026-02-06,0.0,103436829,0,1235346,,375,,-4.3,,767,,-13.2,,0.0,302859.5,3617.0508,,1.0979872,,2.2457497,361.70508,0.0,,53.57143,,0.15685531,0.01568553,1.1942999,1.1942999,,2166,2165,2161,2157,2166,12935,3.7873237,37.873238
United States,2026-02-07,0.0,103436829,0,1235346,,375,,-4.3,,767,,-13.2,,0.0,302859.5,3617.0508,,1.0979872,,2.2457497,361.70508,0.0,,53.57143,,0.15685531,0.01568553,1.1942999,1.1942999,,2167,2166,2162,2158,2167,12935,3.7873237,37.873238
United States,2026-02-08,0.0,103436829,0,1235346,,375,,-4.3,,767,,-13.2,,0.0,302859.5,3617.0508,,1.0979872,,2.2457497,361.70508,0.0,,53.57143,,0.15685531,0.01568553,1.1942999,1.1942999,,2168,2167,2163,2159,2168,12935,3.7873237,37.873238
United States,2026-02-09,0.0,103436829,0,1235346,,375,,-4.3,,767,,-13.2,,0.0,302859.5,3617.0508,,1.0979872,,2.2457497,361.70508,0.0,,53.57143,,0.15685531,0.01568553,1.1942999,1.1942999,,2169,2168,2164,2160,2169,12935,3.7873237,37.873238
United States,2026-02-10,0.0,103436829,289,1235635,,289,,-22.9,,664,,-17.6,,0.8461821,302859.5,3617.897,,0.8461821,,1.9441693,361.7897,0.08461821,,41.285713,,0.12088316,0.0120883165,1.1945794,1.1945794,,2170,2169,2165,2161,2170,13224,3.871942,38.71942
United States,2026-02-11,0.0,103436829,0,1235635,,289,,-22.9,,664,,-17.6,,0.0,302859.5,3617.897,,0.8461821,,1.9441693,361.7897,0.0,,41.285713,,0.12088316,0.0120883165,1.1945794,1.1945794,,2171,2170,2166,2162,2171,13224,3.871942,38.71942
United States,2026-02-12,0.0,103436829,0,1235635,,289,,-22.9,,664,,-17.6,,0.0,302859.5,3617.897,,0.8461821,,1.9441693,361.7897,0.0,,41.285713,,0.12088316,0.0120883165,1.1945794,1.1945794,,2172,2171,2167,2163,2172,13224,3.871942,38.71942
United States,2026-02-13,0.0,103436829,0,1235635,,289,,-22.9,,664,,-17.6,,0.0,302859.5,3617.897,,0.8461821,,1.9441693,361.7897,0.0,,41.285713,,0.12088316,0.0120883165,1.1945794,1.1945794,,2173,2172,2168,2164,2173,13224,3.871942,38.71942
United States,2026-02-14,0.0,103436829,0,1235635,,289,,-22.9,,664,,-17.6,,0.0,302859.5,3617.897,,0.8461821,,1.9441693,361.7897,0.0,,41.285713,,0.12088316,0.0120883165,1.1945794,1.1945794,,2174,2173,2169,2165,2174,13224,3.871942,38.71942
United States,2026-02-15,0.0,103436829,0,1235635,,289,,-22.9,,664,,-17.6,,0.0,302859.5,3617.897,,0.8461821,,1.9441693,361.7897,0.0,,41.285713,,0.12088316,0.0120883165,1.1945794,1.1945794,,2175,2174,2170,2166,2175,13224,3.871942,38.71942
United States,2026-02-16,0.0,103436829,0,1235635,,289,,-22.9,,664,,-17.6,,0.0,302859.5,3617.897,,0.8461821,,1.9441693,361.7897,0.0,,41.285713,,0.12088316,0.0120883165,1.1945794,1.1945794,,2176,2175,2171,2167,2176,13224,3.871942,38.71942
United States,2026-02-17,0.0,103436829,250,1235885,,250,,-13.5,,539,,-29.7,,0.73199147,302859.5,3618.6292,,0.73199147,,1.5781736,361.8629,0.073199145,,35.714287,,0.10457021,0.010457021,1.194821,1.194821,,2177,2176,2172,2168,2177,13474,3.945141,39.451412
United States,2026-02-18,0.0,103436829,0,1235885,,250,,-13.5,,539,,-29.7,,0.0,302859.5,3618.6292,,0.73199147,,1.5781736,361.8629,0.0,,35.714287,,0.10457021,0.010457021,1.194821,1.194821,,2178,2177,2173,2169,2178,13474,3.945141,39.451412
United States,2026-02-19,0.0,103436829,0,1235885,,250,,-13.5,,539,,-29.7,,0.0,302859.5,3618.6292,,0.73199147,,1.5781736,361.8629,0.0,,35.714287,,0.10457021,0.010457021,1.194821,1.194821,,2179,2178,2174,2170,2179,13474,3.945141,39.451412
United States,2026-02-20,0.0,103436829,0,1235885,,250,,-13.5,,539,,-29.7,,0.0,302859.5,3618.6292,,0.73199147,,1.5781736,361.8629,0.0,,35.714287,,0.10457021,0.010457021,1.194821,1.194821,,2180,2179,2175,2171,2180,13474,3.945141,39.451412
United States,2026-02-21,0.0,103436829,0,1235885,,250,,-13.5,,539,,-29.7,,0.0,302859.5,3618.6292,,0.73199147,,1.5781736,361.8629,0.0,,35.714287,,0.10457021,0.010457021,1.194821,1.194821,,2181,2180,2176,2172,2181,13474,3.945141,39.451412
United States,2026-02-22,0.0,103436829,0,1235885,,250,,-13.5,,539,,-29.7,,0.0,302859.5,3618.6292,,0.73199147,,1.5781736,361.8629,0.0,,35.714287,,0.10457021,0.010457021,1.194821,1.194821,,2182,2181,2177,2173,2182,13474,3.945141,39.451412
